Log file open, 03/25/25 08:34:25
LogWindows: Failed to load 'aqProf.dll' (GetLastError=126)
LogWindows: File 'aqProf.dll' does not exist
LogWindows: Failed to load 'VtuneApi.dll' (GetLastError=126)
LogWindows: File 'VtuneApi.dll' does not exist
LogWindows: Failed to load 'VtuneApi32e.dll' (GetLastError=126)
LogWindows: File 'VtuneApi32e.dll' does not exist
LogConsoleResponse: Display: Failed to find resolution value strings in scalability ini. Falling back to default.
LogConsoleResponse: Display: Failed to find resolution value strings in scalability ini. Falling back to default.
LogInit: Display: Running engine for game: room_escape
LogPlatformFile: Not using cached read wrapper
LogTaskGraph: Started task graph with 5 named threads and 23 total threads with 3 sets of task threads.
LogStats: Stats thread started at 0.464117
LogICUInternationalization: ICU TimeZone Detection - Raw Offset: +8:00, Platform Override: ''
LogInit: Display: Loading text-based GConfig....
LogPluginManager: Mounting plugin MeshPainting
LogPluginManager: Mounting plugin XGEController
LogPluginManager: Mounting plugin LiveLink
LogPluginManager: Mounting plugin Paper2D
LogPluginManager: Mounting plugin EnvironmentQueryEditor
LogPluginManager: Mounting plugin AISupport
LogPluginManager: Mounting plugin LightPropagationVolume
LogPluginManager: Mounting plugin CameraShakePreviewer
LogPluginManager: Mounting plugin OodleNetwork
LogPluginManager: Mounting plugin OodleData
LogPluginManager: Mounting plugin GameplayCameras
LogPluginManager: Mounting plugin AnimationSharing
LogPluginManager: Mounting plugin CodeLiteSourceCodeAccess
LogPluginManager: Mounting plugin GitSourceControl
LogPluginManager: Mounting plugin KDevelopSourceCodeAccess
LogPluginManager: Mounting plugin CLionSourceCodeAccess
LogPluginManager: Mounting plugin NullSourceCodeAccess
LogPluginManager: Mounting plugin PerforceSourceControl
LogPluginManager: Mounting plugin PixWinPlugin
LogPluginManager: Mounting plugin PlasticSourceControl
LogPluginManager: Mounting plugin PropertyAccessNode
LogPluginManager: Mounting plugin PluginUtils
LogPluginManager: Mounting plugin RiderSourceCodeAccess
LogPluginManager: Mounting plugin SubversionSourceControl
LogPluginManager: Mounting plugin TextureFormatOodle
LogPluginManager: Mounting plugin VisualStudioCodeSourceCodeAccess
LogPluginManager: Mounting plugin UObjectPlugin
LogPluginManager: Mounting plugin VisualStudioSourceCodeAccess
LogPluginManager: Mounting plugin XCodeSourceCodeAccess
LogPluginManager: Mounting plugin AssetManagerEditor
LogPluginManager: Mounting plugin CryptoKeys
LogPluginManager: Mounting plugin CurveEditorTools
LogPluginManager: Mounting plugin DataValidation
LogPluginManager: Mounting plugin GameplayTagsEditor
LogPluginManager: Mounting plugin FacialAnimation
LogPluginManager: Mounting plugin GeometryMode
LogPluginManager: Mounting plugin MacGraphicsSwitching
LogPluginManager: Mounting plugin MaterialAnalyzer
LogPluginManager: Mounting plugin PluginBrowser
LogPluginManager: Mounting plugin SpeedTreeImporter
LogPluginManager: Mounting plugin MobileLauncherProfileWizard
LogPluginManager: Mounting plugin DatasmithContent
LogPluginManager: Mounting plugin VariantManagerContent
LogPluginManager: Mounting plugin AlembicImporter
LogPluginManager: Mounting plugin AutomationUtils
LogPluginManager: Mounting plugin BackChannel
LogPluginManager: Mounting plugin ChaosCloth
LogPluginManager: Mounting plugin ChaosClothEditor
LogPluginManager: Mounting plugin ChaosEditor
LogPluginManager: Mounting plugin ChaosNiagara
LogPluginManager: Mounting plugin ChaosSolverPlugin
LogPluginManager: Mounting plugin CharacterAI
LogPluginManager: Mounting plugin GeometryCache
LogPluginManager: Mounting plugin GeometryCollectionPlugin
LogPluginManager: Mounting plugin Niagara
LogPluginManager: Mounting plugin GeometryProcessing
LogPluginManager: Mounting plugin MotoSynth
LogPluginManager: Mounting plugin OpenImageDenoise
LogPluginManager: Mounting plugin PlanarCut
LogPluginManager: Mounting plugin PlatformCrypto
LogPluginManager: Mounting plugin ProxyLODPlugin
LogPluginManager: Mounting plugin PythonScriptPlugin
LogPluginManager: Mounting plugin SkeletalReduction
LogPluginManager: Mounting plugin AndroidMedia
LogPluginManager: Mounting plugin AvfMedia
LogPluginManager: Mounting plugin ImgMedia
LogPluginManager: Mounting plugin MediaCompositing
LogPluginManager: Mounting plugin MediaPlayerEditor
LogPluginManager: Mounting plugin WebMMedia
LogPluginManager: Mounting plugin WmfMedia
LogPluginManager: Mounting plugin TcpMessaging
LogPluginManager: Mounting plugin ActorSequence
LogPluginManager: Mounting plugin UdpMessaging
LogPluginManager: Mounting plugin LevelSequenceEditor
LogPluginManager: Mounting plugin MatineeToLevelSequence
LogPluginManager: Mounting plugin TemplateSequence
LogPluginManager: Mounting plugin OnlineSubsystem
LogPluginManager: Mounting plugin OnlineSubsystemNull
LogPluginManager: Mounting plugin OnlineSubsystemUtils
LogPluginManager: Mounting plugin LauncherChunkInstaller
LogPluginManager: Mounting plugin LuminPlatformFeatures
LogPluginManager: Mounting plugin MagicLeap
LogPluginManager: Mounting plugin MagicLeapLightEstimation
LogPluginManager: Mounting plugin MagicLeapMedia
LogPluginManager: Mounting plugin MagicLeapPassableWorld
LogPluginManager: Mounting plugin MLSDK
LogPluginManager: Mounting plugin ActorLayerUtilities
LogPluginManager: Mounting plugin AndroidDeviceProfileSelector
LogPluginManager: Mounting plugin AndroidMoviePlayer
LogPluginManager: Mounting plugin AndroidPermission
LogPluginManager: Mounting plugin AppleImageUtils
LogPluginManager: Mounting plugin AppleMoviePlayer
LogPluginManager: Mounting plugin ArchVisCharacter
LogPluginManager: Mounting plugin AssetTags
LogPluginManager: Mounting plugin AudioCapture
LogPluginManager: Mounting plugin AudioSynesthesia
LogPluginManager: Mounting plugin CableComponent
LogPluginManager: Mounting plugin ChunkDownloader
LogPluginManager: Mounting plugin CustomMeshComponent
LogPluginManager: Mounting plugin EditableMesh
LogPluginManager: Mounting plugin ScreenshotTools
LogPluginManager: Mounting plugin ExampleDeviceProfileSelector
LogPluginManager: Mounting plugin GoogleCloudMessaging
LogPluginManager: Mounting plugin GooglePAD
LogPluginManager: Mounting plugin IOSDeviceProfileSelector
LogPluginManager: Mounting plugin LinuxDeviceProfileSelector
LogPluginManager: Mounting plugin LocationServicesBPLibrary
LogPluginManager: Mounting plugin MobilePatchingUtils
LogPluginManager: Mounting plugin OpenXREyeTracker
LogPluginManager: Mounting plugin OpenXR
LogPluginManager: Mounting plugin OpenXRHandTracking
LogPluginManager: Mounting plugin PhysXVehicles
LogPluginManager: Mounting plugin PostSplashScreen
LogPluginManager: Mounting plugin ProceduralMeshComponent
LogPluginManager: Mounting plugin PropertyAccessEditor
LogPluginManager: Mounting plugin RuntimePhysXCooking
LogPluginManager: Mounting plugin SignificanceManager
LogPluginManager: Mounting plugin SoundFields
LogPluginManager: Mounting plugin Synthesis
LogPluginManager: Mounting plugin Takes
LogPluginManager: Mounting plugin WebMMoviePlayer
LogPluginManager: Mounting plugin WindowsMoviePlayer
LogPluginManager: Mounting plugin ContentBrowserAssetDataSource
LogPluginManager: Mounting plugin ContentBrowserClassDataSource
LogPluginManager: Mounting plugin ContentBrowserFileDataSource
LogPluginManager: Mounting plugin OnlineSubsystemGooglePlay
LogPluginManager: Mounting plugin OnlineSubsystemIOS
LogPluginManager: Mounting plugin OculusVR
LogPluginManager: Mounting plugin SteamVR
PixWinPlugin: PIX capture plugin failed to initialize! Check that the process is launched from PIX.
LogInit: Using libcurl 7.55.1-DEV
LogInit:  - built for x86_64-pc-win32
LogInit:  - supports SSL with OpenSSL/1.1.1
LogInit:  - supports HTTP deflate (compression) using libz 1.2.8
LogInit:  - other features:
LogInit:      CURL_VERSION_SSL
LogInit:      CURL_VERSION_LIBZ
LogInit:      CURL_VERSION_IPV6
LogInit:      CURL_VERSION_ASYNCHDNS
LogInit:      CURL_VERSION_LARGEFILE
LogInit:      CURL_VERSION_IDN
LogInit:  CurlRequestOptions (configurable via config and command line):
LogInit:  - bVerifyPeer = true  - Libcurl will verify peer certificate
LogInit:  - bUseHttpProxy = true  - Libcurl will use HTTP proxy
LogInit:  - HttpProxyAddress = '127.0.0.1:56472'
LogInit:  - bDontReuseConnections = false  - Libcurl will reuse connections
LogInit:  - MaxHostConnections = 16  - Libcurl will limit the number of connections to a host
LogInit:  - LocalHostAddr = Default
LogInit:  - BufferSize = 65536
LogOnline: OSS: Creating online subsystem instance for: NULL
LogInit: WinSock: version 1.1 (2.2), MaxSocks=32767, MaxUdp=65467
LogOnline: OSS: TryLoadSubsystemAndSetDefault: Loaded subsystem for module [NULL]
LogOculusPluginWrapper: OculusPlugin initialized successfully
LogHMD: Failed initializing OVRPlugin 1.59.0
LogInit: Build: ++UE4+Release-4.27-CL-18319896
LogInit: Engine Version: 4.27.2-18319896+++UE4+Release-4.27
LogInit: Compatible Engine Version: 4.27.0-17155196+++UE4+Release-4.27
LogInit: Net CL: 17155196
LogInit: OS: Windows 10 (Release 2009) (), CPU: 11th Gen Intel(R) Core(TM) i7-1165G7 @ 2.80GHz, GPU: Intel(R) Iris(R) Xe Graphics
LogInit: Compiled (64-bit): Nov 30 2021 07:12:08
LogInit: Compiled with Visual C++: 19.24.28315.00
LogInit: Build Configuration: Development
LogInit: Branch Name: ++UE4+Release-4.27
LogInit: Command Line: 
LogInit: Base Directory: D:/Program Files/Epic Games/UE_4.27/Engine/Binaries/Win64/
LogInit: Allocator: TBB
LogInit: Installed Engine Build: 1
LogDevObjectVersion: Number of dev versions registered: 29
LogDevObjectVersion:   Dev-Blueprints (B0D832E4-1F89-4F0D-ACCF-7EB736FD4AA2): 10
LogDevObjectVersion:   Dev-Build (E1C64328-A22C-4D53-A36C-8E866417BD8C): 0
LogDevObjectVersion:   Dev-Core (375EC13C-06E4-48FB-B500-84F0262A717E): 4
LogDevObjectVersion:   Dev-Editor (E4B068ED-F494-42E9-A231-DA0B2E46BB41): 40
LogDevObjectVersion:   Dev-Framework (CFFC743F-43B0-4480-9391-14DF171D2073): 37
LogDevObjectVersion:   Dev-Mobile (B02B49B5-BB20-44E9-A304-32B752E40360): 3
LogDevObjectVersion:   Dev-Networking (A4E4105C-59A1-49B5-A7C5-40C4547EDFEE): 0
LogDevObjectVersion:   Dev-Online (39C831C9-5AE6-47DC-9A44-9C173E1C8E7C): 0
LogDevObjectVersion:   Dev-Physics (78F01B33-EBEA-4F98-B9B4-84EACCB95AA2): 14
LogDevObjectVersion:   Dev-Platform (6631380F-2D4D-43E0-8009-CF276956A95A): 0
LogDevObjectVersion:   Dev-Rendering (12F88B9F-8875-4AFC-A67C-D90C383ABD29): 45
LogDevObjectVersion:   Dev-Sequencer (7B5AE74C-D270-4C10-A958-57980B212A5A): 13
LogDevObjectVersion:   Dev-VR (D7296918-1DD6-4BDD-9DE2-64A83CC13884): 3
LogDevObjectVersion:   Dev-LoadTimes (C2A15278-BFE7-4AFE-6C17-90FF531DF755): 1
LogDevObjectVersion:   Private-Geometry (6EACA3D4-40EC-4CC1-B786-8BED09428FC5): 3
LogDevObjectVersion:   Dev-AnimPhys (29E575DD-E0A3-4627-9D10-D276232CDCEA): 17
LogDevObjectVersion:   Dev-Anim (AF43A65D-7FD3-4947-9873-3E8ED9C1BB05): 15
LogDevObjectVersion:   Dev-ReflectionCapture (6B266CEC-1EC7-4B8F-A30B-E4D90942FC07): 1
LogDevObjectVersion:   Dev-Automation (0DF73D61-A23F-47EA-B727-89E90C41499A): 1
LogDevObjectVersion:   FortniteMain (601D1886-AC64-4F84-AA16-D3DE0DEAC7D6): 47
LogDevObjectVersion:   FortniteRelease (E7086368-6B23-4C58-8439-1B7016265E91): 1
LogDevObjectVersion:   Dev-Enterprise (9DFFBCD6-494F-0158-E221-12823C92A888): 10
LogDevObjectVersion:   Dev-Niagara (F2AED0AC-9AFE-416F-8664-AA7FFA26D6FC): 1
LogDevObjectVersion:   Dev-Destruction (174F1F0B-B4C6-45A5-B13F-2EE8D0FB917D): 10
LogDevObjectVersion:   Dev-Physics-Ext (35F94A83-E258-406C-A318-09F59610247C): 41
LogDevObjectVersion:   Dev-PhysicsMaterial-Chaos (B68FC16E-8B1B-42E2-B453-215C058844FE): 1
LogDevObjectVersion:   Dev-CineCamera (B2E18506-4273-CFC2-A54E-F4BB758BBA07): 1
LogDevObjectVersion:   Dev-VirtualProduction (64F58936-FD1B-42BA-BA96-7289D5D0FA4E): 1
LogDevObjectVersion:   Dev-MediaFramework (6F0ED827-A609-4895-9C91-998D90180EA4): 2
LogInit: Presizing for max 25165824 objects, including 0 objects not considered by GC, pre-allocating 0 bytes for permanent pool.
LogConfig: Applying CVar settings from Section [/Script/Engine.StreamingSettings] File [D:/project/UE/room_escape/Saved/Config/Windows/Engine.ini]
LogConfig: Setting CVar [[s.MinBulkDataSizeForAsyncLoading:131072]]
LogConfig: Setting CVar [[s.AsyncLoadingThreadEnabled:0]]
LogConfig: Setting CVar [[s.EventDrivenLoaderEnabled:1]]
LogConfig: Setting CVar [[s.WarnIfTimeLimitExceeded:0]]
LogConfig: Setting CVar [[s.TimeLimitExceededMultiplier:1.5]]
LogConfig: Setting CVar [[s.TimeLimitExceededMinTime:0.005]]
LogConfig: Setting CVar [[s.UseBackgroundLevelStreaming:1]]
LogConfig: Setting CVar [[s.PriorityAsyncLoadingExtraTime:15.0]]
LogConfig: Setting CVar [[s.LevelStreamingActorsUpdateTimeLimit:5.0]]
LogConfig: Setting CVar [[s.PriorityLevelStreamingActorsUpdateExtraTime:5.0]]
LogConfig: Setting CVar [[s.LevelStreamingComponentsRegistrationGranularity:10]]
LogConfig: Setting CVar [[s.UnregisterComponentsTimeLimit:1.0]]
LogConfig: Setting CVar [[s.LevelStreamingComponentsUnregistrationGranularity:5]]
LogConfig: Setting CVar [[s.FlushStreamingOnExit:1]]
LogInit: Object subsystem initialized
LogConfig: Setting CVar [[con.DebugEarlyDefault:1]]
LogConfig: Setting CVar [[r.setres:1280x720]]
[2025.03.25-00.34.26:090][  0]LogConfig: Setting CVar [[r.VSync:0]]
[2025.03.25-00.34.26:091][  0]LogConfig: Setting CVar [[r.RHICmdBypass:0]]
[2025.03.25-00.34.26:091][  0]LogConfig: Applying CVar settings from Section [/Script/Engine.RendererSettings] File [D:/project/UE/room_escape/Saved/Config/Windows/Engine.ini]
[2025.03.25-00.34.26:091][  0]LogConfig: Setting CVar [[r.GPUCrashDebugging:0]]
[2025.03.25-00.34.26:091][  0]LogConfig: Applying CVar settings from Section [/Script/Engine.RendererOverrideSettings] File [D:/project/UE/room_escape/Saved/Config/Windows/Engine.ini]
[2025.03.25-00.34.26:091][  0]LogConfig: Applying CVar settings from Section [/Script/Engine.StreamingSettings] File [D:/project/UE/room_escape/Saved/Config/Windows/Engine.ini]
[2025.03.25-00.34.26:091][  0]LogConfig: Setting CVar [[s.MinBulkDataSizeForAsyncLoading:131072]]
[2025.03.25-00.34.26:091][  0]LogConfig: Setting CVar [[s.AsyncLoadingThreadEnabled:0]]
[2025.03.25-00.34.26:091][  0]LogConfig: Setting CVar [[s.EventDrivenLoaderEnabled:1]]
[2025.03.25-00.34.26:091][  0]LogConfig: Setting CVar [[s.WarnIfTimeLimitExceeded:0]]
[2025.03.25-00.34.26:091][  0]LogConfig: Setting CVar [[s.TimeLimitExceededMultiplier:1.5]]
[2025.03.25-00.34.26:091][  0]LogConfig: Setting CVar [[s.TimeLimitExceededMinTime:0.005]]
[2025.03.25-00.34.26:091][  0]LogConfig: Setting CVar [[s.UseBackgroundLevelStreaming:1]]
[2025.03.25-00.34.26:091][  0]LogConfig: Setting CVar [[s.PriorityAsyncLoadingExtraTime:15.0]]
[2025.03.25-00.34.26:091][  0]LogConfig: Setting CVar [[s.LevelStreamingActorsUpdateTimeLimit:5.0]]
[2025.03.25-00.34.26:091][  0]LogConfig: Setting CVar [[s.PriorityLevelStreamingActorsUpdateExtraTime:5.0]]
[2025.03.25-00.34.26:091][  0]LogConfig: Setting CVar [[s.LevelStreamingComponentsRegistrationGranularity:10]]
[2025.03.25-00.34.26:091][  0]LogConfig: Setting CVar [[s.UnregisterComponentsTimeLimit:1.0]]
[2025.03.25-00.34.26:091][  0]LogConfig: Setting CVar [[s.LevelStreamingComponentsUnregistrationGranularity:5]]
[2025.03.25-00.34.26:091][  0]LogConfig: Setting CVar [[s.FlushStreamingOnExit:1]]
[2025.03.25-00.34.26:091][  0]LogConfig: Applying CVar settings from Section [/Script/Engine.GarbageCollectionSettings] File [D:/project/UE/room_escape/Saved/Config/Windows/Engine.ini]
[2025.03.25-00.34.26:091][  0]LogConfig: Setting CVar [[gc.MaxObjectsNotConsideredByGC:1]]
[2025.03.25-00.34.26:091][  0]LogConfig: Setting CVar [[gc.SizeOfPermanentObjectPool:0]]
[2025.03.25-00.34.26:091][  0]LogConfig: Setting CVar [[gc.FlushStreamingOnGC:0]]
[2025.03.25-00.34.26:091][  0]LogConfig: Setting CVar [[gc.NumRetriesBeforeForcingGC:10]]
[2025.03.25-00.34.26:091][  0]LogConfig: Setting CVar [[gc.AllowParallelGC:1]]
[2025.03.25-00.34.26:091][  0]LogConfig: Setting CVar [[gc.TimeBetweenPurgingPendingKillObjects:61.1]]
[2025.03.25-00.34.26:091][  0]LogConfig: Setting CVar [[gc.MaxObjectsInEditor:25165824]]
[2025.03.25-00.34.26:091][  0]LogConfig: Setting CVar [[gc.IncrementalBeginDestroyEnabled:1]]
[2025.03.25-00.34.26:091][  0]LogConfig: Setting CVar [[gc.CreateGCClusters:1]]
[2025.03.25-00.34.26:091][  0]LogConfig: Setting CVar [[gc.MinGCClusterSize:5]]
[2025.03.25-00.34.26:091][  0]LogConfig: Setting CVar [[gc.ActorClusteringEnabled:0]]
[2025.03.25-00.34.26:091][  0]LogConfig: Setting CVar [[gc.BlueprintClusteringEnabled:0]]
[2025.03.25-00.34.26:091][  0]LogConfig: Setting CVar [[gc.UseDisregardForGCOnDedicatedServers:0]]
[2025.03.25-00.34.26:091][  0]LogConfig: Setting CVar [[gc.MultithreadedDestructionEnabled:1]]
[2025.03.25-00.34.26:091][  0]LogConfig: Applying CVar settings from Section [/Script/Engine.NetworkSettings] File [D:/project/UE/room_escape/Saved/Config/Windows/Engine.ini]
[2025.03.25-00.34.26:091][  0]LogConfig: Applying CVar settings from Section [/Script/UnrealEd.CookerSettings] File [D:/project/UE/room_escape/Saved/Config/Windows/Engine.ini]
[2025.03.25-00.34.26:118][  0]LogConfig: Applying CVar settings from Section [ViewDistanceQuality@3] File [D:/project/UE/room_escape/Saved/Config/Windows/Scalability.ini]
[2025.03.25-00.34.26:118][  0]LogConfig: Setting CVar [[r.SkeletalMeshLODBias:0]]
[2025.03.25-00.34.26:118][  0]LogConfig: Setting CVar [[r.ViewDistanceScale:1.0]]
[2025.03.25-00.34.26:118][  0]LogConfig: Applying CVar settings from Section [AntiAliasingQuality@3] File [D:/project/UE/room_escape/Saved/Config/Windows/Scalability.ini]
[2025.03.25-00.34.26:118][  0]LogConfig: Setting CVar [[r.PostProcessAAQuality:4]]
[2025.03.25-00.34.26:118][  0]LogConfig: Applying CVar settings from Section [ShadowQuality@3] File [D:/project/UE/room_escape/Saved/Config/Windows/Scalability.ini]
[2025.03.25-00.34.26:118][  0]LogConfig: Setting CVar [[r.LightFunctionQuality:1]]
[2025.03.25-00.34.26:118][  0]LogConfig: Setting CVar [[r.ShadowQuality:5]]
[2025.03.25-00.34.26:118][  0]LogConfig: Setting CVar [[r.Shadow.CSM.MaxCascades:10]]
[2025.03.25-00.34.26:118][  0]LogConfig: Setting CVar [[r.Shadow.MaxResolution:2048]]
[2025.03.25-00.34.26:118][  0]LogConfig: Setting CVar [[r.Shadow.MaxCSMResolution:2048]]
[2025.03.25-00.34.26:118][  0]LogConfig: Setting CVar [[r.Shadow.RadiusThreshold:0.01]]
[2025.03.25-00.34.26:118][  0]LogConfig: Setting CVar [[r.Shadow.DistanceScale:1.0]]
[2025.03.25-00.34.26:118][  0]LogConfig: Setting CVar [[r.Shadow.CSM.TransitionScale:1.0]]
[2025.03.25-00.34.26:118][  0]LogConfig: Setting CVar [[r.Shadow.PreShadowResolutionFactor:1.0]]
[2025.03.25-00.34.26:118][  0]LogConfig: Setting CVar [[r.DistanceFieldShadowing:1]]
[2025.03.25-00.34.26:118][  0]LogConfig: Setting CVar [[r.DistanceFieldAO:1]]
[2025.03.25-00.34.26:118][  0]LogConfig: Setting CVar [[r.AOQuality:2]]
[2025.03.25-00.34.26:118][  0]LogConfig: Setting CVar [[r.VolumetricFog:1]]
[2025.03.25-00.34.26:118][  0]LogConfig: Setting CVar [[r.VolumetricFog.GridPixelSize:8]]
[2025.03.25-00.34.26:118][  0]LogConfig: Setting CVar [[r.VolumetricFog.GridSizeZ:128]]
[2025.03.25-00.34.26:118][  0]LogConfig: Setting CVar [[r.VolumetricFog.HistoryMissSupersampleCount:4]]
[2025.03.25-00.34.26:118][  0]LogConfig: Setting CVar [[r.LightMaxDrawDistanceScale:1]]
[2025.03.25-00.34.26:118][  0]LogConfig: Setting CVar [[r.CapsuleShadows:1]]
[2025.03.25-00.34.26:118][  0]LogConfig: Applying CVar settings from Section [PostProcessQuality@3] File [D:/project/UE/room_escape/Saved/Config/Windows/Scalability.ini]
[2025.03.25-00.34.26:118][  0]LogConfig: Setting CVar [[r.MotionBlurQuality:4]]
[2025.03.25-00.34.26:118][  0]LogConfig: Setting CVar [[r.AmbientOcclusionMipLevelFactor:0.4]]
[2025.03.25-00.34.26:118][  0]LogConfig: Setting CVar [[r.AmbientOcclusionMaxQuality:100]]
[2025.03.25-00.34.26:118][  0]LogConfig: Setting CVar [[r.AmbientOcclusionLevels:-1]]
[2025.03.25-00.34.26:118][  0]LogConfig: Setting CVar [[r.AmbientOcclusionRadiusScale:1.0]]
[2025.03.25-00.34.26:118][  0]LogConfig: Setting CVar [[r.DepthOfFieldQuality:2]]
[2025.03.25-00.34.26:118][  0]LogConfig: Setting CVar [[r.RenderTargetPoolMin:400]]
[2025.03.25-00.34.26:118][  0]LogConfig: Setting CVar [[r.LensFlareQuality:2]]
[2025.03.25-00.34.26:118][  0]LogConfig: Setting CVar [[r.SceneColorFringeQuality:1]]
[2025.03.25-00.34.26:118][  0]LogConfig: Setting CVar [[r.EyeAdaptationQuality:2]]
[2025.03.25-00.34.26:118][  0]LogConfig: Setting CVar [[r.BloomQuality:5]]
[2025.03.25-00.34.26:118][  0]LogConfig: Setting CVar [[r.FastBlurThreshold:100]]
[2025.03.25-00.34.26:118][  0]LogConfig: Setting CVar [[r.Upscale.Quality:3]]
[2025.03.25-00.34.26:118][  0]LogConfig: Setting CVar [[r.Tonemapper.GrainQuantization:1]]
[2025.03.25-00.34.26:118][  0]LogConfig: Setting CVar [[r.LightShaftQuality:1]]
[2025.03.25-00.34.26:118][  0]LogConfig: Setting CVar [[r.Filter.SizeScale:1]]
[2025.03.25-00.34.26:118][  0]LogConfig: Setting CVar [[r.Tonemapper.Quality:5]]
[2025.03.25-00.34.26:118][  0]LogConfig: Setting CVar [[r.DOF.Gather.AccumulatorQuality:1        ; higher gathering accumulator quality]]
[2025.03.25-00.34.26:118][  0]LogConfig: Setting CVar [[r.DOF.Gather.PostfilterMethod:1          ; Median3x3 postfilering method]]
[2025.03.25-00.34.26:118][  0]LogConfig: Setting CVar [[r.DOF.Gather.EnableBokehSettings:0       ; no bokeh simulation when gathering]]
[2025.03.25-00.34.26:118][  0]LogConfig: Setting CVar [[r.DOF.Gather.RingCount:4                 ; medium number of samples when gathering]]
[2025.03.25-00.34.26:118][  0]LogConfig: Setting CVar [[r.DOF.Scatter.ForegroundCompositing:1    ; additive foreground scattering]]
[2025.03.25-00.34.26:118][  0]LogConfig: Setting CVar [[r.DOF.Scatter.BackgroundCompositing:2    ; additive background scattering]]
[2025.03.25-00.34.26:118][  0]LogConfig: Setting CVar [[r.DOF.Scatter.EnableBokehSettings:1      ; bokeh simulation when scattering]]
[2025.03.25-00.34.26:118][  0]LogConfig: Setting CVar [[r.DOF.Scatter.MaxSpriteRatio:0.1         ; only a maximum of 10% of scattered bokeh]]
[2025.03.25-00.34.26:118][  0]LogConfig: Setting CVar [[r.DOF.Recombine.Quality:1                ; cheap slight out of focus]]
[2025.03.25-00.34.26:118][  0]LogConfig: Setting CVar [[r.DOF.Recombine.EnableBokehSettings:0    ; no bokeh simulation on slight out of focus]]
[2025.03.25-00.34.26:118][  0]LogConfig: Setting CVar [[r.DOF.TemporalAAQuality:1                ; more stable temporal accumulation]]
[2025.03.25-00.34.26:118][  0]LogConfig: Setting CVar [[r.DOF.Kernel.MaxForegroundRadius:0.025]]
[2025.03.25-00.34.26:118][  0]LogConfig: Setting CVar [[r.DOF.Kernel.MaxBackgroundRadius:0.025]]
[2025.03.25-00.34.26:118][  0]LogConfig: Applying CVar settings from Section [TextureQuality@3] File [D:/project/UE/room_escape/Saved/Config/Windows/Scalability.ini]
[2025.03.25-00.34.26:118][  0]LogConfig: Setting CVar [[r.Streaming.MipBias:0]]
[2025.03.25-00.34.26:118][  0]LogConfig: Setting CVar [[r.Streaming.AmortizeCPUToGPUCopy:0]]
[2025.03.25-00.34.26:118][  0]LogConfig: Setting CVar [[r.Streaming.MaxNumTexturesToStreamPerFrame:0]]
[2025.03.25-00.34.26:118][  0]LogConfig: Setting CVar [[r.Streaming.Boost:1]]
[2025.03.25-00.34.26:118][  0]LogConfig: Setting CVar [[r.MaxAnisotropy:8]]
[2025.03.25-00.34.26:118][  0]LogConfig: Setting CVar [[r.VT.MaxAnisotropy:8]]
[2025.03.25-00.34.26:118][  0]LogConfig: Setting CVar [[r.Streaming.LimitPoolSizeToVRAM:0]]
[2025.03.25-00.34.26:118][  0]LogConfig: Setting CVar [[r.Streaming.PoolSize:1000]]
[2025.03.25-00.34.26:118][  0]LogConfig: Setting CVar [[r.Streaming.MaxEffectiveScreenSize:0]]
[2025.03.25-00.34.26:118][  0]LogConfig: Applying CVar settings from Section [EffectsQuality@3] File [D:/project/UE/room_escape/Saved/Config/Windows/Scalability.ini]
[2025.03.25-00.34.26:118][  0]LogConfig: Setting CVar [[r.TranslucencyLightingVolumeDim:64]]
[2025.03.25-00.34.26:118][  0]LogConfig: Setting CVar [[r.RefractionQuality:2]]
[2025.03.25-00.34.26:118][  0]LogConfig: Setting CVar [[r.SSR.Quality:3]]
[2025.03.25-00.34.26:118][  0]LogConfig: Setting CVar [[r.SSR.HalfResSceneColor:0]]
[2025.03.25-00.34.26:118][  0]LogConfig: Setting CVar [[r.SceneColorFormat:4]]
[2025.03.25-00.34.26:118][  0]LogConfig: Setting CVar [[r.DetailMode:2]]
[2025.03.25-00.34.26:118][  0]LogConfig: Setting CVar [[r.TranslucencyVolumeBlur:1]]
[2025.03.25-00.34.26:118][  0]LogConfig: Setting CVar [[r.MaterialQualityLevel:1 ; High quality]]
[2025.03.25-00.34.26:118][  0]LogConfig: Setting CVar [[r.AnisotropicMaterials:1]]
[2025.03.25-00.34.26:118][  0]LogConfig: Setting CVar [[r.SSS.Scale:1]]
[2025.03.25-00.34.26:118][  0]LogConfig: Setting CVar [[r.SSS.SampleSet:2]]
[2025.03.25-00.34.26:118][  0]LogConfig: Setting CVar [[r.SSS.Quality:1]]
[2025.03.25-00.34.26:119][  0]LogConfig: Setting CVar [[r.SSS.HalfRes:0]]
[2025.03.25-00.34.26:119][  0]LogConfig: Setting CVar [[r.SSGI.Quality:3]]
[2025.03.25-00.34.26:119][  0]LogConfig: Setting CVar [[r.EmitterSpawnRateScale:1.0]]
[2025.03.25-00.34.26:119][  0]LogConfig: Setting CVar [[r.ParticleLightQuality:2]]
[2025.03.25-00.34.26:119][  0]LogConfig: Setting CVar [[r.SkyAtmosphere.AerialPerspectiveLUT.FastApplyOnOpaque:1 ; Always have FastSkyLUT 1 in this case to avoid wrong sky]]
[2025.03.25-00.34.26:119][  0]LogConfig: Setting CVar [[r.SkyAtmosphere.AerialPerspectiveLUT.SampleCountMaxPerSlice:4]]
[2025.03.25-00.34.26:119][  0]LogConfig: Setting CVar [[r.SkyAtmosphere.AerialPerspectiveLUT.DepthResolution:16.0]]
[2025.03.25-00.34.26:119][  0]LogConfig: Setting CVar [[r.SkyAtmosphere.FastSkyLUT:1]]
[2025.03.25-00.34.26:119][  0]LogConfig: Setting CVar [[r.SkyAtmosphere.FastSkyLUT.SampleCountMin:4.0]]
[2025.03.25-00.34.26:119][  0]LogConfig: Setting CVar [[r.SkyAtmosphere.FastSkyLUT.SampleCountMax:128.0]]
[2025.03.25-00.34.26:119][  0]LogConfig: Setting CVar [[r.SkyAtmosphere.SampleCountMin:4.0]]
[2025.03.25-00.34.26:119][  0]LogConfig: Setting CVar [[r.SkyAtmosphere.SampleCountMax:128.0]]
[2025.03.25-00.34.26:119][  0]LogConfig: Setting CVar [[r.SkyAtmosphere.TransmittanceLUT.UseSmallFormat:0]]
[2025.03.25-00.34.26:119][  0]LogConfig: Setting CVar [[r.SkyAtmosphere.TransmittanceLUT.SampleCount:10.0]]
[2025.03.25-00.34.26:119][  0]LogConfig: Setting CVar [[r.SkyAtmosphere.MultiScatteringLUT.SampleCount:15.0]]
[2025.03.25-00.34.26:119][  0]LogConfig: Setting CVar [[r.SkyLight.RealTimeReflectionCapture:1]]
[2025.03.25-00.34.26:119][  0]LogConfig: Applying CVar settings from Section [FoliageQuality@3] File [D:/project/UE/room_escape/Saved/Config/Windows/Scalability.ini]
[2025.03.25-00.34.26:119][  0]LogConfig: Setting CVar [[foliage.DensityScale:1.0]]
[2025.03.25-00.34.26:119][  0]LogConfig: Setting CVar [[grass.DensityScale:1.0]]
[2025.03.25-00.34.26:119][  0]LogConfig: Applying CVar settings from Section [ShadingQuality@3] File [D:/project/UE/room_escape/Saved/Config/Windows/Scalability.ini]
[2025.03.25-00.34.26:119][  0]LogConfig: Setting CVar [[r.HairStrands.SkyLighting.IntegrationType:2]]
[2025.03.25-00.34.26:119][  0]LogConfig: Setting CVar [[r.HairStrands.SkyAO.SampleCount:4]]
[2025.03.25-00.34.26:119][  0]LogConfig: Setting CVar [[r.HairStrands.Visibility.MSAA.SamplePerPixel:4]]
[2025.03.25-00.34.26:119][  0]LogInit: Selected Device Profile: [Windows]
[2025.03.25-00.34.26:119][  0]LogInit: Applying CVar settings loaded from the selected device profile: [Windows]
[2025.03.25-00.34.26:119][  0]LogHAL: Display: Platform has ~ 16 GB [16969424896 / 17179869184 / 16], which maps to Larger [LargestMinGB=32, LargerMinGB=12, DefaultMinGB=8, SmallerMinGB=6, SmallestMinGB=0)
[2025.03.25-00.34.26:119][  0]LogInit: Going up to parent DeviceProfile []
[2025.03.25-00.34.26:119][  0]LogConfig: Applying CVar settings from Section [ViewDistanceQuality@3] File [D:/project/UE/room_escape/Saved/Config/Windows/Scalability.ini]
[2025.03.25-00.34.26:119][  0]LogConfig: Setting CVar [[r.SkeletalMeshLODBias:0]]
[2025.03.25-00.34.26:119][  0]LogConfig: Setting CVar [[r.ViewDistanceScale:1.0]]
[2025.03.25-00.34.26:119][  0]LogConfig: Applying CVar settings from Section [AntiAliasingQuality@3] File [D:/project/UE/room_escape/Saved/Config/Windows/Scalability.ini]
[2025.03.25-00.34.26:119][  0]LogConfig: Setting CVar [[r.PostProcessAAQuality:4]]
[2025.03.25-00.34.26:119][  0]LogConfig: Applying CVar settings from Section [ShadowQuality@3] File [D:/project/UE/room_escape/Saved/Config/Windows/Scalability.ini]
[2025.03.25-00.34.26:119][  0]LogConfig: Setting CVar [[r.LightFunctionQuality:1]]
[2025.03.25-00.34.26:119][  0]LogConfig: Setting CVar [[r.ShadowQuality:5]]
[2025.03.25-00.34.26:119][  0]LogConfig: Setting CVar [[r.Shadow.CSM.MaxCascades:10]]
[2025.03.25-00.34.26:119][  0]LogConfig: Setting CVar [[r.Shadow.MaxResolution:2048]]
[2025.03.25-00.34.26:119][  0]LogConfig: Setting CVar [[r.Shadow.MaxCSMResolution:2048]]
[2025.03.25-00.34.26:119][  0]LogConfig: Setting CVar [[r.Shadow.RadiusThreshold:0.01]]
[2025.03.25-00.34.26:119][  0]LogConfig: Setting CVar [[r.Shadow.DistanceScale:1.0]]
[2025.03.25-00.34.26:119][  0]LogConfig: Setting CVar [[r.Shadow.CSM.TransitionScale:1.0]]
[2025.03.25-00.34.26:119][  0]LogConfig: Setting CVar [[r.Shadow.PreShadowResolutionFactor:1.0]]
[2025.03.25-00.34.26:119][  0]LogConfig: Setting CVar [[r.DistanceFieldShadowing:1]]
[2025.03.25-00.34.26:119][  0]LogConfig: Setting CVar [[r.DistanceFieldAO:1]]
[2025.03.25-00.34.26:119][  0]LogConfig: Setting CVar [[r.AOQuality:2]]
[2025.03.25-00.34.26:119][  0]LogConfig: Setting CVar [[r.VolumetricFog:1]]
[2025.03.25-00.34.26:119][  0]LogConfig: Setting CVar [[r.VolumetricFog.GridPixelSize:8]]
[2025.03.25-00.34.26:119][  0]LogConfig: Setting CVar [[r.VolumetricFog.GridSizeZ:128]]
[2025.03.25-00.34.26:119][  0]LogConfig: Setting CVar [[r.VolumetricFog.HistoryMissSupersampleCount:4]]
[2025.03.25-00.34.26:119][  0]LogConfig: Setting CVar [[r.LightMaxDrawDistanceScale:1]]
[2025.03.25-00.34.26:119][  0]LogConfig: Setting CVar [[r.CapsuleShadows:1]]
[2025.03.25-00.34.26:119][  0]LogConfig: Applying CVar settings from Section [PostProcessQuality@3] File [D:/project/UE/room_escape/Saved/Config/Windows/Scalability.ini]
[2025.03.25-00.34.26:119][  0]LogConfig: Setting CVar [[r.MotionBlurQuality:4]]
[2025.03.25-00.34.26:119][  0]LogConfig: Setting CVar [[r.AmbientOcclusionMipLevelFactor:0.4]]
[2025.03.25-00.34.26:119][  0]LogConfig: Setting CVar [[r.AmbientOcclusionMaxQuality:100]]
[2025.03.25-00.34.26:119][  0]LogConfig: Setting CVar [[r.AmbientOcclusionLevels:-1]]
[2025.03.25-00.34.26:119][  0]LogConfig: Setting CVar [[r.AmbientOcclusionRadiusScale:1.0]]
[2025.03.25-00.34.26:119][  0]LogConfig: Setting CVar [[r.DepthOfFieldQuality:2]]
[2025.03.25-00.34.26:119][  0]LogConfig: Setting CVar [[r.RenderTargetPoolMin:400]]
[2025.03.25-00.34.26:119][  0]LogConfig: Setting CVar [[r.LensFlareQuality:2]]
[2025.03.25-00.34.26:119][  0]LogConfig: Setting CVar [[r.SceneColorFringeQuality:1]]
[2025.03.25-00.34.26:119][  0]LogConfig: Setting CVar [[r.EyeAdaptationQuality:2]]
[2025.03.25-00.34.26:119][  0]LogConfig: Setting CVar [[r.BloomQuality:5]]
[2025.03.25-00.34.26:119][  0]LogConfig: Setting CVar [[r.FastBlurThreshold:100]]
[2025.03.25-00.34.26:119][  0]LogConfig: Setting CVar [[r.Upscale.Quality:3]]
[2025.03.25-00.34.26:119][  0]LogConfig: Setting CVar [[r.Tonemapper.GrainQuantization:1]]
[2025.03.25-00.34.26:119][  0]LogConfig: Setting CVar [[r.LightShaftQuality:1]]
[2025.03.25-00.34.26:119][  0]LogConfig: Setting CVar [[r.Filter.SizeScale:1]]
[2025.03.25-00.34.26:119][  0]LogConfig: Setting CVar [[r.Tonemapper.Quality:5]]
[2025.03.25-00.34.26:119][  0]LogConfig: Setting CVar [[r.DOF.Gather.AccumulatorQuality:1        ; higher gathering accumulator quality]]
[2025.03.25-00.34.26:119][  0]LogConfig: Setting CVar [[r.DOF.Gather.PostfilterMethod:1          ; Median3x3 postfilering method]]
[2025.03.25-00.34.26:119][  0]LogConfig: Setting CVar [[r.DOF.Gather.EnableBokehSettings:0       ; no bokeh simulation when gathering]]
[2025.03.25-00.34.26:119][  0]LogConfig: Setting CVar [[r.DOF.Gather.RingCount:4                 ; medium number of samples when gathering]]
[2025.03.25-00.34.26:119][  0]LogConfig: Setting CVar [[r.DOF.Scatter.ForegroundCompositing:1    ; additive foreground scattering]]
[2025.03.25-00.34.26:119][  0]LogConfig: Setting CVar [[r.DOF.Scatter.BackgroundCompositing:2    ; additive background scattering]]
[2025.03.25-00.34.26:119][  0]LogConfig: Setting CVar [[r.DOF.Scatter.EnableBokehSettings:1      ; bokeh simulation when scattering]]
[2025.03.25-00.34.26:119][  0]LogConfig: Setting CVar [[r.DOF.Scatter.MaxSpriteRatio:0.1         ; only a maximum of 10% of scattered bokeh]]
[2025.03.25-00.34.26:119][  0]LogConfig: Setting CVar [[r.DOF.Recombine.Quality:1                ; cheap slight out of focus]]
[2025.03.25-00.34.26:120][  0]LogConfig: Setting CVar [[r.DOF.Recombine.EnableBokehSettings:0    ; no bokeh simulation on slight out of focus]]
[2025.03.25-00.34.26:120][  0]LogConfig: Setting CVar [[r.DOF.TemporalAAQuality:1                ; more stable temporal accumulation]]
[2025.03.25-00.34.26:120][  0]LogConfig: Setting CVar [[r.DOF.Kernel.MaxForegroundRadius:0.025]]
[2025.03.25-00.34.26:120][  0]LogConfig: Setting CVar [[r.DOF.Kernel.MaxBackgroundRadius:0.025]]
[2025.03.25-00.34.26:120][  0]LogConfig: Applying CVar settings from Section [TextureQuality@3] File [D:/project/UE/room_escape/Saved/Config/Windows/Scalability.ini]
[2025.03.25-00.34.26:120][  0]LogConfig: Setting CVar [[r.Streaming.MipBias:0]]
[2025.03.25-00.34.26:120][  0]LogConfig: Setting CVar [[r.Streaming.AmortizeCPUToGPUCopy:0]]
[2025.03.25-00.34.26:120][  0]LogConfig: Setting CVar [[r.Streaming.MaxNumTexturesToStreamPerFrame:0]]
[2025.03.25-00.34.26:120][  0]LogConfig: Setting CVar [[r.Streaming.Boost:1]]
[2025.03.25-00.34.26:120][  0]LogConfig: Setting CVar [[r.MaxAnisotropy:8]]
[2025.03.25-00.34.26:120][  0]LogConfig: Setting CVar [[r.VT.MaxAnisotropy:8]]
[2025.03.25-00.34.26:120][  0]LogConfig: Setting CVar [[r.Streaming.LimitPoolSizeToVRAM:0]]
[2025.03.25-00.34.26:120][  0]LogConfig: Setting CVar [[r.Streaming.PoolSize:1000]]
[2025.03.25-00.34.26:120][  0]LogConfig: Setting CVar [[r.Streaming.MaxEffectiveScreenSize:0]]
[2025.03.25-00.34.26:120][  0]LogConfig: Applying CVar settings from Section [EffectsQuality@3] File [D:/project/UE/room_escape/Saved/Config/Windows/Scalability.ini]
[2025.03.25-00.34.26:120][  0]LogConfig: Setting CVar [[r.TranslucencyLightingVolumeDim:64]]
[2025.03.25-00.34.26:120][  0]LogConfig: Setting CVar [[r.RefractionQuality:2]]
[2025.03.25-00.34.26:120][  0]LogConfig: Setting CVar [[r.SSR.Quality:3]]
[2025.03.25-00.34.26:120][  0]LogConfig: Setting CVar [[r.SSR.HalfResSceneColor:0]]
[2025.03.25-00.34.26:120][  0]LogConfig: Setting CVar [[r.SceneColorFormat:4]]
[2025.03.25-00.34.26:120][  0]LogConfig: Setting CVar [[r.DetailMode:2]]
[2025.03.25-00.34.26:120][  0]LogConfig: Setting CVar [[r.TranslucencyVolumeBlur:1]]
[2025.03.25-00.34.26:120][  0]LogConfig: Setting CVar [[r.MaterialQualityLevel:1 ; High quality]]
[2025.03.25-00.34.26:120][  0]LogConfig: Setting CVar [[r.AnisotropicMaterials:1]]
[2025.03.25-00.34.26:120][  0]LogConfig: Setting CVar [[r.SSS.Scale:1]]
[2025.03.25-00.34.26:120][  0]LogConfig: Setting CVar [[r.SSS.SampleSet:2]]
[2025.03.25-00.34.26:120][  0]LogConfig: Setting CVar [[r.SSS.Quality:1]]
[2025.03.25-00.34.26:120][  0]LogConfig: Setting CVar [[r.SSS.HalfRes:0]]
[2025.03.25-00.34.26:120][  0]LogConfig: Setting CVar [[r.SSGI.Quality:3]]
[2025.03.25-00.34.26:120][  0]LogConfig: Setting CVar [[r.EmitterSpawnRateScale:1.0]]
[2025.03.25-00.34.26:120][  0]LogConfig: Setting CVar [[r.ParticleLightQuality:2]]
[2025.03.25-00.34.26:120][  0]LogConfig: Setting CVar [[r.SkyAtmosphere.AerialPerspectiveLUT.FastApplyOnOpaque:1 ; Always have FastSkyLUT 1 in this case to avoid wrong sky]]
[2025.03.25-00.34.26:120][  0]LogConfig: Setting CVar [[r.SkyAtmosphere.AerialPerspectiveLUT.SampleCountMaxPerSlice:4]]
[2025.03.25-00.34.26:120][  0]LogConfig: Setting CVar [[r.SkyAtmosphere.AerialPerspectiveLUT.DepthResolution:16.0]]
[2025.03.25-00.34.26:120][  0]LogConfig: Setting CVar [[r.SkyAtmosphere.FastSkyLUT:1]]
[2025.03.25-00.34.26:120][  0]LogConfig: Setting CVar [[r.SkyAtmosphere.FastSkyLUT.SampleCountMin:4.0]]
[2025.03.25-00.34.26:120][  0]LogConfig: Setting CVar [[r.SkyAtmosphere.FastSkyLUT.SampleCountMax:128.0]]
[2025.03.25-00.34.26:120][  0]LogConfig: Setting CVar [[r.SkyAtmosphere.SampleCountMin:4.0]]
[2025.03.25-00.34.26:120][  0]LogConfig: Setting CVar [[r.SkyAtmosphere.SampleCountMax:128.0]]
[2025.03.25-00.34.26:120][  0]LogConfig: Setting CVar [[r.SkyAtmosphere.TransmittanceLUT.UseSmallFormat:0]]
[2025.03.25-00.34.26:120][  0]LogConfig: Setting CVar [[r.SkyAtmosphere.TransmittanceLUT.SampleCount:10.0]]
[2025.03.25-00.34.26:120][  0]LogConfig: Setting CVar [[r.SkyAtmosphere.MultiScatteringLUT.SampleCount:15.0]]
[2025.03.25-00.34.26:120][  0]LogConfig: Setting CVar [[r.SkyLight.RealTimeReflectionCapture:1]]
[2025.03.25-00.34.26:120][  0]LogConfig: Applying CVar settings from Section [FoliageQuality@3] File [D:/project/UE/room_escape/Saved/Config/Windows/Scalability.ini]
[2025.03.25-00.34.26:120][  0]LogConfig: Setting CVar [[foliage.DensityScale:1.0]]
[2025.03.25-00.34.26:120][  0]LogConfig: Setting CVar [[grass.DensityScale:1.0]]
[2025.03.25-00.34.26:120][  0]LogConfig: Applying CVar settings from Section [ShadingQuality@3] File [D:/project/UE/room_escape/Saved/Config/Windows/Scalability.ini]
[2025.03.25-00.34.26:120][  0]LogConfig: Setting CVar [[r.HairStrands.SkyLighting.IntegrationType:2]]
[2025.03.25-00.34.26:120][  0]LogConfig: Setting CVar [[r.HairStrands.SkyAO.SampleCount:4]]
[2025.03.25-00.34.26:120][  0]LogConfig: Setting CVar [[r.HairStrands.Visibility.MSAA.SamplePerPixel:4]]
[2025.03.25-00.34.26:120][  0]LogConfig: Applying CVar settings from Section [Startup] File [../../../Engine/Config/ConsoleVariables.ini]
[2025.03.25-00.34.26:120][  0]LogConfig: Setting CVar [[net.UseAdaptiveNetUpdateFrequency:0]]
[2025.03.25-00.34.26:120][  0]LogConfig: Setting CVar [[p.chaos.AllowCreatePhysxBodies:1]]
[2025.03.25-00.34.26:120][  0]LogConfig: Setting CVar [[fx.SkipVectorVMBackendOptimizations:1]]
[2025.03.25-00.34.26:120][  0]LogConfig: Applying CVar settings from Section [ConsoleVariables] File [D:/project/UE/room_escape/Saved/Config/Windows/Engine.ini]
[2025.03.25-00.34.26:120][  0]LogConfig: Applying CVar settings from Section [ConsoleVariables] File [D:/project/UE/room_escape/Saved/Config/Windows/Editor.ini]
[2025.03.25-00.34.26:120][  0]LogInit: Computer: 一介白衣
[2025.03.25-00.34.26:120][  0]LogInit: User: yjby
[2025.03.25-00.34.26:120][  0]LogInit: CPU Page size=4096, Cores=4
[2025.03.25-00.34.26:120][  0]LogInit: High frequency timer resolution =10.000000 MHz
[2025.03.25-00.34.26:120][  0]LogMemory: Memory total: Physical=15.8GB (16GB approx)
[2025.03.25-00.34.26:120][  0]LogMemory: Platform Memory Stats for Windows
[2025.03.25-00.34.26:121][  0]LogMemory: Process Physical Memory: 144.25 MB used, 144.25 MB peak
[2025.03.25-00.34.26:121][  0]LogMemory: Process Virtual Memory: 120.31 MB used, 120.31 MB peak
[2025.03.25-00.34.26:121][  0]LogMemory: Physical Memory: 9890.15 MB used,  6293.16 MB free, 16183.30 MB total
[2025.03.25-00.34.26:121][  0]LogMemory: Virtual Memory: 134196912.00 MB used,  20815.25 MB free, 134217728.00 MB total
[2025.03.25-00.34.26:128][  0]LogWindows: WindowsPlatformFeatures enabled
[2025.03.25-00.34.26:156][  0]LogInit: Physics initialised using underlying interface: PhysX
[2025.03.25-00.34.26:156][  0]LogInit: Overriding language with editor language configuration option (en).
[2025.03.25-00.34.26:156][  0]LogInit: Using OS detected locale (zh-CN).
[2025.03.25-00.34.26:473][  0]LogInit: Setting process to per monitor DPI aware
[2025.03.25-00.34.26:500][  0]LogWindowsTextInputMethodSystem: Display: IME system deactivated.
[2025.03.25-00.34.26:515][  0]LogSlate: New Slate User Created.  User Index 0, Is Virtual User: 0
[2025.03.25-00.34.26:515][  0]LogSlate: Slate User Registered.  User Index 0, Is Virtual User: 0
[2025.03.25-00.34.26:662][  0]LogD3D11RHI: Loaded GFSDK_Aftermath_Lib.x64.dll
[2025.03.25-00.34.26:666][  0]LogHMD: Failed to initialize OpenVR with code 110
[2025.03.25-00.34.26:667][  0]LogD3D11RHI: D3D11 min allowed feature level: 11_0
[2025.03.25-00.34.26:667][  0]LogD3D11RHI: D3D11 max allowed feature level: 11_0
[2025.03.25-00.34.26:667][  0]LogD3D11RHI: D3D11 adapters:
[2025.03.25-00.34.26:808][  0]LogD3D11RHI:    0. 'Intel(R) Iris(R) Xe Graphics' (Feature Level 11_0)
[2025.03.25-00.34.26:808][  0]LogD3D11RHI:       128/0/8091 MB DedicatedVideo/DedicatedSystem/SharedSystem, Outputs:2, VendorId:0x8086
[2025.03.25-00.34.26:811][  0]LogD3D11RHI:    1. 'Microsoft Basic Render Driver' (Feature Level 11_0)
[2025.03.25-00.34.26:811][  0]LogD3D11RHI:       0/0/8091 MB DedicatedVideo/DedicatedSystem/SharedSystem, Outputs:0, VendorId:0x1414
[2025.03.25-00.34.26:969][  0]LogD3D11RHI:    2. 'Intel(R) Iris(R) Xe Graphics' (Feature Level 11_0)
[2025.03.25-00.34.26:969][  0]LogD3D11RHI:       128/0/8091 MB DedicatedVideo/DedicatedSystem/SharedSystem, Outputs:0, VendorId:0x8086
[2025.03.25-00.34.26:969][  0]LogD3D11RHI: Chosen D3D11 Adapter:
[2025.03.25-00.34.26:969][  0]LogD3D11RHI:     Description : Intel(R) Iris(R) Xe Graphics
[2025.03.25-00.34.26:969][  0]LogD3D11RHI:     VendorId    : 8086
[2025.03.25-00.34.26:969][  0]LogD3D11RHI:     DeviceId    : 9a49
[2025.03.25-00.34.26:969][  0]LogD3D11RHI:     SubSysId    : 1307152d
[2025.03.25-00.34.26:969][  0]LogD3D11RHI:     Revision    : 0001
[2025.03.25-00.34.26:969][  0]LogD3D11RHI:     DedicatedVideoMemory : 134217728 bytes
[2025.03.25-00.34.26:969][  0]LogD3D11RHI:     DedicatedSystemMemory : 0 bytes
[2025.03.25-00.34.26:969][  0]LogD3D11RHI:     SharedSystemMemory : 8484712448 bytes
[2025.03.25-00.34.26:969][  0]LogD3D11RHI:     AdapterLuid : 0 54548
[2025.03.25-00.34.26:985][  0]LogD3D11RHI: Creating new Direct3DDevice
[2025.03.25-00.34.26:985][  0]LogD3D11RHI:     GPU DeviceId: 0x9a49 (for the marketing name, search the web for "GPU Device Id")
[2025.03.25-00.34.26:985][  0]LogWindows: EnumDisplayDevices:
[2025.03.25-00.34.26:986][  0]LogWindows:    0. 'Intel(R) Iris(R) Xe Graphics' (P:1 D:1)
[2025.03.25-00.34.26:987][  0]LogWindows:    1. 'Intel(R) Iris(R) Xe Graphics' (P:0 D:1)
[2025.03.25-00.34.26:987][  0]LogWindows:    2. 'Intel(R) Iris(R) Xe Graphics' (P:0 D:0)
[2025.03.25-00.34.26:989][  0]LogWindows:    3. 'Intel(R) Iris(R) Xe Graphics' (P:0 D:0)
[2025.03.25-00.34.26:989][  0]LogWindows:    4. 'Virtual Display Device' (P:0 D:0)
[2025.03.25-00.34.26:989][  0]LogWindows: DebugString: GetVideoDriverDetailsInvalid PrimaryIsNotTheChoosenAdapter FoundDriverCount:4 
[2025.03.25-00.34.26:989][  0]LogD3D11RHI:     Adapter Name: Intel(R) Iris(R) Xe Graphics
[2025.03.25-00.34.26:989][  0]LogD3D11RHI:   Driver Version: 32.0.101.6325 (internal:32.0.101.6325, unified:32.0.101.6325)
[2025.03.25-00.34.26:989][  0]LogD3D11RHI:      Driver Date: 12-10-2024
[2025.03.25-00.34.26:989][  0]LogRHI: Texture pool is 1523 MB (70% of 2176 MB)
[2025.03.25-00.34.27:012][  0]LogD3D11RHI: Creating D3DDevice using adapter:
[2025.03.25-00.34.27:012][  0]LogD3D11RHI:     Description : Intel(R) Iris(R) Xe Graphics
[2025.03.25-00.34.27:012][  0]LogD3D11RHI:     VendorId    : 8086
[2025.03.25-00.34.27:012][  0]LogD3D11RHI:     DeviceId    : 9a49
[2025.03.25-00.34.27:012][  0]LogD3D11RHI:     SubSysId    : 1307152d
[2025.03.25-00.34.27:012][  0]LogD3D11RHI:     Revision    : 0001
[2025.03.25-00.34.27:012][  0]LogD3D11RHI:     DedicatedVideoMemory : 134217728 bytes
[2025.03.25-00.34.27:012][  0]LogD3D11RHI:     DedicatedSystemMemory : 0 bytes
[2025.03.25-00.34.27:012][  0]LogD3D11RHI:     SharedSystemMemory : 8484712448 bytes
[2025.03.25-00.34.27:012][  0]LogD3D11RHI:     AdapterLuid : 0 54548
[2025.03.25-00.34.27:233][  0]LogD3D11RHI: RHI does not have support for 64 bit atomics
[2025.03.25-00.34.27:276][  0]LogD3D11RHI: Intel Extensions support version Full=16777216, Major=1, Minor=0, Revision=0
[2025.03.25-00.34.27:276][  0]LogD3D11RHI: Intel Extensions support version Full=16777217, Major=1, Minor=0, Revision=1
[2025.03.25-00.34.27:277][  0]LogD3D11RHI: Intel Extensions Framework enabled
[2025.03.25-00.34.27:278][  0]LogD3D11RHI: [IntelMetricsDiscovery] Started
[2025.03.25-00.34.27:278][  0]LogD3D11RHI: Async texture creation enabled
[2025.03.25-00.34.27:278][  0]LogD3D11RHI: Array index from any shader is supported
[2025.03.25-00.34.27:301][  0]LogD3D11RHI: GPU Timing Frequency: 19.200000 (Debug: 2 0)
[2025.03.25-00.34.27:828][  0]LogTargetPlatformManager: Display: Loaded TargetPlatform 'AllDesktop'
[2025.03.25-00.34.27:858][  0]LogTargetPlatformManager: Display: Loaded TargetPlatform 'Android'
[2025.03.25-00.34.27:858][  0]LogTargetPlatformManager: Display: Loaded TargetPlatform 'Android_ASTC'
[2025.03.25-00.34.27:858][  0]LogTargetPlatformManager: Display: Loaded TargetPlatform 'Android_DXT'
[2025.03.25-00.34.27:858][  0]LogTargetPlatformManager: Display: Loaded TargetPlatform 'Android_ETC2'
[2025.03.25-00.34.27:858][  0]LogTargetPlatformManager: Display: Loaded TargetPlatform 'AndroidClient'
[2025.03.25-00.34.27:858][  0]LogTargetPlatformManager: Display: Loaded TargetPlatform 'Android_ASTCClient'
[2025.03.25-00.34.27:858][  0]LogTargetPlatformManager: Display: Loaded TargetPlatform 'Android_DXTClient'
[2025.03.25-00.34.27:858][  0]LogTargetPlatformManager: Display: Loaded TargetPlatform 'Android_ETC2Client'
[2025.03.25-00.34.27:858][  0]LogTargetPlatformManager: Display: Loaded TargetPlatform 'Android_Multi'
[2025.03.25-00.34.27:858][  0]LogTargetPlatformManager: Display: Loaded TargetPlatform 'Android_MultiClient'
[2025.03.25-00.34.27:881][  0]LogTargetPlatformManager: Display: Loaded TargetPlatform 'IOSClient'
[2025.03.25-00.34.27:881][  0]LogTargetPlatformManager: Display: Loaded TargetPlatform 'IOS'
[2025.03.25-00.34.27:891][  0]LogTargetPlatformManager: Display: Loaded TargetPlatform 'Linux'
[2025.03.25-00.34.27:897][  0]LogTargetPlatformManager: Display: Loaded TargetPlatform 'LinuxNoEditor'
[2025.03.25-00.34.27:902][  0]LogTargetPlatformManager: Display: Loaded TargetPlatform 'LinuxClient'
[2025.03.25-00.34.27:907][  0]LogTargetPlatformManager: Display: Loaded TargetPlatform 'LinuxServer'
[2025.03.25-00.34.27:922][  0]LogTargetPlatformManager: Display: Loaded TargetPlatform 'LinuxAArch64NoEditor'
[2025.03.25-00.34.27:930][  0]LogTargetPlatformManager: Display: Loaded TargetPlatform 'LinuxAArch64Client'
[2025.03.25-00.34.27:935][  0]LogTargetPlatformManager: Display: Loaded TargetPlatform 'LinuxAArch64Server'
[2025.03.25-00.34.27:963][  0]LogTargetPlatformManager: Display: Loaded TargetPlatform 'Lumin'
[2025.03.25-00.34.27:963][  0]LogTargetPlatformManager: Display: Loaded TargetPlatform 'LuminClient'
[2025.03.25-00.34.27:973][  0]LogTargetPlatformManager: Display: Loaded TargetPlatform 'MacNoEditor'
[2025.03.25-00.34.27:981][  0]LogTargetPlatformManager: Display: Loaded TargetPlatform 'Mac'
[2025.03.25-00.34.27:988][  0]LogTargetPlatformManager: Display: Loaded TargetPlatform 'MacClient'
[2025.03.25-00.34.27:995][  0]LogTargetPlatformManager: Display: Loaded TargetPlatform 'MacServer'
[2025.03.25-00.34.28:009][  0]LogTargetPlatformManager: Display: Loaded TargetPlatform 'TVOSClient'
[2025.03.25-00.34.28:009][  0]LogTargetPlatformManager: Display: Loaded TargetPlatform 'TVOS'
[2025.03.25-00.34.28:023][  0]LogTargetPlatformManager: Display: Loaded TargetPlatform 'WindowsNoEditor'
[2025.03.25-00.34.28:030][  0]LogTargetPlatformManager: Display: Loaded TargetPlatform 'Windows'
[2025.03.25-00.34.28:037][  0]LogTargetPlatformManager: Display: Loaded TargetPlatform 'WindowsClient'
[2025.03.25-00.34.28:045][  0]LogTargetPlatformManager: Display: Loaded TargetPlatform 'WindowsServer'
[2025.03.25-00.34.28:045][  0]LogTargetPlatformManager: Display: Building Assets For Windows
[2025.03.25-00.34.28:059][  0]LogAudioDebug: Display: Lib vorbis DLL was dynamically loaded.
[2025.03.25-00.34.28:104][  0]LogTextureFormatOodle: Display: Oodle Texture 2.9.0 init RDO Off
[2025.03.25-00.34.28:158][  0]LogRendererCore: Ray tracing is disabled. Reason: r.RayTracing=0.
[2025.03.25-00.34.28:158][  0]LogShaderCompilers: Guid format shader working directory is 4 characters bigger than the processId version (../../../../../../project/UE/room_escape/Intermediate/Shaders/WorkingDirectory/20556/).
[2025.03.25-00.34.28:158][  0]LogShaderCompilers: Cleaned the shader compiler working directory 'C:/Users/yjby/AppData/Local/Temp/UnrealShaderWorkingDir/CD49223642C9B2CBF4DE07ADB1ABBF16/'.
[2025.03.25-00.34.28:158][  0]LogXGEController: Cannot use XGE Controller as Incredibuild is not installed on this machine.
[2025.03.25-00.34.28:158][  0]LogShaderCompilers: Cannot use XGE Shader Compiler as Incredibuild is not installed on this machine.
[2025.03.25-00.34.28:158][  0]LogShaderCompilers: Display: Using Local Shader Compiler.
[2025.03.25-00.34.29:242][  0]LogDerivedDataCache: Display: Max Cache Size: 512 MB
[2025.03.25-00.34.29:322][  0]LogDerivedDataCache: Loaded boot cache 0.08s 94MB C:/Users/yjby/AppData/Local/UnrealEngine/4.27/DerivedDataCache/Boot.ddc.
[2025.03.25-00.34.29:322][  0]LogDerivedDataCache: Display: Loaded Boot cache: C:/Users/yjby/AppData/Local/UnrealEngine/4.27/DerivedDataCache/Boot.ddc
[2025.03.25-00.34.29:322][  0]LogDerivedDataCache: FDerivedDataBackendGraph:  Pak pak cache file ../../../../../../project/UE/room_escape/DerivedDataCache/DDC.ddp not found, will not use a pak cache.
[2025.03.25-00.34.29:322][  0]LogDerivedDataCache: Unable to find inner node Pak for hierarchical cache Hierarchy.
[2025.03.25-00.34.29:322][  0]LogDerivedDataCache: FDerivedDataBackendGraph:  CompressedPak pak cache file ../../../../../../project/UE/room_escape/DerivedDataCache/Compressed.ddp not found, will not use a pak cache.
[2025.03.25-00.34.29:322][  0]LogDerivedDataCache: Unable to find inner node CompressedPak for hierarchical cache Hierarchy.
[2025.03.25-00.34.29:346][  0]LogDerivedDataCache: Display: Pak cache opened for reading ../../../Engine/DerivedDataCache/Compressed.ddp.
[2025.03.25-00.34.29:346][  0]LogDerivedDataCache: FDerivedDataBackendGraph:  EnterprisePak pak cache file ../../../Enterprise/DerivedDataCache/Compressed.ddp not found, will not use a pak cache.
[2025.03.25-00.34.29:346][  0]LogDerivedDataCache: Unable to find inner node EnterprisePak for hierarchical cache Hierarchy.
[2025.03.25-00.34.29:354][  0]LogDerivedDataCache: Speed tests for C:/Users/yjby/AppData/Local/UnrealEngine/Common/DerivedDataCache took 0.01 seconds
[2025.03.25-00.34.29:354][  0]LogDerivedDataCache: Display: Performance to C:/Users/yjby/AppData/Local/UnrealEngine/Common/DerivedDataCache: Latency=0.03ms. RandomReadSpeed=1030.81MBs, RandomWriteSpeed=144.10MBs. Assigned SpeedClass 'Local'
[2025.03.25-00.34.29:355][  0]LogDerivedDataCache: Using Local data cache path C:/Users/yjby/AppData/Local/UnrealEngine/Common/DerivedDataCache: Writable
[2025.03.25-00.34.29:355][  0]LogDerivedDataCache: Shared data cache path not found in *engine.ini, will not use an Shared cache.
[2025.03.25-00.34.29:355][  0]LogDerivedDataCache: Unable to find inner node Shared for hierarchical cache Hierarchy.
[2025.03.25-00.34.29:429][  0]LogSlate: Using FreeType 2.10.0
[2025.03.25-00.34.29:430][  0]LogSlate: SlateFontServices - WITH_FREETYPE: 1, WITH_HARFBUZZ: 1
[2025.03.25-00.34.29:464][  0]LogAssetRegistry: FAssetRegistry took 0.0038 seconds to start up
[2025.03.25-00.34.29:836][  0]LogInit: Selected Device Profile: [Windows]
[2025.03.25-00.34.29:836][  0]LogInit: Active device profile: [000002CAC87FFA00][000002CAC6612A80 49] Windows
[2025.03.25-00.34.29:836][  0]LogInit: Profiles: [000002CAC87FFA00][000002CAC6612A80 49] Windows, [000002CAC87B0700][000002CAC661AC00 49] WindowsNoEditor, [000002CAC87FC800][000002CAC661ED80 49] WindowsServer, [000002CAC87B3200][000002CAC6622F00 49] WindowsClient, [000002CAC87FF100][000002CAC662B080 49] IOS, [000002CAC87B1100][000002CAC662F200 49] iPadAir, [000002CAC87FD000][000002CAC6633380 49] iPadAir2, [000002CAC8770200][000002CAC663B640 49] IPadPro, [000002CAC8770300][000002CAC6637680 49] iPadAir3, [000002CAC87FEB00][000002CABFE01800 49] iPadAir4, [000002CAC8773400][000002CAC6627980 49] iPadMini2, [000002CAC87FD500][000002CAC6617B00 49] iPadMini3, [000002CAC8771500][000002CABFE10100 49] iPadMini4, [000002CAC87FE300][000002CABFE14280 49] iPadMini5, [000002CAC875FA00][000002CAC8F9C540 49] iPhone6, [000002CAC875FB00][000002CABFE18580 49] iPodTouch6, [000002CAC8773000][000002CAC660E800 49] iPhone7, [000002CAC8772F00][000002CAC8FA0840 49] iPodTouch7, [000002CAC875CC00][000002CAC8FA4980 49] iPhone5S, [000002CAC8771000][000002CAC8FA8AC0 49] iPhone6Plus, [000002CAC875ED00][000002CAC1B72C40 49] iPhone6S, [000002CAC8773600][000002CAC8FACDC0 49] iPhone6SPlus, [000002CAC875D400][000002CAC8FB0F40 49] iPhone7Plus, [000002CAC8771200][000002CAC8FB50C0 49] iPhoneSE, [000002CAC875E500][000002CAC8FB9240 49] iPhone8, [000002CAC8771700][000002CAC8FBD3C0 49] iPhone8Plus, [000002CAC875DC00][000002CAC2785540 49] iPhoneX, [000002CAC8772000][000002CAC27896C0 49] iPhoneXS, [000002CAC875C500][000002CAC278D840 49] iPhoneXSMax, [000002CAC8771B00][000002CAC27919C0 49] iPhoneXR, [000002CAC875DD00][000002CAC2795B40 49] iPhone11, [000002CAC8772D00][000002CAC2798140 49] iPhone11Pro, [000002CAC875D700][000002CAC279C2C0 49] iPhone11ProMax, [000002CAC8773D00][000002CAC27A0440 49] iPhoneSE2, [000002CAC875E400][000002CAC27A45C0 49] iPhone12Mini, [000002CAC8770900][000002CAC27A8740 49] iPhone12, [000002CAC875EB00][000002CAC8F328C0 49] iPhone12Pro, [000002CAC8772E00][000002CAC1B6EA00 49] iPhone12ProMax, [000002CAC875D900][000002CAC8F36B40 49] iPadPro105, [000002CAC8772100][000002CAC8F3AC80 49] iPadPro129, [000002CAC875D600][000002CAC8F3EDC0 49] iPadPro97, [000002CAC8773E00][000002CAC8F46F40 49] iPadPro2_129, [000002CAC875C300][000002CAC8F4B0C0 49] iPad5, [000002CAC8773C00][000002CAC8F4F240 49] iPad6, [000002CAC875D200][000002CAC8F533C0 49] iPad7, [000002CAC8771C00][000002CAC8F57540 49] iPad8, [000002CAC875FE00][000002CAC8F5B6C0 49] iPadPro11, [000002CAC8772800][000002CAC8F5F840 49] iPadPro2_11, [000002CAC875D500][000002CAC8F639C0 49] iPadPro3_129, [000002CAC8772200][000002CAC8F67B40 49] iPadPro4_129, [000002CAC875D100][000002CAC8F6A140 49] AppleTV, [000002CAC8772C00][000002CAC786C2C0 49] AppleTV4K, [000002CAC875D000][000002CAC7870440 49] TVOS, [000002CAC8770400][000002CAC78745C0 49] Mac, [000002CAC875CD00][000002CAC7878740 49] MacClient, [000002CAC8771F00][000002CAC787C8C0 49] MacNoEditor, [000002CAC875F300][000002CAC7880A40 49] MacServer, [000002CAC8773200][000002CAC8F42B80 49] Linux, [000002CAC875CA00][000002CAC7884CC0 49] LinuxAArch64, [000002CAC8770700][000002CAC7888E00 49] LinuxNoEditor, [000002CAC875E300][000002CAC788CF40 49] LinuxAArch64NoEditor, [000002CAC8771E00][000002CAC78950C0 49] LinuxClient, [000002CAC875DB00][000002CAC7899240 49] LinuxAArch64Client, [000002CAC8770C00][000002CAC789D3C0 49] LinuxServer, [000002CAC875F500][000002CAC78A1540 49] LinuxAArch64Server, [000002CAC8771600][000002CAC78A56C0 49] Android, [000002CAC87B2F00][000002CAC78A9840 49] Android_Low, [000002CAC8865100][000002CAC78AD9C0 49] Android_Mid, [000002CAC87B2C00][000002CAC78B1B40 49] Android_High, [000002CAC8865B00][000002CAC78B4140 49] Android_Default, [000002CAC87B3E00][000002CAC78B82C0 49] Android_Adreno4xx, [000002CAC8866300][000002CAC78BC440 49] Android_Adreno5xx_Low, [000002CAC87B1E00][000002CAC78C05C0 49] Android_Adreno5xx, [000002CAC8865F00][000002CAC78C4740 49] Android_Adreno6xx, [000002CAC87B0F00][000002CAC78C88C0 49] Android_Adreno6xx_Vulkan, [000002CAC8864E00][000002CAC78CCA40 49] Android_Mali_T6xx, [000002CAC87B1A00][000002CAC78D0BC0 49] Android_Mali_T7xx, [000002CAC8866200][000002CAC78D4D40 49] Android_Mali_T8xx, [000002CAC87B3700][000002CAC7890E80 49] Android_Mali_G71, [000002CAC8864200][000002CAC78D8FC0 49] Android_Mali_G72, [000002CAC87B2200][000002CAC78DD100 49] Android_Mali_G72_Vulkan, [000002CAC8866600][000002CAC78E5280 49] Android_Mali_G76, [000002CAC87B3600][000002CAC78E9400 49] Android_Mali_G76_Vulkan, [000002CAC8864800][000002CAC78ED580 49] Android_Mali_G77, [000002CAC87B3000][000002CAC78F1700 49] Android_Mali_G77_Vulkan, [000002CAC8864900][000002CAC78F5880 49] Android_Mali_G78, [000002CAC87B0300][000002CAC78F9A00 49] Android_Mali_G78_Vulkan, [000002CAC8865200][000002CAC78FDB80 49] Android_Mali_G710, [000002CAC87B0B00][000002CAC7900180 49] Android_Mali_G710_Vulkan, [000002CAC8865800][000002CAC7904300 49] Android_Vulkan_SM5, [000002CAC8771100][000002CAC7908480 49] Android_PowerVR_G6xxx, [000002CAC8865C00][000002CAC790C600 49] Android_PowerVR_GT7xxx, [000002CAC8771800][000002CAC7910780 49] Android_PowerVR_GE8xxx, [000002CAC8864C00][000002CAC7914900 49] Android_PowerVR_GM9xxx, [000002CAC8770F00][000002CAC7918A80 49] Android_PowerVR_GM9xxx_Vulkan, [000002CAC8865700][000002CAC791CC00 49] Android_TegraK1, [000002CAC8772700][000002CAC7920D80 49] Android_Unknown_Vulkan, [000002CAC8864300][000002CAC7924F00 49] Lumin, [000002CAC8770A00][000002CAC78E1040 49] Lumin_Desktop, [000002CAC8865600][000002CAC7929180 49] HoloLens, 
[2025.03.25-00.34.30:047][  0]LogMeshReduction: Using QuadricMeshReduction for automatic static mesh reduction
[2025.03.25-00.34.30:047][  0]LogMeshReduction: Using SimplygonMeshReduction for automatic skeletal mesh reduction
[2025.03.25-00.34.30:047][  0]LogMeshReduction: Using ProxyLODMeshReduction for automatic mesh merging
[2025.03.25-00.34.30:047][  0]LogMeshReduction: No distributed automatic mesh merging module available
[2025.03.25-00.34.30:047][  0]LogMeshMerging: No distributed automatic mesh merging module available
[2025.03.25-00.34.30:062][  0]LogNetVersion: room_escape 1.0.0, NetCL: 17155196, EngineNetVer: 17, GameNetVer: 0 (Checksum: 143463569)
[2025.03.25-00.34.30:579][  0]LogTexture: Default maximum texture size for cubemaps generated from long-lat sources has been changed from 512 to unlimited. In order to preserve old behaiour for '/Engine/MapTemplates/Sky/DaylightAmbientCubemap.DaylightAmbientCubemap', its maximum texture size has been explicitly set to 512.
[2025.03.25-00.34.30:673][  0]LogHMD: PokeAHoleMaterial loaded successfully
[2025.03.25-00.34.30:680][  0]LogUObjectArray: 17178 objects as part of root set at end of initial load.
[2025.03.25-00.34.30:680][  0]LogUObjectAllocator: 4302048 out of 0 bytes used by permanent object pool.
[2025.03.25-00.34.30:680][  0]LogUObjectArray: CloseDisregardForGC: 0/0 objects in disregard for GC pool
[2025.03.25-00.34.31:077][  0]LogNiagaraDebuggerClient: Niagara Debugger Client Initialized | Session: A229882143F815D7ABA1A4A506EBAB73 | Instance: BD61E0574308DD9BDAB87EB9E6B49A67 (一介白衣-20556).
[2025.03.25-00.34.31:128][  0]LogPython: Using Python 3.7.7
[2025.03.25-00.34.31:846][  0]LogTcpMessaging: Initializing TcpMessaging bridge
[2025.03.25-00.34.31:862][  0]LogUdpMessaging: Initializing bridge on interface 0.0.0.0:0 to multicast group 230.0.0.1:6666.
[2025.03.25-00.34.32:225][  0]SourceControl: Source control is disabled
[2025.03.25-00.34.32:225][  0]SourceControl: Source control is disabled
[2025.03.25-00.34.32:237][  0]SourceControl: Source control is disabled
[2025.03.25-00.34.32:241][  0]SourceControl: Source control is disabled
[2025.03.25-00.34.32:256][  0]SourceControl: Source control is disabled
[2025.03.25-00.34.32:262][  0]LogUProjectInfo: Found projects:
[2025.03.25-00.34.32:571][  0]LogOpenImageDenoise: OIDN starting up
[2025.03.25-00.34.32:640][  0]LogAndroidPermission: UAndroidPermissionCallbackProxy::GetInstance
[2025.03.25-00.34.32:679][  0]LogAudioCaptureCore: Display: No Audio Capture implementations found. Audio input will be silent.
[2025.03.25-00.34.32:679][  0]LogAudioCaptureCore: Display: No Audio Capture implementations found. Audio input will be silent.
[2025.03.25-00.34.32:857][  0]LogCollectionManager: Loaded 0 collections in 0.001073 seconds
[2025.03.25-00.34.32:894][  0]LogFileCache: Scanning file cache for directory 'D:/project/UE/room_escape/Saved/Collections/' took 0.00s
[2025.03.25-00.34.32:894][  0]LogFileCache: Scanning file cache for directory 'D:/project/UE/room_escape/Content/Developers/yjby/Collections/' took 0.00s
[2025.03.25-00.34.32:894][  0]LogFileCache: Scanning file cache for directory 'D:/project/UE/room_escape/Content/Collections/' took 0.00s
[2025.03.25-00.34.32:894][  0]LogOcInput: OculusInput pre-init called
[2025.03.25-00.34.33:244][  0]LogEngine: Initializing Engine...
[2025.03.25-00.34.33:336][  0]LogHMD: Failed to enumerate extensions. Please check that you have a valid OpenXR runtime installed.
[2025.03.25-00.34.33:337][  0]LogHMD: Failed to initialize OpenVR with code 110
[2025.03.25-00.34.33:337][  0]LogMagicLeap: Warning: VR disabled because ZI is not enabled.  To enable, in the editor, Edit -> Project Settings -> Plugins -> Magic Leap Plugin -> Enable Zero Iteration
[2025.03.25-00.34.33:338][  0]LogStats: UGameplayTagsManager::InitializeManager -  0.000 s
[2025.03.25-00.34.33:494][  0]LogInit: Initializing FReadOnlyCVARCache
[2025.03.25-00.34.33:508][  0]LogAIModule: Creating AISystem for world Untitled
[2025.03.25-00.34.33:509][  0]LogAudio: Display: Initializing Audio Device Manager...
[2025.03.25-00.34.33:515][  0]LogAudio: Display: Loading Default Audio Settings Objects...
[2025.03.25-00.34.33:516][  0]LogAudio: Display: No default SoundConcurrencyObject specified (or failed to load).
[2025.03.25-00.34.33:517][  0]LogAudio: Display: Audio Device Manager Initialized
[2025.03.25-00.34.33:517][  0]LogAudio: Display: Creating Audio Device:                 Id: 1, Scope: Shared, Realtime: True
[2025.03.25-00.34.33:517][  0]LogAudioMixer: Display: Audio Mixer Platform Settings:
[2025.03.25-00.34.33:517][  0]LogAudioMixer: Display: 	Sample Rate:						  48000
[2025.03.25-00.34.33:517][  0]LogAudioMixer: Display: 	Callback Buffer Frame Size Requested: 1024
[2025.03.25-00.34.33:517][  0]LogAudioMixer: Display: 	Callback Buffer Frame Size To Use:	  1024
[2025.03.25-00.34.33:517][  0]LogAudioMixer: Display: 	Number of buffers to queue:			  2
[2025.03.25-00.34.33:517][  0]LogAudioMixer: Display: 	Max Channels (voices):				  32
[2025.03.25-00.34.33:517][  0]LogAudioMixer: Display: 	Number of Async Source Workers:		  0
[2025.03.25-00.34.33:517][  0]LogAudio: Display: AudioDevice MaxSources: 32
[2025.03.25-00.34.33:518][  0]LogAudio: Display: Audio Spatialization Plugin: None (built-in).
[2025.03.25-00.34.33:518][  0]LogAudio: Display: Audio Reverb Plugin: None (built-in).
[2025.03.25-00.34.33:518][  0]LogAudio: Display: Audio Occlusion Plugin: None (built-in).
[2025.03.25-00.34.33:518][  0]LogAudioMixer: Display: Initializing audio mixer.
[2025.03.25-00.34.33:533][  0]LogAudioMixer: Display: 0: FrontLeft
[2025.03.25-00.34.33:533][  0]LogAudioMixer: Display: 1: FrontRight
[2025.03.25-00.34.33:741][  0]LogAudioMixer: Display: Using Audio Device 扬声器 (适用于 I2S 音频的英特尔® 智音技术)
[2025.03.25-00.34.33:742][  0]LogAudioMixer: Display: Initializing Sound Submixes...
[2025.03.25-00.34.33:745][  0]LogAudioMixer: Display: Creating Master Submix 'MasterSubmixDefault'
[2025.03.25-00.34.33:745][  0]LogAudioMixer: Display: Creating Master Submix 'MasterReverbSubmixDefault'
[2025.03.25-00.34.33:746][  0]LogAudioMixer: Display: Creating Master Submix 'MasterEQSubmixDefault'
[2025.03.25-00.34.33:746][  0]LogAudioMixer: FMixerPlatformXAudio2::StartAudioStream() called
[2025.03.25-00.34.33:746][  0]LogAudioMixer: Display: Output buffers initialized: Frames=1024, Channels=2, Samples=2048
[2025.03.25-00.34.33:747][  0]LogAudioMixer: Display: Starting AudioMixerPlatformInterface::RunInternal()
[2025.03.25-00.34.33:747][  0]LogAudioMixer: Display: FMixerPlatformXAudio2::SubmitBuffer() called for the first time
[2025.03.25-00.34.33:747][  0]LogInit: FAudioDevice initialized.
[2025.03.25-00.34.33:748][  0]LogAudio: Display: Audio Device (ID: 1) registered with world 'Untitled'.
[2025.03.25-00.34.33:748][  0]LogNetVersion: Set ProjectVersion to 1.0.0.0. Version Checksum will be recalculated on next use.
[2025.03.25-00.34.33:818][  0]LogDerivedDataCache: Saved boot cache 0.07s 94MB C:/Users/yjby/AppData/Local/UnrealEngine/4.27/DerivedDataCache/Boot.ddc.
[2025.03.25-00.34.33:819][  0]LogInit: Texture streaming: Enabled
[2025.03.25-00.34.33:840][  0]LogAnalytics: Display: [UEEditor.Rocket.Release] APIServer = https://datarouter.ol.epicgames.com/. AppVersion = 4.27.2-18319896+++UE4+Release-4.27
[2025.03.25-00.34.33:845][  0]LogEngineSessionManager: EngineSessionManager initialized
[2025.03.25-00.34.33:845][  0]LogEditorSessionSummary: Verbose: Initializing EditorSessionSummaryWriter for editor session tracking
[2025.03.25-00.34.33:848][  0]LogEditorSessionSummary: EditorSessionSummaryWriter initialized
[2025.03.25-00.34.33:883][  0]LogInit: Transaction tracking system initialized
[2025.03.25-00.34.33:916][  0]BlueprintLog: New page: Editor Load
[2025.03.25-00.34.34:001][  0]LocalizationService: Localization service is disabled
[2025.03.25-00.34.34:043][  0]TimingProfiler: Initialize
[2025.03.25-00.34.34:043][  0]TimingProfiler: OnSessionChanged
[2025.03.25-00.34.34:043][  0]LoadingProfiler: Initialize
[2025.03.25-00.34.34:043][  0]LoadingProfiler: OnSessionChanged
[2025.03.25-00.34.34:043][  0]NetworkingProfiler: Initialize
[2025.03.25-00.34.34:043][  0]NetworkingProfiler: OnSessionChanged
[2025.03.25-00.34.34:043][  0]MemoryProfiler: Initialize
[2025.03.25-00.34.34:043][  0]MemoryProfiler: OnSessionChanged
[2025.03.25-00.34.34:251][  0]LogCook: Display: CookSettings for Memory: MemoryMaxUsedVirtual 0MiB, MemoryMaxUsedPhysical 16384MiB, MemoryMinFreeVirtual 0MiB, MemoryMinFreePhysical 1024MiB
[2025.03.25-00.34.34:251][  0]LogCook: Display: Mobile HDR setting 1
[2025.03.25-00.34.34:544][  0]LogFileCache: Scanning file cache for directory 'D:/project/UE/room_escape/Content/' took 0.01s
[2025.03.25-00.34.34:805][  0]LogInit: Display: Engine is initialized. Leaving FEngineLoop::Init()
[2025.03.25-00.34.34:809][  0]SourceControl: Source control is disabled
[2025.03.25-00.34.34:809][  0]LogUnrealEdMisc: Loading editor; pre map load, took 10.290
[2025.03.25-00.34.34:809][  0]Cmd: MAP LOAD FILE="../../../../../../project/UE/room_escape/Content/ThirdPersonBP/Maps/ThirdPersonExampleMap.umap" TEMPLATE=0 SHOWPROGRESS=1 FEATURELEVEL=3
[2025.03.25-00.34.34:809][  0]LightingResults: New page: Lighting Build
[2025.03.25-00.34.34:812][  0]LogWorld: UWorld::CleanupWorld for Untitled, bSessionEnded=true, bCleanupResources=true
[2025.03.25-00.34.34:812][  0]LogSlate: InvalidateAllWidgets triggered.  All widgets were invalidated
[2025.03.25-00.34.34:812][  0]MapCheck: New page: Map Check
[2025.03.25-00.34.34:812][  0]LightingResults: New page: Lighting Build
[2025.03.25-00.34.34:818][  0]LogAudio: Display: Audio Device unregistered from world 'None'.
[2025.03.25-00.34.34:823][  0]LogUObjectHash: Compacting FUObjectHashTables data took   1.63ms
[2025.03.25-00.34.36:209][  0]LogStaticMesh: Building static mesh elevator...
[2025.03.25-00.34.36:238][  0]LogStaticMesh: Built static mesh [0.03s] /Game/MT/elevator/elevator.elevator
[2025.03.25-00.34.36:768][  0]LogStaticMesh: Building static mesh door_key...
[2025.03.25-00.34.37:191][  0]LogStaticMesh: Built static mesh [0.42s] /Game/MT/doorKey/door_key.door_key
[2025.03.25-00.34.37:423][  0]LogAudio: Display: Audio Device (ID: 1) registered with world 'ThirdPersonExampleMap'.
[2025.03.25-00.34.37:424][  0]LogAIModule: Creating AISystem for world ThirdPersonExampleMap
[2025.03.25-00.34.37:449][  0]LogEditorServer: Finished looking for orphan Actors (0.000 secs)
[2025.03.25-00.34.37:462][  0]LogUObjectHash: Compacting FUObjectHashTables data took   1.51ms
[2025.03.25-00.34.37:465][  0]Cmd: MAP CHECKDEP NOCLEARLOG
[2025.03.25-00.34.37:466][  0]MapCheck: Map check complete: 0 Error(s), 0 Warning(s), took 0.137ms to complete.
[2025.03.25-00.34.37:466][  0]LogFileHelpers: Loading map 'ThirdPersonExampleMap' took 2.656
[2025.03.25-00.34.37:468][  0]LogUnrealEdMisc: Total Editor Startup Time, took 12.949
[2025.03.25-00.34.37:673][  0]LogSlate: Updating window title bar state: overlay mode, drag disabled, window buttons hidden, title bar hidden
[2025.03.25-00.34.37:683][  0]LogSlate: Updating window title bar state: overlay mode, drag disabled, window buttons hidden, title bar hidden
[2025.03.25-00.34.37:690][  0]LogSlate: Updating window title bar state: overlay mode, drag disabled, window buttons hidden, title bar hidden
[2025.03.25-00.34.37:696][  0]LogSlate: Updating window title bar state: overlay mode, drag disabled, window buttons hidden, title bar hidden
[2025.03.25-00.34.37:740][  0]LogNativeClassHierarchy: Verbose: Native class hierarchy populated in 0.0148 seconds. Added 3822 classes and 928 folders.
[2025.03.25-00.34.37:745][  0]LogNativeClassHierarchy: Verbose: Native class hierarchy updated for 'WidgetCarousel' in 0.0005 seconds. Added 0 classes and 0 folders.
[2025.03.25-00.34.37:770][  0]LogPakFile: PakFile PrimaryIndexSize=187
[2025.03.25-00.34.37:770][  0]LogPakFile: PakFile PathHashIndexSize=101
[2025.03.25-00.34.37:770][  0]LogPakFile: PakFile FullDirectoryIndexSize=148
[2025.03.25-00.34.37:770][  0]LogShaderLibrary: Display: ShaderCodeLibraryPakFileMountedCallback: PakFile 'D:/Program Files/Epic Games/UE_4.27/FeaturePacks/FP_FirstPerson.upack' (chunk index -1, root 'root:/') mounted
[2025.03.25-00.34.37:770][  0]LogShaderLibrary: Display: ShaderCodeLibraryPakFileMountedCallback: pending pak file info (ChunkID:-1 Root:root:/ File:D:/Program Files/Epic Games/UE_4.27/FeaturePacks/FP_FirstPerson.upack)
[2025.03.25-00.34.37:770][  0]LogPakFile: OnPakFileMounted2Time == 0.000393
[2025.03.25-00.34.37:791][  0]LogPakFile: PakFile PrimaryIndexSize=189
[2025.03.25-00.34.37:791][  0]LogPakFile: PakFile PathHashIndexSize=101
[2025.03.25-00.34.37:791][  0]LogPakFile: PakFile FullDirectoryIndexSize=152
[2025.03.25-00.34.37:791][  0]LogShaderLibrary: Display: ShaderCodeLibraryPakFileMountedCallback: PakFile 'D:/Program Files/Epic Games/UE_4.27/FeaturePacks/FP_FirstPersonBP.upack' (chunk index -1, root 'root:/') mounted
[2025.03.25-00.34.37:791][  0]LogShaderLibrary: Display: ShaderCodeLibraryPakFileMountedCallback: pending pak file info (ChunkID:-1 Root:root:/ File:D:/Program Files/Epic Games/UE_4.27/FeaturePacks/FP_FirstPersonBP.upack)
[2025.03.25-00.34.37:791][  0]LogPakFile: OnPakFileMounted2Time == 0.000063
[2025.03.25-00.34.37:802][  0]LogPakFile: PakFile PrimaryIndexSize=191
[2025.03.25-00.34.37:802][  0]LogPakFile: PakFile PathHashIndexSize=101
[2025.03.25-00.34.37:802][  0]LogPakFile: PakFile FullDirectoryIndexSize=160
[2025.03.25-00.34.37:802][  0]LogShaderLibrary: Display: ShaderCodeLibraryPakFileMountedCallback: PakFile 'D:/Program Files/Epic Games/UE_4.27/FeaturePacks/MobileStarterContent.upack' (chunk index -1, root 'root:/') mounted
[2025.03.25-00.34.37:802][  0]LogShaderLibrary: Display: ShaderCodeLibraryPakFileMountedCallback: pending pak file info (ChunkID:-1 Root:root:/ File:D:/Program Files/Epic Games/UE_4.27/FeaturePacks/MobileStarterContent.upack)
[2025.03.25-00.34.37:802][  0]LogPakFile: OnPakFileMounted2Time == 0.000080
[2025.03.25-00.34.37:814][  0]LogPakFile: PakFile PrimaryIndexSize=185
[2025.03.25-00.34.37:814][  0]LogPakFile: PakFile PathHashIndexSize=101
[2025.03.25-00.34.37:814][  0]LogPakFile: PakFile FullDirectoryIndexSize=148
[2025.03.25-00.34.37:814][  0]LogShaderLibrary: Display: ShaderCodeLibraryPakFileMountedCallback: PakFile 'D:/Program Files/Epic Games/UE_4.27/FeaturePacks/StarterContent.upack' (chunk index -1, root 'root:/') mounted
[2025.03.25-00.34.37:814][  0]LogShaderLibrary: Display: ShaderCodeLibraryPakFileMountedCallback: pending pak file info (ChunkID:-1 Root:root:/ File:D:/Program Files/Epic Games/UE_4.27/FeaturePacks/StarterContent.upack)
[2025.03.25-00.34.37:814][  0]LogPakFile: OnPakFileMounted2Time == 0.000072
[2025.03.25-00.34.37:827][  0]LogPakFile: PakFile PrimaryIndexSize=190
[2025.03.25-00.34.37:827][  0]LogPakFile: PakFile PathHashIndexSize=101
[2025.03.25-00.34.37:827][  0]LogPakFile: PakFile FullDirectoryIndexSize=154
[2025.03.25-00.34.37:827][  0]LogShaderLibrary: Display: ShaderCodeLibraryPakFileMountedCallback: PakFile 'D:/Program Files/Epic Games/UE_4.27/FeaturePacks/TP_2DSideScroller.upack' (chunk index -1, root 'root:/') mounted
[2025.03.25-00.34.37:827][  0]LogShaderLibrary: Display: ShaderCodeLibraryPakFileMountedCallback: pending pak file info (ChunkID:-1 Root:root:/ File:D:/Program Files/Epic Games/UE_4.27/FeaturePacks/TP_2DSideScroller.upack)
[2025.03.25-00.34.37:827][  0]LogPakFile: OnPakFileMounted2Time == 0.000053
[2025.03.25-00.34.37:839][  0]LogPakFile: PakFile PrimaryIndexSize=192
[2025.03.25-00.34.37:839][  0]LogPakFile: PakFile PathHashIndexSize=101
[2025.03.25-00.34.37:839][  0]LogPakFile: PakFile FullDirectoryIndexSize=158
[2025.03.25-00.34.37:839][  0]LogShaderLibrary: Display: ShaderCodeLibraryPakFileMountedCallback: PakFile 'D:/Program Files/Epic Games/UE_4.27/FeaturePacks/TP_2DSideScrollerBP.upack' (chunk index -1, root 'root:/') mounted
[2025.03.25-00.34.37:839][  0]LogShaderLibrary: Display: ShaderCodeLibraryPakFileMountedCallback: pending pak file info (ChunkID:-1 Root:root:/ File:D:/Program Files/Epic Games/UE_4.27/FeaturePacks/TP_2DSideScrollerBP.upack)
[2025.03.25-00.34.37:839][  0]LogPakFile: OnPakFileMounted2Time == 0.000080
[2025.03.25-00.34.37:849][  0]LogPakFile: PakFile PrimaryIndexSize=182
[2025.03.25-00.34.37:850][  0]LogPakFile: PakFile PathHashIndexSize=101
[2025.03.25-00.34.37:850][  0]LogPakFile: PakFile FullDirectoryIndexSize=138
[2025.03.25-00.34.37:850][  0]LogShaderLibrary: Display: ShaderCodeLibraryPakFileMountedCallback: PakFile 'D:/Program Files/Epic Games/UE_4.27/FeaturePacks/TP_Flying.upack' (chunk index -1, root 'root:/') mounted
[2025.03.25-00.34.37:850][  0]LogShaderLibrary: Display: ShaderCodeLibraryPakFileMountedCallback: pending pak file info (ChunkID:-1 Root:root:/ File:D:/Program Files/Epic Games/UE_4.27/FeaturePacks/TP_Flying.upack)
[2025.03.25-00.34.37:850][  0]LogPakFile: OnPakFileMounted2Time == 0.000079
[2025.03.25-00.34.37:862][  0]LogPakFile: PakFile PrimaryIndexSize=184
[2025.03.25-00.34.37:862][  0]LogPakFile: PakFile PathHashIndexSize=101
[2025.03.25-00.34.37:862][  0]LogPakFile: PakFile FullDirectoryIndexSize=142
[2025.03.25-00.34.37:862][  0]LogShaderLibrary: Display: ShaderCodeLibraryPakFileMountedCallback: PakFile 'D:/Program Files/Epic Games/UE_4.27/FeaturePacks/TP_FlyingBP.upack' (chunk index -1, root 'root:/') mounted
[2025.03.25-00.34.37:862][  0]LogShaderLibrary: Display: ShaderCodeLibraryPakFileMountedCallback: pending pak file info (ChunkID:-1 Root:root:/ File:D:/Program Files/Epic Games/UE_4.27/FeaturePacks/TP_FlyingBP.upack)
[2025.03.25-00.34.37:862][  0]LogPakFile: OnPakFileMounted2Time == 0.000055
[2025.03.25-00.34.37:876][  0]LogPakFile: PakFile PrimaryIndexSize=188
[2025.03.25-00.34.37:876][  0]LogPakFile: PakFile PathHashIndexSize=101
[2025.03.25-00.34.37:876][  0]LogPakFile: PakFile FullDirectoryIndexSize=150
[2025.03.25-00.34.37:876][  0]LogShaderLibrary: Display: ShaderCodeLibraryPakFileMountedCallback: PakFile 'D:/Program Files/Epic Games/UE_4.27/FeaturePacks/TP_HandheldARBP.upack' (chunk index -1, root 'root:/') mounted
[2025.03.25-00.34.37:876][  0]LogShaderLibrary: Display: ShaderCodeLibraryPakFileMountedCallback: pending pak file info (ChunkID:-1 Root:root:/ File:D:/Program Files/Epic Games/UE_4.27/FeaturePacks/TP_HandheldARBP.upack)
[2025.03.25-00.34.37:876][  0]LogPakFile: OnPakFileMounted2Time == 0.000049
[2025.03.25-00.34.37:888][  0]LogPakFile: PakFile PrimaryIndexSize=182
[2025.03.25-00.34.37:888][  0]LogPakFile: PakFile PathHashIndexSize=101
[2025.03.25-00.34.37:888][  0]LogPakFile: PakFile FullDirectoryIndexSize=138
[2025.03.25-00.34.37:888][  0]LogShaderLibrary: Display: ShaderCodeLibraryPakFileMountedCallback: PakFile 'D:/Program Files/Epic Games/UE_4.27/FeaturePacks/TP_Puzzle.upack' (chunk index -1, root 'root:/') mounted
[2025.03.25-00.34.37:888][  0]LogShaderLibrary: Display: ShaderCodeLibraryPakFileMountedCallback: pending pak file info (ChunkID:-1 Root:root:/ File:D:/Program Files/Epic Games/UE_4.27/FeaturePacks/TP_Puzzle.upack)
[2025.03.25-00.34.37:888][  0]LogPakFile: OnPakFileMounted2Time == 0.000074
[2025.03.25-00.34.37:899][  0]LogPakFile: PakFile PrimaryIndexSize=184
[2025.03.25-00.34.37:899][  0]LogPakFile: PakFile PathHashIndexSize=101
[2025.03.25-00.34.37:899][  0]LogPakFile: PakFile FullDirectoryIndexSize=142
[2025.03.25-00.34.37:899][  0]LogShaderLibrary: Display: ShaderCodeLibraryPakFileMountedCallback: PakFile 'D:/Program Files/Epic Games/UE_4.27/FeaturePacks/TP_PuzzleBP.upack' (chunk index -1, root 'root:/') mounted
[2025.03.25-00.34.37:899][  0]LogShaderLibrary: Display: ShaderCodeLibraryPakFileMountedCallback: pending pak file info (ChunkID:-1 Root:root:/ File:D:/Program Files/Epic Games/UE_4.27/FeaturePacks/TP_PuzzleBP.upack)
[2025.03.25-00.34.37:899][  0]LogPakFile: OnPakFileMounted2Time == 0.000046
[2025.03.25-00.34.37:909][  0]LogPakFile: PakFile PrimaryIndexSize=183
[2025.03.25-00.34.37:909][  0]LogPakFile: PakFile PathHashIndexSize=101
[2025.03.25-00.34.37:909][  0]LogPakFile: PakFile FullDirectoryIndexSize=140
[2025.03.25-00.34.37:909][  0]LogShaderLibrary: Display: ShaderCodeLibraryPakFileMountedCallback: PakFile 'D:/Program Files/Epic Games/UE_4.27/FeaturePacks/TP_Rolling.upack' (chunk index -1, root 'root:/') mounted
[2025.03.25-00.34.37:909][  0]LogShaderLibrary: Display: ShaderCodeLibraryPakFileMountedCallback: pending pak file info (ChunkID:-1 Root:root:/ File:D:/Program Files/Epic Games/UE_4.27/FeaturePacks/TP_Rolling.upack)
[2025.03.25-00.34.37:910][  0]LogPakFile: OnPakFileMounted2Time == 0.000071
[2025.03.25-00.34.37:921][  0]LogPakFile: PakFile PrimaryIndexSize=185
[2025.03.25-00.34.37:921][  0]LogPakFile: PakFile PathHashIndexSize=101
[2025.03.25-00.34.37:921][  0]LogPakFile: PakFile FullDirectoryIndexSize=144
[2025.03.25-00.34.37:921][  0]LogShaderLibrary: Display: ShaderCodeLibraryPakFileMountedCallback: PakFile 'D:/Program Files/Epic Games/UE_4.27/FeaturePacks/TP_RollingBP.upack' (chunk index -1, root 'root:/') mounted
[2025.03.25-00.34.37:921][  0]LogShaderLibrary: Display: ShaderCodeLibraryPakFileMountedCallback: pending pak file info (ChunkID:-1 Root:root:/ File:D:/Program Files/Epic Games/UE_4.27/FeaturePacks/TP_RollingBP.upack)
[2025.03.25-00.34.37:921][  0]LogPakFile: OnPakFileMounted2Time == 0.000052
[2025.03.25-00.34.37:931][  0]LogPakFile: PakFile PrimaryIndexSize=188
[2025.03.25-00.34.37:931][  0]LogPakFile: PakFile PathHashIndexSize=101
[2025.03.25-00.34.37:931][  0]LogPakFile: PakFile FullDirectoryIndexSize=150
[2025.03.25-00.34.37:931][  0]LogShaderLibrary: Display: ShaderCodeLibraryPakFileMountedCallback: PakFile 'D:/Program Files/Epic Games/UE_4.27/FeaturePacks/TP_SideScroller.upack' (chunk index -1, root 'root:/') mounted
[2025.03.25-00.34.37:931][  0]LogShaderLibrary: Display: ShaderCodeLibraryPakFileMountedCallback: pending pak file info (ChunkID:-1 Root:root:/ File:D:/Program Files/Epic Games/UE_4.27/FeaturePacks/TP_SideScroller.upack)
[2025.03.25-00.34.37:931][  0]LogPakFile: OnPakFileMounted2Time == 0.000072
[2025.03.25-00.34.37:940][  0]LogPakFile: PakFile PrimaryIndexSize=190
[2025.03.25-00.34.37:940][  0]LogPakFile: PakFile PathHashIndexSize=101
[2025.03.25-00.34.37:940][  0]LogPakFile: PakFile FullDirectoryIndexSize=154
[2025.03.25-00.34.37:940][  0]LogShaderLibrary: Display: ShaderCodeLibraryPakFileMountedCallback: PakFile 'D:/Program Files/Epic Games/UE_4.27/FeaturePacks/TP_SideScrollerBP.upack' (chunk index -1, root 'root:/') mounted
[2025.03.25-00.34.37:940][  0]LogShaderLibrary: Display: ShaderCodeLibraryPakFileMountedCallback: pending pak file info (ChunkID:-1 Root:root:/ File:D:/Program Files/Epic Games/UE_4.27/FeaturePacks/TP_SideScrollerBP.upack)
[2025.03.25-00.34.37:940][  0]LogPakFile: OnPakFileMounted2Time == 0.000051
[2025.03.25-00.34.37:950][  0]LogPakFile: PakFile PrimaryIndexSize=187
[2025.03.25-00.34.37:950][  0]LogPakFile: PakFile PathHashIndexSize=101
[2025.03.25-00.34.37:950][  0]LogPakFile: PakFile FullDirectoryIndexSize=148
[2025.03.25-00.34.37:950][  0]LogShaderLibrary: Display: ShaderCodeLibraryPakFileMountedCallback: PakFile 'D:/Program Files/Epic Games/UE_4.27/FeaturePacks/TP_ThirdPerson.upack' (chunk index -1, root 'root:/') mounted
[2025.03.25-00.34.37:950][  0]LogShaderLibrary: Display: ShaderCodeLibraryPakFileMountedCallback: pending pak file info (ChunkID:-1 Root:root:/ File:D:/Program Files/Epic Games/UE_4.27/FeaturePacks/TP_ThirdPerson.upack)
[2025.03.25-00.34.37:950][  0]LogPakFile: OnPakFileMounted2Time == 0.000052
[2025.03.25-00.34.37:959][  0]LogPakFile: PakFile PrimaryIndexSize=189
[2025.03.25-00.34.37:959][  0]LogPakFile: PakFile PathHashIndexSize=101
[2025.03.25-00.34.37:959][  0]LogPakFile: PakFile FullDirectoryIndexSize=152
[2025.03.25-00.34.37:959][  0]LogShaderLibrary: Display: ShaderCodeLibraryPakFileMountedCallback: PakFile 'D:/Program Files/Epic Games/UE_4.27/FeaturePacks/TP_ThirdPersonBP.upack' (chunk index -1, root 'root:/') mounted
[2025.03.25-00.34.37:959][  0]LogShaderLibrary: Display: ShaderCodeLibraryPakFileMountedCallback: pending pak file info (ChunkID:-1 Root:root:/ File:D:/Program Files/Epic Games/UE_4.27/FeaturePacks/TP_ThirdPersonBP.upack)
[2025.03.25-00.34.37:959][  0]LogPakFile: OnPakFileMounted2Time == 0.000052
[2025.03.25-00.34.37:975][  0]LogPakFile: PakFile PrimaryIndexSize=183
[2025.03.25-00.34.37:975][  0]LogPakFile: PakFile PathHashIndexSize=101
[2025.03.25-00.34.37:975][  0]LogPakFile: PakFile FullDirectoryIndexSize=140
[2025.03.25-00.34.37:975][  0]LogShaderLibrary: Display: ShaderCodeLibraryPakFileMountedCallback: PakFile 'D:/Program Files/Epic Games/UE_4.27/FeaturePacks/TP_TopDown.upack' (chunk index -1, root 'root:/') mounted
[2025.03.25-00.34.37:975][  0]LogShaderLibrary: Display: ShaderCodeLibraryPakFileMountedCallback: pending pak file info (ChunkID:-1 Root:root:/ File:D:/Program Files/Epic Games/UE_4.27/FeaturePacks/TP_TopDown.upack)
[2025.03.25-00.34.37:975][  0]LogPakFile: OnPakFileMounted2Time == 0.000155
[2025.03.25-00.34.37:987][  0]LogPakFile: PakFile PrimaryIndexSize=185
[2025.03.25-00.34.37:987][  0]LogPakFile: PakFile PathHashIndexSize=101
[2025.03.25-00.34.37:987][  0]LogPakFile: PakFile FullDirectoryIndexSize=144
[2025.03.25-00.34.37:987][  0]LogShaderLibrary: Display: ShaderCodeLibraryPakFileMountedCallback: PakFile 'D:/Program Files/Epic Games/UE_4.27/FeaturePacks/TP_TopDownBP.upack' (chunk index -1, root 'root:/') mounted
[2025.03.25-00.34.37:987][  0]LogShaderLibrary: Display: ShaderCodeLibraryPakFileMountedCallback: pending pak file info (ChunkID:-1 Root:root:/ File:D:/Program Files/Epic Games/UE_4.27/FeaturePacks/TP_TopDownBP.upack)
[2025.03.25-00.34.37:987][  0]LogPakFile: OnPakFileMounted2Time == 0.000058
[2025.03.25-00.34.38:002][  0]LogPakFile: PakFile PrimaryIndexSize=185
[2025.03.25-00.34.38:002][  0]LogPakFile: PakFile PathHashIndexSize=101
[2025.03.25-00.34.38:002][  0]LogPakFile: PakFile FullDirectoryIndexSize=144
[2025.03.25-00.34.38:002][  0]LogShaderLibrary: Display: ShaderCodeLibraryPakFileMountedCallback: PakFile 'D:/Program Files/Epic Games/UE_4.27/FeaturePacks/TP_TwinStick.upack' (chunk index -1, root 'root:/') mounted
[2025.03.25-00.34.38:002][  0]LogShaderLibrary: Display: ShaderCodeLibraryPakFileMountedCallback: pending pak file info (ChunkID:-1 Root:root:/ File:D:/Program Files/Epic Games/UE_4.27/FeaturePacks/TP_TwinStick.upack)
[2025.03.25-00.34.38:002][  0]LogPakFile: OnPakFileMounted2Time == 0.000093
[2025.03.25-00.34.38:018][  0]LogPakFile: PakFile PrimaryIndexSize=187
[2025.03.25-00.34.38:018][  0]LogPakFile: PakFile PathHashIndexSize=101
[2025.03.25-00.34.38:018][  0]LogPakFile: PakFile FullDirectoryIndexSize=148
[2025.03.25-00.34.38:018][  0]LogShaderLibrary: Display: ShaderCodeLibraryPakFileMountedCallback: PakFile 'D:/Program Files/Epic Games/UE_4.27/FeaturePacks/TP_TwinStickBP.upack' (chunk index -1, root 'root:/') mounted
[2025.03.25-00.34.38:018][  0]LogShaderLibrary: Display: ShaderCodeLibraryPakFileMountedCallback: pending pak file info (ChunkID:-1 Root:root:/ File:D:/Program Files/Epic Games/UE_4.27/FeaturePacks/TP_TwinStickBP.upack)
[2025.03.25-00.34.38:018][  0]LogPakFile: OnPakFileMounted2Time == 0.000098
[2025.03.25-00.34.38:032][  0]LogPakFile: PakFile PrimaryIndexSize=183
[2025.03.25-00.34.38:032][  0]LogPakFile: PakFile PathHashIndexSize=101
[2025.03.25-00.34.38:032][  0]LogPakFile: PakFile FullDirectoryIndexSize=140
[2025.03.25-00.34.38:032][  0]LogShaderLibrary: Display: ShaderCodeLibraryPakFileMountedCallback: PakFile 'D:/Program Files/Epic Games/UE_4.27/FeaturePacks/TP_Vehicle.upack' (chunk index -1, root 'root:/') mounted
[2025.03.25-00.34.38:032][  0]LogShaderLibrary: Display: ShaderCodeLibraryPakFileMountedCallback: pending pak file info (ChunkID:-1 Root:root:/ File:D:/Program Files/Epic Games/UE_4.27/FeaturePacks/TP_Vehicle.upack)
[2025.03.25-00.34.38:032][  0]LogPakFile: OnPakFileMounted2Time == 0.000063
[2025.03.25-00.34.38:048][  0]LogPakFile: PakFile PrimaryIndexSize=186
[2025.03.25-00.34.38:048][  0]LogPakFile: PakFile PathHashIndexSize=101
[2025.03.25-00.34.38:048][  0]LogPakFile: PakFile FullDirectoryIndexSize=146
[2025.03.25-00.34.38:048][  0]LogShaderLibrary: Display: ShaderCodeLibraryPakFileMountedCallback: PakFile 'D:/Program Files/Epic Games/UE_4.27/FeaturePacks/TP_VehicleAdv.upack' (chunk index -1, root 'root:/') mounted
[2025.03.25-00.34.38:048][  0]LogShaderLibrary: Display: ShaderCodeLibraryPakFileMountedCallback: pending pak file info (ChunkID:-1 Root:root:/ File:D:/Program Files/Epic Games/UE_4.27/FeaturePacks/TP_VehicleAdv.upack)
[2025.03.25-00.34.38:048][  0]LogPakFile: OnPakFileMounted2Time == 0.000068
[2025.03.25-00.34.38:062][  0]LogPakFile: PakFile PrimaryIndexSize=188
[2025.03.25-00.34.38:062][  0]LogPakFile: PakFile PathHashIndexSize=101
[2025.03.25-00.34.38:062][  0]LogPakFile: PakFile FullDirectoryIndexSize=150
[2025.03.25-00.34.38:062][  0]LogShaderLibrary: Display: ShaderCodeLibraryPakFileMountedCallback: PakFile 'D:/Program Files/Epic Games/UE_4.27/FeaturePacks/TP_VehicleAdvBP.upack' (chunk index -1, root 'root:/') mounted
[2025.03.25-00.34.38:062][  0]LogShaderLibrary: Display: ShaderCodeLibraryPakFileMountedCallback: pending pak file info (ChunkID:-1 Root:root:/ File:D:/Program Files/Epic Games/UE_4.27/FeaturePacks/TP_VehicleAdvBP.upack)
[2025.03.25-00.34.38:062][  0]LogPakFile: OnPakFileMounted2Time == 0.000073
[2025.03.25-00.34.38:073][  0]LogPakFile: PakFile PrimaryIndexSize=185
[2025.03.25-00.34.38:073][  0]LogPakFile: PakFile PathHashIndexSize=101
[2025.03.25-00.34.38:073][  0]LogPakFile: PakFile FullDirectoryIndexSize=144
[2025.03.25-00.34.38:073][  0]LogShaderLibrary: Display: ShaderCodeLibraryPakFileMountedCallback: PakFile 'D:/Program Files/Epic Games/UE_4.27/FeaturePacks/TP_VehicleBP.upack' (chunk index -1, root 'root:/') mounted
[2025.03.25-00.34.38:073][  0]LogShaderLibrary: Display: ShaderCodeLibraryPakFileMountedCallback: pending pak file info (ChunkID:-1 Root:root:/ File:D:/Program Files/Epic Games/UE_4.27/FeaturePacks/TP_VehicleBP.upack)
[2025.03.25-00.34.38:073][  0]LogPakFile: OnPakFileMounted2Time == 0.000089
[2025.03.25-00.34.38:084][  0]LogPakFile: PakFile PrimaryIndexSize=192
[2025.03.25-00.34.38:084][  0]LogPakFile: PakFile PathHashIndexSize=101
[2025.03.25-00.34.38:084][  0]LogPakFile: PakFile FullDirectoryIndexSize=158
[2025.03.25-00.34.38:084][  0]LogShaderLibrary: Display: ShaderCodeLibraryPakFileMountedCallback: PakFile 'D:/Program Files/Epic Games/UE_4.27/FeaturePacks/TP_VirtualRealityBP.upack' (chunk index -1, root 'root:/') mounted
[2025.03.25-00.34.38:084][  0]LogShaderLibrary: Display: ShaderCodeLibraryPakFileMountedCallback: pending pak file info (ChunkID:-1 Root:root:/ File:D:/Program Files/Epic Games/UE_4.27/FeaturePacks/TP_VirtualRealityBP.upack)
[2025.03.25-00.34.38:084][  0]LogPakFile: OnPakFileMounted2Time == 0.000047
[2025.03.25-00.34.38:844][  0]LogNativeClassHierarchy: Verbose: Native class hierarchy updated for 'AddContentDialog' in 0.0005 seconds. Added 0 classes and 0 folders.
[2025.03.25-00.34.38:849][  0]LogNativeClassHierarchy: Verbose: Native class hierarchy updated for 'SceneOutliner' in 0.0005 seconds. Added 2 classes and 0 folders.
[2025.03.25-00.34.39:041][  0]LogSlate: Took 0.000594 seconds to synchronously load lazily loaded font '../../../Engine/Content/Slate/Fonts/Roboto-Regular.ttf' (155K)
[2025.03.25-00.34.39:057][  0]LogSlate: Took 0.013576 seconds to synchronously load lazily loaded font '../../../Engine/Content/Editor/Slate/Fonts/FontAwesome.ttf' (139K)
[2025.03.25-00.34.39:059][  0]LogSlate: Took 0.000179 seconds to synchronously load lazily loaded font '../../../Engine/Content/Slate/Fonts/Roboto-Bold.ttf' (160K)
[2025.03.25-00.34.39:287][  0]LogRenderer: Reallocating scene render targets to support 1016x572 Format 10 NumSamples 1 (Frame:1).
[2025.03.25-00.34.39:492][  0]LogNativeClassHierarchy: Verbose: Native class hierarchy updated for 'HierarchicalLODOutliner' in 0.0006 seconds. Added 0 classes and 0 folders.
[2025.03.25-00.34.39:492][  0]LogInput: Warning: Action Jump uses invalid key OculusGo_Left_Trigger_Click.
[2025.03.25-00.34.39:492][  0]LogInput: Warning: Action ResetVR uses invalid key OculusGo_Left_Trackpad_Click.
[2025.03.25-00.34.39:492][  0]LogInput: Warning: Use -RemoveInvalidKeys to remove instances of these keys from the action mapping.
[2025.03.25-00.34.39:492][  0]LogLoad: (Engine Initialization) Total time: 14.97 seconds
[2025.03.25-00.34.39:492][  0]LogLoad: (Engine Initialization) Total Blueprint compile time: 0.00 seconds
[2025.03.25-00.34.39:566][  0]LogContentStreaming: Texture pool size now 1000 MB
[2025.03.25-00.34.39:583][  1]LogAssetRegistry: Asset discovery search completed in 10.1214 seconds
[2025.03.25-00.34.39:592][  1]LogCollectionManager: Fixed up redirectors for 0 collections in 0.000007 seconds (updated 0 objects)
[2025.03.25-00.34.40:536][ 51]LogSlate: Took 0.000668 seconds to synchronously load lazily loaded font '../../../Engine/Content/Slate/Fonts/Roboto-Light.ttf' (167K)
[2025.03.25-00.41.23:858][488]LogAssetEditorSubsystem: Opening Asset editor for Blueprint /Game/BP/First/BP_Light.BP_Light
[2025.03.25-00.41.25:273][488]LogNativeClassHierarchy: Verbose: Native class hierarchy updated for 'BlueprintGraph' in 0.0009 seconds. Added 126 classes and 0 folders.
[2025.03.25-00.41.26:475][488]LogSlate: Took 0.000138 seconds to synchronously load lazily loaded font '../../../Engine/Content/Slate/Fonts/Roboto-BoldCondensed.ttf' (158K)
[2025.03.25-00.41.28:156][557]LogSlate: Took 0.017670 seconds to synchronously load lazily loaded font '../../../Engine/Content/Slate/Fonts/Roboto-Italic.ttf' (157K)
[2025.03.25-00.41.28:477][576]LogSlate: Window 'BP_Light' being destroyed
[2025.03.25-00.41.29:460][633]LogTemp: Repeating last play command: Selected Viewport
[2025.03.25-00.41.29:469][633]LogPlayLevel: PlayLevel: No blueprints needed recompiling
[2025.03.25-00.41.29:472][633]PIE: New page: PIE session: ThirdPersonExampleMap (2025年3月25日 下午4:41:29)
[2025.03.25-00.41.29:475][633]LogOnline: OSS: Creating online subsystem instance for: NULL
[2025.03.25-00.41.29:477][633]LogOnline: OSS: TryLoadSubsystemAndSetDefault: Loaded subsystem for module [NULL]
[2025.03.25-00.41.29:478][633]LogPlayLevel: Creating play world package: /Game/ThirdPersonBP/Maps/UEDPIE_0_ThirdPersonExampleMap
[2025.03.25-00.41.29:500][633]LogPlayLevel: PIE: StaticDuplicateObject took: (0.022533s)
[2025.03.25-00.41.29:502][633]LogAIModule: Creating AISystem for world ThirdPersonExampleMap
[2025.03.25-00.41.29:503][633]LogPlayLevel: PIE: World Init took: (0.002152s)
[2025.03.25-00.41.29:503][633]LogPlayLevel: PIE: Created PIE world by copying editor world from /Game/ThirdPersonBP/Maps/ThirdPersonExampleMap.ThirdPersonExampleMap to /Game/ThirdPersonBP/Maps/UEDPIE_0_ThirdPersonExampleMap.ThirdPersonExampleMap (0.025330s)
[2025.03.25-00.41.29:527][633]LogUObjectHash: Compacting FUObjectHashTables data took   2.01ms
[2025.03.25-00.41.29:532][633]LogAudio: Display: Creating Audio Device:                 Id: 2, Scope: Unique, Realtime: True
[2025.03.25-00.41.29:532][633]LogAudioMixer: Display: Audio Mixer Platform Settings:
[2025.03.25-00.41.29:532][633]LogAudioMixer: Display: 	Sample Rate:						  48000
[2025.03.25-00.41.29:532][633]LogAudioMixer: Display: 	Callback Buffer Frame Size Requested: 1024
[2025.03.25-00.41.29:532][633]LogAudioMixer: Display: 	Callback Buffer Frame Size To Use:	  1024
[2025.03.25-00.41.29:532][633]LogAudioMixer: Display: 	Number of buffers to queue:			  2
[2025.03.25-00.41.29:532][633]LogAudioMixer: Display: 	Max Channels (voices):				  32
[2025.03.25-00.41.29:532][633]LogAudioMixer: Display: 	Number of Async Source Workers:		  0
[2025.03.25-00.41.29:532][633]LogAudio: Display: AudioDevice MaxSources: 32
[2025.03.25-00.41.29:533][633]LogAudio: Display: Audio Spatialization Plugin: None (built-in).
[2025.03.25-00.41.29:533][633]LogAudio: Display: Audio Reverb Plugin: None (built-in).
[2025.03.25-00.41.29:533][633]LogAudio: Display: Audio Occlusion Plugin: None (built-in).
[2025.03.25-00.41.29:533][633]LogAudioMixer: Display: Initializing audio mixer.
[2025.03.25-00.41.29:536][633]LogAudioMixer: Display: 0: FrontLeft
[2025.03.25-00.41.29:536][633]LogAudioMixer: Display: 1: FrontRight
[2025.03.25-00.41.29:576][633]LogAudioMixer: Display: Using Audio Device 扬声器 (适用于 I2S 音频的英特尔® 智音技术)
[2025.03.25-00.41.29:576][633]LogAudioMixer: Display: Initializing Sound Submixes...
[2025.03.25-00.41.29:576][633]LogAudioMixer: Display: Creating Master Submix 'MasterSubmixDefault'
[2025.03.25-00.41.29:576][633]LogAudioMixer: Display: Creating Master Submix 'MasterReverbSubmixDefault'
[2025.03.25-00.41.29:577][633]LogAudioMixer: Display: Creating Master Submix 'MasterEQSubmixDefault'
[2025.03.25-00.41.29:577][633]LogAudioMixer: FMixerPlatformXAudio2::StartAudioStream() called
[2025.03.25-00.41.29:577][633]LogAudioMixer: Display: Output buffers initialized: Frames=1024, Channels=2, Samples=2048
[2025.03.25-00.41.29:578][633]LogAudioMixer: Display: Starting AudioMixerPlatformInterface::RunInternal()
[2025.03.25-00.41.29:578][633]LogAudioMixer: Display: FMixerPlatformXAudio2::SubmitBuffer() called for the first time
[2025.03.25-00.41.29:578][633]LogInit: FAudioDevice initialized.
[2025.03.25-00.41.29:578][633]LogAudio: Display: Audio Device (ID: 2) registered with world 'ThirdPersonExampleMap'.
[2025.03.25-00.41.29:636][633]LogSlate: Updating window title bar state: overlay mode, drag disabled, window buttons hidden, title bar hidden
[2025.03.25-00.41.29:639][633]LogLoad: Game class is 'ThirdPersonGameMode_C'
[2025.03.25-00.41.29:656][633]LogWorld: Bringing World /Game/ThirdPersonBP/Maps/UEDPIE_0_ThirdPersonExampleMap.ThirdPersonExampleMap up for play (max tick rate 60) at 2025.03.25-08.41.29
[2025.03.25-00.41.29:658][633]LogWorld: Bringing up level for play took: 0.010288
[2025.03.25-00.41.29:659][633]LogOnline: OSS: Creating online subsystem instance for: :Context_5
[2025.03.25-00.41.29:665][633]LogGameMode: FindPlayerStart: PATHS NOT DEFINED or NO PLAYERSTART with positive rating
[2025.03.25-00.41.29:675][633]LogNativeClassHierarchy: Verbose: Native class hierarchy updated for 'MovieSceneCapture' in 0.0007 seconds. Added 20 classes and 0 folders.
[2025.03.25-00.41.29:683][633]PIE: Server logged in
[2025.03.25-00.41.29:685][633]PIE: Play in editor total start time 0.219 seconds.
[2025.03.25-00.41.29:766][634]LogRenderer: Reallocating scene render targets to support 1912x1000 Format 10 NumSamples 1 (Frame:1).
[2025.03.25-00.42.29:193][494]LogBlueprintUserMessages: [BP_Button_2] Click It
[2025.03.25-00.42.34:243][675]LogBlueprintUserMessages: [BP_Button_2] 还没吃饭！
[2025.03.25-00.42.34:282][675]LogSlate: Took 0.030288 seconds to synchronously load lazily loaded font '../../../Engine/Content/Slate/Fonts/DroidSansFallback.ttf' (3848K)
[2025.03.25-00.42.42:346][963]LogBlueprintUserMessages: [BP_Table_2] Press "F"
[2025.03.25-00.42.47:828][141]LogBlueprintUserMessages: [BP_Table_2] Press "F"
[2025.03.25-00.42.54:516][372]LogBlueprintUserMessages: [BP_Button_2] Click It
[2025.03.25-00.43.09:791][894]LogBlueprintUserMessages: [BP_Table_2] Press "F"
[2025.03.25-00.43.11:353][946]LogBlueprintUserMessages: [BP_Table_2] Press "F"
[2025.03.25-00.43.15:308][ 81]LogSlate: Updating window title bar state: overlay mode, drag disabled, window buttons hidden, title bar hidden
[2025.03.25-00.43.15:308][ 81]LogWorld: BeginTearingDown for /Game/ThirdPersonBP/Maps/UEDPIE_0_ThirdPersonExampleMap
[2025.03.25-00.43.15:309][ 81]LogSlate: Window 'room_escape Preview [NetMode: Standalone]  (64-bit/Windows) ' being destroyed
[2025.03.25-00.43.15:349][ 81]LogWorld: UWorld::CleanupWorld for ThirdPersonExampleMap, bSessionEnded=true, bCleanupResources=true
[2025.03.25-00.43.15:352][ 81]LogSlate: InvalidateAllWidgets triggered.  All widgets were invalidated
[2025.03.25-00.43.15:368][ 81]LogPlayLevel: Display: Shutting down PIE online subsystems
[2025.03.25-00.43.15:375][ 81]LogSlate: InvalidateAllWidgets triggered.  All widgets were invalidated
[2025.03.25-00.43.15:402][ 81]LogAudio: Display: Audio Device unregistered from world 'None'.
[2025.03.25-00.43.15:403][ 81]LogAudioMixer: FMixerPlatformXAudio2::StopAudioStream() called
[2025.03.25-00.43.15:404][ 81]LogAudioMixer: FMixerPlatformXAudio2::StopAudioStream() called
[2025.03.25-00.43.15:419][ 81]LogUObjectHash: Compacting FUObjectHashTables data took   6.99ms
[2025.03.25-00.43.15:440][ 82]LogPlayLevel: Display: Destroying online subsystem :Context_5
[2025.03.25-00.44.04:866][224]Cmd: CAMERA ALIGN ACTIVEVIEWPORTONLY
[2025.03.25-00.44.04:872][224]Can't find target actor or component.
[2025.03.25-00.44.06:604][314]Cmd: CAMERA ALIGN ACTIVEVIEWPORTONLY
[2025.03.25-00.44.46:158][309]LogEditorViewport: Clicking on Actor (LMB): BP_Button_C (BP_Button)
[2025.03.25-00.46.25:570][165]LogUObjectHash: Compacting FUObjectHashTables data took   3.46ms
[2025.03.25-00.46.25:641][165]LogSavePackage: Moving '../../../../../../project/UE/room_escape/Saved/ThirdPersonExampleMap_Auto1861D8DD34F030F79D57D9BA0456B5953.tmp' to '../../../../../../project/UE/room_escape/Saved/Autosaves/Game/ThirdPersonBP/Maps/ThirdPersonExampleMap_Auto1.umap'
[2025.03.25-00.46.25:643][165]LogFileHelpers: Editor autosave (incl. external actors) for '/Game/ThirdPersonBP/Maps/ThirdPersonExampleMap' took 0.117
[2025.03.25-00.46.25:644][165]LogFileHelpers: Editor autosave (incl. sublevels & external actors) for all levels took 0.117
[2025.03.25-00.46.31:308][308]LogAssetEditorSubsystem: Opening Asset editor for Blueprint /Game/BP/Second/BP_MagicWall.BP_MagicWall
[2025.03.25-00.46.45:066][ 19]LogAssetEditorSubsystem: Opening Asset editor for Blueprint /Game/BP/Second/BP_Button.BP_Button
[2025.03.25-00.50.47:706][296]BlueprintLog: New page: Compile BP_Button
[2025.03.25-00.50.47:807][296]LogUObjectHash: Compacting FUObjectHashTables data took   4.28ms
[2025.03.25-00.50.47:897][296]LogSlate: Took 0.012211 seconds to synchronously load lazily loaded font '../../../Engine/Content/Slate/Fonts/DroidSansMono.ttf' (77K)
[2025.03.25-00.50.49:279][376]LogTemp: Repeating last play command: Selected Viewport
[2025.03.25-00.50.49:287][376]LogPlayLevel: PlayLevel: No blueprints needed recompiling
[2025.03.25-00.50.49:287][376]PIE: New page: PIE session: ThirdPersonExampleMap (2025年3月25日 下午4:50:49)
[2025.03.25-00.50.49:287][376]LogPlayLevel: Creating play world package: /Game/ThirdPersonBP/Maps/UEDPIE_0_ThirdPersonExampleMap
[2025.03.25-00.50.49:308][376]LogPlayLevel: PIE: StaticDuplicateObject took: (0.020307s)
[2025.03.25-00.50.49:308][376]LogAIModule: Creating AISystem for world ThirdPersonExampleMap
[2025.03.25-00.50.49:310][376]LogPlayLevel: PIE: World Init took: (0.001363s)
[2025.03.25-00.50.49:310][376]LogPlayLevel: PIE: Created PIE world by copying editor world from /Game/ThirdPersonBP/Maps/ThirdPersonExampleMap.ThirdPersonExampleMap to /Game/ThirdPersonBP/Maps/UEDPIE_0_ThirdPersonExampleMap.ThirdPersonExampleMap (0.021914s)
[2025.03.25-00.50.49:345][376]LogUObjectHash: Compacting FUObjectHashTables data took   3.42ms
[2025.03.25-00.50.49:348][376]LogAudio: Display: Creating Audio Device:                 Id: 3, Scope: Unique, Realtime: True
[2025.03.25-00.50.49:348][376]LogAudioMixer: Display: Audio Mixer Platform Settings:
[2025.03.25-00.50.49:348][376]LogAudioMixer: Display: 	Sample Rate:						  48000
[2025.03.25-00.50.49:348][376]LogAudioMixer: Display: 	Callback Buffer Frame Size Requested: 1024
[2025.03.25-00.50.49:348][376]LogAudioMixer: Display: 	Callback Buffer Frame Size To Use:	  1024
[2025.03.25-00.50.49:348][376]LogAudioMixer: Display: 	Number of buffers to queue:			  2
[2025.03.25-00.50.49:348][376]LogAudioMixer: Display: 	Max Channels (voices):				  32
[2025.03.25-00.50.49:348][376]LogAudioMixer: Display: 	Number of Async Source Workers:		  0
[2025.03.25-00.50.49:348][376]LogAudio: Display: AudioDevice MaxSources: 32
[2025.03.25-00.50.49:348][376]LogAudio: Display: Audio Spatialization Plugin: None (built-in).
[2025.03.25-00.50.49:348][376]LogAudio: Display: Audio Reverb Plugin: None (built-in).
[2025.03.25-00.50.49:348][376]LogAudio: Display: Audio Occlusion Plugin: None (built-in).
[2025.03.25-00.50.49:348][376]LogAudioMixer: Display: Initializing audio mixer.
[2025.03.25-00.50.49:457][376]LogAudioMixer: Display: 0: FrontLeft
[2025.03.25-00.50.49:457][376]LogAudioMixer: Display: 1: FrontRight
[2025.03.25-00.50.49:511][376]LogAudioMixer: Display: Using Audio Device 扬声器 (适用于 I2S 音频的英特尔® 智音技术)
[2025.03.25-00.50.49:511][376]LogAudioMixer: Display: Initializing Sound Submixes...
[2025.03.25-00.50.49:511][376]LogAudioMixer: Display: Creating Master Submix 'MasterSubmixDefault'
[2025.03.25-00.50.49:511][376]LogAudioMixer: Display: Creating Master Submix 'MasterReverbSubmixDefault'
[2025.03.25-00.50.49:512][376]LogAudioMixer: Display: Creating Master Submix 'MasterEQSubmixDefault'
[2025.03.25-00.50.49:512][376]LogAudioMixer: FMixerPlatformXAudio2::StartAudioStream() called
[2025.03.25-00.50.49:512][376]LogAudioMixer: Display: Output buffers initialized: Frames=1024, Channels=2, Samples=2048
[2025.03.25-00.50.49:514][376]LogAudioMixer: Display: Starting AudioMixerPlatformInterface::RunInternal()
[2025.03.25-00.50.49:514][376]LogAudioMixer: Display: FMixerPlatformXAudio2::SubmitBuffer() called for the first time
[2025.03.25-00.50.49:514][376]LogInit: FAudioDevice initialized.
[2025.03.25-00.50.49:514][376]LogAudio: Display: Audio Device (ID: 3) registered with world 'ThirdPersonExampleMap'.
[2025.03.25-00.50.49:576][376]LogSlate: Updating window title bar state: overlay mode, drag disabled, window buttons hidden, title bar hidden
[2025.03.25-00.50.49:577][376]LogLoad: Game class is 'ThirdPersonGameMode_C'
[2025.03.25-00.50.49:588][376]LogWorld: Bringing World /Game/ThirdPersonBP/Maps/UEDPIE_0_ThirdPersonExampleMap.ThirdPersonExampleMap up for play (max tick rate 60) at 2025.03.25-08.50.49
[2025.03.25-00.50.49:590][376]LogWorld: Bringing up level for play took: 0.011718
[2025.03.25-00.50.49:590][376]LogOnline: OSS: Creating online subsystem instance for: :Context_14
[2025.03.25-00.50.49:595][376]LogGameMode: FindPlayerStart: PATHS NOT DEFINED or NO PLAYERSTART with positive rating
[2025.03.25-00.50.49:601][376]PIE: Server logged in
[2025.03.25-00.50.49:604][376]PIE: Play in editor total start time 0.318 seconds.
[2025.03.25-00.50.54:900][548]LogSlate: Updating window title bar state: overlay mode, drag disabled, window buttons hidden, title bar hidden
[2025.03.25-00.50.54:900][548]LogWorld: BeginTearingDown for /Game/ThirdPersonBP/Maps/UEDPIE_0_ThirdPersonExampleMap
[2025.03.25-00.50.54:901][548]LogSlate: Window 'room_escape Preview [NetMode: Standalone]  (64-bit/Windows) ' being destroyed
[2025.03.25-00.50.54:918][548]LogWorld: UWorld::CleanupWorld for ThirdPersonExampleMap, bSessionEnded=true, bCleanupResources=true
[2025.03.25-00.50.54:921][548]LogSlate: InvalidateAllWidgets triggered.  All widgets were invalidated
[2025.03.25-00.50.54:945][548]LogPlayLevel: Display: Shutting down PIE online subsystems
[2025.03.25-00.50.54:959][548]LogSlate: InvalidateAllWidgets triggered.  All widgets were invalidated
[2025.03.25-00.50.55:009][548]LogAudio: Display: Audio Device unregistered from world 'None'.
[2025.03.25-00.50.55:009][548]LogAudioMixer: FMixerPlatformXAudio2::StopAudioStream() called
[2025.03.25-00.50.55:010][548]LogAudioMixer: FMixerPlatformXAudio2::StopAudioStream() called
[2025.03.25-00.50.55:031][548]LogUObjectHash: Compacting FUObjectHashTables data took  11.89ms
[2025.03.25-00.50.55:097][549]LogPlayLevel: Display: Destroying online subsystem :Context_14
[2025.03.25-00.51.26:617][345]LogEditorViewport: Clicking on Actor (LMB): StaticMeshActor (Wall16)
[2025.03.25-00.51.48:688][375]LogEditorViewport: Clicking on Actor (LMB): BP_Button_C (BP_Button)
[2025.03.25-00.52.04:386][248]LogUObjectHash: Compacting FUObjectHashTables data took   3.42ms
[2025.03.25-00.52.05:644][248]LogSlate: Window 'Save Content' being destroyed
[2025.03.25-00.52.05:677][248]Cmd: OBJ SAVEPACKAGE PACKAGE="/Game/BP/Second/BP_Button" FILE="../../../../../../project/UE/room_escape/Content/BP/Second/BP_Button.uasset" SILENT=true
[2025.03.25-00.52.05:696][248]LogSavePackage: Moving '../../../../../../project/UE/room_escape/Saved/BP_ButtonA4587164486513C3E970469019C87363.tmp' to '../../../../../../project/UE/room_escape/Content/BP/Second/BP_Button.uasset'
[2025.03.25-00.52.05:737][248]LogUObjectHash: Compacting FUObjectHashTables data took   0.71ms
[2025.03.25-00.52.05:771][248]LogSavePackage: Moving '../../../../../../project/UE/room_escape/Saved/ThirdPersonExampleMapC926C84D44077248A80BD98A6203410B.tmp' to '../../../../../../project/UE/room_escape/Content/ThirdPersonBP/Maps/ThirdPersonExampleMap.umap'
[2025.03.25-00.52.05:794][248]LogFileHelpers: Saving map 'ThirdPersonExampleMap' took 0.097
[2025.03.25-00.52.05:834][248]AssetCheck: New page: Asset Save: multiple assets
[2025.03.25-00.52.05:834][248]LogContentValidation: Display: Validating Blueprint /Game/BP/Second/BP_Button.BP_Button
[2025.03.25-00.52.05:834][248]LogContentValidation: Display: Validating World /Game/ThirdPersonBP/Maps/ThirdPersonExampleMap.ThirdPersonExampleMap
[2025.03.25-00.52.08:364][388]LogTemp: Repeating last play command: Selected Viewport
[2025.03.25-00.52.08:372][388]LogPlayLevel: PlayLevel: No blueprints needed recompiling
[2025.03.25-00.52.08:372][388]PIE: New page: PIE session: ThirdPersonExampleMap (2025年3月25日 下午4:52:08)
[2025.03.25-00.52.08:372][388]LogPlayLevel: Creating play world package: /Game/ThirdPersonBP/Maps/UEDPIE_0_ThirdPersonExampleMap
[2025.03.25-00.52.08:388][388]LogPlayLevel: PIE: StaticDuplicateObject took: (0.016098s)
[2025.03.25-00.52.08:389][388]LogAIModule: Creating AISystem for world ThirdPersonExampleMap
[2025.03.25-00.52.08:395][388]LogPlayLevel: PIE: World Init took: (0.007187s)
[2025.03.25-00.52.08:395][388]LogPlayLevel: PIE: Created PIE world by copying editor world from /Game/ThirdPersonBP/Maps/ThirdPersonExampleMap.ThirdPersonExampleMap to /Game/ThirdPersonBP/Maps/UEDPIE_0_ThirdPersonExampleMap.ThirdPersonExampleMap (0.023565s)
[2025.03.25-00.52.08:450][388]LogUObjectHash: Compacting FUObjectHashTables data took   4.54ms
[2025.03.25-00.52.08:452][388]LogAudio: Display: Creating Audio Device:                 Id: 4, Scope: Unique, Realtime: True
[2025.03.25-00.52.08:452][388]LogAudioMixer: Display: Audio Mixer Platform Settings:
[2025.03.25-00.52.08:452][388]LogAudioMixer: Display: 	Sample Rate:						  48000
[2025.03.25-00.52.08:452][388]LogAudioMixer: Display: 	Callback Buffer Frame Size Requested: 1024
[2025.03.25-00.52.08:452][388]LogAudioMixer: Display: 	Callback Buffer Frame Size To Use:	  1024
[2025.03.25-00.52.08:452][388]LogAudioMixer: Display: 	Number of buffers to queue:			  2
[2025.03.25-00.52.08:452][388]LogAudioMixer: Display: 	Max Channels (voices):				  32
[2025.03.25-00.52.08:452][388]LogAudioMixer: Display: 	Number of Async Source Workers:		  0
[2025.03.25-00.52.08:452][388]LogAudio: Display: AudioDevice MaxSources: 32
[2025.03.25-00.52.08:453][388]LogAudio: Display: Audio Spatialization Plugin: None (built-in).
[2025.03.25-00.52.08:453][388]LogAudio: Display: Audio Reverb Plugin: None (built-in).
[2025.03.25-00.52.08:453][388]LogAudio: Display: Audio Occlusion Plugin: None (built-in).
[2025.03.25-00.52.08:453][388]LogAudioMixer: Display: Initializing audio mixer.
[2025.03.25-00.52.08:459][388]LogAudioMixer: Display: 0: FrontLeft
[2025.03.25-00.52.08:459][388]LogAudioMixer: Display: 1: FrontRight
[2025.03.25-00.52.08:544][388]LogAudioMixer: Display: Using Audio Device 扬声器 (适用于 I2S 音频的英特尔® 智音技术)
[2025.03.25-00.52.08:544][388]LogAudioMixer: Display: Initializing Sound Submixes...
[2025.03.25-00.52.08:544][388]LogAudioMixer: Display: Creating Master Submix 'MasterSubmixDefault'
[2025.03.25-00.52.08:544][388]LogAudioMixer: Display: Creating Master Submix 'MasterReverbSubmixDefault'
[2025.03.25-00.52.08:545][388]LogAudioMixer: Display: Creating Master Submix 'MasterEQSubmixDefault'
[2025.03.25-00.52.08:545][388]LogAudioMixer: FMixerPlatformXAudio2::StartAudioStream() called
[2025.03.25-00.52.08:545][388]LogAudioMixer: Display: Output buffers initialized: Frames=1024, Channels=2, Samples=2048
[2025.03.25-00.52.08:547][388]LogAudioMixer: Display: Starting AudioMixerPlatformInterface::RunInternal()
[2025.03.25-00.52.08:547][388]LogAudioMixer: Display: FMixerPlatformXAudio2::SubmitBuffer() called for the first time
[2025.03.25-00.52.08:547][388]LogInit: FAudioDevice initialized.
[2025.03.25-00.52.08:547][388]LogAudio: Display: Audio Device (ID: 4) registered with world 'ThirdPersonExampleMap'.
[2025.03.25-00.52.08:565][388]LogLoad: Game class is 'ThirdPersonGameMode_C'
[2025.03.25-00.52.08:572][388]LogWorld: Bringing World /Game/ThirdPersonBP/Maps/UEDPIE_0_ThirdPersonExampleMap.ThirdPersonExampleMap up for play (max tick rate 60) at 2025.03.25-08.52.08
[2025.03.25-00.52.08:573][388]LogWorld: Bringing up level for play took: 0.005898
[2025.03.25-00.52.08:573][388]LogOnline: OSS: Creating online subsystem instance for: :Context_15
[2025.03.25-00.52.08:578][388]PIE: Server logged in
[2025.03.25-00.52.08:580][388]PIE: Play in editor total start time 0.209 seconds.
[2025.03.25-00.52.15:624][807]LogBlueprintUserMessages: [BP_Table_2] Press "F"
[2025.03.25-00.52.19:751][ 53]LogBlueprintUserMessages: [BP_Button_2] Click It
[2025.03.25-00.52.37:643][124]LogSlate: Updating window title bar state: overlay mode, drag disabled, window buttons hidden, title bar hidden
[2025.03.25-00.52.37:643][124]LogWorld: BeginTearingDown for /Game/ThirdPersonBP/Maps/UEDPIE_0_ThirdPersonExampleMap
[2025.03.25-00.52.37:648][124]LogWorld: UWorld::CleanupWorld for ThirdPersonExampleMap, bSessionEnded=true, bCleanupResources=true
[2025.03.25-00.52.37:651][124]LogSlate: InvalidateAllWidgets triggered.  All widgets were invalidated
[2025.03.25-00.52.37:680][124]LogPlayLevel: Display: Shutting down PIE online subsystems
[2025.03.25-00.52.37:702][124]LogSlate: InvalidateAllWidgets triggered.  All widgets were invalidated
[2025.03.25-00.52.37:738][124]LogSlate: Updating window title bar state: overlay mode, drag disabled, window buttons hidden, title bar hidden
[2025.03.25-00.52.37:738][124]LogAudioMixer: FMixerPlatformXAudio2::StopAudioStream() called
[2025.03.25-00.52.37:739][124]LogAudioMixer: FMixerPlatformXAudio2::StopAudioStream() called
[2025.03.25-00.52.37:748][124]LogUObjectHash: Compacting FUObjectHashTables data took   2.73ms
[2025.03.25-00.52.37:778][125]LogPlayLevel: Display: Destroying online subsystem :Context_15
[2025.03.25-00.54.38:683][152]BlueprintLog: New page: Compile BP_Button
[2025.03.25-00.54.38:777][152]LogUObjectHash: Compacting FUObjectHashTables data took   7.81ms
[2025.03.25-00.54.40:045][199]LogTemp: Repeating last play command: Selected Viewport
[2025.03.25-00.54.40:055][199]LogPlayLevel: PlayLevel: No blueprints needed recompiling
[2025.03.25-00.54.40:055][199]PIE: New page: PIE session: ThirdPersonExampleMap (2025年3月25日 下午4:54:40)
[2025.03.25-00.54.40:055][199]LogPlayLevel: Creating play world package: /Game/ThirdPersonBP/Maps/UEDPIE_0_ThirdPersonExampleMap
[2025.03.25-00.54.40:075][199]LogPlayLevel: PIE: StaticDuplicateObject took: (0.019218s)
[2025.03.25-00.54.40:076][199]LogAIModule: Creating AISystem for world ThirdPersonExampleMap
[2025.03.25-00.54.40:077][199]LogPlayLevel: PIE: World Init took: (0.001668s)
[2025.03.25-00.54.40:077][199]LogPlayLevel: PIE: Created PIE world by copying editor world from /Game/ThirdPersonBP/Maps/ThirdPersonExampleMap.ThirdPersonExampleMap to /Game/ThirdPersonBP/Maps/UEDPIE_0_ThirdPersonExampleMap.ThirdPersonExampleMap (0.021082s)
[2025.03.25-00.54.40:119][199]LogUObjectHash: Compacting FUObjectHashTables data took   7.42ms
[2025.03.25-00.54.40:121][199]LogAudio: Display: Creating Audio Device:                 Id: 5, Scope: Unique, Realtime: True
[2025.03.25-00.54.40:121][199]LogAudioMixer: Display: Audio Mixer Platform Settings:
[2025.03.25-00.54.40:121][199]LogAudioMixer: Display: 	Sample Rate:						  48000
[2025.03.25-00.54.40:121][199]LogAudioMixer: Display: 	Callback Buffer Frame Size Requested: 1024
[2025.03.25-00.54.40:121][199]LogAudioMixer: Display: 	Callback Buffer Frame Size To Use:	  1024
[2025.03.25-00.54.40:121][199]LogAudioMixer: Display: 	Number of buffers to queue:			  2
[2025.03.25-00.54.40:121][199]LogAudioMixer: Display: 	Max Channels (voices):				  32
[2025.03.25-00.54.40:121][199]LogAudioMixer: Display: 	Number of Async Source Workers:		  0
[2025.03.25-00.54.40:121][199]LogAudio: Display: AudioDevice MaxSources: 32
[2025.03.25-00.54.40:122][199]LogAudio: Display: Audio Spatialization Plugin: None (built-in).
[2025.03.25-00.54.40:122][199]LogAudio: Display: Audio Reverb Plugin: None (built-in).
[2025.03.25-00.54.40:122][199]LogAudio: Display: Audio Occlusion Plugin: None (built-in).
[2025.03.25-00.54.40:122][199]LogAudioMixer: Display: Initializing audio mixer.
[2025.03.25-00.54.40:126][199]LogAudioMixer: Display: 0: FrontLeft
[2025.03.25-00.54.40:126][199]LogAudioMixer: Display: 1: FrontRight
[2025.03.25-00.54.40:171][199]LogAudioMixer: Display: Using Audio Device 扬声器 (适用于 I2S 音频的英特尔® 智音技术)
[2025.03.25-00.54.40:171][199]LogAudioMixer: Display: Initializing Sound Submixes...
[2025.03.25-00.54.40:171][199]LogAudioMixer: Display: Creating Master Submix 'MasterSubmixDefault'
[2025.03.25-00.54.40:171][199]LogAudioMixer: Display: Creating Master Submix 'MasterReverbSubmixDefault'
[2025.03.25-00.54.40:172][199]LogAudioMixer: Display: Creating Master Submix 'MasterEQSubmixDefault'
[2025.03.25-00.54.40:172][199]LogAudioMixer: FMixerPlatformXAudio2::StartAudioStream() called
[2025.03.25-00.54.40:172][199]LogAudioMixer: Display: Output buffers initialized: Frames=1024, Channels=2, Samples=2048
[2025.03.25-00.54.40:173][199]LogAudioMixer: Display: Starting AudioMixerPlatformInterface::RunInternal()
[2025.03.25-00.54.40:173][199]LogAudioMixer: Display: FMixerPlatformXAudio2::SubmitBuffer() called for the first time
[2025.03.25-00.54.40:173][199]LogInit: FAudioDevice initialized.
[2025.03.25-00.54.40:173][199]LogAudio: Display: Audio Device (ID: 5) registered with world 'ThirdPersonExampleMap'.
[2025.03.25-00.54.40:231][199]LogSlate: Updating window title bar state: overlay mode, drag disabled, window buttons hidden, title bar hidden
[2025.03.25-00.54.40:231][199]LogLoad: Game class is 'ThirdPersonGameMode_C'
[2025.03.25-00.54.40:237][199]LogWorld: Bringing World /Game/ThirdPersonBP/Maps/UEDPIE_0_ThirdPersonExampleMap.ThirdPersonExampleMap up for play (max tick rate 60) at 2025.03.25-08.54.40
[2025.03.25-00.54.40:238][199]LogWorld: Bringing up level for play took: 0.004650
[2025.03.25-00.54.40:238][199]LogOnline: OSS: Creating online subsystem instance for: :Context_16
[2025.03.25-00.54.40:241][199]LogGameMode: FindPlayerStart: PATHS NOT DEFINED or NO PLAYERSTART with positive rating
[2025.03.25-00.54.40:247][199]PIE: Server logged in
[2025.03.25-00.54.40:252][199]PIE: Play in editor total start time 0.199 seconds.
[2025.03.25-00.54.48:492][436]LogSlate: Updating window title bar state: overlay mode, drag disabled, window buttons hidden, title bar hidden
[2025.03.25-00.54.48:492][436]LogWorld: BeginTearingDown for /Game/ThirdPersonBP/Maps/UEDPIE_0_ThirdPersonExampleMap
[2025.03.25-00.54.48:493][436]LogSlate: Window 'room_escape Preview [NetMode: Standalone]  (64-bit/Windows) ' being destroyed
[2025.03.25-00.54.48:537][436]LogWorld: UWorld::CleanupWorld for ThirdPersonExampleMap, bSessionEnded=true, bCleanupResources=true
[2025.03.25-00.54.48:538][436]LogSlate: InvalidateAllWidgets triggered.  All widgets were invalidated
[2025.03.25-00.54.48:564][436]LogPlayLevel: Display: Shutting down PIE online subsystems
[2025.03.25-00.54.48:582][436]LogSlate: InvalidateAllWidgets triggered.  All widgets were invalidated
[2025.03.25-00.54.48:620][436]LogAudio: Display: Audio Device unregistered from world 'None'.
[2025.03.25-00.54.48:621][436]LogAudioMixer: FMixerPlatformXAudio2::StopAudioStream() called
[2025.03.25-00.54.48:622][436]LogAudioMixer: FMixerPlatformXAudio2::StopAudioStream() called
[2025.03.25-00.54.48:637][436]LogUObjectHash: Compacting FUObjectHashTables data took   8.17ms
[2025.03.25-00.54.48:706][437]LogPlayLevel: Display: Destroying online subsystem :Context_16
[2025.03.25-00.55.13:300][390]BlueprintLog: New page: Compile BP_Button
[2025.03.25-00.55.13:398][390]LogUObjectHash: Compacting FUObjectHashTables data took   8.38ms
[2025.03.25-00.55.14:655][435]LogTemp: Repeating last play command: Selected Viewport
[2025.03.25-00.55.14:664][435]LogPlayLevel: PlayLevel: No blueprints needed recompiling
[2025.03.25-00.55.14:664][435]PIE: New page: PIE session: ThirdPersonExampleMap (2025年3月25日 下午4:55:14)
[2025.03.25-00.55.14:664][435]LogPlayLevel: Creating play world package: /Game/ThirdPersonBP/Maps/UEDPIE_0_ThirdPersonExampleMap
[2025.03.25-00.55.14:681][435]LogPlayLevel: PIE: StaticDuplicateObject took: (0.016443s)
[2025.03.25-00.55.14:682][435]LogAIModule: Creating AISystem for world ThirdPersonExampleMap
[2025.03.25-00.55.14:682][435]LogPlayLevel: PIE: World Init took: (0.001415s)
[2025.03.25-00.55.14:682][435]LogPlayLevel: PIE: Created PIE world by copying editor world from /Game/ThirdPersonBP/Maps/ThirdPersonExampleMap.ThirdPersonExampleMap to /Game/ThirdPersonBP/Maps/UEDPIE_0_ThirdPersonExampleMap.ThirdPersonExampleMap (0.018191s)
[2025.03.25-00.55.14:720][435]LogUObjectHash: Compacting FUObjectHashTables data took   3.35ms
[2025.03.25-00.55.14:721][435]LogAudio: Display: Creating Audio Device:                 Id: 6, Scope: Unique, Realtime: True
[2025.03.25-00.55.14:721][435]LogAudioMixer: Display: Audio Mixer Platform Settings:
[2025.03.25-00.55.14:721][435]LogAudioMixer: Display: 	Sample Rate:						  48000
[2025.03.25-00.55.14:721][435]LogAudioMixer: Display: 	Callback Buffer Frame Size Requested: 1024
[2025.03.25-00.55.14:721][435]LogAudioMixer: Display: 	Callback Buffer Frame Size To Use:	  1024
[2025.03.25-00.55.14:721][435]LogAudioMixer: Display: 	Number of buffers to queue:			  2
[2025.03.25-00.55.14:721][435]LogAudioMixer: Display: 	Max Channels (voices):				  32
[2025.03.25-00.55.14:721][435]LogAudioMixer: Display: 	Number of Async Source Workers:		  0
[2025.03.25-00.55.14:721][435]LogAudio: Display: AudioDevice MaxSources: 32
[2025.03.25-00.55.14:721][435]LogAudio: Display: Audio Spatialization Plugin: None (built-in).
[2025.03.25-00.55.14:721][435]LogAudio: Display: Audio Reverb Plugin: None (built-in).
[2025.03.25-00.55.14:722][435]LogAudio: Display: Audio Occlusion Plugin: None (built-in).
[2025.03.25-00.55.14:722][435]LogAudioMixer: Display: Initializing audio mixer.
[2025.03.25-00.55.14:724][435]LogAudioMixer: Display: 0: FrontLeft
[2025.03.25-00.55.14:724][435]LogAudioMixer: Display: 1: FrontRight
[2025.03.25-00.55.14:777][435]LogAudioMixer: Display: Using Audio Device 扬声器 (适用于 I2S 音频的英特尔® 智音技术)
[2025.03.25-00.55.14:777][435]LogAudioMixer: Display: Initializing Sound Submixes...
[2025.03.25-00.55.14:777][435]LogAudioMixer: Display: Creating Master Submix 'MasterSubmixDefault'
[2025.03.25-00.55.14:777][435]LogAudioMixer: Display: Creating Master Submix 'MasterReverbSubmixDefault'
[2025.03.25-00.55.14:777][435]LogAudioMixer: Display: Creating Master Submix 'MasterEQSubmixDefault'
[2025.03.25-00.55.14:777][435]LogAudioMixer: FMixerPlatformXAudio2::StartAudioStream() called
[2025.03.25-00.55.14:777][435]LogAudioMixer: Display: Output buffers initialized: Frames=1024, Channels=2, Samples=2048
[2025.03.25-00.55.14:779][435]LogAudioMixer: Display: Starting AudioMixerPlatformInterface::RunInternal()
[2025.03.25-00.55.14:779][435]LogAudioMixer: Display: FMixerPlatformXAudio2::SubmitBuffer() called for the first time
[2025.03.25-00.55.14:779][435]LogInit: FAudioDevice initialized.
[2025.03.25-00.55.14:779][435]LogAudio: Display: Audio Device (ID: 6) registered with world 'ThirdPersonExampleMap'.
[2025.03.25-00.55.14:830][435]LogSlate: Updating window title bar state: overlay mode, drag disabled, window buttons hidden, title bar hidden
[2025.03.25-00.55.14:831][435]LogLoad: Game class is 'ThirdPersonGameMode_C'
[2025.03.25-00.55.14:834][435]LogWorld: Bringing World /Game/ThirdPersonBP/Maps/UEDPIE_0_ThirdPersonExampleMap.ThirdPersonExampleMap up for play (max tick rate 60) at 2025.03.25-08.55.14
[2025.03.25-00.55.14:836][435]LogWorld: Bringing up level for play took: 0.003851
[2025.03.25-00.55.14:836][435]LogOnline: OSS: Creating online subsystem instance for: :Context_17
[2025.03.25-00.55.14:838][435]LogGameMode: FindPlayerStart: PATHS NOT DEFINED or NO PLAYERSTART with positive rating
[2025.03.25-00.55.14:842][435]PIE: Server logged in
[2025.03.25-00.55.14:847][435]PIE: Play in editor total start time 0.185 seconds.
[2025.03.25-00.55.26:302][769]LogSlate: Updating window title bar state: overlay mode, drag disabled, window buttons hidden, title bar hidden
[2025.03.25-00.55.26:302][769]LogWorld: BeginTearingDown for /Game/ThirdPersonBP/Maps/UEDPIE_0_ThirdPersonExampleMap
[2025.03.25-00.55.26:303][769]LogSlate: Window 'room_escape Preview [NetMode: Standalone]  (64-bit/Windows) ' being destroyed
[2025.03.25-00.55.26:347][769]LogWorld: UWorld::CleanupWorld for ThirdPersonExampleMap, bSessionEnded=true, bCleanupResources=true
[2025.03.25-00.55.26:348][769]LogSlate: InvalidateAllWidgets triggered.  All widgets were invalidated
[2025.03.25-00.55.26:377][769]LogPlayLevel: Display: Shutting down PIE online subsystems
[2025.03.25-00.55.26:392][769]LogSlate: InvalidateAllWidgets triggered.  All widgets were invalidated
[2025.03.25-00.55.26:429][769]LogAudio: Display: Audio Device unregistered from world 'None'.
[2025.03.25-00.55.26:431][769]LogAudioMixer: FMixerPlatformXAudio2::StopAudioStream() called
[2025.03.25-00.55.26:433][769]LogAudioMixer: FMixerPlatformXAudio2::StopAudioStream() called
[2025.03.25-00.55.26:446][769]LogUObjectHash: Compacting FUObjectHashTables data took   5.93ms
[2025.03.25-00.55.26:514][770]LogPlayLevel: Display: Destroying online subsystem :Context_17
[2025.03.25-00.55.38:374][246]LogTemp: Repeating last play command: Selected Viewport
[2025.03.25-00.55.38:384][246]LogPlayLevel: PlayLevel: No blueprints needed recompiling
[2025.03.25-00.55.38:384][246]PIE: New page: PIE session: ThirdPersonExampleMap (2025年3月25日 下午4:55:38)
[2025.03.25-00.55.38:384][246]LogPlayLevel: Creating play world package: /Game/ThirdPersonBP/Maps/UEDPIE_0_ThirdPersonExampleMap
[2025.03.25-00.55.38:404][246]LogPlayLevel: PIE: StaticDuplicateObject took: (0.020099s)
[2025.03.25-00.55.38:406][246]LogAIModule: Creating AISystem for world ThirdPersonExampleMap
[2025.03.25-00.55.38:406][246]LogPlayLevel: PIE: World Init took: (0.001734s)
[2025.03.25-00.55.38:406][246]LogPlayLevel: PIE: Created PIE world by copying editor world from /Game/ThirdPersonBP/Maps/ThirdPersonExampleMap.ThirdPersonExampleMap to /Game/ThirdPersonBP/Maps/UEDPIE_0_ThirdPersonExampleMap.ThirdPersonExampleMap (0.022032s)
[2025.03.25-00.55.38:440][246]LogUObjectHash: Compacting FUObjectHashTables data took   2.26ms
[2025.03.25-00.55.38:442][246]LogAudio: Display: Creating Audio Device:                 Id: 7, Scope: Unique, Realtime: True
[2025.03.25-00.55.38:442][246]LogAudioMixer: Display: Audio Mixer Platform Settings:
[2025.03.25-00.55.38:442][246]LogAudioMixer: Display: 	Sample Rate:						  48000
[2025.03.25-00.55.38:442][246]LogAudioMixer: Display: 	Callback Buffer Frame Size Requested: 1024
[2025.03.25-00.55.38:442][246]LogAudioMixer: Display: 	Callback Buffer Frame Size To Use:	  1024
[2025.03.25-00.55.38:442][246]LogAudioMixer: Display: 	Number of buffers to queue:			  2
[2025.03.25-00.55.38:442][246]LogAudioMixer: Display: 	Max Channels (voices):				  32
[2025.03.25-00.55.38:442][246]LogAudioMixer: Display: 	Number of Async Source Workers:		  0
[2025.03.25-00.55.38:442][246]LogAudio: Display: AudioDevice MaxSources: 32
[2025.03.25-00.55.38:443][246]LogAudio: Display: Audio Spatialization Plugin: None (built-in).
[2025.03.25-00.55.38:443][246]LogAudio: Display: Audio Reverb Plugin: None (built-in).
[2025.03.25-00.55.38:443][246]LogAudio: Display: Audio Occlusion Plugin: None (built-in).
[2025.03.25-00.55.38:443][246]LogAudioMixer: Display: Initializing audio mixer.
[2025.03.25-00.55.38:447][246]LogAudioMixer: Display: 0: FrontLeft
[2025.03.25-00.55.38:447][246]LogAudioMixer: Display: 1: FrontRight
[2025.03.25-00.55.38:507][246]LogAudioMixer: Display: Using Audio Device 扬声器 (适用于 I2S 音频的英特尔® 智音技术)
[2025.03.25-00.55.38:508][246]LogAudioMixer: Display: Initializing Sound Submixes...
[2025.03.25-00.55.38:508][246]LogAudioMixer: Display: Creating Master Submix 'MasterSubmixDefault'
[2025.03.25-00.55.38:508][246]LogAudioMixer: Display: Creating Master Submix 'MasterReverbSubmixDefault'
[2025.03.25-00.55.38:508][246]LogAudioMixer: Display: Creating Master Submix 'MasterEQSubmixDefault'
[2025.03.25-00.55.38:509][246]LogAudioMixer: FMixerPlatformXAudio2::StartAudioStream() called
[2025.03.25-00.55.38:509][246]LogAudioMixer: Display: Output buffers initialized: Frames=1024, Channels=2, Samples=2048
[2025.03.25-00.55.38:510][246]LogAudioMixer: Display: Starting AudioMixerPlatformInterface::RunInternal()
[2025.03.25-00.55.38:511][246]LogAudioMixer: Display: FMixerPlatformXAudio2::SubmitBuffer() called for the first time
[2025.03.25-00.55.38:511][246]LogInit: FAudioDevice initialized.
[2025.03.25-00.55.38:511][246]LogAudio: Display: Audio Device (ID: 7) registered with world 'ThirdPersonExampleMap'.
[2025.03.25-00.55.38:565][246]LogSlate: Updating window title bar state: overlay mode, drag disabled, window buttons hidden, title bar hidden
[2025.03.25-00.55.38:566][246]LogLoad: Game class is 'ThirdPersonGameMode_C'
[2025.03.25-00.55.38:577][246]LogWorld: Bringing World /Game/ThirdPersonBP/Maps/UEDPIE_0_ThirdPersonExampleMap.ThirdPersonExampleMap up for play (max tick rate 60) at 2025.03.25-08.55.38
[2025.03.25-00.55.38:577][246]LogWorld: Bringing up level for play took: 0.009927
[2025.03.25-00.55.38:578][246]LogOnline: OSS: Creating online subsystem instance for: :Context_18
[2025.03.25-00.55.38:584][246]LogGameMode: FindPlayerStart: PATHS NOT DEFINED or NO PLAYERSTART with positive rating
[2025.03.25-00.55.38:590][246]PIE: Server logged in
[2025.03.25-00.55.38:595][246]PIE: Play in editor total start time 0.213 seconds.
[2025.03.25-00.55.45:581][439]LogSlate: Updating window title bar state: overlay mode, drag disabled, window buttons hidden, title bar hidden
[2025.03.25-00.55.45:581][439]LogWorld: BeginTearingDown for /Game/ThirdPersonBP/Maps/UEDPIE_0_ThirdPersonExampleMap
[2025.03.25-00.55.45:581][439]LogSlate: Window 'room_escape Preview [NetMode: Standalone]  (64-bit/Windows) ' being destroyed
[2025.03.25-00.55.45:613][439]LogWorld: UWorld::CleanupWorld for ThirdPersonExampleMap, bSessionEnded=true, bCleanupResources=true
[2025.03.25-00.55.45:614][439]LogSlate: InvalidateAllWidgets triggered.  All widgets were invalidated
[2025.03.25-00.55.45:644][439]LogPlayLevel: Display: Shutting down PIE online subsystems
[2025.03.25-00.55.45:655][439]LogSlate: InvalidateAllWidgets triggered.  All widgets were invalidated
[2025.03.25-00.55.45:691][439]LogAudioMixer: FMixerPlatformXAudio2::StopAudioStream() called
[2025.03.25-00.55.45:692][439]LogAudioMixer: FMixerPlatformXAudio2::StopAudioStream() called
[2025.03.25-00.55.45:704][439]LogUObjectHash: Compacting FUObjectHashTables data took   3.68ms
[2025.03.25-00.55.45:767][440]LogPlayLevel: Display: Destroying online subsystem :Context_18
[2025.03.25-00.56.02:540][124]LogTemp: Repeating last play command: Selected Viewport
[2025.03.25-00.56.02:550][124]LogPlayLevel: PlayLevel: No blueprints needed recompiling
[2025.03.25-00.56.02:551][124]PIE: New page: PIE session: ThirdPersonExampleMap (2025年3月25日 下午4:56:02)
[2025.03.25-00.56.02:551][124]LogPlayLevel: Creating play world package: /Game/ThirdPersonBP/Maps/UEDPIE_0_ThirdPersonExampleMap
[2025.03.25-00.56.02:568][124]LogPlayLevel: PIE: StaticDuplicateObject took: (0.017328s)
[2025.03.25-00.56.02:569][124]LogAIModule: Creating AISystem for world ThirdPersonExampleMap
[2025.03.25-00.56.02:570][124]LogPlayLevel: PIE: World Init took: (0.001469s)
[2025.03.25-00.56.02:570][124]LogPlayLevel: PIE: Created PIE world by copying editor world from /Game/ThirdPersonBP/Maps/ThirdPersonExampleMap.ThirdPersonExampleMap to /Game/ThirdPersonBP/Maps/UEDPIE_0_ThirdPersonExampleMap.ThirdPersonExampleMap (0.018990s)
[2025.03.25-00.56.02:616][124]LogUObjectHash: Compacting FUObjectHashTables data took   5.33ms
[2025.03.25-00.56.02:619][124]LogAudio: Display: Creating Audio Device:                 Id: 8, Scope: Unique, Realtime: True
[2025.03.25-00.56.02:619][124]LogAudioMixer: Display: Audio Mixer Platform Settings:
[2025.03.25-00.56.02:619][124]LogAudioMixer: Display: 	Sample Rate:						  48000
[2025.03.25-00.56.02:619][124]LogAudioMixer: Display: 	Callback Buffer Frame Size Requested: 1024
[2025.03.25-00.56.02:619][124]LogAudioMixer: Display: 	Callback Buffer Frame Size To Use:	  1024
[2025.03.25-00.56.02:619][124]LogAudioMixer: Display: 	Number of buffers to queue:			  2
[2025.03.25-00.56.02:619][124]LogAudioMixer: Display: 	Max Channels (voices):				  32
[2025.03.25-00.56.02:619][124]LogAudioMixer: Display: 	Number of Async Source Workers:		  0
[2025.03.25-00.56.02:619][124]LogAudio: Display: AudioDevice MaxSources: 32
[2025.03.25-00.56.02:620][124]LogAudio: Display: Audio Spatialization Plugin: None (built-in).
[2025.03.25-00.56.02:620][124]LogAudio: Display: Audio Reverb Plugin: None (built-in).
[2025.03.25-00.56.02:620][124]LogAudio: Display: Audio Occlusion Plugin: None (built-in).
[2025.03.25-00.56.02:620][124]LogAudioMixer: Display: Initializing audio mixer.
[2025.03.25-00.56.02:626][124]LogAudioMixer: Display: 0: FrontLeft
[2025.03.25-00.56.02:626][124]LogAudioMixer: Display: 1: FrontRight
[2025.03.25-00.56.02:712][124]LogAudioMixer: Display: Using Audio Device 扬声器 (适用于 I2S 音频的英特尔® 智音技术)
[2025.03.25-00.56.02:713][124]LogAudioMixer: Display: Initializing Sound Submixes...
[2025.03.25-00.56.02:713][124]LogAudioMixer: Display: Creating Master Submix 'MasterSubmixDefault'
[2025.03.25-00.56.02:713][124]LogAudioMixer: Display: Creating Master Submix 'MasterReverbSubmixDefault'
[2025.03.25-00.56.02:714][124]LogAudioMixer: Display: Creating Master Submix 'MasterEQSubmixDefault'
[2025.03.25-00.56.02:714][124]LogAudioMixer: FMixerPlatformXAudio2::StartAudioStream() called
[2025.03.25-00.56.02:714][124]LogAudioMixer: Display: Output buffers initialized: Frames=1024, Channels=2, Samples=2048
[2025.03.25-00.56.02:717][124]LogAudioMixer: Display: Starting AudioMixerPlatformInterface::RunInternal()
[2025.03.25-00.56.02:717][124]LogAudioMixer: Display: FMixerPlatformXAudio2::SubmitBuffer() called for the first time
[2025.03.25-00.56.02:717][124]LogInit: FAudioDevice initialized.
[2025.03.25-00.56.02:717][124]LogAudio: Display: Audio Device (ID: 8) registered with world 'ThirdPersonExampleMap'.
[2025.03.25-00.56.02:749][124]LogSlate: Updating window title bar state: overlay mode, drag disabled, window buttons hidden, title bar hidden
[2025.03.25-00.56.02:749][124]LogLoad: Game class is 'ThirdPersonGameMode_C'
[2025.03.25-00.56.02:759][124]LogWorld: Bringing World /Game/ThirdPersonBP/Maps/UEDPIE_0_ThirdPersonExampleMap.ThirdPersonExampleMap up for play (max tick rate 60) at 2025.03.25-08.56.02
[2025.03.25-00.56.02:760][124]LogWorld: Bringing up level for play took: 0.008957
[2025.03.25-00.56.02:760][124]LogOnline: OSS: Creating online subsystem instance for: :Context_19
[2025.03.25-00.56.02:765][124]LogGameMode: FindPlayerStart: PATHS NOT DEFINED or NO PLAYERSTART with positive rating
[2025.03.25-00.56.02:771][124]PIE: Server logged in
[2025.03.25-00.56.02:775][124]PIE: Play in editor total start time 0.226 seconds.
[2025.03.25-00.56.15:812][503]LogSlate: Updating window title bar state: overlay mode, drag disabled, window buttons hidden, title bar hidden
[2025.03.25-00.56.15:812][503]LogWorld: BeginTearingDown for /Game/ThirdPersonBP/Maps/UEDPIE_0_ThirdPersonExampleMap
[2025.03.25-00.56.15:814][503]LogSlate: Window 'room_escape Preview [NetMode: Standalone]  (64-bit/Windows) ' being destroyed
[2025.03.25-00.56.15:852][503]LogWorld: UWorld::CleanupWorld for ThirdPersonExampleMap, bSessionEnded=true, bCleanupResources=true
[2025.03.25-00.56.15:853][503]LogSlate: InvalidateAllWidgets triggered.  All widgets were invalidated
[2025.03.25-00.56.15:879][503]LogPlayLevel: Display: Shutting down PIE online subsystems
[2025.03.25-00.56.15:890][503]LogSlate: InvalidateAllWidgets triggered.  All widgets were invalidated
[2025.03.25-00.56.15:925][503]LogAudioMixer: FMixerPlatformXAudio2::StopAudioStream() called
[2025.03.25-00.56.15:926][503]LogAudioMixer: FMixerPlatformXAudio2::StopAudioStream() called
[2025.03.25-00.56.15:935][503]LogUObjectHash: Compacting FUObjectHashTables data took   2.71ms
[2025.03.25-00.56.16:011][504]LogPlayLevel: Display: Destroying online subsystem :Context_19
[2025.03.25-00.56.30:885][107]Cmd: CAMERA ALIGN ACTIVEVIEWPORTONLY
[2025.03.25-00.57.56:132][777]LogEditorViewport: Clicking on Actor (LMB): StaticMeshActor (Wall14)
[2025.03.25-00.58.11:388][404]BlueprintLog: New page: Compile BP_Button
[2025.03.25-00.58.11:470][404]LogUObjectHash: Compacting FUObjectHashTables data took   3.71ms
[2025.03.25-00.58.14:132][516]LogTemp: Repeating last play command: Selected Viewport
[2025.03.25-00.58.14:142][516]LogPlayLevel: PlayLevel: No blueprints needed recompiling
[2025.03.25-00.58.14:142][516]PIE: New page: PIE session: ThirdPersonExampleMap (2025年3月25日 下午4:58:14)
[2025.03.25-00.58.14:142][516]LogPlayLevel: Creating play world package: /Game/ThirdPersonBP/Maps/UEDPIE_0_ThirdPersonExampleMap
[2025.03.25-00.58.14:159][516]LogPlayLevel: PIE: StaticDuplicateObject took: (0.017454s)
[2025.03.25-00.58.14:161][516]LogAIModule: Creating AISystem for world ThirdPersonExampleMap
[2025.03.25-00.58.14:161][516]LogPlayLevel: PIE: World Init took: (0.001661s)
[2025.03.25-00.58.14:161][516]LogPlayLevel: PIE: Created PIE world by copying editor world from /Game/ThirdPersonBP/Maps/ThirdPersonExampleMap.ThirdPersonExampleMap to /Game/ThirdPersonBP/Maps/UEDPIE_0_ThirdPersonExampleMap.ThirdPersonExampleMap (0.019286s)
[2025.03.25-00.58.14:194][516]LogUObjectHash: Compacting FUObjectHashTables data took   4.04ms
[2025.03.25-00.58.14:196][516]LogAudio: Display: Creating Audio Device:                 Id: 9, Scope: Unique, Realtime: True
[2025.03.25-00.58.14:197][516]LogAudioMixer: Display: Audio Mixer Platform Settings:
[2025.03.25-00.58.14:197][516]LogAudioMixer: Display: 	Sample Rate:						  48000
[2025.03.25-00.58.14:197][516]LogAudioMixer: Display: 	Callback Buffer Frame Size Requested: 1024
[2025.03.25-00.58.14:197][516]LogAudioMixer: Display: 	Callback Buffer Frame Size To Use:	  1024
[2025.03.25-00.58.14:197][516]LogAudioMixer: Display: 	Number of buffers to queue:			  2
[2025.03.25-00.58.14:197][516]LogAudioMixer: Display: 	Max Channels (voices):				  32
[2025.03.25-00.58.14:197][516]LogAudioMixer: Display: 	Number of Async Source Workers:		  0
[2025.03.25-00.58.14:197][516]LogAudio: Display: AudioDevice MaxSources: 32
[2025.03.25-00.58.14:198][516]LogAudio: Display: Audio Spatialization Plugin: None (built-in).
[2025.03.25-00.58.14:198][516]LogAudio: Display: Audio Reverb Plugin: None (built-in).
[2025.03.25-00.58.14:198][516]LogAudio: Display: Audio Occlusion Plugin: None (built-in).
[2025.03.25-00.58.14:198][516]LogAudioMixer: Display: Initializing audio mixer.
[2025.03.25-00.58.14:201][516]LogAudioMixer: Display: 0: FrontLeft
[2025.03.25-00.58.14:201][516]LogAudioMixer: Display: 1: FrontRight
[2025.03.25-00.58.14:239][516]LogAudioMixer: Display: Using Audio Device 扬声器 (适用于 I2S 音频的英特尔® 智音技术)
[2025.03.25-00.58.14:240][516]LogAudioMixer: Display: Initializing Sound Submixes...
[2025.03.25-00.58.14:240][516]LogAudioMixer: Display: Creating Master Submix 'MasterSubmixDefault'
[2025.03.25-00.58.14:240][516]LogAudioMixer: Display: Creating Master Submix 'MasterReverbSubmixDefault'
[2025.03.25-00.58.14:240][516]LogAudioMixer: Display: Creating Master Submix 'MasterEQSubmixDefault'
[2025.03.25-00.58.14:240][516]LogAudioMixer: FMixerPlatformXAudio2::StartAudioStream() called
[2025.03.25-00.58.14:240][516]LogAudioMixer: Display: Output buffers initialized: Frames=1024, Channels=2, Samples=2048
[2025.03.25-00.58.14:241][516]LogAudioMixer: Display: Starting AudioMixerPlatformInterface::RunInternal()
[2025.03.25-00.58.14:241][516]LogAudioMixer: Display: FMixerPlatformXAudio2::SubmitBuffer() called for the first time
[2025.03.25-00.58.14:241][516]LogInit: FAudioDevice initialized.
[2025.03.25-00.58.14:241][516]LogAudio: Display: Audio Device (ID: 9) registered with world 'ThirdPersonExampleMap'.
[2025.03.25-00.58.14:266][516]LogLoad: Game class is 'ThirdPersonGameMode_C'
[2025.03.25-00.58.14:270][516]LogWorld: Bringing World /Game/ThirdPersonBP/Maps/UEDPIE_0_ThirdPersonExampleMap.ThirdPersonExampleMap up for play (max tick rate 60) at 2025.03.25-08.58.14
[2025.03.25-00.58.14:270][516]LogWorld: Bringing up level for play took: 0.003816
[2025.03.25-00.58.14:271][516]LogOnline: OSS: Creating online subsystem instance for: :Context_20
[2025.03.25-00.58.14:274][516]PIE: Server logged in
[2025.03.25-00.58.14:275][516]PIE: Play in editor total start time 0.137 seconds.
[2025.03.25-00.58.31:031][359]LogSlate: Updating window title bar state: overlay mode, drag disabled, window buttons hidden, title bar hidden
[2025.03.25-00.58.31:031][359]LogWorld: BeginTearingDown for /Game/ThirdPersonBP/Maps/UEDPIE_0_ThirdPersonExampleMap
[2025.03.25-00.58.31:032][359]LogWorld: UWorld::CleanupWorld for ThirdPersonExampleMap, bSessionEnded=true, bCleanupResources=true
[2025.03.25-00.58.31:033][359]LogSlate: InvalidateAllWidgets triggered.  All widgets were invalidated
[2025.03.25-00.58.31:066][359]LogPlayLevel: Display: Shutting down PIE online subsystems
[2025.03.25-00.58.31:087][359]LogSlate: InvalidateAllWidgets triggered.  All widgets were invalidated
[2025.03.25-00.58.31:132][359]LogAudio: Display: Audio Device unregistered from world 'None'.
[2025.03.25-00.58.31:132][359]LogAudioMixer: FMixerPlatformXAudio2::StopAudioStream() called
[2025.03.25-00.58.31:134][359]LogAudioMixer: FMixerPlatformXAudio2::StopAudioStream() called
[2025.03.25-00.58.31:140][359]LogSlate: Updating window title bar state: overlay mode, drag disabled, window buttons hidden, title bar hidden
[2025.03.25-00.58.31:147][359]LogUObjectHash: Compacting FUObjectHashTables data took   5.07ms
[2025.03.25-00.58.31:247][360]LogPlayLevel: Display: Destroying online subsystem :Context_20
[2025.03.25-00.58.49:629][968]BlueprintLog: New page: Compile BP_Button
[2025.03.25-00.58.49:706][968]LogUObjectHash: Compacting FUObjectHashTables data took   5.23ms
[2025.03.25-00.58.50:706][  8]LogTemp: Repeating last play command: Selected Viewport
[2025.03.25-00.58.50:716][  8]LogPlayLevel: PlayLevel: No blueprints needed recompiling
[2025.03.25-00.58.50:716][  8]PIE: New page: PIE session: ThirdPersonExampleMap (2025年3月25日 下午4:58:50)
[2025.03.25-00.58.50:716][  8]LogPlayLevel: Creating play world package: /Game/ThirdPersonBP/Maps/UEDPIE_0_ThirdPersonExampleMap
[2025.03.25-00.58.50:742][  8]LogPlayLevel: PIE: StaticDuplicateObject took: (0.025355s)
[2025.03.25-00.58.50:742][  8]LogAIModule: Creating AISystem for world ThirdPersonExampleMap
[2025.03.25-00.58.50:743][  8]LogPlayLevel: PIE: World Init took: (0.001159s)
[2025.03.25-00.58.50:743][  8]LogPlayLevel: PIE: Created PIE world by copying editor world from /Game/ThirdPersonBP/Maps/ThirdPersonExampleMap.ThirdPersonExampleMap to /Game/ThirdPersonBP/Maps/UEDPIE_0_ThirdPersonExampleMap.ThirdPersonExampleMap (0.026672s)
[2025.03.25-00.58.50:782][  8]LogUObjectHash: Compacting FUObjectHashTables data took   7.05ms
[2025.03.25-00.58.50:784][  8]LogAudio: Display: Creating Audio Device:                 Id: 10, Scope: Unique, Realtime: True
[2025.03.25-00.58.50:784][  8]LogAudioMixer: Display: Audio Mixer Platform Settings:
[2025.03.25-00.58.50:784][  8]LogAudioMixer: Display: 	Sample Rate:						  48000
[2025.03.25-00.58.50:784][  8]LogAudioMixer: Display: 	Callback Buffer Frame Size Requested: 1024
[2025.03.25-00.58.50:784][  8]LogAudioMixer: Display: 	Callback Buffer Frame Size To Use:	  1024
[2025.03.25-00.58.50:784][  8]LogAudioMixer: Display: 	Number of buffers to queue:			  2
[2025.03.25-00.58.50:784][  8]LogAudioMixer: Display: 	Max Channels (voices):				  32
[2025.03.25-00.58.50:784][  8]LogAudioMixer: Display: 	Number of Async Source Workers:		  0
[2025.03.25-00.58.50:784][  8]LogAudio: Display: AudioDevice MaxSources: 32
[2025.03.25-00.58.50:784][  8]LogAudio: Display: Audio Spatialization Plugin: None (built-in).
[2025.03.25-00.58.50:784][  8]LogAudio: Display: Audio Reverb Plugin: None (built-in).
[2025.03.25-00.58.50:784][  8]LogAudio: Display: Audio Occlusion Plugin: None (built-in).
[2025.03.25-00.58.50:784][  8]LogAudioMixer: Display: Initializing audio mixer.
[2025.03.25-00.58.50:789][  8]LogAudioMixer: Display: 0: FrontLeft
[2025.03.25-00.58.50:789][  8]LogAudioMixer: Display: 1: FrontRight
[2025.03.25-00.58.50:857][  8]LogAudioMixer: Display: Using Audio Device 扬声器 (适用于 I2S 音频的英特尔® 智音技术)
[2025.03.25-00.58.50:858][  8]LogAudioMixer: Display: Initializing Sound Submixes...
[2025.03.25-00.58.50:858][  8]LogAudioMixer: Display: Creating Master Submix 'MasterSubmixDefault'
[2025.03.25-00.58.50:858][  8]LogAudioMixer: Display: Creating Master Submix 'MasterReverbSubmixDefault'
[2025.03.25-00.58.50:858][  8]LogAudioMixer: Display: Creating Master Submix 'MasterEQSubmixDefault'
[2025.03.25-00.58.50:859][  8]LogAudioMixer: FMixerPlatformXAudio2::StartAudioStream() called
[2025.03.25-00.58.50:859][  8]LogAudioMixer: Display: Output buffers initialized: Frames=1024, Channels=2, Samples=2048
[2025.03.25-00.58.50:860][  8]LogAudioMixer: Display: Starting AudioMixerPlatformInterface::RunInternal()
[2025.03.25-00.58.50:860][  8]LogAudioMixer: Display: FMixerPlatformXAudio2::SubmitBuffer() called for the first time
[2025.03.25-00.58.50:860][  8]LogInit: FAudioDevice initialized.
[2025.03.25-00.58.50:861][  8]LogAudio: Display: Audio Device (ID: 10) registered with world 'ThirdPersonExampleMap'.
[2025.03.25-00.58.50:887][  8]LogLoad: Game class is 'ThirdPersonGameMode_C'
[2025.03.25-00.58.50:896][  8]LogWorld: Bringing World /Game/ThirdPersonBP/Maps/UEDPIE_0_ThirdPersonExampleMap.ThirdPersonExampleMap up for play (max tick rate 60) at 2025.03.25-08.58.50
[2025.03.25-00.58.50:897][  8]LogWorld: Bringing up level for play took: 0.008060
[2025.03.25-00.58.50:897][  8]LogOnline: OSS: Creating online subsystem instance for: :Context_21
[2025.03.25-00.58.50:903][  8]PIE: Server logged in
[2025.03.25-00.58.50:904][  8]PIE: Play in editor total start time 0.189 seconds.
[2025.03.25-00.59.13:900][166]LogSlate: Updating window title bar state: overlay mode, drag disabled, window buttons hidden, title bar hidden
[2025.03.25-00.59.13:900][166]LogWorld: BeginTearingDown for /Game/ThirdPersonBP/Maps/UEDPIE_0_ThirdPersonExampleMap
[2025.03.25-00.59.13:901][166]LogWorld: UWorld::CleanupWorld for ThirdPersonExampleMap, bSessionEnded=true, bCleanupResources=true
[2025.03.25-00.59.13:901][166]LogSlate: InvalidateAllWidgets triggered.  All widgets were invalidated
[2025.03.25-00.59.13:928][166]LogPlayLevel: Display: Shutting down PIE online subsystems
[2025.03.25-00.59.13:948][166]LogSlate: InvalidateAllWidgets triggered.  All widgets were invalidated
[2025.03.25-00.59.14:003][166]LogAudio: Display: Audio Device unregistered from world 'None'.
[2025.03.25-00.59.14:004][166]LogAudioMixer: FMixerPlatformXAudio2::StopAudioStream() called
[2025.03.25-00.59.14:006][166]LogAudioMixer: FMixerPlatformXAudio2::StopAudioStream() called
[2025.03.25-00.59.14:012][166]LogSlate: Updating window title bar state: overlay mode, drag disabled, window buttons hidden, title bar hidden
[2025.03.25-00.59.14:020][166]LogUObjectHash: Compacting FUObjectHashTables data took   5.24ms
[2025.03.25-00.59.14:121][167]LogPlayLevel: Display: Destroying online subsystem :Context_21
[2025.03.25-00.59.19:650][375]LogEditorViewport: Clicking on Actor (LMB): StaticMeshActor (Floor2)
[2025.03.25-00.59.43:520][628]LogEditorViewport: Clicking on Actor (LMB): StaticMeshActor (Wall16)
[2025.03.25-01.00.35:009][786]LogUObjectHash: Compacting FUObjectHashTables data took   4.01ms
[2025.03.25-01.00.35:045][786]LogSavePackage: Moving '../../../../../../project/UE/room_escape/Saved/ThirdPersonExampleMapFB6A8BD34DFFF1462ABE6481464C8D1B.tmp' to '../../../../../../project/UE/room_escape/Content/ThirdPersonBP/Maps/ThirdPersonExampleMap.umap'
[2025.03.25-01.00.35:283][786]LogSavePackage: Moving '../../../../../../project/UE/room_escape/Saved/ThirdPersonExampleMap_BuiltData2FEC236E450B07FE22B18A8D27542B14.tmp' to '../../../../../../project/UE/room_escape/Content/ThirdPersonBP/Maps/ThirdPersonExampleMap_BuiltData.uasset'
[2025.03.25-01.00.35:303][786]AssetCheck: New page: Asset Save: multiple assets
[2025.03.25-01.00.35:303][786]LogContentValidation: Display: Validating MapBuildDataRegistry /Game/ThirdPersonBP/Maps/ThirdPersonExampleMap_BuiltData.ThirdPersonExampleMap_BuiltData
[2025.03.25-01.00.35:303][786]LogContentValidation: Display: Validating World /Game/ThirdPersonBP/Maps/ThirdPersonExampleMap.ThirdPersonExampleMap
[2025.03.25-01.00.55:411][589]LogTemp: Repeating last play command: Selected Viewport
[2025.03.25-01.00.55:419][589]BlueprintLog: New page: Pre-Play auto-recompile
[2025.03.25-01.00.55:421][589]LogPlayLevel: [PlayLevel] Compiling BP_Button before play...
[2025.03.25-01.00.55:522][589]LogUObjectHash: Compacting FUObjectHashTables data took   7.92ms
[2025.03.25-01.00.55:526][589]LogPlayLevel: PlayLevel: Blueprint regeneration took 107 ms (1 blueprints)
[2025.03.25-01.00.55:526][589]PIE: New page: PIE session: ThirdPersonExampleMap (2025年3月25日 下午5:00:55)
[2025.03.25-01.00.55:526][589]LogPlayLevel: Creating play world package: /Game/ThirdPersonBP/Maps/UEDPIE_0_ThirdPersonExampleMap
[2025.03.25-01.00.55:552][589]LogPlayLevel: PIE: StaticDuplicateObject took: (0.025085s)
[2025.03.25-01.00.55:553][589]LogAIModule: Creating AISystem for world ThirdPersonExampleMap
[2025.03.25-01.00.55:553][589]LogPlayLevel: PIE: World Init took: (0.001413s)
[2025.03.25-01.00.55:553][589]LogPlayLevel: PIE: Created PIE world by copying editor world from /Game/ThirdPersonBP/Maps/ThirdPersonExampleMap.ThirdPersonExampleMap to /Game/ThirdPersonBP/Maps/UEDPIE_0_ThirdPersonExampleMap.ThirdPersonExampleMap (0.026734s)
[2025.03.25-01.00.55:587][589]LogUObjectHash: Compacting FUObjectHashTables data took   2.34ms
[2025.03.25-01.00.55:587][589]LogAudio: Display: Creating Audio Device:                 Id: 11, Scope: Unique, Realtime: True
[2025.03.25-01.00.55:587][589]LogAudioMixer: Display: Audio Mixer Platform Settings:
[2025.03.25-01.00.55:587][589]LogAudioMixer: Display: 	Sample Rate:						  48000
[2025.03.25-01.00.55:587][589]LogAudioMixer: Display: 	Callback Buffer Frame Size Requested: 1024
[2025.03.25-01.00.55:587][589]LogAudioMixer: Display: 	Callback Buffer Frame Size To Use:	  1024
[2025.03.25-01.00.55:587][589]LogAudioMixer: Display: 	Number of buffers to queue:			  2
[2025.03.25-01.00.55:587][589]LogAudioMixer: Display: 	Max Channels (voices):				  32
[2025.03.25-01.00.55:587][589]LogAudioMixer: Display: 	Number of Async Source Workers:		  0
[2025.03.25-01.00.55:587][589]LogAudio: Display: AudioDevice MaxSources: 32
[2025.03.25-01.00.55:587][589]LogAudio: Display: Audio Spatialization Plugin: None (built-in).
[2025.03.25-01.00.55:587][589]LogAudio: Display: Audio Reverb Plugin: None (built-in).
[2025.03.25-01.00.55:588][589]LogAudio: Display: Audio Occlusion Plugin: None (built-in).
[2025.03.25-01.00.55:588][589]LogAudioMixer: Display: Initializing audio mixer.
[2025.03.25-01.00.55:590][589]LogAudioMixer: Display: 0: FrontLeft
[2025.03.25-01.00.55:590][589]LogAudioMixer: Display: 1: FrontRight
[2025.03.25-01.00.55:640][589]LogAudioMixer: Display: Using Audio Device 扬声器 (适用于 I2S 音频的英特尔® 智音技术)
[2025.03.25-01.00.55:642][589]LogAudioMixer: Display: Initializing Sound Submixes...
[2025.03.25-01.00.55:642][589]LogAudioMixer: Display: Creating Master Submix 'MasterSubmixDefault'
[2025.03.25-01.00.55:642][589]LogAudioMixer: Display: Creating Master Submix 'MasterReverbSubmixDefault'
[2025.03.25-01.00.55:642][589]LogAudioMixer: Display: Creating Master Submix 'MasterEQSubmixDefault'
[2025.03.25-01.00.55:642][589]LogAudioMixer: FMixerPlatformXAudio2::StartAudioStream() called
[2025.03.25-01.00.55:642][589]LogAudioMixer: Display: Output buffers initialized: Frames=1024, Channels=2, Samples=2048
[2025.03.25-01.00.55:645][589]LogAudioMixer: Display: Starting AudioMixerPlatformInterface::RunInternal()
[2025.03.25-01.00.55:645][589]LogAudioMixer: Display: FMixerPlatformXAudio2::SubmitBuffer() called for the first time
[2025.03.25-01.00.55:645][589]LogInit: FAudioDevice initialized.
[2025.03.25-01.00.55:645][589]LogAudio: Display: Audio Device (ID: 11) registered with world 'ThirdPersonExampleMap'.
[2025.03.25-01.00.55:658][589]LogLoad: Game class is 'ThirdPersonGameMode_C'
[2025.03.25-01.00.55:664][589]LogWorld: Bringing World /Game/ThirdPersonBP/Maps/UEDPIE_0_ThirdPersonExampleMap.ThirdPersonExampleMap up for play (max tick rate 60) at 2025.03.25-09.00.55
[2025.03.25-01.00.55:664][589]LogWorld: Bringing up level for play took: 0.004651
[2025.03.25-01.00.55:664][589]LogOnline: OSS: Creating online subsystem instance for: :Context_22
[2025.03.25-01.00.55:669][589]PIE: Server logged in
[2025.03.25-01.00.55:671][589]PIE: Play in editor total start time 0.254 seconds.
[2025.03.25-01.01.11:913][470]LogBlueprintUserMessages: [BP_MagicWall_5] 滞留当前关卡
[2025.03.25-01.01.15:691][674]LogBlueprintUserMessages: [BP_MagicWall_5] 滞留当前关卡
[2025.03.25-01.01.17:676][782]LogBlueprintUserMessages: [BP_MagicWall_5] 滞留当前关卡
[2025.03.25-01.01.19:030][843]LogSlate: Updating window title bar state: overlay mode, drag disabled, window buttons hidden, title bar hidden
[2025.03.25-01.01.19:030][843]LogWorld: BeginTearingDown for /Game/ThirdPersonBP/Maps/UEDPIE_0_ThirdPersonExampleMap
[2025.03.25-01.01.19:031][843]LogWorld: UWorld::CleanupWorld for ThirdPersonExampleMap, bSessionEnded=true, bCleanupResources=true
[2025.03.25-01.01.19:032][843]LogSlate: InvalidateAllWidgets triggered.  All widgets were invalidated
[2025.03.25-01.01.19:061][843]LogPlayLevel: Display: Shutting down PIE online subsystems
[2025.03.25-01.01.19:081][843]LogSlate: InvalidateAllWidgets triggered.  All widgets were invalidated
[2025.03.25-01.01.19:132][843]LogSlate: Updating window title bar state: overlay mode, drag disabled, window buttons hidden, title bar hidden
[2025.03.25-01.01.19:133][843]LogAudioMixer: FMixerPlatformXAudio2::StopAudioStream() called
[2025.03.25-01.01.19:134][843]LogAudioMixer: FMixerPlatformXAudio2::StopAudioStream() called
[2025.03.25-01.01.19:151][843]LogUObjectHash: Compacting FUObjectHashTables data took   8.54ms
[2025.03.25-01.01.19:240][844]LogPlayLevel: Display: Destroying online subsystem :Context_22
[2025.03.25-01.02.02:588][728]BlueprintLog: New page: Compile BP_MagicWall
[2025.03.25-01.02.02:672][728]LogUObjectHash: Compacting FUObjectHashTables data took   4.84ms
[2025.03.25-01.02.05:145][823]BlueprintLog: New page: Compile BP_Button
[2025.03.25-01.02.05:212][823]LogUObjectHash: Compacting FUObjectHashTables data took   4.19ms
[2025.03.25-01.02.19:231][378]LogTemp: Repeating last play command: Selected Viewport
[2025.03.25-01.02.19:241][378]LogPlayLevel: PlayLevel: No blueprints needed recompiling
[2025.03.25-01.02.19:241][378]PIE: New page: PIE session: ThirdPersonExampleMap (2025年3月25日 下午5:02:19)
[2025.03.25-01.02.19:242][378]LogPlayLevel: Creating play world package: /Game/ThirdPersonBP/Maps/UEDPIE_0_ThirdPersonExampleMap
[2025.03.25-01.02.19:268][378]LogPlayLevel: PIE: StaticDuplicateObject took: (0.026964s)
[2025.03.25-01.02.19:270][378]LogAIModule: Creating AISystem for world ThirdPersonExampleMap
[2025.03.25-01.02.19:270][378]LogPlayLevel: PIE: World Init took: (0.002327s)
[2025.03.25-01.02.19:271][378]LogPlayLevel: PIE: Created PIE world by copying editor world from /Game/ThirdPersonBP/Maps/ThirdPersonExampleMap.ThirdPersonExampleMap to /Game/ThirdPersonBP/Maps/UEDPIE_0_ThirdPersonExampleMap.ThirdPersonExampleMap (0.029685s)
[2025.03.25-01.02.19:308][378]LogUObjectHash: Compacting FUObjectHashTables data took   3.33ms
[2025.03.25-01.02.19:311][378]LogAudio: Display: Creating Audio Device:                 Id: 12, Scope: Unique, Realtime: True
[2025.03.25-01.02.19:311][378]LogAudioMixer: Display: Audio Mixer Platform Settings:
[2025.03.25-01.02.19:311][378]LogAudioMixer: Display: 	Sample Rate:						  48000
[2025.03.25-01.02.19:311][378]LogAudioMixer: Display: 	Callback Buffer Frame Size Requested: 1024
[2025.03.25-01.02.19:311][378]LogAudioMixer: Display: 	Callback Buffer Frame Size To Use:	  1024
[2025.03.25-01.02.19:311][378]LogAudioMixer: Display: 	Number of buffers to queue:			  2
[2025.03.25-01.02.19:311][378]LogAudioMixer: Display: 	Max Channels (voices):				  32
[2025.03.25-01.02.19:311][378]LogAudioMixer: Display: 	Number of Async Source Workers:		  0
[2025.03.25-01.02.19:311][378]LogAudio: Display: AudioDevice MaxSources: 32
[2025.03.25-01.02.19:312][378]LogAudio: Display: Audio Spatialization Plugin: None (built-in).
[2025.03.25-01.02.19:312][378]LogAudio: Display: Audio Reverb Plugin: None (built-in).
[2025.03.25-01.02.19:312][378]LogAudio: Display: Audio Occlusion Plugin: None (built-in).
[2025.03.25-01.02.19:312][378]LogAudioMixer: Display: Initializing audio mixer.
[2025.03.25-01.02.19:316][378]LogAudioMixer: Display: 0: FrontLeft
[2025.03.25-01.02.19:316][378]LogAudioMixer: Display: 1: FrontRight
[2025.03.25-01.02.19:400][378]LogAudioMixer: Display: Using Audio Device 扬声器 (适用于 I2S 音频的英特尔® 智音技术)
[2025.03.25-01.02.19:401][378]LogAudioMixer: Display: Initializing Sound Submixes...
[2025.03.25-01.02.19:401][378]LogAudioMixer: Display: Creating Master Submix 'MasterSubmixDefault'
[2025.03.25-01.02.19:401][378]LogAudioMixer: Display: Creating Master Submix 'MasterReverbSubmixDefault'
[2025.03.25-01.02.19:402][378]LogAudioMixer: Display: Creating Master Submix 'MasterEQSubmixDefault'
[2025.03.25-01.02.19:402][378]LogAudioMixer: FMixerPlatformXAudio2::StartAudioStream() called
[2025.03.25-01.02.19:402][378]LogAudioMixer: Display: Output buffers initialized: Frames=1024, Channels=2, Samples=2048
[2025.03.25-01.02.19:403][378]LogAudioMixer: Display: Starting AudioMixerPlatformInterface::RunInternal()
[2025.03.25-01.02.19:403][378]LogAudioMixer: Display: FMixerPlatformXAudio2::SubmitBuffer() called for the first time
[2025.03.25-01.02.19:403][378]LogInit: FAudioDevice initialized.
[2025.03.25-01.02.19:403][378]LogAudio: Display: Audio Device (ID: 12) registered with world 'ThirdPersonExampleMap'.
[2025.03.25-01.02.19:422][378]LogLoad: Game class is 'ThirdPersonGameMode_C'
[2025.03.25-01.02.19:427][378]LogWorld: Bringing World /Game/ThirdPersonBP/Maps/UEDPIE_0_ThirdPersonExampleMap.ThirdPersonExampleMap up for play (max tick rate 60) at 2025.03.25-09.02.19
[2025.03.25-01.02.19:427][378]LogWorld: Bringing up level for play took: 0.003987
[2025.03.25-01.02.19:427][378]LogOnline: OSS: Creating online subsystem instance for: :Context_23
[2025.03.25-01.02.19:431][378]PIE: Server logged in
[2025.03.25-01.02.19:432][378]PIE: Play in editor total start time 0.194 seconds.
[2025.03.25-01.02.28:259][833]LogSlate: Updating window title bar state: overlay mode, drag disabled, window buttons hidden, title bar hidden
[2025.03.25-01.02.28:259][833]LogWorld: BeginTearingDown for /Game/ThirdPersonBP/Maps/UEDPIE_0_ThirdPersonExampleMap
[2025.03.25-01.02.28:259][833]LogWorld: UWorld::CleanupWorld for ThirdPersonExampleMap, bSessionEnded=true, bCleanupResources=true
[2025.03.25-01.02.28:260][833]LogSlate: InvalidateAllWidgets triggered.  All widgets were invalidated
[2025.03.25-01.02.28:289][833]LogPlayLevel: Display: Shutting down PIE online subsystems
[2025.03.25-01.02.28:309][833]LogSlate: InvalidateAllWidgets triggered.  All widgets were invalidated
[2025.03.25-01.02.28:365][833]LogAudio: Display: Audio Device unregistered from world 'None'.
[2025.03.25-01.02.28:365][833]LogAudioMixer: FMixerPlatformXAudio2::StopAudioStream() called
[2025.03.25-01.02.28:368][833]LogAudioMixer: FMixerPlatformXAudio2::StopAudioStream() called
[2025.03.25-01.02.28:376][833]LogSlate: Updating window title bar state: overlay mode, drag disabled, window buttons hidden, title bar hidden
[2025.03.25-01.02.28:382][833]LogUObjectHash: Compacting FUObjectHashTables data took   4.41ms
[2025.03.25-01.02.28:478][834]LogPlayLevel: Display: Destroying online subsystem :Context_23
[2025.03.25-01.03.30:358][251]BlueprintLog: New page: Compile BP_Button
[2025.03.25-01.03.30:436][251]LogUObjectHash: Compacting FUObjectHashTables data took   4.73ms
[2025.03.25-01.03.31:373][290]LogTemp: Repeating last play command: Selected Viewport
[2025.03.25-01.03.31:380][290]LogPlayLevel: PlayLevel: No blueprints needed recompiling
[2025.03.25-01.03.31:381][290]PIE: New page: PIE session: ThirdPersonExampleMap (2025年3月25日 下午5:03:31)
[2025.03.25-01.03.31:381][290]LogPlayLevel: Creating play world package: /Game/ThirdPersonBP/Maps/UEDPIE_0_ThirdPersonExampleMap
[2025.03.25-01.03.31:397][290]LogPlayLevel: PIE: StaticDuplicateObject took: (0.016506s)
[2025.03.25-01.03.31:398][290]LogAIModule: Creating AISystem for world ThirdPersonExampleMap
[2025.03.25-01.03.31:398][290]LogPlayLevel: PIE: World Init took: (0.001083s)
[2025.03.25-01.03.31:398][290]LogPlayLevel: PIE: Created PIE world by copying editor world from /Game/ThirdPersonBP/Maps/ThirdPersonExampleMap.ThirdPersonExampleMap to /Game/ThirdPersonBP/Maps/UEDPIE_0_ThirdPersonExampleMap.ThirdPersonExampleMap (0.017779s)
[2025.03.25-01.03.31:437][290]LogUObjectHash: Compacting FUObjectHashTables data took   3.68ms
[2025.03.25-01.03.31:437][290]LogAudio: Display: Creating Audio Device:                 Id: 13, Scope: Unique, Realtime: True
[2025.03.25-01.03.31:438][290]LogAudioMixer: Display: Audio Mixer Platform Settings:
[2025.03.25-01.03.31:438][290]LogAudioMixer: Display: 	Sample Rate:						  48000
[2025.03.25-01.03.31:438][290]LogAudioMixer: Display: 	Callback Buffer Frame Size Requested: 1024
[2025.03.25-01.03.31:438][290]LogAudioMixer: Display: 	Callback Buffer Frame Size To Use:	  1024
[2025.03.25-01.03.31:438][290]LogAudioMixer: Display: 	Number of buffers to queue:			  2
[2025.03.25-01.03.31:438][290]LogAudioMixer: Display: 	Max Channels (voices):				  32
[2025.03.25-01.03.31:438][290]LogAudioMixer: Display: 	Number of Async Source Workers:		  0
[2025.03.25-01.03.31:438][290]LogAudio: Display: AudioDevice MaxSources: 32
[2025.03.25-01.03.31:438][290]LogAudio: Display: Audio Spatialization Plugin: None (built-in).
[2025.03.25-01.03.31:438][290]LogAudio: Display: Audio Reverb Plugin: None (built-in).
[2025.03.25-01.03.31:438][290]LogAudio: Display: Audio Occlusion Plugin: None (built-in).
[2025.03.25-01.03.31:438][290]LogAudioMixer: Display: Initializing audio mixer.
[2025.03.25-01.03.31:441][290]LogAudioMixer: Display: 0: FrontLeft
[2025.03.25-01.03.31:441][290]LogAudioMixer: Display: 1: FrontRight
[2025.03.25-01.03.31:477][290]LogAudioMixer: Display: Using Audio Device 扬声器 (适用于 I2S 音频的英特尔® 智音技术)
[2025.03.25-01.03.31:477][290]LogAudioMixer: Display: Initializing Sound Submixes...
[2025.03.25-01.03.31:477][290]LogAudioMixer: Display: Creating Master Submix 'MasterSubmixDefault'
[2025.03.25-01.03.31:477][290]LogAudioMixer: Display: Creating Master Submix 'MasterReverbSubmixDefault'
[2025.03.25-01.03.31:478][290]LogAudioMixer: Display: Creating Master Submix 'MasterEQSubmixDefault'
[2025.03.25-01.03.31:478][290]LogAudioMixer: FMixerPlatformXAudio2::StartAudioStream() called
[2025.03.25-01.03.31:478][290]LogAudioMixer: Display: Output buffers initialized: Frames=1024, Channels=2, Samples=2048
[2025.03.25-01.03.31:479][290]LogAudioMixer: Display: Starting AudioMixerPlatformInterface::RunInternal()
[2025.03.25-01.03.31:479][290]LogAudioMixer: Display: FMixerPlatformXAudio2::SubmitBuffer() called for the first time
[2025.03.25-01.03.31:479][290]LogInit: FAudioDevice initialized.
[2025.03.25-01.03.31:479][290]LogAudio: Display: Audio Device (ID: 13) registered with world 'ThirdPersonExampleMap'.
[2025.03.25-01.03.31:543][290]LogSlate: Updating window title bar state: overlay mode, drag disabled, window buttons hidden, title bar hidden
[2025.03.25-01.03.31:543][290]LogLoad: Game class is 'ThirdPersonGameMode_C'
[2025.03.25-01.03.31:553][290]LogWorld: Bringing World /Game/ThirdPersonBP/Maps/UEDPIE_0_ThirdPersonExampleMap.ThirdPersonExampleMap up for play (max tick rate 60) at 2025.03.25-09.03.31
[2025.03.25-01.03.31:554][290]LogWorld: Bringing up level for play took: 0.009529
[2025.03.25-01.03.31:555][290]LogOnline: OSS: Creating online subsystem instance for: :Context_24
[2025.03.25-01.03.31:559][290]LogGameMode: FindPlayerStart: PATHS NOT DEFINED or NO PLAYERSTART with positive rating
[2025.03.25-01.03.31:563][290]PIE: Server logged in
[2025.03.25-01.03.31:566][290]PIE: Play in editor total start time 0.187 seconds.
[2025.03.25-01.03.41:496][579]LogBlueprintUserMessages: [BP_MagicWall_5] 滞留当前关卡
[2025.03.25-01.03.43:688][641]LogBlueprintUserMessages: [BP_MagicWall_5] 滞留当前关卡
[2025.03.25-01.03.57:301][ 39]LogSlate: Updating window title bar state: overlay mode, drag disabled, window buttons hidden, title bar hidden
[2025.03.25-01.03.57:301][ 39]LogWorld: BeginTearingDown for /Game/ThirdPersonBP/Maps/UEDPIE_0_ThirdPersonExampleMap
[2025.03.25-01.03.57:303][ 39]LogSlate: Window 'room_escape Preview [NetMode: Standalone]  (64-bit/Windows) ' being destroyed
[2025.03.25-01.03.57:342][ 39]LogWorld: UWorld::CleanupWorld for ThirdPersonExampleMap, bSessionEnded=true, bCleanupResources=true
[2025.03.25-01.03.57:344][ 39]LogSlate: InvalidateAllWidgets triggered.  All widgets were invalidated
[2025.03.25-01.03.57:380][ 39]LogPlayLevel: Display: Shutting down PIE online subsystems
[2025.03.25-01.03.57:407][ 39]LogSlate: InvalidateAllWidgets triggered.  All widgets were invalidated
[2025.03.25-01.03.57:479][ 39]LogAudio: Display: Audio Device unregistered from world 'None'.
[2025.03.25-01.03.57:480][ 39]LogAudioMixer: FMixerPlatformXAudio2::StopAudioStream() called
[2025.03.25-01.03.57:482][ 39]LogAudioMixer: FMixerPlatformXAudio2::StopAudioStream() called
[2025.03.25-01.03.57:500][ 39]LogUObjectHash: Compacting FUObjectHashTables data took   5.92ms
[2025.03.25-01.03.57:600][ 40]LogPlayLevel: Display: Destroying online subsystem :Context_24
[2025.03.25-01.06.24:787][850]LogSlate: Window 'Color Picker' being destroyed
[2025.03.25-01.06.52:683][184]LogSlate: Window 'Color Picker' being destroyed
[2025.03.25-01.07.38:549][425]BlueprintLog: New page: Compile BP_MagicWall
[2025.03.25-01.07.38:708][425]LogUObjectHash: Compacting FUObjectHashTables data took   7.76ms
[2025.03.25-01.07.39:703][470]LogTemp: Repeating last play command: Selected Viewport
[2025.03.25-01.07.39:713][470]LogPlayLevel: PlayLevel: No blueprints needed recompiling
[2025.03.25-01.07.39:713][470]PIE: New page: PIE session: ThirdPersonExampleMap (2025年3月25日 下午5:07:39)
[2025.03.25-01.07.39:713][470]LogPlayLevel: Creating play world package: /Game/ThirdPersonBP/Maps/UEDPIE_0_ThirdPersonExampleMap
[2025.03.25-01.07.39:740][470]LogPlayLevel: PIE: StaticDuplicateObject took: (0.027620s)
[2025.03.25-01.07.39:742][470]LogAIModule: Creating AISystem for world ThirdPersonExampleMap
[2025.03.25-01.07.39:742][470]LogPlayLevel: PIE: World Init took: (0.001557s)
[2025.03.25-01.07.39:742][470]LogPlayLevel: PIE: Created PIE world by copying editor world from /Game/ThirdPersonBP/Maps/ThirdPersonExampleMap.ThirdPersonExampleMap to /Game/ThirdPersonBP/Maps/UEDPIE_0_ThirdPersonExampleMap.ThirdPersonExampleMap (0.029397s)
[2025.03.25-01.07.39:782][470]LogUObjectHash: Compacting FUObjectHashTables data took   3.62ms
[2025.03.25-01.07.39:783][470]LogAudio: Display: Creating Audio Device:                 Id: 14, Scope: Unique, Realtime: True
[2025.03.25-01.07.39:783][470]LogAudioMixer: Display: Audio Mixer Platform Settings:
[2025.03.25-01.07.39:783][470]LogAudioMixer: Display: 	Sample Rate:						  48000
[2025.03.25-01.07.39:783][470]LogAudioMixer: Display: 	Callback Buffer Frame Size Requested: 1024
[2025.03.25-01.07.39:783][470]LogAudioMixer: Display: 	Callback Buffer Frame Size To Use:	  1024
[2025.03.25-01.07.39:783][470]LogAudioMixer: Display: 	Number of buffers to queue:			  2
[2025.03.25-01.07.39:783][470]LogAudioMixer: Display: 	Max Channels (voices):				  32
[2025.03.25-01.07.39:783][470]LogAudioMixer: Display: 	Number of Async Source Workers:		  0
[2025.03.25-01.07.39:783][470]LogAudio: Display: AudioDevice MaxSources: 32
[2025.03.25-01.07.39:783][470]LogAudio: Display: Audio Spatialization Plugin: None (built-in).
[2025.03.25-01.07.39:783][470]LogAudio: Display: Audio Reverb Plugin: None (built-in).
[2025.03.25-01.07.39:783][470]LogAudio: Display: Audio Occlusion Plugin: None (built-in).
[2025.03.25-01.07.39:783][470]LogAudioMixer: Display: Initializing audio mixer.
[2025.03.25-01.07.39:787][470]LogAudioMixer: Display: 0: FrontLeft
[2025.03.25-01.07.39:787][470]LogAudioMixer: Display: 1: FrontRight
[2025.03.25-01.07.39:848][470]LogAudioMixer: Display: Using Audio Device 扬声器 (适用于 I2S 音频的英特尔® 智音技术)
[2025.03.25-01.07.39:848][470]LogAudioMixer: Display: Initializing Sound Submixes...
[2025.03.25-01.07.39:848][470]LogAudioMixer: Display: Creating Master Submix 'MasterSubmixDefault'
[2025.03.25-01.07.39:848][470]LogAudioMixer: Display: Creating Master Submix 'MasterReverbSubmixDefault'
[2025.03.25-01.07.39:850][470]LogAudioMixer: Display: Creating Master Submix 'MasterEQSubmixDefault'
[2025.03.25-01.07.39:850][470]LogAudioMixer: FMixerPlatformXAudio2::StartAudioStream() called
[2025.03.25-01.07.39:850][470]LogAudioMixer: Display: Output buffers initialized: Frames=1024, Channels=2, Samples=2048
[2025.03.25-01.07.39:852][470]LogAudioMixer: Display: Starting AudioMixerPlatformInterface::RunInternal()
[2025.03.25-01.07.39:852][470]LogAudioMixer: Display: FMixerPlatformXAudio2::SubmitBuffer() called for the first time
[2025.03.25-01.07.39:852][470]LogInit: FAudioDevice initialized.
[2025.03.25-01.07.39:852][470]LogAudio: Display: Audio Device (ID: 14) registered with world 'ThirdPersonExampleMap'.
[2025.03.25-01.07.39:900][470]LogSlate: Updating window title bar state: overlay mode, drag disabled, window buttons hidden, title bar hidden
[2025.03.25-01.07.39:900][470]LogLoad: Game class is 'ThirdPersonGameMode_C'
[2025.03.25-01.07.39:908][470]LogWorld: Bringing World /Game/ThirdPersonBP/Maps/UEDPIE_0_ThirdPersonExampleMap.ThirdPersonExampleMap up for play (max tick rate 60) at 2025.03.25-09.07.39
[2025.03.25-01.07.39:909][470]LogWorld: Bringing up level for play took: 0.007283
[2025.03.25-01.07.39:909][470]LogOnline: OSS: Creating online subsystem instance for: :Context_25
[2025.03.25-01.07.39:913][470]LogGameMode: FindPlayerStart: PATHS NOT DEFINED or NO PLAYERSTART with positive rating
[2025.03.25-01.07.39:918][470]PIE: Server logged in
[2025.03.25-01.07.39:920][470]PIE: Play in editor total start time 0.21 seconds.
[2025.03.25-01.07.51:158][787]LogSlate: Updating window title bar state: overlay mode, drag disabled, window buttons hidden, title bar hidden
[2025.03.25-01.07.51:158][787]LogWorld: BeginTearingDown for /Game/ThirdPersonBP/Maps/UEDPIE_0_ThirdPersonExampleMap
[2025.03.25-01.07.51:159][787]LogSlate: Window 'room_escape Preview [NetMode: Standalone]  (64-bit/Windows) ' being destroyed
[2025.03.25-01.07.51:188][787]LogWorld: UWorld::CleanupWorld for ThirdPersonExampleMap, bSessionEnded=true, bCleanupResources=true
[2025.03.25-01.07.51:189][787]LogSlate: InvalidateAllWidgets triggered.  All widgets were invalidated
[2025.03.25-01.07.51:212][787]LogPlayLevel: Display: Shutting down PIE online subsystems
[2025.03.25-01.07.51:230][787]LogSlate: InvalidateAllWidgets triggered.  All widgets were invalidated
[2025.03.25-01.07.51:288][787]LogAudio: Display: Audio Device unregistered from world 'None'.
[2025.03.25-01.07.51:289][787]LogAudioMixer: FMixerPlatformXAudio2::StopAudioStream() called
[2025.03.25-01.07.51:291][787]LogAudioMixer: FMixerPlatformXAudio2::StopAudioStream() called
[2025.03.25-01.07.51:308][787]LogUObjectHash: Compacting FUObjectHashTables data took   5.95ms
[2025.03.25-01.07.51:394][788]LogPlayLevel: Display: Destroying online subsystem :Context_25
[2025.03.25-01.07.54:112][916]LogTemp: Repeating last play command: Selected Viewport
[2025.03.25-01.07.54:122][916]LogPlayLevel: PlayLevel: No blueprints needed recompiling
[2025.03.25-01.07.54:122][916]PIE: New page: PIE session: ThirdPersonExampleMap (2025年3月25日 下午5:07:54)
[2025.03.25-01.07.54:123][916]LogPlayLevel: Creating play world package: /Game/ThirdPersonBP/Maps/UEDPIE_0_ThirdPersonExampleMap
[2025.03.25-01.07.54:148][916]LogPlayLevel: PIE: StaticDuplicateObject took: (0.025038s)
[2025.03.25-01.07.54:149][916]LogAIModule: Creating AISystem for world ThirdPersonExampleMap
[2025.03.25-01.07.54:150][916]LogPlayLevel: PIE: World Init took: (0.001808s)
[2025.03.25-01.07.54:150][916]LogPlayLevel: PIE: Created PIE world by copying editor world from /Game/ThirdPersonBP/Maps/ThirdPersonExampleMap.ThirdPersonExampleMap to /Game/ThirdPersonBP/Maps/UEDPIE_0_ThirdPersonExampleMap.ThirdPersonExampleMap (0.027035s)
[2025.03.25-01.07.54:199][916]LogUObjectHash: Compacting FUObjectHashTables data took   6.50ms
[2025.03.25-01.07.54:201][916]LogAudio: Display: Creating Audio Device:                 Id: 15, Scope: Unique, Realtime: True
[2025.03.25-01.07.54:201][916]LogAudioMixer: Display: Audio Mixer Platform Settings:
[2025.03.25-01.07.54:201][916]LogAudioMixer: Display: 	Sample Rate:						  48000
[2025.03.25-01.07.54:201][916]LogAudioMixer: Display: 	Callback Buffer Frame Size Requested: 1024
[2025.03.25-01.07.54:201][916]LogAudioMixer: Display: 	Callback Buffer Frame Size To Use:	  1024
[2025.03.25-01.07.54:201][916]LogAudioMixer: Display: 	Number of buffers to queue:			  2
[2025.03.25-01.07.54:201][916]LogAudioMixer: Display: 	Max Channels (voices):				  32
[2025.03.25-01.07.54:201][916]LogAudioMixer: Display: 	Number of Async Source Workers:		  0
[2025.03.25-01.07.54:201][916]LogAudio: Display: AudioDevice MaxSources: 32
[2025.03.25-01.07.54:202][916]LogAudio: Display: Audio Spatialization Plugin: None (built-in).
[2025.03.25-01.07.54:202][916]LogAudio: Display: Audio Reverb Plugin: None (built-in).
[2025.03.25-01.07.54:202][916]LogAudio: Display: Audio Occlusion Plugin: None (built-in).
[2025.03.25-01.07.54:202][916]LogAudioMixer: Display: Initializing audio mixer.
[2025.03.25-01.07.54:205][916]LogAudioMixer: Display: 0: FrontLeft
[2025.03.25-01.07.54:205][916]LogAudioMixer: Display: 1: FrontRight
[2025.03.25-01.07.54:253][916]LogAudioMixer: Display: Using Audio Device 扬声器 (适用于 I2S 音频的英特尔® 智音技术)
[2025.03.25-01.07.54:253][916]LogAudioMixer: Display: Initializing Sound Submixes...
[2025.03.25-01.07.54:253][916]LogAudioMixer: Display: Creating Master Submix 'MasterSubmixDefault'
[2025.03.25-01.07.54:253][916]LogAudioMixer: Display: Creating Master Submix 'MasterReverbSubmixDefault'
[2025.03.25-01.07.54:254][916]LogAudioMixer: Display: Creating Master Submix 'MasterEQSubmixDefault'
[2025.03.25-01.07.54:254][916]LogAudioMixer: FMixerPlatformXAudio2::StartAudioStream() called
[2025.03.25-01.07.54:254][916]LogAudioMixer: Display: Output buffers initialized: Frames=1024, Channels=2, Samples=2048
[2025.03.25-01.07.54:257][916]LogAudioMixer: Display: Starting AudioMixerPlatformInterface::RunInternal()
[2025.03.25-01.07.54:257][916]LogAudioMixer: Display: FMixerPlatformXAudio2::SubmitBuffer() called for the first time
[2025.03.25-01.07.54:257][916]LogInit: FAudioDevice initialized.
[2025.03.25-01.07.54:257][916]LogAudio: Display: Audio Device (ID: 15) registered with world 'ThirdPersonExampleMap'.
[2025.03.25-01.07.54:315][916]LogSlate: Updating window title bar state: overlay mode, drag disabled, window buttons hidden, title bar hidden
[2025.03.25-01.07.54:317][916]LogLoad: Game class is 'ThirdPersonGameMode_C'
[2025.03.25-01.07.54:322][916]LogWorld: Bringing World /Game/ThirdPersonBP/Maps/UEDPIE_0_ThirdPersonExampleMap.ThirdPersonExampleMap up for play (max tick rate 60) at 2025.03.25-09.07.54
[2025.03.25-01.07.54:323][916]LogWorld: Bringing up level for play took: 0.004703
[2025.03.25-01.07.54:323][916]LogOnline: OSS: Creating online subsystem instance for: :Context_26
[2025.03.25-01.07.54:326][916]LogGameMode: FindPlayerStart: PATHS NOT DEFINED or NO PLAYERSTART with positive rating
[2025.03.25-01.07.54:331][916]PIE: Server logged in
[2025.03.25-01.07.54:333][916]PIE: Play in editor total start time 0.212 seconds.
[2025.03.25-01.08.00:389][ 89]LogSlate: Updating window title bar state: overlay mode, drag disabled, window buttons hidden, title bar hidden
[2025.03.25-01.08.00:389][ 89]LogWorld: BeginTearingDown for /Game/ThirdPersonBP/Maps/UEDPIE_0_ThirdPersonExampleMap
[2025.03.25-01.08.00:391][ 89]LogSlate: Window 'room_escape Preview [NetMode: Standalone]  (64-bit/Windows) ' being destroyed
[2025.03.25-01.08.00:439][ 89]LogWorld: UWorld::CleanupWorld for ThirdPersonExampleMap, bSessionEnded=true, bCleanupResources=true
[2025.03.25-01.08.00:441][ 89]LogSlate: InvalidateAllWidgets triggered.  All widgets were invalidated
[2025.03.25-01.08.00:467][ 89]LogPlayLevel: Display: Shutting down PIE online subsystems
[2025.03.25-01.08.00:489][ 89]LogSlate: InvalidateAllWidgets triggered.  All widgets were invalidated
[2025.03.25-01.08.00:558][ 89]LogAudioMixer: FMixerPlatformXAudio2::StopAudioStream() called
[2025.03.25-01.08.00:560][ 89]LogAudioMixer: FMixerPlatformXAudio2::StopAudioStream() called
[2025.03.25-01.08.00:580][ 89]LogUObjectHash: Compacting FUObjectHashTables data took   5.76ms
[2025.03.25-01.08.00:668][ 90]LogPlayLevel: Display: Destroying online subsystem :Context_26
[2025.03.25-01.08.33:744][773]LogWorld: UWorld::CleanupWorld for World_3, bSessionEnded=true, bCleanupResources=true
[2025.03.25-01.08.33:744][773]LogSlate: InvalidateAllWidgets triggered.  All widgets were invalidated
[2025.03.25-01.11.51:305][318]LogUObjectHash: Compacting FUObjectHashTables data took   9.02ms
[2025.03.25-01.11.51:376][318]LogSavePackage: Moving '../../../../../../project/UE/room_escape/Saved/ThirdPersonExampleMap_Auto2A12BC0A94286AB16DCB1E68BC7BF96E4.tmp' to '../../../../../../project/UE/room_escape/Saved/Autosaves/Game/ThirdPersonBP/Maps/ThirdPersonExampleMap_Auto2.umap'
[2025.03.25-01.11.51:378][318]LogFileHelpers: Editor autosave (incl. external actors) for '/Game/ThirdPersonBP/Maps/ThirdPersonExampleMap' took 0.188
[2025.03.25-01.11.51:378][318]LogFileHelpers: Editor autosave (incl. sublevels & external actors) for all levels took 0.188
[2025.03.25-01.11.51:379][318]OBJ SavePackage: Generating thumbnails for [0] asset(s) in package [/Game/BP/Second/BP_Button] ([2] browsable assets)...
[2025.03.25-01.11.51:379][318]OBJ SavePackage: Finished generating thumbnails for package [/Game/BP/Second/BP_Button]
[2025.03.25-01.11.51:380][318]Cmd: OBJ SAVEPACKAGE PACKAGE="/Game/BP/Second/BP_Button" FILE="../../../../../../project/UE/room_escape/Saved/Autosaves/Game/BP/Second/BP_Button_Auto2.uasset" SILENT=false AUTOSAVING=true
[2025.03.25-01.11.51:441][318]LogSavePackage: Moving '../../../../../../project/UE/room_escape/Saved/BP_Button_Auto21A03DEBE4AE344856B1E32AE49EEB4D4.tmp' to '../../../../../../project/UE/room_escape/Saved/Autosaves/Game/BP/Second/BP_Button_Auto2.uasset'
[2025.03.25-01.11.51:443][318]OBJ SavePackage: Generating thumbnails for [2] asset(s) in package [/Game/BP/Second/BP_MagicWall] ([2] browsable assets)...
[2025.03.25-01.11.51:491][318]OBJ SavePackage:     Rendered thumbnail for [Blueprint /Game/BP/Second/BP_MagicWall.BP_MagicWall]
[2025.03.25-01.11.51:491][318]OBJ SavePackage: Finished generating thumbnails for package [/Game/BP/Second/BP_MagicWall]
[2025.03.25-01.11.51:491][318]Cmd: OBJ SAVEPACKAGE PACKAGE="/Game/BP/Second/BP_MagicWall" FILE="../../../../../../project/UE/room_escape/Saved/Autosaves/Game/BP/Second/BP_MagicWall_Auto2.uasset" SILENT=false AUTOSAVING=true
[2025.03.25-01.11.51:530][318]LogSavePackage: Moving '../../../../../../project/UE/room_escape/Saved/BP_MagicWall_Auto244D2355E47E0097B8829C6BE647EA1D4.tmp' to '../../../../../../project/UE/room_escape/Saved/Autosaves/Game/BP/Second/BP_MagicWall_Auto2.uasset'
[2025.03.25-01.11.51:531][318]LogFileHelpers: Auto-saving content packages took 0.153
[2025.03.25-01.25.40:065][298]LogEditorViewport: Clicking on Actor (LMB): BP_MagicWall_C (BP_MagicWall)
[2025.03.25-01.25.45:916][442]LogEditorViewport: Clicking on Actor (LMB): StaticMeshActor (Wall21)
[2025.03.25-01.25.47:022][489]LogEditorViewport: Clicking on Actor (LMB): BP_MagicWall_C (BP_MagicWall)
[2025.03.25-01.26.10:922][677]LogTemp: Repeating last play command: Selected Viewport
[2025.03.25-01.26.10:932][677]LogPlayLevel: PlayLevel: No blueprints needed recompiling
[2025.03.25-01.26.10:933][677]PIE: New page: PIE session: ThirdPersonExampleMap (2025年3月25日 下午5:26:10)
[2025.03.25-01.26.10:933][677]LogPlayLevel: Creating play world package: /Game/ThirdPersonBP/Maps/UEDPIE_0_ThirdPersonExampleMap
[2025.03.25-01.26.10:962][677]LogPlayLevel: PIE: StaticDuplicateObject took: (0.028876s)
[2025.03.25-01.26.10:964][677]LogAIModule: Creating AISystem for world ThirdPersonExampleMap
[2025.03.25-01.26.10:964][677]LogPlayLevel: PIE: World Init took: (0.001962s)
[2025.03.25-01.26.10:964][677]LogPlayLevel: PIE: Created PIE world by copying editor world from /Game/ThirdPersonBP/Maps/ThirdPersonExampleMap.ThirdPersonExampleMap to /Game/ThirdPersonBP/Maps/UEDPIE_0_ThirdPersonExampleMap.ThirdPersonExampleMap (0.031039s)
[2025.03.25-01.26.11:033][677]LogUObjectHash: Compacting FUObjectHashTables data took   3.48ms
[2025.03.25-01.26.11:045][677]LogAudio: Display: Creating Audio Device:                 Id: 16, Scope: Unique, Realtime: True
[2025.03.25-01.26.11:045][677]LogAudioMixer: Display: Audio Mixer Platform Settings:
[2025.03.25-01.26.11:045][677]LogAudioMixer: Display: 	Sample Rate:						  48000
[2025.03.25-01.26.11:045][677]LogAudioMixer: Display: 	Callback Buffer Frame Size Requested: 1024
[2025.03.25-01.26.11:045][677]LogAudioMixer: Display: 	Callback Buffer Frame Size To Use:	  1024
[2025.03.25-01.26.11:045][677]LogAudioMixer: Display: 	Number of buffers to queue:			  2
[2025.03.25-01.26.11:045][677]LogAudioMixer: Display: 	Max Channels (voices):				  32
[2025.03.25-01.26.11:045][677]LogAudioMixer: Display: 	Number of Async Source Workers:		  0
[2025.03.25-01.26.11:045][677]LogAudio: Display: AudioDevice MaxSources: 32
[2025.03.25-01.26.11:046][677]LogAudio: Display: Audio Spatialization Plugin: None (built-in).
[2025.03.25-01.26.11:046][677]LogAudio: Display: Audio Reverb Plugin: None (built-in).
[2025.03.25-01.26.11:046][677]LogAudio: Display: Audio Occlusion Plugin: None (built-in).
[2025.03.25-01.26.11:046][677]LogAudioMixer: Display: Initializing audio mixer.
[2025.03.25-01.26.11:051][677]LogAudioMixer: Display: 0: FrontLeft
[2025.03.25-01.26.11:051][677]LogAudioMixer: Display: 1: FrontRight
[2025.03.25-01.26.11:128][677]LogAudioMixer: Display: Using Audio Device 扬声器 (适用于 I2S 音频的英特尔® 智音技术)
[2025.03.25-01.26.11:128][677]LogAudioMixer: Display: Initializing Sound Submixes...
[2025.03.25-01.26.11:128][677]LogAudioMixer: Display: Creating Master Submix 'MasterSubmixDefault'
[2025.03.25-01.26.11:129][677]LogAudioMixer: Display: Creating Master Submix 'MasterReverbSubmixDefault'
[2025.03.25-01.26.11:130][677]LogAudioMixer: Display: Creating Master Submix 'MasterEQSubmixDefault'
[2025.03.25-01.26.11:130][677]LogAudioMixer: FMixerPlatformXAudio2::StartAudioStream() called
[2025.03.25-01.26.11:130][677]LogAudioMixer: Display: Output buffers initialized: Frames=1024, Channels=2, Samples=2048
[2025.03.25-01.26.11:132][677]LogAudioMixer: Display: Starting AudioMixerPlatformInterface::RunInternal()
[2025.03.25-01.26.11:132][677]LogAudioMixer: Display: FMixerPlatformXAudio2::SubmitBuffer() called for the first time
[2025.03.25-01.26.11:132][677]LogInit: FAudioDevice initialized.
[2025.03.25-01.26.11:132][677]LogAudio: Display: Audio Device (ID: 16) registered with world 'ThirdPersonExampleMap'.
[2025.03.25-01.26.11:147][677]LogLoad: Game class is 'ThirdPersonGameMode_C'
[2025.03.25-01.26.11:152][677]LogWorld: Bringing World /Game/ThirdPersonBP/Maps/UEDPIE_0_ThirdPersonExampleMap.ThirdPersonExampleMap up for play (max tick rate 0) at 2025.03.25-09.26.11
[2025.03.25-01.26.11:153][677]LogWorld: Bringing up level for play took: 0.005066
[2025.03.25-01.26.11:153][677]LogOnline: OSS: Creating online subsystem instance for: :Context_27
[2025.03.25-01.26.11:156][677]PIE: Server logged in
[2025.03.25-01.26.11:158][677]PIE: Play in editor total start time 0.228 seconds.
[2025.03.25-01.26.21:057][368]LogBlueprintUserMessages: [BP_MagicWall_5] 滞留当前关卡
[2025.03.25-01.26.21:945][425]LogBlueprintUserMessages: [BP_MagicWall_5] 滞留当前关卡
[2025.03.25-01.26.30:553][  4]LogSlate: Updating window title bar state: overlay mode, drag disabled, window buttons hidden, title bar hidden
[2025.03.25-01.26.30:553][  4]LogWorld: BeginTearingDown for /Game/ThirdPersonBP/Maps/UEDPIE_0_ThirdPersonExampleMap
[2025.03.25-01.26.30:553][  4]LogWorld: UWorld::CleanupWorld for ThirdPersonExampleMap, bSessionEnded=true, bCleanupResources=true
[2025.03.25-01.26.30:555][  4]LogSlate: InvalidateAllWidgets triggered.  All widgets were invalidated
[2025.03.25-01.26.30:590][  4]LogPlayLevel: Display: Shutting down PIE online subsystems
[2025.03.25-01.26.30:607][  4]LogSlate: InvalidateAllWidgets triggered.  All widgets were invalidated
[2025.03.25-01.26.30:652][  4]LogAudio: Display: Audio Device unregistered from world 'None'.
[2025.03.25-01.26.30:653][  4]LogAudioMixer: FMixerPlatformXAudio2::StopAudioStream() called
[2025.03.25-01.26.30:655][  4]LogAudioMixer: FMixerPlatformXAudio2::StopAudioStream() called
[2025.03.25-01.26.30:662][  4]LogSlate: Updating window title bar state: overlay mode, drag disabled, window buttons hidden, title bar hidden
[2025.03.25-01.26.30:669][  4]LogUObjectHash: Compacting FUObjectHashTables data took   4.57ms
[2025.03.25-01.26.30:722][  5]LogPlayLevel: Display: Destroying online subsystem :Context_27
[2025.03.25-01.26.33:978][153]LogEditorViewport: Clicking on Actor (context menu): StaticMeshActor (Wall15)
[2025.03.25-01.26.34:740][179]LogEditorViewport: Clicking on Actor (LMB): StaticMeshActor (Wall_400x301)
[2025.03.25-01.26.35:683][218]LogTemp: Repeating last play command: Selected Viewport
[2025.03.25-01.26.35:693][218]LogPlayLevel: PlayLevel: No blueprints needed recompiling
[2025.03.25-01.26.35:694][218]PIE: New page: PIE session: ThirdPersonExampleMap (2025年3月25日 下午5:26:35)
[2025.03.25-01.26.35:694][218]LogPlayLevel: Creating play world package: /Game/ThirdPersonBP/Maps/UEDPIE_0_ThirdPersonExampleMap
[2025.03.25-01.26.35:725][218]LogPlayLevel: PIE: StaticDuplicateObject took: (0.029964s)
[2025.03.25-01.26.35:726][218]LogAIModule: Creating AISystem for world ThirdPersonExampleMap
[2025.03.25-01.26.35:727][218]LogPlayLevel: PIE: World Init took: (0.001880s)
[2025.03.25-01.26.35:727][218]LogPlayLevel: PIE: Created PIE world by copying editor world from /Game/ThirdPersonBP/Maps/ThirdPersonExampleMap.ThirdPersonExampleMap to /Game/ThirdPersonBP/Maps/UEDPIE_0_ThirdPersonExampleMap.ThirdPersonExampleMap (0.032221s)
[2025.03.25-01.26.35:755][218]LogUObjectHash: Compacting FUObjectHashTables data took   3.46ms
[2025.03.25-01.26.35:758][218]LogAudio: Display: Creating Audio Device:                 Id: 17, Scope: Unique, Realtime: True
[2025.03.25-01.26.35:758][218]LogAudioMixer: Display: Audio Mixer Platform Settings:
[2025.03.25-01.26.35:758][218]LogAudioMixer: Display: 	Sample Rate:						  48000
[2025.03.25-01.26.35:758][218]LogAudioMixer: Display: 	Callback Buffer Frame Size Requested: 1024
[2025.03.25-01.26.35:758][218]LogAudioMixer: Display: 	Callback Buffer Frame Size To Use:	  1024
[2025.03.25-01.26.35:758][218]LogAudioMixer: Display: 	Number of buffers to queue:			  2
[2025.03.25-01.26.35:758][218]LogAudioMixer: Display: 	Max Channels (voices):				  32
[2025.03.25-01.26.35:758][218]LogAudioMixer: Display: 	Number of Async Source Workers:		  0
[2025.03.25-01.26.35:758][218]LogAudio: Display: AudioDevice MaxSources: 32
[2025.03.25-01.26.35:759][218]LogAudio: Display: Audio Spatialization Plugin: None (built-in).
[2025.03.25-01.26.35:759][218]LogAudio: Display: Audio Reverb Plugin: None (built-in).
[2025.03.25-01.26.35:759][218]LogAudio: Display: Audio Occlusion Plugin: None (built-in).
[2025.03.25-01.26.35:759][218]LogAudioMixer: Display: Initializing audio mixer.
[2025.03.25-01.26.35:762][218]LogAudioMixer: Display: 0: FrontLeft
[2025.03.25-01.26.35:762][218]LogAudioMixer: Display: 1: FrontRight
[2025.03.25-01.26.35:812][218]LogAudioMixer: Display: Using Audio Device 扬声器 (适用于 I2S 音频的英特尔® 智音技术)
[2025.03.25-01.26.35:812][218]LogAudioMixer: Display: Initializing Sound Submixes...
[2025.03.25-01.26.35:812][218]LogAudioMixer: Display: Creating Master Submix 'MasterSubmixDefault'
[2025.03.25-01.26.35:812][218]LogAudioMixer: Display: Creating Master Submix 'MasterReverbSubmixDefault'
[2025.03.25-01.26.35:813][218]LogAudioMixer: Display: Creating Master Submix 'MasterEQSubmixDefault'
[2025.03.25-01.26.35:813][218]LogAudioMixer: FMixerPlatformXAudio2::StartAudioStream() called
[2025.03.25-01.26.35:813][218]LogAudioMixer: Display: Output buffers initialized: Frames=1024, Channels=2, Samples=2048
[2025.03.25-01.26.35:815][218]LogAudioMixer: Display: Starting AudioMixerPlatformInterface::RunInternal()
[2025.03.25-01.26.35:815][218]LogAudioMixer: Display: FMixerPlatformXAudio2::SubmitBuffer() called for the first time
[2025.03.25-01.26.35:815][218]LogInit: FAudioDevice initialized.
[2025.03.25-01.26.35:815][218]LogAudio: Display: Audio Device (ID: 17) registered with world 'ThirdPersonExampleMap'.
[2025.03.25-01.26.35:828][218]LogLoad: Game class is 'ThirdPersonGameMode_C'
[2025.03.25-01.26.35:833][218]LogWorld: Bringing World /Game/ThirdPersonBP/Maps/UEDPIE_0_ThirdPersonExampleMap.ThirdPersonExampleMap up for play (max tick rate 0) at 2025.03.25-09.26.35
[2025.03.25-01.26.35:833][218]LogWorld: Bringing up level for play took: 0.004815
[2025.03.25-01.26.35:833][218]LogOnline: OSS: Creating online subsystem instance for: :Context_28
[2025.03.25-01.26.35:836][218]PIE: Server logged in
[2025.03.25-01.26.35:839][218]PIE: Play in editor total start time 0.147 seconds.
[2025.03.25-01.26.46:992][959]LogSlate: Updating window title bar state: overlay mode, drag disabled, window buttons hidden, title bar hidden
[2025.03.25-01.26.46:992][959]LogWorld: BeginTearingDown for /Game/ThirdPersonBP/Maps/UEDPIE_0_ThirdPersonExampleMap
[2025.03.25-01.26.46:992][959]LogWorld: UWorld::CleanupWorld for ThirdPersonExampleMap, bSessionEnded=true, bCleanupResources=true
[2025.03.25-01.26.46:993][959]LogSlate: InvalidateAllWidgets triggered.  All widgets were invalidated
[2025.03.25-01.26.47:011][959]LogPlayLevel: Display: Shutting down PIE online subsystems
[2025.03.25-01.26.47:046][959]LogSlate: InvalidateAllWidgets triggered.  All widgets were invalidated
[2025.03.25-01.26.47:086][959]LogAudio: Display: Audio Device unregistered from world 'None'.
[2025.03.25-01.26.47:086][959]LogAudioMixer: FMixerPlatformXAudio2::StopAudioStream() called
[2025.03.25-01.26.47:088][959]LogAudioMixer: FMixerPlatformXAudio2::StopAudioStream() called
[2025.03.25-01.26.47:095][959]LogSlate: Updating window title bar state: overlay mode, drag disabled, window buttons hidden, title bar hidden
[2025.03.25-01.26.47:101][959]LogUObjectHash: Compacting FUObjectHashTables data took   3.82ms
[2025.03.25-01.26.47:168][960]LogPlayLevel: Display: Destroying online subsystem :Context_28
[2025.03.25-01.27.27:816][158]BlueprintLog: New page: Compile BP_Button
[2025.03.25-01.27.27:886][158]LogUObjectHash: Compacting FUObjectHashTables data took   3.79ms
[2025.03.25-01.27.28:850][200]LogTemp: Repeating last play command: Selected Viewport
[2025.03.25-01.27.28:856][200]LogPlayLevel: PlayLevel: No blueprints needed recompiling
[2025.03.25-01.27.28:856][200]PIE: New page: PIE session: ThirdPersonExampleMap (2025年3月25日 下午5:27:28)
[2025.03.25-01.27.28:856][200]LogPlayLevel: Creating play world package: /Game/ThirdPersonBP/Maps/UEDPIE_0_ThirdPersonExampleMap
[2025.03.25-01.27.28:876][200]LogPlayLevel: PIE: StaticDuplicateObject took: (0.018801s)
[2025.03.25-01.27.28:877][200]LogAIModule: Creating AISystem for world ThirdPersonExampleMap
[2025.03.25-01.27.28:878][200]LogPlayLevel: PIE: World Init took: (0.001398s)
[2025.03.25-01.27.28:878][200]LogPlayLevel: PIE: Created PIE world by copying editor world from /Game/ThirdPersonBP/Maps/ThirdPersonExampleMap.ThirdPersonExampleMap to /Game/ThirdPersonBP/Maps/UEDPIE_0_ThirdPersonExampleMap.ThirdPersonExampleMap (0.020382s)
[2025.03.25-01.27.28:920][200]LogUObjectHash: Compacting FUObjectHashTables data took   5.42ms
[2025.03.25-01.27.28:921][200]LogAudio: Display: Creating Audio Device:                 Id: 18, Scope: Unique, Realtime: True
[2025.03.25-01.27.28:921][200]LogAudioMixer: Display: Audio Mixer Platform Settings:
[2025.03.25-01.27.28:921][200]LogAudioMixer: Display: 	Sample Rate:						  48000
[2025.03.25-01.27.28:921][200]LogAudioMixer: Display: 	Callback Buffer Frame Size Requested: 1024
[2025.03.25-01.27.28:921][200]LogAudioMixer: Display: 	Callback Buffer Frame Size To Use:	  1024
[2025.03.25-01.27.28:921][200]LogAudioMixer: Display: 	Number of buffers to queue:			  2
[2025.03.25-01.27.28:921][200]LogAudioMixer: Display: 	Max Channels (voices):				  32
[2025.03.25-01.27.28:921][200]LogAudioMixer: Display: 	Number of Async Source Workers:		  0
[2025.03.25-01.27.28:921][200]LogAudio: Display: AudioDevice MaxSources: 32
[2025.03.25-01.27.28:922][200]LogAudio: Display: Audio Spatialization Plugin: None (built-in).
[2025.03.25-01.27.28:922][200]LogAudio: Display: Audio Reverb Plugin: None (built-in).
[2025.03.25-01.27.28:922][200]LogAudio: Display: Audio Occlusion Plugin: None (built-in).
[2025.03.25-01.27.28:922][200]LogAudioMixer: Display: Initializing audio mixer.
[2025.03.25-01.27.28:930][200]LogAudioMixer: Display: 0: FrontLeft
[2025.03.25-01.27.28:930][200]LogAudioMixer: Display: 1: FrontRight
[2025.03.25-01.27.29:007][200]LogAudioMixer: Display: Using Audio Device 扬声器 (适用于 I2S 音频的英特尔® 智音技术)
[2025.03.25-01.27.29:008][200]LogAudioMixer: Display: Initializing Sound Submixes...
[2025.03.25-01.27.29:008][200]LogAudioMixer: Display: Creating Master Submix 'MasterSubmixDefault'
[2025.03.25-01.27.29:008][200]LogAudioMixer: Display: Creating Master Submix 'MasterReverbSubmixDefault'
[2025.03.25-01.27.29:008][200]LogAudioMixer: Display: Creating Master Submix 'MasterEQSubmixDefault'
[2025.03.25-01.27.29:008][200]LogAudioMixer: FMixerPlatformXAudio2::StartAudioStream() called
[2025.03.25-01.27.29:008][200]LogAudioMixer: Display: Output buffers initialized: Frames=1024, Channels=2, Samples=2048
[2025.03.25-01.27.29:010][200]LogAudioMixer: Display: Starting AudioMixerPlatformInterface::RunInternal()
[2025.03.25-01.27.29:010][200]LogAudioMixer: Display: FMixerPlatformXAudio2::SubmitBuffer() called for the first time
[2025.03.25-01.27.29:010][200]LogInit: FAudioDevice initialized.
[2025.03.25-01.27.29:010][200]LogAudio: Display: Audio Device (ID: 18) registered with world 'ThirdPersonExampleMap'.
[2025.03.25-01.27.29:050][200]LogSlate: Updating window title bar state: overlay mode, drag disabled, window buttons hidden, title bar hidden
[2025.03.25-01.27.29:050][200]LogLoad: Game class is 'ThirdPersonGameMode_C'
[2025.03.25-01.27.29:054][200]LogWorld: Bringing World /Game/ThirdPersonBP/Maps/UEDPIE_0_ThirdPersonExampleMap.ThirdPersonExampleMap up for play (max tick rate 0) at 2025.03.25-09.27.29
[2025.03.25-01.27.29:056][200]LogWorld: Bringing up level for play took: 0.003999
[2025.03.25-01.27.29:056][200]LogOnline: OSS: Creating online subsystem instance for: :Context_29
[2025.03.25-01.27.29:058][200]LogGameMode: FindPlayerStart: PATHS NOT DEFINED or NO PLAYERSTART with positive rating
[2025.03.25-01.27.29:063][200]PIE: Server logged in
[2025.03.25-01.27.29:066][200]PIE: Play in editor total start time 0.21 seconds.
[2025.03.25-01.27.37:898][438]LogBlueprintUserMessages: [BP_MagicWall_5] 滞留当前关卡
[2025.03.25-01.27.38:702][456]LogSlate: Updating window title bar state: overlay mode, drag disabled, window buttons hidden, title bar hidden
[2025.03.25-01.27.38:702][456]LogWorld: BeginTearingDown for /Game/ThirdPersonBP/Maps/UEDPIE_0_ThirdPersonExampleMap
[2025.03.25-01.27.38:703][456]LogSlate: Window 'room_escape Preview [NetMode: Standalone]  (64-bit/Windows) ' being destroyed
[2025.03.25-01.27.38:756][456]LogWorld: UWorld::CleanupWorld for ThirdPersonExampleMap, bSessionEnded=true, bCleanupResources=true
[2025.03.25-01.27.38:758][456]LogSlate: InvalidateAllWidgets triggered.  All widgets were invalidated
[2025.03.25-01.27.38:796][456]LogPlayLevel: Display: Shutting down PIE online subsystems
[2025.03.25-01.27.38:818][456]LogSlate: InvalidateAllWidgets triggered.  All widgets were invalidated
[2025.03.25-01.27.38:871][456]LogAudio: Display: Audio Device unregistered from world 'None'.
[2025.03.25-01.27.38:871][456]LogAudioMixer: FMixerPlatformXAudio2::StopAudioStream() called
[2025.03.25-01.27.38:873][456]LogAudioMixer: FMixerPlatformXAudio2::StopAudioStream() called
[2025.03.25-01.27.38:890][456]LogUObjectHash: Compacting FUObjectHashTables data took   6.59ms
[2025.03.25-01.27.38:975][457]LogPlayLevel: Display: Destroying online subsystem :Context_29
[2025.03.25-01.28.05:804][196]LogUObjectHash: Compacting FUObjectHashTables data took   1.54ms
[2025.03.25-01.28.05:846][196]LogSavePackage: Moving '../../../../../../project/UE/room_escape/Saved/ThirdPersonExampleMap_Auto3A2F070A246A0CFD091A0C7AA28927C58.tmp' to '../../../../../../project/UE/room_escape/Saved/Autosaves/Game/ThirdPersonBP/Maps/ThirdPersonExampleMap_Auto3.umap'
[2025.03.25-01.28.05:848][196]LogFileHelpers: Editor autosave (incl. external actors) for '/Game/ThirdPersonBP/Maps/ThirdPersonExampleMap' took 0.068
[2025.03.25-01.28.05:848][196]LogFileHelpers: Editor autosave (incl. sublevels & external actors) for all levels took 0.068
[2025.03.25-01.28.05:848][196]OBJ SavePackage: Generating thumbnails for [0] asset(s) in package [/Game/BP/Second/BP_Button] ([2] browsable assets)...
[2025.03.25-01.28.05:848][196]OBJ SavePackage: Finished generating thumbnails for package [/Game/BP/Second/BP_Button]
[2025.03.25-01.28.05:848][196]Cmd: OBJ SAVEPACKAGE PACKAGE="/Game/BP/Second/BP_Button" FILE="../../../../../../project/UE/room_escape/Saved/Autosaves/Game/BP/Second/BP_Button_Auto3.uasset" SILENT=false AUTOSAVING=true
[2025.03.25-01.28.05:874][196]LogSavePackage: Moving '../../../../../../project/UE/room_escape/Saved/BP_Button_Auto3259E637246B7F56353D53086FBBEA549.tmp' to '../../../../../../project/UE/room_escape/Saved/Autosaves/Game/BP/Second/BP_Button_Auto3.uasset'
[2025.03.25-01.28.05:880][196]OBJ SavePackage: Generating thumbnails for [2] asset(s) in package [/Game/BP/Second/BP_MagicWall] ([2] browsable assets)...
[2025.03.25-01.28.05:931][196]OBJ SavePackage:     Rendered thumbnail for [Blueprint /Game/BP/Second/BP_MagicWall.BP_MagicWall]
[2025.03.25-01.28.05:931][196]OBJ SavePackage: Finished generating thumbnails for package [/Game/BP/Second/BP_MagicWall]
[2025.03.25-01.28.05:931][196]Cmd: OBJ SAVEPACKAGE PACKAGE="/Game/BP/Second/BP_MagicWall" FILE="../../../../../../project/UE/room_escape/Saved/Autosaves/Game/BP/Second/BP_MagicWall_Auto3.uasset" SILENT=false AUTOSAVING=true
[2025.03.25-01.28.05:961][196]LogSavePackage: Moving '../../../../../../project/UE/room_escape/Saved/BP_MagicWall_Auto36D1292CD4FB9F9CBB31E1F80D6116224.tmp' to '../../../../../../project/UE/room_escape/Saved/Autosaves/Game/BP/Second/BP_MagicWall_Auto3.uasset'
[2025.03.25-01.28.05:961][196]LogFileHelpers: Auto-saving content packages took 0.114
[2025.03.25-01.29.45:841][461]LogEditorTransaction: Undo Delete current selection
[2025.03.25-01.30.20:495][512]BlueprintLog: New page: Compile BP_Button
[2025.03.25-01.30.20:537][512]LogUObjectHash: Compacting FUObjectHashTables data took   1.77ms
[2025.03.25-01.30.27:701][861]LogEditorViewport: Clicking on Actor (LMB): BP_Button_C (BP_Button)
[2025.03.25-01.30.35:233][181]LogUObjectHash: Compacting FUObjectHashTables data took   3.62ms
[2025.03.25-01.30.36:572][181]LogSlate: Window 'Save Content' being destroyed
[2025.03.25-01.30.36:612][181]Cmd: OBJ SAVEPACKAGE PACKAGE="/Game/BP/Second/BP_Button" FILE="../../../../../../project/UE/room_escape/Content/BP/Second/BP_Button.uasset" SILENT=true
[2025.03.25-01.30.36:625][181]LogSavePackage: Moving '../../../../../../project/UE/room_escape/Saved/BP_ButtonEEAB5EB14B0E4ACC360E48A7B57CD798.tmp' to '../../../../../../project/UE/room_escape/Content/BP/Second/BP_Button.uasset'
[2025.03.25-01.30.36:669][181]Cmd: OBJ SAVEPACKAGE PACKAGE="/Game/BP/Second/BP_MagicWall" FILE="../../../../../../project/UE/room_escape/Content/BP/Second/BP_MagicWall.uasset" SILENT=true
[2025.03.25-01.30.36:681][181]LogSavePackage: Moving '../../../../../../project/UE/room_escape/Saved/BP_MagicWallBBC860DF44240D31097764B6187D3435.tmp' to '../../../../../../project/UE/room_escape/Content/BP/Second/BP_MagicWall.uasset'
[2025.03.25-01.30.36:701][181]LogUObjectHash: Compacting FUObjectHashTables data took   0.36ms
[2025.03.25-01.30.36:729][181]LogSavePackage: Moving '../../../../../../project/UE/room_escape/Saved/ThirdPersonExampleMapD5EA1C4847BA2DA067D61C9BE3E66B1F.tmp' to '../../../../../../project/UE/room_escape/Content/ThirdPersonBP/Maps/ThirdPersonExampleMap.umap'
[2025.03.25-01.30.36:734][181]LogFileHelpers: Saving map 'ThirdPersonExampleMap' took 0.053
[2025.03.25-01.30.36:750][181]AssetCheck: New page: Asset Save: multiple assets
[2025.03.25-01.30.36:750][181]LogContentValidation: Display: Validating Blueprint /Game/BP/Second/BP_Button.BP_Button
[2025.03.25-01.30.36:750][181]LogContentValidation: Display: Validating Blueprint /Game/BP/Second/BP_MagicWall.BP_MagicWall
[2025.03.25-01.30.36:750][181]LogContentValidation: Display: Validating World /Game/ThirdPersonBP/Maps/ThirdPersonExampleMap.ThirdPersonExampleMap
[2025.03.25-01.33.24:880][217]LogEditorViewport: Clicking on Actor (LMB): StaticMeshActor (Wall16)
[2025.03.25-01.33.25:606][240]LogEditorViewport: Clicking on Actor (LMB): BP_Button_C (BP_Button)
[2025.03.25-01.33.52:190][105]LogEditorViewport: Clicking on Actor (LMB): BP_Button_C (BP_Button)
[2025.03.25-01.33.54:773][188]LogEditorViewport: Clicking on Actor (LMB): StaticMeshActor (Wall16)
[2025.03.25-01.33.55:481][210]LogEditorViewport: Clicking on Actor (LMB): StaticMeshActor (Wall16)
[2025.03.25-01.33.56:079][229]LogEditorViewport: Clicking on Actor (LMB): BP_Button_C (BP_Button)
[2025.03.25-01.33.59:680][345]LogEditorViewport: Clicking on Actor (LMB): StaticMeshActor (Wall16)
[2025.03.25-01.34.00:344][365]LogEditorViewport: Clicking on Actor (LMB): StaticMeshActor (Wall16)
[2025.03.25-01.34.00:987][385]LogEditorViewport: Clicking on Actor (LMB): BP_Button_C (BP_Button)
[2025.03.25-01.34.34:222][483]LogEditorViewport: Clicking on Actor (LMB): StaticMeshActor (Wall16)
[2025.03.25-01.34.38:263][608]LogEditorViewport: Clicking on Actor (LMB): StaticMeshActor (Wall16)
[2025.03.25-01.34.38:665][620]LogEditorViewport: Clicking on Actor (LMB): BP_Button_C (BP_Button)
[2025.03.25-01.34.51:092][ 20]LogEditorViewport: Clicking on Actor (LMB): StaticMeshActor (Wall16)
[2025.03.25-01.34.56:683][155]LogEditorViewport: Clicking on Actor (LMB): StaticMeshActor (Floor2)
[2025.03.25-01.34.58:040][197]LogEditorViewport: Clicking on Actor (LMB): StaticMeshActor (Wall16)
[2025.03.25-01.35.38:913][ 53]Cmd: TRANSACTION UNDO
[2025.03.25-01.35.38:913][ 53]LogEditorTransaction: Undo Set Location
[2025.03.25-01.35.46:563][281]LogTemp: Repeating last play command: Selected Viewport
[2025.03.25-01.35.46:572][281]BlueprintLog: New page: Pre-Play auto-recompile
[2025.03.25-01.35.46:576][281]LogPlayLevel: [PlayLevel] Compiling BP_Button before play...
[2025.03.25-01.35.46:652][281]LogPlayLevel: [PlayLevel] Compiling BP_MagicWall before play...
[2025.03.25-01.35.46:707][281]LogUObjectHash: Compacting FUObjectHashTables data took   2.70ms
[2025.03.25-01.35.46:714][281]LogPlayLevel: PlayLevel: Blueprint regeneration took 141 ms (2 blueprints)
[2025.03.25-01.35.46:714][281]PIE: New page: PIE session: ThirdPersonExampleMap (2025年3月25日 下午5:35:46)
[2025.03.25-01.35.46:714][281]LogPlayLevel: Creating play world package: /Game/ThirdPersonBP/Maps/UEDPIE_0_ThirdPersonExampleMap
[2025.03.25-01.35.46:727][281]LogPlayLevel: PIE: StaticDuplicateObject took: (0.012440s)
[2025.03.25-01.35.46:727][281]LogAIModule: Creating AISystem for world ThirdPersonExampleMap
[2025.03.25-01.35.46:728][281]LogPlayLevel: PIE: World Init took: (0.001048s)
[2025.03.25-01.35.46:728][281]LogPlayLevel: PIE: Created PIE world by copying editor world from /Game/ThirdPersonBP/Maps/ThirdPersonExampleMap.ThirdPersonExampleMap to /Game/ThirdPersonBP/Maps/UEDPIE_0_ThirdPersonExampleMap.ThirdPersonExampleMap (0.013668s)
[2025.03.25-01.35.46:747][281]LogUObjectHash: Compacting FUObjectHashTables data took   1.69ms
[2025.03.25-01.35.46:748][281]LogAudio: Display: Creating Audio Device:                 Id: 19, Scope: Unique, Realtime: True
[2025.03.25-01.35.46:748][281]LogAudioMixer: Display: Audio Mixer Platform Settings:
[2025.03.25-01.35.46:748][281]LogAudioMixer: Display: 	Sample Rate:						  48000
[2025.03.25-01.35.46:748][281]LogAudioMixer: Display: 	Callback Buffer Frame Size Requested: 1024
[2025.03.25-01.35.46:748][281]LogAudioMixer: Display: 	Callback Buffer Frame Size To Use:	  1024
[2025.03.25-01.35.46:748][281]LogAudioMixer: Display: 	Number of buffers to queue:			  2
[2025.03.25-01.35.46:748][281]LogAudioMixer: Display: 	Max Channels (voices):				  32
[2025.03.25-01.35.46:748][281]LogAudioMixer: Display: 	Number of Async Source Workers:		  0
[2025.03.25-01.35.46:748][281]LogAudio: Display: AudioDevice MaxSources: 32
[2025.03.25-01.35.46:748][281]LogAudio: Display: Audio Spatialization Plugin: None (built-in).
[2025.03.25-01.35.46:748][281]LogAudio: Display: Audio Reverb Plugin: None (built-in).
[2025.03.25-01.35.46:748][281]LogAudio: Display: Audio Occlusion Plugin: None (built-in).
[2025.03.25-01.35.46:748][281]LogAudioMixer: Display: Initializing audio mixer.
[2025.03.25-01.35.46:752][281]LogAudioMixer: Display: 0: FrontLeft
[2025.03.25-01.35.46:752][281]LogAudioMixer: Display: 1: FrontRight
[2025.03.25-01.35.46:783][281]LogAudioMixer: Display: Using Audio Device 扬声器 (适用于 I2S 音频的英特尔® 智音技术)
[2025.03.25-01.35.46:783][281]LogAudioMixer: Display: Initializing Sound Submixes...
[2025.03.25-01.35.46:783][281]LogAudioMixer: Display: Creating Master Submix 'MasterSubmixDefault'
[2025.03.25-01.35.46:783][281]LogAudioMixer: Display: Creating Master Submix 'MasterReverbSubmixDefault'
[2025.03.25-01.35.46:785][281]LogAudioMixer: Display: Creating Master Submix 'MasterEQSubmixDefault'
[2025.03.25-01.35.46:785][281]LogAudioMixer: FMixerPlatformXAudio2::StartAudioStream() called
[2025.03.25-01.35.46:785][281]LogAudioMixer: Display: Output buffers initialized: Frames=1024, Channels=2, Samples=2048
[2025.03.25-01.35.46:786][281]LogAudioMixer: Display: Starting AudioMixerPlatformInterface::RunInternal()
[2025.03.25-01.35.46:786][281]LogAudioMixer: Display: FMixerPlatformXAudio2::SubmitBuffer() called for the first time
[2025.03.25-01.35.46:786][281]LogInit: FAudioDevice initialized.
[2025.03.25-01.35.46:786][281]LogAudio: Display: Audio Device (ID: 19) registered with world 'ThirdPersonExampleMap'.
[2025.03.25-01.35.46:798][281]LogLoad: Game class is 'ThirdPersonGameMode_C'
[2025.03.25-01.35.46:802][281]LogWorld: Bringing World /Game/ThirdPersonBP/Maps/UEDPIE_0_ThirdPersonExampleMap.ThirdPersonExampleMap up for play (max tick rate 60) at 2025.03.25-09.35.46
[2025.03.25-01.35.46:802][281]LogWorld: Bringing up level for play took: 0.002269
[2025.03.25-01.35.46:802][281]LogOnline: OSS: Creating online subsystem instance for: :Context_30
[2025.03.25-01.35.46:805][281]PIE: Server logged in
[2025.03.25-01.35.46:806][281]PIE: Play in editor total start time 0.236 seconds.
[2025.03.25-01.35.51:887][574]LogSlate: Updating window title bar state: overlay mode, drag disabled, window buttons hidden, title bar hidden
[2025.03.25-01.35.51:887][574]LogWorld: BeginTearingDown for /Game/ThirdPersonBP/Maps/UEDPIE_0_ThirdPersonExampleMap
[2025.03.25-01.35.51:887][574]LogWorld: UWorld::CleanupWorld for ThirdPersonExampleMap, bSessionEnded=true, bCleanupResources=true
[2025.03.25-01.35.51:887][574]LogSlate: InvalidateAllWidgets triggered.  All widgets were invalidated
[2025.03.25-01.35.51:901][574]LogPlayLevel: Display: Shutting down PIE online subsystems
[2025.03.25-01.35.51:917][574]LogSlate: InvalidateAllWidgets triggered.  All widgets were invalidated
[2025.03.25-01.35.51:940][574]LogSlate: Updating window title bar state: overlay mode, drag disabled, window buttons hidden, title bar hidden
[2025.03.25-01.35.51:940][574]LogAudioMixer: FMixerPlatformXAudio2::StopAudioStream() called
[2025.03.25-01.35.51:942][574]LogAudioMixer: FMixerPlatformXAudio2::StopAudioStream() called
[2025.03.25-01.35.51:947][574]LogUObjectHash: Compacting FUObjectHashTables data took   1.53ms
[2025.03.25-01.35.51:997][575]LogPlayLevel: Display: Destroying online subsystem :Context_30
[2025.03.25-01.36.04:945][987]LogEditorViewport: Clicking on Actor (LMB): BP_Button_C (BP_Button)
[2025.03.25-01.36.44:374][288]LogEditorViewport: Clicking on Actor (LMB): StaticMeshActor (Floor2)
[2025.03.25-01.36.45:099][309]LogEditorViewport: Clicking on Actor (LMB): StaticMeshActor (Floor2)
[2025.03.25-01.36.45:933][336]LogEditorViewport: Clicking on Actor (LMB): LightmassImportanceVolume (LightmassImportanceVolume)
[2025.03.25-01.36.46:568][355]LogEditorViewport: Clicking on Actor (LMB): BP_Button_C (BP_Button)
[2025.03.25-01.36.51:165][502]LogEditorViewport: Clicking on Actor (LMB): StaticMeshActor (Floor2)
[2025.03.25-01.36.52:133][530]LogEditorViewport: Clicking on Actor (LMB): StaticMeshActor (Wall16)
[2025.03.25-01.36.56:189][657]LogUObjectHash: Compacting FUObjectHashTables data took   1.77ms
[2025.03.25-01.36.56:223][657]LogSavePackage: Moving '../../../../../../project/UE/room_escape/Saved/ThirdPersonExampleMapFF0507944A4075210F438793456B55AA.tmp' to '../../../../../../project/UE/room_escape/Content/ThirdPersonBP/Maps/ThirdPersonExampleMap.umap'
[2025.03.25-01.36.56:362][657]LogSavePackage: Moving '../../../../../../project/UE/room_escape/Saved/ThirdPersonExampleMap_BuiltDataC159A3B246836CA94F08B4B7C2940E6A.tmp' to '../../../../../../project/UE/room_escape/Content/ThirdPersonBP/Maps/ThirdPersonExampleMap_BuiltData.uasset'
[2025.03.25-01.36.56:376][657]AssetCheck: New page: Asset Save: multiple assets
[2025.03.25-01.36.56:376][657]LogContentValidation: Display: Validating MapBuildDataRegistry /Game/ThirdPersonBP/Maps/ThirdPersonExampleMap_BuiltData.ThirdPersonExampleMap_BuiltData
[2025.03.25-01.36.56:376][657]LogContentValidation: Display: Validating World /Game/ThirdPersonBP/Maps/ThirdPersonExampleMap.ThirdPersonExampleMap
[2025.03.25-01.36.57:300][687]BlueprintLog: New page: Compile BP_Button
[2025.03.25-01.36.57:369][687]LogUObjectHash: Compacting FUObjectHashTables data took   2.08ms
[2025.03.25-01.37.00:668][793]LogTemp: Repeating last play command: Selected Viewport
[2025.03.25-01.37.00:679][793]LogPlayLevel: PlayLevel: No blueprints needed recompiling
[2025.03.25-01.37.00:679][793]PIE: New page: PIE session: ThirdPersonExampleMap (2025年3月25日 下午5:37:00)
[2025.03.25-01.37.00:679][793]LogPlayLevel: Creating play world package: /Game/ThirdPersonBP/Maps/UEDPIE_0_ThirdPersonExampleMap
[2025.03.25-01.37.00:703][793]LogPlayLevel: PIE: StaticDuplicateObject took: (0.023650s)
[2025.03.25-01.37.00:704][793]LogAIModule: Creating AISystem for world ThirdPersonExampleMap
[2025.03.25-01.37.00:705][793]LogPlayLevel: PIE: World Init took: (0.002211s)
[2025.03.25-01.37.00:705][793]LogPlayLevel: PIE: Created PIE world by copying editor world from /Game/ThirdPersonBP/Maps/ThirdPersonExampleMap.ThirdPersonExampleMap to /Game/ThirdPersonBP/Maps/UEDPIE_0_ThirdPersonExampleMap.ThirdPersonExampleMap (0.026141s)
[2025.03.25-01.37.00:733][793]LogUObjectHash: Compacting FUObjectHashTables data took   2.19ms
[2025.03.25-01.37.00:735][793]LogAudio: Display: Creating Audio Device:                 Id: 20, Scope: Unique, Realtime: True
[2025.03.25-01.37.00:735][793]LogAudioMixer: Display: Audio Mixer Platform Settings:
[2025.03.25-01.37.00:735][793]LogAudioMixer: Display: 	Sample Rate:						  48000
[2025.03.25-01.37.00:735][793]LogAudioMixer: Display: 	Callback Buffer Frame Size Requested: 1024
[2025.03.25-01.37.00:735][793]LogAudioMixer: Display: 	Callback Buffer Frame Size To Use:	  1024
[2025.03.25-01.37.00:735][793]LogAudioMixer: Display: 	Number of buffers to queue:			  2
[2025.03.25-01.37.00:735][793]LogAudioMixer: Display: 	Max Channels (voices):				  32
[2025.03.25-01.37.00:735][793]LogAudioMixer: Display: 	Number of Async Source Workers:		  0
[2025.03.25-01.37.00:735][793]LogAudio: Display: AudioDevice MaxSources: 32
[2025.03.25-01.37.00:735][793]LogAudio: Display: Audio Spatialization Plugin: None (built-in).
[2025.03.25-01.37.00:735][793]LogAudio: Display: Audio Reverb Plugin: None (built-in).
[2025.03.25-01.37.00:735][793]LogAudio: Display: Audio Occlusion Plugin: None (built-in).
[2025.03.25-01.37.00:735][793]LogAudioMixer: Display: Initializing audio mixer.
[2025.03.25-01.37.00:738][793]LogAudioMixer: Display: 0: FrontLeft
[2025.03.25-01.37.00:738][793]LogAudioMixer: Display: 1: FrontRight
[2025.03.25-01.37.00:774][793]LogAudioMixer: Display: Using Audio Device 扬声器 (适用于 I2S 音频的英特尔® 智音技术)
[2025.03.25-01.37.00:774][793]LogAudioMixer: Display: Initializing Sound Submixes...
[2025.03.25-01.37.00:774][793]LogAudioMixer: Display: Creating Master Submix 'MasterSubmixDefault'
[2025.03.25-01.37.00:774][793]LogAudioMixer: Display: Creating Master Submix 'MasterReverbSubmixDefault'
[2025.03.25-01.37.00:774][793]LogAudioMixer: Display: Creating Master Submix 'MasterEQSubmixDefault'
[2025.03.25-01.37.00:775][793]LogAudioMixer: FMixerPlatformXAudio2::StartAudioStream() called
[2025.03.25-01.37.00:775][793]LogAudioMixer: Display: Output buffers initialized: Frames=1024, Channels=2, Samples=2048
[2025.03.25-01.37.00:775][793]LogAudioMixer: Display: Starting AudioMixerPlatformInterface::RunInternal()
[2025.03.25-01.37.00:775][793]LogAudioMixer: Display: FMixerPlatformXAudio2::SubmitBuffer() called for the first time
[2025.03.25-01.37.00:775][793]LogInit: FAudioDevice initialized.
[2025.03.25-01.37.00:775][793]LogAudio: Display: Audio Device (ID: 20) registered with world 'ThirdPersonExampleMap'.
[2025.03.25-01.37.00:787][793]LogLoad: Game class is 'ThirdPersonGameMode_C'
[2025.03.25-01.37.00:790][793]LogWorld: Bringing World /Game/ThirdPersonBP/Maps/UEDPIE_0_ThirdPersonExampleMap.ThirdPersonExampleMap up for play (max tick rate 60) at 2025.03.25-09.37.00
[2025.03.25-01.37.00:791][793]LogWorld: Bringing up level for play took: 0.002309
[2025.03.25-01.37.00:791][793]LogOnline: OSS: Creating online subsystem instance for: :Context_31
[2025.03.25-01.37.00:794][793]PIE: Server logged in
[2025.03.25-01.37.00:795][793]PIE: Play in editor total start time 0.118 seconds.
[2025.03.25-01.37.06:526][125]LogBlueprintUserMessages: [BP_Table_2] Press "F"
[2025.03.25-01.37.10:377][353]LogBlueprintUserMessages: [BP_Button_2] Click It
[2025.03.25-01.37.24:234][171]LogBlueprintUserMessages: [BP_MagicWall_5] 进入下一关
[2025.03.25-01.37.32:756][663]LogSlate: Updating window title bar state: overlay mode, drag disabled, window buttons hidden, title bar hidden
[2025.03.25-01.37.32:756][663]LogWorld: BeginTearingDown for /Game/ThirdPersonBP/Maps/UEDPIE_0_ThirdPersonExampleMap
[2025.03.25-01.37.32:756][663]LogWorld: UWorld::CleanupWorld for ThirdPersonExampleMap, bSessionEnded=true, bCleanupResources=true
[2025.03.25-01.37.32:757][663]LogSlate: InvalidateAllWidgets triggered.  All widgets were invalidated
[2025.03.25-01.37.32:769][663]LogPlayLevel: Display: Shutting down PIE online subsystems
[2025.03.25-01.37.32:791][663]LogSlate: InvalidateAllWidgets triggered.  All widgets were invalidated
[2025.03.25-01.37.32:813][663]LogAudio: Display: Audio Device unregistered from world 'None'.
[2025.03.25-01.37.32:814][663]LogAudioMixer: FMixerPlatformXAudio2::StopAudioStream() called
[2025.03.25-01.37.32:815][663]LogAudioMixer: FMixerPlatformXAudio2::StopAudioStream() called
[2025.03.25-01.37.32:818][663]LogSlate: Updating window title bar state: overlay mode, drag disabled, window buttons hidden, title bar hidden
[2025.03.25-01.37.32:821][663]LogUObjectHash: Compacting FUObjectHashTables data took   1.61ms
[2025.03.25-01.37.32:876][664]LogPlayLevel: Display: Destroying online subsystem :Context_31
[2025.03.25-01.47.28:493][373]LogUObjectHash: Compacting FUObjectHashTables data took   3.18ms
[2025.03.25-01.47.28:525][373]LogSavePackage: Moving '../../../../../../project/UE/room_escape/Saved/ThirdPersonExampleMap_Auto420DC8FD24D51A1FAC144D4AEC5523A52.tmp' to '../../../../../../project/UE/room_escape/Saved/Autosaves/Game/ThirdPersonBP/Maps/ThirdPersonExampleMap_Auto4.umap'
[2025.03.25-01.47.28:526][373]LogFileHelpers: Editor autosave (incl. external actors) for '/Game/ThirdPersonBP/Maps/ThirdPersonExampleMap' took 0.059
[2025.03.25-01.47.28:526][373]LogFileHelpers: Editor autosave (incl. sublevels & external actors) for all levels took 0.059
[2025.03.25-01.47.28:527][373]OBJ SavePackage: Generating thumbnails for [0] asset(s) in package [/Game/BP/Second/BP_Button] ([2] browsable assets)...
[2025.03.25-01.47.28:527][373]OBJ SavePackage: Finished generating thumbnails for package [/Game/BP/Second/BP_Button]
[2025.03.25-01.47.28:527][373]Cmd: OBJ SAVEPACKAGE PACKAGE="/Game/BP/Second/BP_Button" FILE="../../../../../../project/UE/room_escape/Saved/Autosaves/Game/BP/Second/BP_Button_Auto4.uasset" SILENT=false AUTOSAVING=true
[2025.03.25-01.47.28:544][373]LogSavePackage: Moving '../../../../../../project/UE/room_escape/Saved/BP_Button_Auto4566137AA45C69B6242E9138718BE3EB1.tmp' to '../../../../../../project/UE/room_escape/Saved/Autosaves/Game/BP/Second/BP_Button_Auto4.uasset'
[2025.03.25-01.47.28:545][373]LogFileHelpers: Auto-saving content packages took 0.018
[2025.03.25-02.26.35:904][386]LogAudioMixer: Warning: Changing default audio render device to new device: {0.0.0.00000000}.{28889e13-a039-4157-b81b-f8eed91d53ed}.
[2025.03.25-02.26.35:905][386]LogAudioMixer: Resetting audio stream to device id 
[2025.03.25-02.26.35:950][386]LogAudioMixer: Display: 0: FrontLeft
[2025.03.25-02.26.35:950][386]LogAudioMixer: Display: 1: FrontRight
[2025.03.25-02.26.56:527][446]LogD3D11RHI: Timed out while waiting for GPU to catch up. (0.5 s) (ErrorCode 00000001) (00000000)
[2025.03.25-02.27.21:638][521]LogD3D11RHI: Timed out while waiting for GPU to catch up. (0.5 s) (ErrorCode 00000001) (00000000)
[2025.03.25-02.28.18:316][690]LogD3D11RHI: Timed out while waiting for GPU to catch up. (0.5 s) (ErrorCode 00000001) (00000000)
[2025.03.25-02.28.26:688][715]LogD3D11RHI: Timed out while waiting for GPU to catch up. (0.5 s) (ErrorCode 00000001) (00000000)
[2025.03.25-02.28.34:051][737]LogD3D11RHI: Timed out while waiting for GPU to catch up. (0.5 s) (ErrorCode 00000001) (00000000)
[2025.03.25-02.28.47:130][776]LogD3D11RHI: Timed out while waiting for GPU to catch up. (0.5 s) (ErrorCode 00000001) (00000000)
[2025.03.25-02.28.52:056][779]LogAudioMixer: Warning: Changing default audio render device to new device: {0.0.0.00000000}.{9cd014f6-e44b-4026-ac05-e666d50ce081}.
[2025.03.25-02.28.52:057][779]LogAudioMixer: Resetting audio stream to device id 
[2025.03.25-02.28.52:114][779]LogAudioMixer: Display: 0: FrontLeft
[2025.03.25-02.28.52:114][779]LogAudioMixer: Display: 1: FrontRight
[2025.03.25-02.57.36:350][ 54]LogHttp: Warning: 000002CB103E1D00: invalid HTTP response code received. URL: https://datarouter.ol.epicgames.com/datarouter/api/v1/public/data?SessionID=%7B52EE5E38-4C3D-8216-5318-08BD2EB56133%7D&AppID=UEEditor.Rocket.Release&AppVersion=4.27.2-18319896%2B%2B%2BUE4%2BRelease-4.27&UserID=4dadba1840df393f01f03bb4251131e7%7C8200f8875fa445f5b01f2fa9e0ce4780%7Cb587297a-ff5c-45fe-b03b-545ac00d4e54&AppEnvironment=datacollector-binary&UploadType=eteventstream, HTTP code: 0, content length: 0, actual payload size: 0
[2025.03.25-02.57.36:351][ 54]LogHttp: Warning: 000002CB103E1D00: request failed, libcurl error: 7 (Couldn't connect to server)
[2025.03.25-02.57.36:351][ 54]LogHttp: Warning: 000002CB103E1D00: libcurl info message cache 0 (Connection 2 seems to be dead!)
[2025.03.25-02.57.36:351][ 54]LogHttp: Warning: 000002CB103E1D00: libcurl info message cache 1 (Closing connection 2)
[2025.03.25-02.57.36:351][ 54]LogHttp: Warning: 000002CB103E1D00: libcurl info message cache 2 (TLSv1.3 (OUT), TLS Unknown, Unknown (21):)
[2025.03.25-02.57.36:351][ 54]LogHttp: Warning: 000002CB103E1D00: libcurl info message cache 3 (  Trying 127.0.0.1...)
[2025.03.25-02.57.36:351][ 54]LogHttp: Warning: 000002CB103E1D00: libcurl info message cache 4 (TCP_NODELAY set)
[2025.03.25-02.57.36:351][ 54]LogHttp: Warning: 000002CB103E1D00: libcurl info message cache 5 (connect to 127.0.0.1 port 56472 failed: Connection refused)
[2025.03.25-02.57.36:351][ 54]LogHttp: Warning: 000002CB103E1D00: libcurl info message cache 6 (Failed to connect to 127.0.0.1 port 56472: Connection refused)
[2025.03.25-02.57.36:351][ 54]LogHttp: Warning: 000002CB103E1D00: libcurl info message cache 7 (Closing connection 3)
[2025.03.25-02.57.36:351][ 54]LogHttp: Warning: Retry exhausted on https://datarouter.ol.epicgames.com/datarouter/api/v1/public/data?SessionID=%7B52EE5E38-4C3D-8216-5318-08BD2EB56133%7D&AppID=UEEditor.Rocket.Release&AppVersion=4.27.2-18319896%2B%2B%2BUE4%2BRelease-4.27&UserID=4dadba1840df393f01f03bb4251131e7%7C8200f8875fa445f5b01f2fa9e0ce4780%7Cb587297a-ff5c-45fe-b03b-545ac00d4e54&AppEnvironment=datacollector-binary&UploadType=eteventstream
[2025.03.25-02.58.36:363][233]LogHttp: Warning: 000002CB103E1D00: invalid HTTP response code received. URL: https://datarouter.ol.epicgames.com/datarouter/api/v1/public/data?SessionID=%7B52EE5E38-4C3D-8216-5318-08BD2EB56133%7D&AppID=UEEditor.Rocket.Release&AppVersion=4.27.2-18319896%2B%2B%2BUE4%2BRelease-4.27&UserID=4dadba1840df393f01f03bb4251131e7%7C8200f8875fa445f5b01f2fa9e0ce4780%7Cb587297a-ff5c-45fe-b03b-545ac00d4e54&AppEnvironment=datacollector-binary&UploadType=eteventstream, HTTP code: 0, content length: 0, actual payload size: 0
[2025.03.25-02.58.36:363][233]LogHttp: Warning: 000002CB103E1D00: request failed, libcurl error: 7 (Couldn't connect to server)
[2025.03.25-02.58.36:363][233]LogHttp: Warning: 000002CB103E1D00: libcurl info message cache 0 (Hostname in DNS cache was stale, zapped)
[2025.03.25-02.58.36:363][233]LogHttp: Warning: 000002CB103E1D00: libcurl info message cache 1 (  Trying 127.0.0.1...)
[2025.03.25-02.58.36:363][233]LogHttp: Warning: 000002CB103E1D00: libcurl info message cache 2 (TCP_NODELAY set)
[2025.03.25-02.58.36:363][233]LogHttp: Warning: 000002CB103E1D00: libcurl info message cache 3 (connect to 127.0.0.1 port 56472 failed: Connection refused)
[2025.03.25-02.58.36:363][233]LogHttp: Warning: 000002CB103E1D00: libcurl info message cache 4 (Failed to connect to 127.0.0.1 port 56472: Connection refused)
[2025.03.25-02.58.36:363][233]LogHttp: Warning: 000002CB103E1D00: libcurl info message cache 5 (Closing connection 4)
[2025.03.25-02.58.36:702][234]LogHttp: Warning: Retry exhausted on https://datarouter.ol.epicgames.com/datarouter/api/v1/public/data?SessionID=%7B52EE5E38-4C3D-8216-5318-08BD2EB56133%7D&AppID=UEEditor.Rocket.Release&AppVersion=4.27.2-18319896%2B%2B%2BUE4%2BRelease-4.27&UserID=4dadba1840df393f01f03bb4251131e7%7C8200f8875fa445f5b01f2fa9e0ce4780%7Cb587297a-ff5c-45fe-b03b-545ac00d4e54&AppEnvironment=datacollector-binary&UploadType=eteventstream
[2025.03.25-02.59.36:355][412]LogHttp: Warning: 000002CB103E1D00: invalid HTTP response code received. URL: https://datarouter.ol.epicgames.com/datarouter/api/v1/public/data?SessionID=%7B52EE5E38-4C3D-8216-5318-08BD2EB56133%7D&AppID=UEEditor.Rocket.Release&AppVersion=4.27.2-18319896%2B%2B%2BUE4%2BRelease-4.27&UserID=4dadba1840df393f01f03bb4251131e7%7C8200f8875fa445f5b01f2fa9e0ce4780%7Cb587297a-ff5c-45fe-b03b-545ac00d4e54&AppEnvironment=datacollector-binary&UploadType=eteventstream, HTTP code: 0, content length: 0, actual payload size: 0
[2025.03.25-02.59.36:355][412]LogHttp: Warning: 000002CB103E1D00: request failed, libcurl error: 7 (Couldn't connect to server)
[2025.03.25-02.59.36:355][412]LogHttp: Warning: 000002CB103E1D00: libcurl info message cache 0 (Hostname in DNS cache was stale, zapped)
[2025.03.25-02.59.36:355][412]LogHttp: Warning: 000002CB103E1D00: libcurl info message cache 1 (  Trying 127.0.0.1...)
[2025.03.25-02.59.36:355][412]LogHttp: Warning: 000002CB103E1D00: libcurl info message cache 2 (TCP_NODELAY set)
[2025.03.25-02.59.36:355][412]LogHttp: Warning: 000002CB103E1D00: libcurl info message cache 3 (connect to 127.0.0.1 port 56472 failed: Connection refused)
[2025.03.25-02.59.36:355][412]LogHttp: Warning: 000002CB103E1D00: libcurl info message cache 4 (Failed to connect to 127.0.0.1 port 56472: Connection refused)
[2025.03.25-02.59.36:355][412]LogHttp: Warning: 000002CB103E1D00: libcurl info message cache 5 (Closing connection 5)
[2025.03.25-02.59.36:356][412]LogHttp: Warning: Retry exhausted on https://datarouter.ol.epicgames.com/datarouter/api/v1/public/data?SessionID=%7B52EE5E38-4C3D-8216-5318-08BD2EB56133%7D&AppID=UEEditor.Rocket.Release&AppVersion=4.27.2-18319896%2B%2B%2BUE4%2BRelease-4.27&UserID=4dadba1840df393f01f03bb4251131e7%7C8200f8875fa445f5b01f2fa9e0ce4780%7Cb587297a-ff5c-45fe-b03b-545ac00d4e54&AppEnvironment=datacollector-binary&UploadType=eteventstream
[2025.03.25-03.00.36:303][591]LogHttp: Warning: 000002CB103E1D00: invalid HTTP response code received. URL: https://datarouter.ol.epicgames.com/datarouter/api/v1/public/data?SessionID=%7B52EE5E38-4C3D-8216-5318-08BD2EB56133%7D&AppID=UEEditor.Rocket.Release&AppVersion=4.27.2-18319896%2B%2B%2BUE4%2BRelease-4.27&UserID=4dadba1840df393f01f03bb4251131e7%7C8200f8875fa445f5b01f2fa9e0ce4780%7Cb587297a-ff5c-45fe-b03b-545ac00d4e54&AppEnvironment=datacollector-binary&UploadType=eteventstream, HTTP code: 0, content length: 0, actual payload size: 0
[2025.03.25-03.00.36:303][591]LogHttp: Warning: 000002CB103E1D00: request failed, libcurl error: 7 (Couldn't connect to server)
[2025.03.25-03.00.36:303][591]LogHttp: Warning: 000002CB103E1D00: libcurl info message cache 0 (Hostname 127.0.0.1 was found in DNS cache)
[2025.03.25-03.00.36:303][591]LogHttp: Warning: 000002CB103E1D00: libcurl info message cache 1 (  Trying 127.0.0.1...)
[2025.03.25-03.00.36:303][591]LogHttp: Warning: 000002CB103E1D00: libcurl info message cache 2 (TCP_NODELAY set)
[2025.03.25-03.00.36:303][591]LogHttp: Warning: 000002CB103E1D00: libcurl info message cache 3 (connect to 127.0.0.1 port 56472 failed: Connection refused)
[2025.03.25-03.00.36:303][591]LogHttp: Warning: 000002CB103E1D00: libcurl info message cache 4 (Failed to connect to 127.0.0.1 port 56472: Connection refused)
[2025.03.25-03.00.36:303][591]LogHttp: Warning: 000002CB103E1D00: libcurl info message cache 5 (Closing connection 6)
[2025.03.25-03.00.36:634][592]LogHttp: Warning: Retry exhausted on https://datarouter.ol.epicgames.com/datarouter/api/v1/public/data?SessionID=%7B52EE5E38-4C3D-8216-5318-08BD2EB56133%7D&AppID=UEEditor.Rocket.Release&AppVersion=4.27.2-18319896%2B%2B%2BUE4%2BRelease-4.27&UserID=4dadba1840df393f01f03bb4251131e7%7C8200f8875fa445f5b01f2fa9e0ce4780%7Cb587297a-ff5c-45fe-b03b-545ac00d4e54&AppEnvironment=datacollector-binary&UploadType=eteventstream
[2025.03.25-03.01.36:252][770]LogHttp: Warning: 000002CB103E1D00: invalid HTTP response code received. URL: https://datarouter.ol.epicgames.com/datarouter/api/v1/public/data?SessionID=%7B52EE5E38-4C3D-8216-5318-08BD2EB56133%7D&AppID=UEEditor.Rocket.Release&AppVersion=4.27.2-18319896%2B%2B%2BUE4%2BRelease-4.27&UserID=4dadba1840df393f01f03bb4251131e7%7C8200f8875fa445f5b01f2fa9e0ce4780%7Cb587297a-ff5c-45fe-b03b-545ac00d4e54&AppEnvironment=datacollector-binary&UploadType=eteventstream, HTTP code: 0, content length: 0, actual payload size: 0
[2025.03.25-03.01.36:252][770]LogHttp: Warning: 000002CB103E1D00: request failed, libcurl error: 7 (Couldn't connect to server)
[2025.03.25-03.01.36:252][770]LogHttp: Warning: 000002CB103E1D00: libcurl info message cache 0 (  Trying 127.0.0.1...)
[2025.03.25-03.01.36:252][770]LogHttp: Warning: 000002CB103E1D00: libcurl info message cache 1 (TCP_NODELAY set)
[2025.03.25-03.01.36:252][770]LogHttp: Warning: 000002CB103E1D00: libcurl info message cache 2 (connect to 127.0.0.1 port 56472 failed: Connection refused)
[2025.03.25-03.01.36:252][770]LogHttp: Warning: 000002CB103E1D00: libcurl info message cache 3 (Failed to connect to 127.0.0.1 port 56472: Connection refused)
[2025.03.25-03.01.36:252][770]LogHttp: Warning: 000002CB103E1D00: libcurl info message cache 4 (Closing connection 7)
[2025.03.25-03.01.36:252][770]LogHttp: Warning: Retry exhausted on https://datarouter.ol.epicgames.com/datarouter/api/v1/public/data?SessionID=%7B52EE5E38-4C3D-8216-5318-08BD2EB56133%7D&AppID=UEEditor.Rocket.Release&AppVersion=4.27.2-18319896%2B%2B%2BUE4%2BRelease-4.27&UserID=4dadba1840df393f01f03bb4251131e7%7C8200f8875fa445f5b01f2fa9e0ce4780%7Cb587297a-ff5c-45fe-b03b-545ac00d4e54&AppEnvironment=datacollector-binary&UploadType=eteventstream
[2025.03.25-03.02.36:231][949]LogHttp: Warning: 000002CB103E1D00: invalid HTTP response code received. URL: https://datarouter.ol.epicgames.com/datarouter/api/v1/public/data?SessionID=%7B52EE5E38-4C3D-8216-5318-08BD2EB56133%7D&AppID=UEEditor.Rocket.Release&AppVersion=4.27.2-18319896%2B%2B%2BUE4%2BRelease-4.27&UserID=4dadba1840df393f01f03bb4251131e7%7C8200f8875fa445f5b01f2fa9e0ce4780%7Cb587297a-ff5c-45fe-b03b-545ac00d4e54&AppEnvironment=datacollector-binary&UploadType=eteventstream, HTTP code: 0, content length: 0, actual payload size: 0
[2025.03.25-03.02.36:231][949]LogHttp: Warning: 000002CB103E1D00: request failed, libcurl error: 7 (Couldn't connect to server)
[2025.03.25-03.02.36:231][949]LogHttp: Warning: 000002CB103E1D00: libcurl info message cache 0 (Hostname in DNS cache was stale, zapped)
[2025.03.25-03.02.36:231][949]LogHttp: Warning: 000002CB103E1D00: libcurl info message cache 1 (  Trying 127.0.0.1...)
[2025.03.25-03.02.36:231][949]LogHttp: Warning: 000002CB103E1D00: libcurl info message cache 2 (TCP_NODELAY set)
[2025.03.25-03.02.36:231][949]LogHttp: Warning: 000002CB103E1D00: libcurl info message cache 3 (connect to 127.0.0.1 port 56472 failed: Connection refused)
[2025.03.25-03.02.36:231][949]LogHttp: Warning: 000002CB103E1D00: libcurl info message cache 4 (Failed to connect to 127.0.0.1 port 56472: Connection refused)
[2025.03.25-03.02.36:231][949]LogHttp: Warning: 000002CB103E1D00: libcurl info message cache 5 (Closing connection 8)
[2025.03.25-03.02.36:563][950]LogHttp: Warning: Retry exhausted on https://datarouter.ol.epicgames.com/datarouter/api/v1/public/data?SessionID=%7B52EE5E38-4C3D-8216-5318-08BD2EB56133%7D&AppID=UEEditor.Rocket.Release&AppVersion=4.27.2-18319896%2B%2B%2BUE4%2BRelease-4.27&UserID=4dadba1840df393f01f03bb4251131e7%7C8200f8875fa445f5b01f2fa9e0ce4780%7Cb587297a-ff5c-45fe-b03b-545ac00d4e54&AppEnvironment=datacollector-binary&UploadType=eteventstream
[2025.03.25-03.03.36:197][128]LogHttp: Warning: 000002CB103E1D00: invalid HTTP response code received. URL: https://datarouter.ol.epicgames.com/datarouter/api/v1/public/data?SessionID=%7B52EE5E38-4C3D-8216-5318-08BD2EB56133%7D&AppID=UEEditor.Rocket.Release&AppVersion=4.27.2-18319896%2B%2B%2BUE4%2BRelease-4.27&UserID=4dadba1840df393f01f03bb4251131e7%7C8200f8875fa445f5b01f2fa9e0ce4780%7Cb587297a-ff5c-45fe-b03b-545ac00d4e54&AppEnvironment=datacollector-binary&UploadType=eteventstream, HTTP code: 0, content length: 0, actual payload size: 0
[2025.03.25-03.03.36:197][128]LogHttp: Warning: 000002CB103E1D00: request failed, libcurl error: 7 (Couldn't connect to server)
[2025.03.25-03.03.36:197][128]LogHttp: Warning: 000002CB103E1D00: libcurl info message cache 0 (Hostname in DNS cache was stale, zapped)
[2025.03.25-03.03.36:197][128]LogHttp: Warning: 000002CB103E1D00: libcurl info message cache 1 (  Trying 127.0.0.1...)
[2025.03.25-03.03.36:197][128]LogHttp: Warning: 000002CB103E1D00: libcurl info message cache 2 (TCP_NODELAY set)
[2025.03.25-03.03.36:197][128]LogHttp: Warning: 000002CB103E1D00: libcurl info message cache 3 (connect to 127.0.0.1 port 56472 failed: Connection refused)
[2025.03.25-03.03.36:197][128]LogHttp: Warning: 000002CB103E1D00: libcurl info message cache 4 (Failed to connect to 127.0.0.1 port 56472: Connection refused)
[2025.03.25-03.03.36:198][128]LogHttp: Warning: 000002CB103E1D00: libcurl info message cache 5 (Closing connection 9)
[2025.03.25-03.03.36:198][128]LogHttp: Warning: Retry exhausted on https://datarouter.ol.epicgames.com/datarouter/api/v1/public/data?SessionID=%7B52EE5E38-4C3D-8216-5318-08BD2EB56133%7D&AppID=UEEditor.Rocket.Release&AppVersion=4.27.2-18319896%2B%2B%2BUE4%2BRelease-4.27&UserID=4dadba1840df393f01f03bb4251131e7%7C8200f8875fa445f5b01f2fa9e0ce4780%7Cb587297a-ff5c-45fe-b03b-545ac00d4e54&AppEnvironment=datacollector-binary&UploadType=eteventstream
[2025.03.25-03.04.36:383][486]LogHttp: Warning: 000002CA93E93200: invalid HTTP response code received. URL: https://datarouter.ol.epicgames.com/datarouter/api/v1/public/data?SessionID=%7B52EE5E38-4C3D-8216-5318-08BD2EB56133%7D&AppID=UEEditor.Rocket.Release&AppVersion=4.27.2-18319896%2B%2B%2BUE4%2BRelease-4.27&UserID=4dadba1840df393f01f03bb4251131e7%7C8200f8875fa445f5b01f2fa9e0ce4780%7Cb587297a-ff5c-45fe-b03b-545ac00d4e54&AppEnvironment=datacollector-binary&UploadType=eteventstream, HTTP code: 0, content length: 0, actual payload size: 0
[2025.03.25-03.04.36:383][486]LogHttp: Warning: 000002CA93E93200: request failed, libcurl error: 7 (Couldn't connect to server)
[2025.03.25-03.04.36:383][486]LogHttp: Warning: 000002CA93E93200: libcurl info message cache 0 (Hostname in DNS cache was stale, zapped)
[2025.03.25-03.04.36:383][486]LogHttp: Warning: 000002CA93E93200: libcurl info message cache 1 (  Trying 127.0.0.1...)
[2025.03.25-03.04.36:383][486]LogHttp: Warning: 000002CA93E93200: libcurl info message cache 2 (TCP_NODELAY set)
[2025.03.25-03.04.36:384][486]LogHttp: Warning: 000002CA93E93200: libcurl info message cache 3 (connect to 127.0.0.1 port 56472 failed: Connection refused)
[2025.03.25-03.04.36:384][486]LogHttp: Warning: 000002CA93E93200: libcurl info message cache 4 (Failed to connect to 127.0.0.1 port 56472: Connection refused)
[2025.03.25-03.04.36:384][486]LogHttp: Warning: 000002CA93E93200: libcurl info message cache 5 (Closing connection 10)
[2025.03.25-03.04.36:384][486]LogHttp: Warning: Retry exhausted on https://datarouter.ol.epicgames.com/datarouter/api/v1/public/data?SessionID=%7B52EE5E38-4C3D-8216-5318-08BD2EB56133%7D&AppID=UEEditor.Rocket.Release&AppVersion=4.27.2-18319896%2B%2B%2BUE4%2BRelease-4.27&UserID=4dadba1840df393f01f03bb4251131e7%7C8200f8875fa445f5b01f2fa9e0ce4780%7Cb587297a-ff5c-45fe-b03b-545ac00d4e54&AppEnvironment=datacollector-binary&UploadType=eteventstream
[2025.03.25-03.05.36:346][665]LogHttp: Warning: 000002CB634A0800: invalid HTTP response code received. URL: https://datarouter.ol.epicgames.com/datarouter/api/v1/public/data?SessionID=%7B52EE5E38-4C3D-8216-5318-08BD2EB56133%7D&AppID=UEEditor.Rocket.Release&AppVersion=4.27.2-18319896%2B%2B%2BUE4%2BRelease-4.27&UserID=4dadba1840df393f01f03bb4251131e7%7C8200f8875fa445f5b01f2fa9e0ce4780%7Cb587297a-ff5c-45fe-b03b-545ac00d4e54&AppEnvironment=datacollector-binary&UploadType=eteventstream, HTTP code: 0, content length: 0, actual payload size: 0
[2025.03.25-03.05.36:346][665]LogHttp: Warning: 000002CB634A0800: request failed, libcurl error: 7 (Couldn't connect to server)
[2025.03.25-03.05.36:346][665]LogHttp: Warning: 000002CB634A0800: libcurl info message cache 0 (Hostname in DNS cache was stale, zapped)
[2025.03.25-03.05.36:346][665]LogHttp: Warning: 000002CB634A0800: libcurl info message cache 1 (  Trying 127.0.0.1...)
[2025.03.25-03.05.36:346][665]LogHttp: Warning: 000002CB634A0800: libcurl info message cache 2 (TCP_NODELAY set)
[2025.03.25-03.05.36:346][665]LogHttp: Warning: 000002CB634A0800: libcurl info message cache 3 (connect to 127.0.0.1 port 56472 failed: Connection refused)
[2025.03.25-03.05.36:346][665]LogHttp: Warning: 000002CB634A0800: libcurl info message cache 4 (Failed to connect to 127.0.0.1 port 56472: Connection refused)
[2025.03.25-03.05.36:346][665]LogHttp: Warning: 000002CB634A0800: libcurl info message cache 5 (Closing connection 11)
[2025.03.25-03.05.36:685][666]LogHttp: Warning: Retry exhausted on https://datarouter.ol.epicgames.com/datarouter/api/v1/public/data?SessionID=%7B52EE5E38-4C3D-8216-5318-08BD2EB56133%7D&AppID=UEEditor.Rocket.Release&AppVersion=4.27.2-18319896%2B%2B%2BUE4%2BRelease-4.27&UserID=4dadba1840df393f01f03bb4251131e7%7C8200f8875fa445f5b01f2fa9e0ce4780%7Cb587297a-ff5c-45fe-b03b-545ac00d4e54&AppEnvironment=datacollector-binary&UploadType=eteventstream
[2025.03.25-03.06.36:287][844]LogHttp: Warning: 000002CA93E93900: invalid HTTP response code received. URL: https://datarouter.ol.epicgames.com/datarouter/api/v1/public/data?SessionID=%7B52EE5E38-4C3D-8216-5318-08BD2EB56133%7D&AppID=UEEditor.Rocket.Release&AppVersion=4.27.2-18319896%2B%2B%2BUE4%2BRelease-4.27&UserID=4dadba1840df393f01f03bb4251131e7%7C8200f8875fa445f5b01f2fa9e0ce4780%7Cb587297a-ff5c-45fe-b03b-545ac00d4e54&AppEnvironment=datacollector-binary&UploadType=eteventstream, HTTP code: 0, content length: 0, actual payload size: 0
[2025.03.25-03.06.36:287][844]LogHttp: Warning: 000002CA93E93900: request failed, libcurl error: 7 (Couldn't connect to server)
[2025.03.25-03.06.36:287][844]LogHttp: Warning: 000002CA93E93900: libcurl info message cache 0 (Hostname 127.0.0.1 was found in DNS cache)
[2025.03.25-03.06.36:287][844]LogHttp: Warning: 000002CA93E93900: libcurl info message cache 1 (  Trying 127.0.0.1...)
[2025.03.25-03.06.36:287][844]LogHttp: Warning: 000002CA93E93900: libcurl info message cache 2 (TCP_NODELAY set)
[2025.03.25-03.06.36:287][844]LogHttp: Warning: 000002CA93E93900: libcurl info message cache 3 (connect to 127.0.0.1 port 56472 failed: Connection refused)
[2025.03.25-03.06.36:287][844]LogHttp: Warning: 000002CA93E93900: libcurl info message cache 4 (Failed to connect to 127.0.0.1 port 56472: Connection refused)
[2025.03.25-03.06.36:287][844]LogHttp: Warning: 000002CA93E93900: libcurl info message cache 5 (Closing connection 12)
[2025.03.25-03.06.36:287][844]LogHttp: Warning: Retry exhausted on https://datarouter.ol.epicgames.com/datarouter/api/v1/public/data?SessionID=%7B52EE5E38-4C3D-8216-5318-08BD2EB56133%7D&AppID=UEEditor.Rocket.Release&AppVersion=4.27.2-18319896%2B%2B%2BUE4%2BRelease-4.27&UserID=4dadba1840df393f01f03bb4251131e7%7C8200f8875fa445f5b01f2fa9e0ce4780%7Cb587297a-ff5c-45fe-b03b-545ac00d4e54&AppEnvironment=datacollector-binary&UploadType=eteventstream
[2025.03.25-03.07.36:282][ 23]LogHttp: Warning: 000002CB634A0F00: invalid HTTP response code received. URL: https://datarouter.ol.epicgames.com/datarouter/api/v1/public/data?SessionID=%7B52EE5E38-4C3D-8216-5318-08BD2EB56133%7D&AppID=UEEditor.Rocket.Release&AppVersion=4.27.2-18319896%2B%2B%2BUE4%2BRelease-4.27&UserID=4dadba1840df393f01f03bb4251131e7%7C8200f8875fa445f5b01f2fa9e0ce4780%7Cb587297a-ff5c-45fe-b03b-545ac00d4e54&AppEnvironment=datacollector-binary&UploadType=eteventstream, HTTP code: 0, content length: 0, actual payload size: 0
[2025.03.25-03.07.36:282][ 23]LogHttp: Warning: 000002CB634A0F00: request failed, libcurl error: 7 (Couldn't connect to server)
[2025.03.25-03.07.36:282][ 23]LogHttp: Warning: 000002CB634A0F00: libcurl info message cache 0 (  Trying 127.0.0.1...)
[2025.03.25-03.07.36:282][ 23]LogHttp: Warning: 000002CB634A0F00: libcurl info message cache 1 (TCP_NODELAY set)
[2025.03.25-03.07.36:282][ 23]LogHttp: Warning: 000002CB634A0F00: libcurl info message cache 2 (connect to 127.0.0.1 port 56472 failed: Connection refused)
[2025.03.25-03.07.36:282][ 23]LogHttp: Warning: 000002CB634A0F00: libcurl info message cache 3 (Failed to connect to 127.0.0.1 port 56472: Connection refused)
[2025.03.25-03.07.36:282][ 23]LogHttp: Warning: 000002CB634A0F00: libcurl info message cache 4 (Closing connection 13)
[2025.03.25-03.07.36:618][ 24]LogHttp: Warning: Retry exhausted on https://datarouter.ol.epicgames.com/datarouter/api/v1/public/data?SessionID=%7B52EE5E38-4C3D-8216-5318-08BD2EB56133%7D&AppID=UEEditor.Rocket.Release&AppVersion=4.27.2-18319896%2B%2B%2BUE4%2BRelease-4.27&UserID=4dadba1840df393f01f03bb4251131e7%7C8200f8875fa445f5b01f2fa9e0ce4780%7Cb587297a-ff5c-45fe-b03b-545ac00d4e54&AppEnvironment=datacollector-binary&UploadType=eteventstream
[2025.03.25-03.08.36:260][202]LogHttp: Warning: 000002CB0F4B0800: invalid HTTP response code received. URL: https://datarouter.ol.epicgames.com/datarouter/api/v1/public/data?SessionID=%7B52EE5E38-4C3D-8216-5318-08BD2EB56133%7D&AppID=UEEditor.Rocket.Release&AppVersion=4.27.2-18319896%2B%2B%2BUE4%2BRelease-4.27&UserID=4dadba1840df393f01f03bb4251131e7%7C8200f8875fa445f5b01f2fa9e0ce4780%7Cb587297a-ff5c-45fe-b03b-545ac00d4e54&AppEnvironment=datacollector-binary&UploadType=eteventstream, HTTP code: 0, content length: 0, actual payload size: 0
[2025.03.25-03.08.36:260][202]LogHttp: Warning: 000002CB0F4B0800: request failed, libcurl error: 7 (Couldn't connect to server)
[2025.03.25-03.08.36:260][202]LogHttp: Warning: 000002CB0F4B0800: libcurl info message cache 0 (Hostname in DNS cache was stale, zapped)
[2025.03.25-03.08.36:260][202]LogHttp: Warning: 000002CB0F4B0800: libcurl info message cache 1 (  Trying 127.0.0.1...)
[2025.03.25-03.08.36:260][202]LogHttp: Warning: 000002CB0F4B0800: libcurl info message cache 2 (TCP_NODELAY set)
[2025.03.25-03.08.36:260][202]LogHttp: Warning: 000002CB0F4B0800: libcurl info message cache 3 (connect to 127.0.0.1 port 56472 failed: Connection refused)
[2025.03.25-03.08.36:260][202]LogHttp: Warning: 000002CB0F4B0800: libcurl info message cache 4 (Failed to connect to 127.0.0.1 port 56472: Connection refused)
[2025.03.25-03.08.36:260][202]LogHttp: Warning: 000002CB0F4B0800: libcurl info message cache 5 (Closing connection 14)
[2025.03.25-03.08.36:260][202]LogHttp: Warning: Retry exhausted on https://datarouter.ol.epicgames.com/datarouter/api/v1/public/data?SessionID=%7B52EE5E38-4C3D-8216-5318-08BD2EB56133%7D&AppID=UEEditor.Rocket.Release&AppVersion=4.27.2-18319896%2B%2B%2BUE4%2BRelease-4.27&UserID=4dadba1840df393f01f03bb4251131e7%7C8200f8875fa445f5b01f2fa9e0ce4780%7Cb587297a-ff5c-45fe-b03b-545ac00d4e54&AppEnvironment=datacollector-binary&UploadType=eteventstream
[2025.03.25-03.09.36:248][381]LogHttp: Warning: 000002CB02C3DD00: invalid HTTP response code received. URL: https://datarouter.ol.epicgames.com/datarouter/api/v1/public/data?SessionID=%7B52EE5E38-4C3D-8216-5318-08BD2EB56133%7D&AppID=UEEditor.Rocket.Release&AppVersion=4.27.2-18319896%2B%2B%2BUE4%2BRelease-4.27&UserID=4dadba1840df393f01f03bb4251131e7%7C8200f8875fa445f5b01f2fa9e0ce4780%7Cb587297a-ff5c-45fe-b03b-545ac00d4e54&AppEnvironment=datacollector-binary&UploadType=eteventstream, HTTP code: 0, content length: 0, actual payload size: 0
[2025.03.25-03.09.36:248][381]LogHttp: Warning: 000002CB02C3DD00: request failed, libcurl error: 7 (Couldn't connect to server)
[2025.03.25-03.09.36:248][381]LogHttp: Warning: 000002CB02C3DD00: libcurl info message cache 0 (Hostname in DNS cache was stale, zapped)
[2025.03.25-03.09.36:248][381]LogHttp: Warning: 000002CB02C3DD00: libcurl info message cache 1 (  Trying 127.0.0.1...)
[2025.03.25-03.09.36:248][381]LogHttp: Warning: 000002CB02C3DD00: libcurl info message cache 2 (TCP_NODELAY set)
[2025.03.25-03.09.36:248][381]LogHttp: Warning: 000002CB02C3DD00: libcurl info message cache 3 (connect to 127.0.0.1 port 56472 failed: Connection refused)
[2025.03.25-03.09.36:248][381]LogHttp: Warning: 000002CB02C3DD00: libcurl info message cache 4 (Failed to connect to 127.0.0.1 port 56472: Connection refused)
[2025.03.25-03.09.36:248][381]LogHttp: Warning: 000002CB02C3DD00: libcurl info message cache 5 (Closing connection 15)
[2025.03.25-03.09.36:584][382]LogHttp: Warning: Retry exhausted on https://datarouter.ol.epicgames.com/datarouter/api/v1/public/data?SessionID=%7B52EE5E38-4C3D-8216-5318-08BD2EB56133%7D&AppID=UEEditor.Rocket.Release&AppVersion=4.27.2-18319896%2B%2B%2BUE4%2BRelease-4.27&UserID=4dadba1840df393f01f03bb4251131e7%7C8200f8875fa445f5b01f2fa9e0ce4780%7Cb587297a-ff5c-45fe-b03b-545ac00d4e54&AppEnvironment=datacollector-binary&UploadType=eteventstream
[2025.03.25-03.10.36:189][560]LogHttp: Warning: 000002CB02C3DD00: invalid HTTP response code received. URL: https://datarouter.ol.epicgames.com/datarouter/api/v1/public/data?SessionID=%7B52EE5E38-4C3D-8216-5318-08BD2EB56133%7D&AppID=UEEditor.Rocket.Release&AppVersion=4.27.2-18319896%2B%2B%2BUE4%2BRelease-4.27&UserID=4dadba1840df393f01f03bb4251131e7%7C8200f8875fa445f5b01f2fa9e0ce4780%7Cb587297a-ff5c-45fe-b03b-545ac00d4e54&AppEnvironment=datacollector-binary&UploadType=eteventstream, HTTP code: 0, content length: 0, actual payload size: 0
[2025.03.25-03.10.36:189][560]LogHttp: Warning: 000002CB02C3DD00: request failed, libcurl error: 7 (Couldn't connect to server)
[2025.03.25-03.10.36:189][560]LogHttp: Warning: 000002CB02C3DD00: libcurl info message cache 0 (Hostname in DNS cache was stale, zapped)
[2025.03.25-03.10.36:189][560]LogHttp: Warning: 000002CB02C3DD00: libcurl info message cache 1 (  Trying 127.0.0.1...)
[2025.03.25-03.10.36:189][560]LogHttp: Warning: 000002CB02C3DD00: libcurl info message cache 2 (TCP_NODELAY set)
[2025.03.25-03.10.36:189][560]LogHttp: Warning: 000002CB02C3DD00: libcurl info message cache 3 (connect to 127.0.0.1 port 56472 failed: Connection refused)
[2025.03.25-03.10.36:189][560]LogHttp: Warning: 000002CB02C3DD00: libcurl info message cache 4 (Failed to connect to 127.0.0.1 port 56472: Connection refused)
[2025.03.25-03.10.36:189][560]LogHttp: Warning: 000002CB02C3DD00: libcurl info message cache 5 (Closing connection 16)
[2025.03.25-03.10.36:189][560]LogHttp: Warning: Retry exhausted on https://datarouter.ol.epicgames.com/datarouter/api/v1/public/data?SessionID=%7B52EE5E38-4C3D-8216-5318-08BD2EB56133%7D&AppID=UEEditor.Rocket.Release&AppVersion=4.27.2-18319896%2B%2B%2BUE4%2BRelease-4.27&UserID=4dadba1840df393f01f03bb4251131e7%7C8200f8875fa445f5b01f2fa9e0ce4780%7Cb587297a-ff5c-45fe-b03b-545ac00d4e54&AppEnvironment=datacollector-binary&UploadType=eteventstream
[2025.03.25-03.11.36:228][739]LogHttp: Warning: 000002CB634A3200: invalid HTTP response code received. URL: https://datarouter.ol.epicgames.com/datarouter/api/v1/public/data?SessionID=%7B52EE5E38-4C3D-8216-5318-08BD2EB56133%7D&AppID=UEEditor.Rocket.Release&AppVersion=4.27.2-18319896%2B%2B%2BUE4%2BRelease-4.27&UserID=4dadba1840df393f01f03bb4251131e7%7C8200f8875fa445f5b01f2fa9e0ce4780%7Cb587297a-ff5c-45fe-b03b-545ac00d4e54&AppEnvironment=datacollector-binary&UploadType=eteventstream, HTTP code: 0, content length: 0, actual payload size: 0
[2025.03.25-03.11.36:228][739]LogHttp: Warning: 000002CB634A3200: request failed, libcurl error: 7 (Couldn't connect to server)
[2025.03.25-03.11.36:228][739]LogHttp: Warning: 000002CB634A3200: libcurl info message cache 0 (Hostname in DNS cache was stale, zapped)
[2025.03.25-03.11.36:228][739]LogHttp: Warning: 000002CB634A3200: libcurl info message cache 1 (  Trying 127.0.0.1...)
[2025.03.25-03.11.36:228][739]LogHttp: Warning: 000002CB634A3200: libcurl info message cache 2 (TCP_NODELAY set)
[2025.03.25-03.11.36:228][739]LogHttp: Warning: 000002CB634A3200: libcurl info message cache 3 (connect to 127.0.0.1 port 56472 failed: Connection refused)
[2025.03.25-03.11.36:228][739]LogHttp: Warning: 000002CB634A3200: libcurl info message cache 4 (Failed to connect to 127.0.0.1 port 56472: Connection refused)
[2025.03.25-03.11.36:228][739]LogHttp: Warning: 000002CB634A3200: libcurl info message cache 5 (Closing connection 17)
[2025.03.25-03.11.36:560][740]LogHttp: Warning: Retry exhausted on https://datarouter.ol.epicgames.com/datarouter/api/v1/public/data?SessionID=%7B52EE5E38-4C3D-8216-5318-08BD2EB56133%7D&AppID=UEEditor.Rocket.Release&AppVersion=4.27.2-18319896%2B%2B%2BUE4%2BRelease-4.27&UserID=4dadba1840df393f01f03bb4251131e7%7C8200f8875fa445f5b01f2fa9e0ce4780%7Cb587297a-ff5c-45fe-b03b-545ac00d4e54&AppEnvironment=datacollector-binary&UploadType=eteventstream
[2025.03.25-03.12.36:258][913]LogHttp: Warning: 000002CA93E91600: invalid HTTP response code received. URL: https://datarouter.ol.epicgames.com/datarouter/api/v1/public/data?SessionID=%7B52EE5E38-4C3D-8216-5318-08BD2EB56133%7D&AppID=UEEditor.Rocket.Release&AppVersion=4.27.2-18319896%2B%2B%2BUE4%2BRelease-4.27&UserID=4dadba1840df393f01f03bb4251131e7%7C8200f8875fa445f5b01f2fa9e0ce4780%7Cb587297a-ff5c-45fe-b03b-545ac00d4e54&AppEnvironment=datacollector-binary&UploadType=eteventstream, HTTP code: 0, content length: 0, actual payload size: 0
[2025.03.25-03.12.36:258][913]LogHttp: Warning: 000002CA93E91600: request failed, libcurl error: 7 (Couldn't connect to server)
[2025.03.25-03.12.36:258][913]LogHttp: Warning: 000002CA93E91600: libcurl info message cache 0 (Hostname in DNS cache was stale, zapped)
[2025.03.25-03.12.36:259][913]LogHttp: Warning: 000002CA93E91600: libcurl info message cache 1 (  Trying 127.0.0.1...)
[2025.03.25-03.12.36:259][913]LogHttp: Warning: 000002CA93E91600: libcurl info message cache 2 (TCP_NODELAY set)
[2025.03.25-03.12.36:259][913]LogHttp: Warning: 000002CA93E91600: libcurl info message cache 3 (connect to 127.0.0.1 port 56472 failed: Connection refused)
[2025.03.25-03.12.36:259][913]LogHttp: Warning: 000002CA93E91600: libcurl info message cache 4 (Failed to connect to 127.0.0.1 port 56472: Connection refused)
[2025.03.25-03.12.36:259][913]LogHttp: Warning: 000002CA93E91600: libcurl info message cache 5 (Closing connection 18)
[2025.03.25-03.12.36:598][914]LogHttp: Warning: Retry exhausted on https://datarouter.ol.epicgames.com/datarouter/api/v1/public/data?SessionID=%7B52EE5E38-4C3D-8216-5318-08BD2EB56133%7D&AppID=UEEditor.Rocket.Release&AppVersion=4.27.2-18319896%2B%2B%2BUE4%2BRelease-4.27&UserID=4dadba1840df393f01f03bb4251131e7%7C8200f8875fa445f5b01f2fa9e0ce4780%7Cb587297a-ff5c-45fe-b03b-545ac00d4e54&AppEnvironment=datacollector-binary&UploadType=eteventstream
[2025.03.25-03.13.36:255][ 91]LogHttp: Warning: 000002CA93E92B00: invalid HTTP response code received. URL: https://datarouter.ol.epicgames.com/datarouter/api/v1/public/data?SessionID=%7B52EE5E38-4C3D-8216-5318-08BD2EB56133%7D&AppID=UEEditor.Rocket.Release&AppVersion=4.27.2-18319896%2B%2B%2BUE4%2BRelease-4.27&UserID=4dadba1840df393f01f03bb4251131e7%7C8200f8875fa445f5b01f2fa9e0ce4780%7Cb587297a-ff5c-45fe-b03b-545ac00d4e54&AppEnvironment=datacollector-binary&UploadType=eteventstream, HTTP code: 0, content length: 0, actual payload size: 0
[2025.03.25-03.13.36:255][ 91]LogHttp: Warning: 000002CA93E92B00: request failed, libcurl error: 7 (Couldn't connect to server)
[2025.03.25-03.13.36:255][ 91]LogHttp: Warning: 000002CA93E92B00: libcurl info message cache 0 (Hostname in DNS cache was stale, zapped)
[2025.03.25-03.13.36:255][ 91]LogHttp: Warning: 000002CA93E92B00: libcurl info message cache 1 (  Trying 127.0.0.1...)
[2025.03.25-03.13.36:255][ 91]LogHttp: Warning: 000002CA93E92B00: libcurl info message cache 2 (TCP_NODELAY set)
[2025.03.25-03.13.36:255][ 91]LogHttp: Warning: 000002CA93E92B00: libcurl info message cache 3 (connect to 127.0.0.1 port 56472 failed: Connection refused)
[2025.03.25-03.13.36:255][ 91]LogHttp: Warning: 000002CA93E92B00: libcurl info message cache 4 (Failed to connect to 127.0.0.1 port 56472: Connection refused)
[2025.03.25-03.13.36:255][ 91]LogHttp: Warning: 000002CA93E92B00: libcurl info message cache 5 (Closing connection 19)
[2025.03.25-03.13.36:594][ 92]LogHttp: Warning: Retry exhausted on https://datarouter.ol.epicgames.com/datarouter/api/v1/public/data?SessionID=%7B52EE5E38-4C3D-8216-5318-08BD2EB56133%7D&AppID=UEEditor.Rocket.Release&AppVersion=4.27.2-18319896%2B%2B%2BUE4%2BRelease-4.27&UserID=4dadba1840df393f01f03bb4251131e7%7C8200f8875fa445f5b01f2fa9e0ce4780%7Cb587297a-ff5c-45fe-b03b-545ac00d4e54&AppEnvironment=datacollector-binary&UploadType=eteventstream
[2025.03.25-03.14.36:255][270]LogHttp: Warning: 000002CA93E93900: invalid HTTP response code received. URL: https://datarouter.ol.epicgames.com/datarouter/api/v1/public/data?SessionID=%7B52EE5E38-4C3D-8216-5318-08BD2EB56133%7D&AppID=UEEditor.Rocket.Release&AppVersion=4.27.2-18319896%2B%2B%2BUE4%2BRelease-4.27&UserID=4dadba1840df393f01f03bb4251131e7%7C8200f8875fa445f5b01f2fa9e0ce4780%7Cb587297a-ff5c-45fe-b03b-545ac00d4e54&AppEnvironment=datacollector-binary&UploadType=eteventstream, HTTP code: 0, content length: 0, actual payload size: 0
[2025.03.25-03.14.36:255][270]LogHttp: Warning: 000002CA93E93900: request failed, libcurl error: 7 (Couldn't connect to server)
[2025.03.25-03.14.36:255][270]LogHttp: Warning: 000002CA93E93900: libcurl info message cache 0 (Hostname in DNS cache was stale, zapped)
[2025.03.25-03.14.36:256][270]LogHttp: Warning: 000002CA93E93900: libcurl info message cache 1 (  Trying 127.0.0.1...)
[2025.03.25-03.14.36:256][270]LogHttp: Warning: 000002CA93E93900: libcurl info message cache 2 (TCP_NODELAY set)
[2025.03.25-03.14.36:256][270]LogHttp: Warning: 000002CA93E93900: libcurl info message cache 3 (connect to 127.0.0.1 port 56472 failed: Connection refused)
[2025.03.25-03.14.36:256][270]LogHttp: Warning: 000002CA93E93900: libcurl info message cache 4 (Failed to connect to 127.0.0.1 port 56472: Connection refused)
[2025.03.25-03.14.36:258][270]LogHttp: Warning: 000002CA93E93900: libcurl info message cache 5 (Closing connection 20)
[2025.03.25-03.14.36:258][270]LogHttp: Warning: Retry exhausted on https://datarouter.ol.epicgames.com/datarouter/api/v1/public/data?SessionID=%7B52EE5E38-4C3D-8216-5318-08BD2EB56133%7D&AppID=UEEditor.Rocket.Release&AppVersion=4.27.2-18319896%2B%2B%2BUE4%2BRelease-4.27&UserID=4dadba1840df393f01f03bb4251131e7%7C8200f8875fa445f5b01f2fa9e0ce4780%7Cb587297a-ff5c-45fe-b03b-545ac00d4e54&AppEnvironment=datacollector-binary&UploadType=eteventstream
[2025.03.25-03.15.36:187][449]LogHttp: Warning: 000002CA93E93900: invalid HTTP response code received. URL: https://datarouter.ol.epicgames.com/datarouter/api/v1/public/data?SessionID=%7B52EE5E38-4C3D-8216-5318-08BD2EB56133%7D&AppID=UEEditor.Rocket.Release&AppVersion=4.27.2-18319896%2B%2B%2BUE4%2BRelease-4.27&UserID=4dadba1840df393f01f03bb4251131e7%7C8200f8875fa445f5b01f2fa9e0ce4780%7Cb587297a-ff5c-45fe-b03b-545ac00d4e54&AppEnvironment=datacollector-binary&UploadType=eteventstream, HTTP code: 0, content length: 0, actual payload size: 0
[2025.03.25-03.15.36:187][449]LogHttp: Warning: 000002CA93E93900: request failed, libcurl error: 7 (Couldn't connect to server)
[2025.03.25-03.15.36:187][449]LogHttp: Warning: 000002CA93E93900: libcurl info message cache 0 (Hostname in DNS cache was stale, zapped)
[2025.03.25-03.15.36:187][449]LogHttp: Warning: 000002CA93E93900: libcurl info message cache 1 (  Trying 127.0.0.1...)
[2025.03.25-03.15.36:187][449]LogHttp: Warning: 000002CA93E93900: libcurl info message cache 2 (TCP_NODELAY set)
[2025.03.25-03.15.36:187][449]LogHttp: Warning: 000002CA93E93900: libcurl info message cache 3 (connect to 127.0.0.1 port 56472 failed: Connection refused)
[2025.03.25-03.15.36:188][449]LogHttp: Warning: 000002CA93E93900: libcurl info message cache 4 (Failed to connect to 127.0.0.1 port 56472: Connection refused)
[2025.03.25-03.15.36:188][449]LogHttp: Warning: 000002CA93E93900: libcurl info message cache 5 (Closing connection 21)
[2025.03.25-03.15.36:524][450]LogHttp: Warning: Retry exhausted on https://datarouter.ol.epicgames.com/datarouter/api/v1/public/data?SessionID=%7B52EE5E38-4C3D-8216-5318-08BD2EB56133%7D&AppID=UEEditor.Rocket.Release&AppVersion=4.27.2-18319896%2B%2B%2BUE4%2BRelease-4.27&UserID=4dadba1840df393f01f03bb4251131e7%7C8200f8875fa445f5b01f2fa9e0ce4780%7Cb587297a-ff5c-45fe-b03b-545ac00d4e54&AppEnvironment=datacollector-binary&UploadType=eteventstream
[2025.03.25-03.16.36:210][628]LogHttp: Warning: 000002CA93E90100: invalid HTTP response code received. URL: https://datarouter.ol.epicgames.com/datarouter/api/v1/public/data?SessionID=%7B52EE5E38-4C3D-8216-5318-08BD2EB56133%7D&AppID=UEEditor.Rocket.Release&AppVersion=4.27.2-18319896%2B%2B%2BUE4%2BRelease-4.27&UserID=4dadba1840df393f01f03bb4251131e7%7C8200f8875fa445f5b01f2fa9e0ce4780%7Cb587297a-ff5c-45fe-b03b-545ac00d4e54&AppEnvironment=datacollector-binary&UploadType=eteventstream, HTTP code: 0, content length: 0, actual payload size: 0
[2025.03.25-03.16.36:210][628]LogHttp: Warning: 000002CA93E90100: request failed, libcurl error: 7 (Couldn't connect to server)
[2025.03.25-03.16.36:210][628]LogHttp: Warning: 000002CA93E90100: libcurl info message cache 0 (Hostname in DNS cache was stale, zapped)
[2025.03.25-03.16.36:210][628]LogHttp: Warning: 000002CA93E90100: libcurl info message cache 1 (  Trying 127.0.0.1...)
[2025.03.25-03.16.36:210][628]LogHttp: Warning: 000002CA93E90100: libcurl info message cache 2 (TCP_NODELAY set)
[2025.03.25-03.16.36:210][628]LogHttp: Warning: 000002CA93E90100: libcurl info message cache 3 (connect to 127.0.0.1 port 56472 failed: Connection refused)
[2025.03.25-03.16.36:210][628]LogHttp: Warning: 000002CA93E90100: libcurl info message cache 4 (Failed to connect to 127.0.0.1 port 56472: Connection refused)
[2025.03.25-03.16.36:210][628]LogHttp: Warning: 000002CA93E90100: libcurl info message cache 5 (Closing connection 22)
[2025.03.25-03.16.36:211][628]LogHttp: Warning: Retry exhausted on https://datarouter.ol.epicgames.com/datarouter/api/v1/public/data?SessionID=%7B52EE5E38-4C3D-8216-5318-08BD2EB56133%7D&AppID=UEEditor.Rocket.Release&AppVersion=4.27.2-18319896%2B%2B%2BUE4%2BRelease-4.27&UserID=4dadba1840df393f01f03bb4251131e7%7C8200f8875fa445f5b01f2fa9e0ce4780%7Cb587297a-ff5c-45fe-b03b-545ac00d4e54&AppEnvironment=datacollector-binary&UploadType=eteventstream
[2025.03.25-03.17.36:209][807]LogHttp: Warning: 000002CA93E90100: invalid HTTP response code received. URL: https://datarouter.ol.epicgames.com/datarouter/api/v1/public/data?SessionID=%7B52EE5E38-4C3D-8216-5318-08BD2EB56133%7D&AppID=UEEditor.Rocket.Release&AppVersion=4.27.2-18319896%2B%2B%2BUE4%2BRelease-4.27&UserID=4dadba1840df393f01f03bb4251131e7%7C8200f8875fa445f5b01f2fa9e0ce4780%7Cb587297a-ff5c-45fe-b03b-545ac00d4e54&AppEnvironment=datacollector-binary&UploadType=eteventstream, HTTP code: 0, content length: 0, actual payload size: 0
[2025.03.25-03.17.36:209][807]LogHttp: Warning: 000002CA93E90100: request failed, libcurl error: 7 (Couldn't connect to server)
[2025.03.25-03.17.36:209][807]LogHttp: Warning: 000002CA93E90100: libcurl info message cache 0 (Hostname in DNS cache was stale, zapped)
[2025.03.25-03.17.36:209][807]LogHttp: Warning: 000002CA93E90100: libcurl info message cache 1 (  Trying 127.0.0.1...)
[2025.03.25-03.17.36:209][807]LogHttp: Warning: 000002CA93E90100: libcurl info message cache 2 (TCP_NODELAY set)
[2025.03.25-03.17.36:209][807]LogHttp: Warning: 000002CA93E90100: libcurl info message cache 3 (connect to 127.0.0.1 port 56472 failed: Connection refused)
[2025.03.25-03.17.36:209][807]LogHttp: Warning: 000002CA93E90100: libcurl info message cache 4 (Failed to connect to 127.0.0.1 port 56472: Connection refused)
[2025.03.25-03.17.36:209][807]LogHttp: Warning: 000002CA93E90100: libcurl info message cache 5 (Closing connection 23)
[2025.03.25-03.17.36:546][808]LogHttp: Warning: Retry exhausted on https://datarouter.ol.epicgames.com/datarouter/api/v1/public/data?SessionID=%7B52EE5E38-4C3D-8216-5318-08BD2EB56133%7D&AppID=UEEditor.Rocket.Release&AppVersion=4.27.2-18319896%2B%2B%2BUE4%2BRelease-4.27&UserID=4dadba1840df393f01f03bb4251131e7%7C8200f8875fa445f5b01f2fa9e0ce4780%7Cb587297a-ff5c-45fe-b03b-545ac00d4e54&AppEnvironment=datacollector-binary&UploadType=eteventstream
[2025.03.25-03.18.35:949][985]LogHttp: Warning: 000002CA93E92B00: invalid HTTP response code received. URL: https://datarouter.ol.epicgames.com/datarouter/api/v1/public/data?SessionID=%7B52EE5E38-4C3D-8216-5318-08BD2EB56133%7D&AppID=UEEditor.Rocket.Release&AppVersion=4.27.2-18319896%2B%2B%2BUE4%2BRelease-4.27&UserID=4dadba1840df393f01f03bb4251131e7%7C8200f8875fa445f5b01f2fa9e0ce4780%7Cb587297a-ff5c-45fe-b03b-545ac00d4e54&AppEnvironment=datacollector-binary&UploadType=eteventstream, HTTP code: 0, content length: 0, actual payload size: 0
[2025.03.25-03.18.35:949][985]LogHttp: Warning: 000002CA93E92B00: request failed, libcurl error: 7 (Couldn't connect to server)
[2025.03.25-03.18.35:949][985]LogHttp: Warning: 000002CA93E92B00: libcurl info message cache 0 (Hostname in DNS cache was stale, zapped)
[2025.03.25-03.18.35:949][985]LogHttp: Warning: 000002CA93E92B00: libcurl info message cache 1 (  Trying 127.0.0.1...)
[2025.03.25-03.18.35:949][985]LogHttp: Warning: 000002CA93E92B00: libcurl info message cache 2 (TCP_NODELAY set)
[2025.03.25-03.18.35:949][985]LogHttp: Warning: 000002CA93E92B00: libcurl info message cache 3 (connect to 127.0.0.1 port 56472 failed: Connection refused)
[2025.03.25-03.18.35:949][985]LogHttp: Warning: 000002CA93E92B00: libcurl info message cache 4 (Failed to connect to 127.0.0.1 port 56472: Connection refused)
[2025.03.25-03.18.35:949][985]LogHttp: Warning: 000002CA93E92B00: libcurl info message cache 5 (Closing connection 24)
[2025.03.25-03.18.36:282][986]LogHttp: Warning: Retry exhausted on https://datarouter.ol.epicgames.com/datarouter/api/v1/public/data?SessionID=%7B52EE5E38-4C3D-8216-5318-08BD2EB56133%7D&AppID=UEEditor.Rocket.Release&AppVersion=4.27.2-18319896%2B%2B%2BUE4%2BRelease-4.27&UserID=4dadba1840df393f01f03bb4251131e7%7C8200f8875fa445f5b01f2fa9e0ce4780%7Cb587297a-ff5c-45fe-b03b-545ac00d4e54&AppEnvironment=datacollector-binary&UploadType=eteventstream
[2025.03.25-03.19.36:226][165]LogHttp: Warning: 000002CA93E92B00: invalid HTTP response code received. URL: https://datarouter.ol.epicgames.com/datarouter/api/v1/public/data?SessionID=%7B52EE5E38-4C3D-8216-5318-08BD2EB56133%7D&AppID=UEEditor.Rocket.Release&AppVersion=4.27.2-18319896%2B%2B%2BUE4%2BRelease-4.27&UserID=4dadba1840df393f01f03bb4251131e7%7C8200f8875fa445f5b01f2fa9e0ce4780%7Cb587297a-ff5c-45fe-b03b-545ac00d4e54&AppEnvironment=datacollector-binary&UploadType=eteventstream, HTTP code: 0, content length: 0, actual payload size: 0
[2025.03.25-03.19.36:226][165]LogHttp: Warning: 000002CA93E92B00: request failed, libcurl error: 7 (Couldn't connect to server)
[2025.03.25-03.19.36:226][165]LogHttp: Warning: 000002CA93E92B00: libcurl info message cache 0 (Hostname in DNS cache was stale, zapped)
[2025.03.25-03.19.36:226][165]LogHttp: Warning: 000002CA93E92B00: libcurl info message cache 1 (  Trying 127.0.0.1...)
[2025.03.25-03.19.36:226][165]LogHttp: Warning: 000002CA93E92B00: libcurl info message cache 2 (TCP_NODELAY set)
[2025.03.25-03.19.36:226][165]LogHttp: Warning: 000002CA93E92B00: libcurl info message cache 3 (connect to 127.0.0.1 port 56472 failed: Connection refused)
[2025.03.25-03.19.36:226][165]LogHttp: Warning: 000002CA93E92B00: libcurl info message cache 4 (Failed to connect to 127.0.0.1 port 56472: Connection refused)
[2025.03.25-03.19.36:226][165]LogHttp: Warning: 000002CA93E92B00: libcurl info message cache 5 (Closing connection 25)
[2025.03.25-03.19.36:564][166]LogHttp: Warning: Retry exhausted on https://datarouter.ol.epicgames.com/datarouter/api/v1/public/data?SessionID=%7B52EE5E38-4C3D-8216-5318-08BD2EB56133%7D&AppID=UEEditor.Rocket.Release&AppVersion=4.27.2-18319896%2B%2B%2BUE4%2BRelease-4.27&UserID=4dadba1840df393f01f03bb4251131e7%7C8200f8875fa445f5b01f2fa9e0ce4780%7Cb587297a-ff5c-45fe-b03b-545ac00d4e54&AppEnvironment=datacollector-binary&UploadType=eteventstream
[2025.03.25-03.20.36:268][344]LogHttp: Warning: 000002CA93E93900: invalid HTTP response code received. URL: https://datarouter.ol.epicgames.com/datarouter/api/v1/public/data?SessionID=%7B52EE5E38-4C3D-8216-5318-08BD2EB56133%7D&AppID=UEEditor.Rocket.Release&AppVersion=4.27.2-18319896%2B%2B%2BUE4%2BRelease-4.27&UserID=4dadba1840df393f01f03bb4251131e7%7C8200f8875fa445f5b01f2fa9e0ce4780%7Cb587297a-ff5c-45fe-b03b-545ac00d4e54&AppEnvironment=datacollector-binary&UploadType=eteventstream, HTTP code: 0, content length: 0, actual payload size: 0
[2025.03.25-03.20.36:268][344]LogHttp: Warning: 000002CA93E93900: request failed, libcurl error: 7 (Couldn't connect to server)
[2025.03.25-03.20.36:268][344]LogHttp: Warning: 000002CA93E93900: libcurl info message cache 0 (Hostname in DNS cache was stale, zapped)
[2025.03.25-03.20.36:268][344]LogHttp: Warning: 000002CA93E93900: libcurl info message cache 1 (  Trying 127.0.0.1...)
[2025.03.25-03.20.36:268][344]LogHttp: Warning: 000002CA93E93900: libcurl info message cache 2 (TCP_NODELAY set)
[2025.03.25-03.20.36:268][344]LogHttp: Warning: 000002CA93E93900: libcurl info message cache 3 (connect to 127.0.0.1 port 56472 failed: Connection refused)
[2025.03.25-03.20.36:268][344]LogHttp: Warning: 000002CA93E93900: libcurl info message cache 4 (Failed to connect to 127.0.0.1 port 56472: Connection refused)
[2025.03.25-03.20.36:268][344]LogHttp: Warning: 000002CA93E93900: libcurl info message cache 5 (Closing connection 26)
[2025.03.25-03.20.36:268][344]LogHttp: Warning: Retry exhausted on https://datarouter.ol.epicgames.com/datarouter/api/v1/public/data?SessionID=%7B52EE5E38-4C3D-8216-5318-08BD2EB56133%7D&AppID=UEEditor.Rocket.Release&AppVersion=4.27.2-18319896%2B%2B%2BUE4%2BRelease-4.27&UserID=4dadba1840df393f01f03bb4251131e7%7C8200f8875fa445f5b01f2fa9e0ce4780%7Cb587297a-ff5c-45fe-b03b-545ac00d4e54&AppEnvironment=datacollector-binary&UploadType=eteventstream
[2025.03.25-03.21.36:250][523]LogHttp: Warning: 000002CA93E93900: invalid HTTP response code received. URL: https://datarouter.ol.epicgames.com/datarouter/api/v1/public/data?SessionID=%7B52EE5E38-4C3D-8216-5318-08BD2EB56133%7D&AppID=UEEditor.Rocket.Release&AppVersion=4.27.2-18319896%2B%2B%2BUE4%2BRelease-4.27&UserID=4dadba1840df393f01f03bb4251131e7%7C8200f8875fa445f5b01f2fa9e0ce4780%7Cb587297a-ff5c-45fe-b03b-545ac00d4e54&AppEnvironment=datacollector-binary&UploadType=eteventstream, HTTP code: 0, content length: 0, actual payload size: 0
[2025.03.25-03.21.36:250][523]LogHttp: Warning: 000002CA93E93900: request failed, libcurl error: 7 (Couldn't connect to server)
[2025.03.25-03.21.36:250][523]LogHttp: Warning: 000002CA93E93900: libcurl info message cache 0 (Hostname in DNS cache was stale, zapped)
[2025.03.25-03.21.36:250][523]LogHttp: Warning: 000002CA93E93900: libcurl info message cache 1 (  Trying 127.0.0.1...)
[2025.03.25-03.21.36:250][523]LogHttp: Warning: 000002CA93E93900: libcurl info message cache 2 (TCP_NODELAY set)
[2025.03.25-03.21.36:250][523]LogHttp: Warning: 000002CA93E93900: libcurl info message cache 3 (connect to 127.0.0.1 port 56472 failed: Connection refused)
[2025.03.25-03.21.36:250][523]LogHttp: Warning: 000002CA93E93900: libcurl info message cache 4 (Failed to connect to 127.0.0.1 port 56472: Connection refused)
[2025.03.25-03.21.36:250][523]LogHttp: Warning: 000002CA93E93900: libcurl info message cache 5 (Closing connection 27)
[2025.03.25-03.21.36:585][524]LogHttp: Warning: Retry exhausted on https://datarouter.ol.epicgames.com/datarouter/api/v1/public/data?SessionID=%7B52EE5E38-4C3D-8216-5318-08BD2EB56133%7D&AppID=UEEditor.Rocket.Release&AppVersion=4.27.2-18319896%2B%2B%2BUE4%2BRelease-4.27&UserID=4dadba1840df393f01f03bb4251131e7%7C8200f8875fa445f5b01f2fa9e0ce4780%7Cb587297a-ff5c-45fe-b03b-545ac00d4e54&AppEnvironment=datacollector-binary&UploadType=eteventstream
[2025.03.25-03.22.36:364][702]LogHttp: Warning: 000002CA93E90100: invalid HTTP response code received. URL: https://datarouter.ol.epicgames.com/datarouter/api/v1/public/data?SessionID=%7B52EE5E38-4C3D-8216-5318-08BD2EB56133%7D&AppID=UEEditor.Rocket.Release&AppVersion=4.27.2-18319896%2B%2B%2BUE4%2BRelease-4.27&UserID=4dadba1840df393f01f03bb4251131e7%7C8200f8875fa445f5b01f2fa9e0ce4780%7Cb587297a-ff5c-45fe-b03b-545ac00d4e54&AppEnvironment=datacollector-binary&UploadType=eteventstream, HTTP code: 0, content length: 0, actual payload size: 0
[2025.03.25-03.22.36:364][702]LogHttp: Warning: 000002CA93E90100: request failed, libcurl error: 7 (Couldn't connect to server)
[2025.03.25-03.22.36:364][702]LogHttp: Warning: 000002CA93E90100: libcurl info message cache 0 (Hostname in DNS cache was stale, zapped)
[2025.03.25-03.22.36:364][702]LogHttp: Warning: 000002CA93E90100: libcurl info message cache 1 (  Trying 127.0.0.1...)
[2025.03.25-03.22.36:364][702]LogHttp: Warning: 000002CA93E90100: libcurl info message cache 2 (TCP_NODELAY set)
[2025.03.25-03.22.36:365][702]LogHttp: Warning: 000002CA93E90100: libcurl info message cache 3 (connect to 127.0.0.1 port 56472 failed: Connection refused)
[2025.03.25-03.22.36:365][702]LogHttp: Warning: 000002CA93E90100: libcurl info message cache 4 (Failed to connect to 127.0.0.1 port 56472: Connection refused)
[2025.03.25-03.22.36:365][702]LogHttp: Warning: 000002CA93E90100: libcurl info message cache 5 (Closing connection 28)
[2025.03.25-03.22.36:365][702]LogHttp: Warning: Retry exhausted on https://datarouter.ol.epicgames.com/datarouter/api/v1/public/data?SessionID=%7B52EE5E38-4C3D-8216-5318-08BD2EB56133%7D&AppID=UEEditor.Rocket.Release&AppVersion=4.27.2-18319896%2B%2B%2BUE4%2BRelease-4.27&UserID=4dadba1840df393f01f03bb4251131e7%7C8200f8875fa445f5b01f2fa9e0ce4780%7Cb587297a-ff5c-45fe-b03b-545ac00d4e54&AppEnvironment=datacollector-binary&UploadType=eteventstream
[2025.03.25-03.23.36:281][881]LogHttp: Warning: 000002CA93E92B00: invalid HTTP response code received. URL: https://datarouter.ol.epicgames.com/datarouter/api/v1/public/data?SessionID=%7B52EE5E38-4C3D-8216-5318-08BD2EB56133%7D&AppID=UEEditor.Rocket.Release&AppVersion=4.27.2-18319896%2B%2B%2BUE4%2BRelease-4.27&UserID=4dadba1840df393f01f03bb4251131e7%7C8200f8875fa445f5b01f2fa9e0ce4780%7Cb587297a-ff5c-45fe-b03b-545ac00d4e54&AppEnvironment=datacollector-binary&UploadType=eteventstream, HTTP code: 0, content length: 0, actual payload size: 0
[2025.03.25-03.23.36:282][881]LogHttp: Warning: 000002CA93E92B00: request failed, libcurl error: 7 (Couldn't connect to server)
[2025.03.25-03.23.36:282][881]LogHttp: Warning: 000002CA93E92B00: libcurl info message cache 0 (Hostname 127.0.0.1 was found in DNS cache)
[2025.03.25-03.23.36:282][881]LogHttp: Warning: 000002CA93E92B00: libcurl info message cache 1 (  Trying 127.0.0.1...)
[2025.03.25-03.23.36:282][881]LogHttp: Warning: 000002CA93E92B00: libcurl info message cache 2 (TCP_NODELAY set)
[2025.03.25-03.23.36:282][881]LogHttp: Warning: 000002CA93E92B00: libcurl info message cache 3 (connect to 127.0.0.1 port 56472 failed: Connection refused)
[2025.03.25-03.23.36:282][881]LogHttp: Warning: 000002CA93E92B00: libcurl info message cache 4 (Failed to connect to 127.0.0.1 port 56472: Connection refused)
[2025.03.25-03.23.36:282][881]LogHttp: Warning: 000002CA93E92B00: libcurl info message cache 5 (Closing connection 29)
[2025.03.25-03.23.36:615][882]LogHttp: Warning: Retry exhausted on https://datarouter.ol.epicgames.com/datarouter/api/v1/public/data?SessionID=%7B52EE5E38-4C3D-8216-5318-08BD2EB56133%7D&AppID=UEEditor.Rocket.Release&AppVersion=4.27.2-18319896%2B%2B%2BUE4%2BRelease-4.27&UserID=4dadba1840df393f01f03bb4251131e7%7C8200f8875fa445f5b01f2fa9e0ce4780%7Cb587297a-ff5c-45fe-b03b-545ac00d4e54&AppEnvironment=datacollector-binary&UploadType=eteventstream
[2025.03.25-03.24.36:254][ 60]LogHttp: Warning: 000002CA93E93900: invalid HTTP response code received. URL: https://datarouter.ol.epicgames.com/datarouter/api/v1/public/data?SessionID=%7B52EE5E38-4C3D-8216-5318-08BD2EB56133%7D&AppID=UEEditor.Rocket.Release&AppVersion=4.27.2-18319896%2B%2B%2BUE4%2BRelease-4.27&UserID=4dadba1840df393f01f03bb4251131e7%7C8200f8875fa445f5b01f2fa9e0ce4780%7Cb587297a-ff5c-45fe-b03b-545ac00d4e54&AppEnvironment=datacollector-binary&UploadType=eteventstream, HTTP code: 0, content length: 0, actual payload size: 0
[2025.03.25-03.24.36:254][ 60]LogHttp: Warning: 000002CA93E93900: request failed, libcurl error: 7 (Couldn't connect to server)
[2025.03.25-03.24.36:254][ 60]LogHttp: Warning: 000002CA93E93900: libcurl info message cache 0 (  Trying 127.0.0.1...)
[2025.03.25-03.24.36:254][ 60]LogHttp: Warning: 000002CA93E93900: libcurl info message cache 1 (TCP_NODELAY set)
[2025.03.25-03.24.36:254][ 60]LogHttp: Warning: 000002CA93E93900: libcurl info message cache 2 (connect to 127.0.0.1 port 56472 failed: Connection refused)
[2025.03.25-03.24.36:254][ 60]LogHttp: Warning: 000002CA93E93900: libcurl info message cache 3 (Failed to connect to 127.0.0.1 port 56472: Connection refused)
[2025.03.25-03.24.36:254][ 60]LogHttp: Warning: 000002CA93E93900: libcurl info message cache 4 (Closing connection 30)
[2025.03.25-03.24.36:254][ 60]LogHttp: Warning: Retry exhausted on https://datarouter.ol.epicgames.com/datarouter/api/v1/public/data?SessionID=%7B52EE5E38-4C3D-8216-5318-08BD2EB56133%7D&AppID=UEEditor.Rocket.Release&AppVersion=4.27.2-18319896%2B%2B%2BUE4%2BRelease-4.27&UserID=4dadba1840df393f01f03bb4251131e7%7C8200f8875fa445f5b01f2fa9e0ce4780%7Cb587297a-ff5c-45fe-b03b-545ac00d4e54&AppEnvironment=datacollector-binary&UploadType=eteventstream
[2025.03.25-03.25.36:196][239]LogHttp: Warning: 000002CA93E93900: invalid HTTP response code received. URL: https://datarouter.ol.epicgames.com/datarouter/api/v1/public/data?SessionID=%7B52EE5E38-4C3D-8216-5318-08BD2EB56133%7D&AppID=UEEditor.Rocket.Release&AppVersion=4.27.2-18319896%2B%2B%2BUE4%2BRelease-4.27&UserID=4dadba1840df393f01f03bb4251131e7%7C8200f8875fa445f5b01f2fa9e0ce4780%7Cb587297a-ff5c-45fe-b03b-545ac00d4e54&AppEnvironment=datacollector-binary&UploadType=eteventstream, HTTP code: 0, content length: 0, actual payload size: 0
[2025.03.25-03.25.36:196][239]LogHttp: Warning: 000002CA93E93900: request failed, libcurl error: 7 (Couldn't connect to server)
[2025.03.25-03.25.36:196][239]LogHttp: Warning: 000002CA93E93900: libcurl info message cache 0 (Hostname in DNS cache was stale, zapped)
[2025.03.25-03.25.36:196][239]LogHttp: Warning: 000002CA93E93900: libcurl info message cache 1 (  Trying 127.0.0.1...)
[2025.03.25-03.25.36:196][239]LogHttp: Warning: 000002CA93E93900: libcurl info message cache 2 (TCP_NODELAY set)
[2025.03.25-03.25.36:196][239]LogHttp: Warning: 000002CA93E93900: libcurl info message cache 3 (connect to 127.0.0.1 port 56472 failed: Connection refused)
[2025.03.25-03.25.36:196][239]LogHttp: Warning: 000002CA93E93900: libcurl info message cache 4 (Failed to connect to 127.0.0.1 port 56472: Connection refused)
[2025.03.25-03.25.36:196][239]LogHttp: Warning: 000002CA93E93900: libcurl info message cache 5 (Closing connection 31)
[2025.03.25-03.25.36:527][240]LogHttp: Warning: Retry exhausted on https://datarouter.ol.epicgames.com/datarouter/api/v1/public/data?SessionID=%7B52EE5E38-4C3D-8216-5318-08BD2EB56133%7D&AppID=UEEditor.Rocket.Release&AppVersion=4.27.2-18319896%2B%2B%2BUE4%2BRelease-4.27&UserID=4dadba1840df393f01f03bb4251131e7%7C8200f8875fa445f5b01f2fa9e0ce4780%7Cb587297a-ff5c-45fe-b03b-545ac00d4e54&AppEnvironment=datacollector-binary&UploadType=eteventstream
[2025.03.25-03.26.36:454][594]LogHttp: Warning: 000002CA93E93200: invalid HTTP response code received. URL: https://datarouter.ol.epicgames.com/datarouter/api/v1/public/data?SessionID=%7B52EE5E38-4C3D-8216-5318-08BD2EB56133%7D&AppID=UEEditor.Rocket.Release&AppVersion=4.27.2-18319896%2B%2B%2BUE4%2BRelease-4.27&UserID=4dadba1840df393f01f03bb4251131e7%7C8200f8875fa445f5b01f2fa9e0ce4780%7Cb587297a-ff5c-45fe-b03b-545ac00d4e54&AppEnvironment=datacollector-binary&UploadType=eteventstream, HTTP code: 0, content length: 0, actual payload size: 0
[2025.03.25-03.26.36:454][594]LogHttp: Warning: 000002CA93E93200: request failed, libcurl error: 7 (Couldn't connect to server)
[2025.03.25-03.26.36:454][594]LogHttp: Warning: 000002CA93E93200: libcurl info message cache 0 (Hostname in DNS cache was stale, zapped)
[2025.03.25-03.26.36:454][594]LogHttp: Warning: 000002CA93E93200: libcurl info message cache 1 (  Trying 127.0.0.1...)
[2025.03.25-03.26.36:454][594]LogHttp: Warning: 000002CA93E93200: libcurl info message cache 2 (TCP_NODELAY set)
[2025.03.25-03.26.36:454][594]LogHttp: Warning: 000002CA93E93200: libcurl info message cache 3 (connect to 127.0.0.1 port 56472 failed: Connection refused)
[2025.03.25-03.26.36:454][594]LogHttp: Warning: 000002CA93E93200: libcurl info message cache 4 (Failed to connect to 127.0.0.1 port 56472: Connection refused)
[2025.03.25-03.26.36:454][594]LogHttp: Warning: 000002CA93E93200: libcurl info message cache 5 (Closing connection 32)
[2025.03.25-03.26.36:454][594]LogHttp: Warning: Retry exhausted on https://datarouter.ol.epicgames.com/datarouter/api/v1/public/data?SessionID=%7B52EE5E38-4C3D-8216-5318-08BD2EB56133%7D&AppID=UEEditor.Rocket.Release&AppVersion=4.27.2-18319896%2B%2B%2BUE4%2BRelease-4.27&UserID=4dadba1840df393f01f03bb4251131e7%7C8200f8875fa445f5b01f2fa9e0ce4780%7Cb587297a-ff5c-45fe-b03b-545ac00d4e54&AppEnvironment=datacollector-binary&UploadType=eteventstream
[2025.03.25-03.27.36:366][839]LogHttp: Warning: 000002CA93E91600: invalid HTTP response code received. URL: https://datarouter.ol.epicgames.com/datarouter/api/v1/public/data?SessionID=%7B52EE5E38-4C3D-8216-5318-08BD2EB56133%7D&AppID=UEEditor.Rocket.Release&AppVersion=4.27.2-18319896%2B%2B%2BUE4%2BRelease-4.27&UserID=4dadba1840df393f01f03bb4251131e7%7C8200f8875fa445f5b01f2fa9e0ce4780%7Cb587297a-ff5c-45fe-b03b-545ac00d4e54&AppEnvironment=datacollector-binary&UploadType=eteventstream, HTTP code: 0, content length: 0, actual payload size: 0
[2025.03.25-03.27.36:366][839]LogHttp: Warning: 000002CA93E91600: request failed, libcurl error: 7 (Couldn't connect to server)
[2025.03.25-03.27.36:366][839]LogHttp: Warning: 000002CA93E91600: libcurl info message cache 0 (Hostname in DNS cache was stale, zapped)
[2025.03.25-03.27.36:366][839]LogHttp: Warning: 000002CA93E91600: libcurl info message cache 1 (  Trying 127.0.0.1...)
[2025.03.25-03.27.36:366][839]LogHttp: Warning: 000002CA93E91600: libcurl info message cache 2 (TCP_NODELAY set)
[2025.03.25-03.27.36:366][839]LogHttp: Warning: 000002CA93E91600: libcurl info message cache 3 (connect to 127.0.0.1 port 56472 failed: Connection refused)
[2025.03.25-03.27.36:366][839]LogHttp: Warning: 000002CA93E91600: libcurl info message cache 4 (Failed to connect to 127.0.0.1 port 56472: Connection refused)
[2025.03.25-03.27.36:366][839]LogHttp: Warning: 000002CA93E91600: libcurl info message cache 5 (Closing connection 33)
[2025.03.25-03.27.36:698][840]LogHttp: Warning: Retry exhausted on https://datarouter.ol.epicgames.com/datarouter/api/v1/public/data?SessionID=%7B52EE5E38-4C3D-8216-5318-08BD2EB56133%7D&AppID=UEEditor.Rocket.Release&AppVersion=4.27.2-18319896%2B%2B%2BUE4%2BRelease-4.27&UserID=4dadba1840df393f01f03bb4251131e7%7C8200f8875fa445f5b01f2fa9e0ce4780%7Cb587297a-ff5c-45fe-b03b-545ac00d4e54&AppEnvironment=datacollector-binary&UploadType=eteventstream
[2025.03.25-03.28.36:367][ 18]LogHttp: Warning: 000002CA93E91600: invalid HTTP response code received. URL: https://datarouter.ol.epicgames.com/datarouter/api/v1/public/data?SessionID=%7B52EE5E38-4C3D-8216-5318-08BD2EB56133%7D&AppID=UEEditor.Rocket.Release&AppVersion=4.27.2-18319896%2B%2B%2BUE4%2BRelease-4.27&UserID=4dadba1840df393f01f03bb4251131e7%7C8200f8875fa445f5b01f2fa9e0ce4780%7Cb587297a-ff5c-45fe-b03b-545ac00d4e54&AppEnvironment=datacollector-binary&UploadType=eteventstream, HTTP code: 0, content length: 0, actual payload size: 0
[2025.03.25-03.28.36:367][ 18]LogHttp: Warning: 000002CA93E91600: request failed, libcurl error: 7 (Couldn't connect to server)
[2025.03.25-03.28.36:367][ 18]LogHttp: Warning: 000002CA93E91600: libcurl info message cache 0 (Hostname in DNS cache was stale, zapped)
[2025.03.25-03.28.36:367][ 18]LogHttp: Warning: 000002CA93E91600: libcurl info message cache 1 (  Trying 127.0.0.1...)
[2025.03.25-03.28.36:367][ 18]LogHttp: Warning: 000002CA93E91600: libcurl info message cache 2 (TCP_NODELAY set)
[2025.03.25-03.28.36:367][ 18]LogHttp: Warning: 000002CA93E91600: libcurl info message cache 3 (connect to 127.0.0.1 port 56472 failed: Connection refused)
[2025.03.25-03.28.36:367][ 18]LogHttp: Warning: 000002CA93E91600: libcurl info message cache 4 (Failed to connect to 127.0.0.1 port 56472: Connection refused)
[2025.03.25-03.28.36:367][ 18]LogHttp: Warning: 000002CA93E91600: libcurl info message cache 5 (Closing connection 34)
[2025.03.25-03.28.36:367][ 18]LogHttp: Warning: Retry exhausted on https://datarouter.ol.epicgames.com/datarouter/api/v1/public/data?SessionID=%7B52EE5E38-4C3D-8216-5318-08BD2EB56133%7D&AppID=UEEditor.Rocket.Release&AppVersion=4.27.2-18319896%2B%2B%2BUE4%2BRelease-4.27&UserID=4dadba1840df393f01f03bb4251131e7%7C8200f8875fa445f5b01f2fa9e0ce4780%7Cb587297a-ff5c-45fe-b03b-545ac00d4e54&AppEnvironment=datacollector-binary&UploadType=eteventstream
[2025.03.25-03.29.36:395][197]LogHttp: Warning: 000002CA93E90100: invalid HTTP response code received. URL: https://datarouter.ol.epicgames.com/datarouter/api/v1/public/data?SessionID=%7B52EE5E38-4C3D-8216-5318-08BD2EB56133%7D&AppID=UEEditor.Rocket.Release&AppVersion=4.27.2-18319896%2B%2B%2BUE4%2BRelease-4.27&UserID=4dadba1840df393f01f03bb4251131e7%7C8200f8875fa445f5b01f2fa9e0ce4780%7Cb587297a-ff5c-45fe-b03b-545ac00d4e54&AppEnvironment=datacollector-binary&UploadType=eteventstream, HTTP code: 0, content length: 0, actual payload size: 0
[2025.03.25-03.29.36:395][197]LogHttp: Warning: 000002CA93E90100: request failed, libcurl error: 7 (Couldn't connect to server)
[2025.03.25-03.29.36:395][197]LogHttp: Warning: 000002CA93E90100: libcurl info message cache 0 (Hostname in DNS cache was stale, zapped)
[2025.03.25-03.29.36:395][197]LogHttp: Warning: 000002CA93E90100: libcurl info message cache 1 (  Trying 127.0.0.1...)
[2025.03.25-03.29.36:395][197]LogHttp: Warning: 000002CA93E90100: libcurl info message cache 2 (TCP_NODELAY set)
[2025.03.25-03.29.36:395][197]LogHttp: Warning: 000002CA93E90100: libcurl info message cache 3 (connect to 127.0.0.1 port 56472 failed: Connection refused)
[2025.03.25-03.29.36:395][197]LogHttp: Warning: 000002CA93E90100: libcurl info message cache 4 (Failed to connect to 127.0.0.1 port 56472: Connection refused)
[2025.03.25-03.29.36:395][197]LogHttp: Warning: 000002CA93E90100: libcurl info message cache 5 (Closing connection 35)
[2025.03.25-03.29.36:730][198]LogHttp: Warning: Retry exhausted on https://datarouter.ol.epicgames.com/datarouter/api/v1/public/data?SessionID=%7B52EE5E38-4C3D-8216-5318-08BD2EB56133%7D&AppID=UEEditor.Rocket.Release&AppVersion=4.27.2-18319896%2B%2B%2BUE4%2BRelease-4.27&UserID=4dadba1840df393f01f03bb4251131e7%7C8200f8875fa445f5b01f2fa9e0ce4780%7Cb587297a-ff5c-45fe-b03b-545ac00d4e54&AppEnvironment=datacollector-binary&UploadType=eteventstream
[2025.03.25-03.30.36:370][368]LogHttp: Warning: 000002CA93E92B00: invalid HTTP response code received. URL: https://datarouter.ol.epicgames.com/datarouter/api/v1/public/data?SessionID=%7B52EE5E38-4C3D-8216-5318-08BD2EB56133%7D&AppID=UEEditor.Rocket.Release&AppVersion=4.27.2-18319896%2B%2B%2BUE4%2BRelease-4.27&UserID=4dadba1840df393f01f03bb4251131e7%7C8200f8875fa445f5b01f2fa9e0ce4780%7Cb587297a-ff5c-45fe-b03b-545ac00d4e54&AppEnvironment=datacollector-binary&UploadType=eteventstream, HTTP code: 0, content length: 0, actual payload size: 0
[2025.03.25-03.30.36:370][368]LogHttp: Warning: 000002CA93E92B00: request failed, libcurl error: 7 (Couldn't connect to server)
[2025.03.25-03.30.36:370][368]LogHttp: Warning: 000002CA93E92B00: libcurl info message cache 0 (Hostname in DNS cache was stale, zapped)
[2025.03.25-03.30.36:370][368]LogHttp: Warning: 000002CA93E92B00: libcurl info message cache 1 (  Trying 127.0.0.1...)
[2025.03.25-03.30.36:370][368]LogHttp: Warning: 000002CA93E92B00: libcurl info message cache 2 (TCP_NODELAY set)
[2025.03.25-03.30.36:370][368]LogHttp: Warning: 000002CA93E92B00: libcurl info message cache 3 (connect to 127.0.0.1 port 56472 failed: Connection refused)
[2025.03.25-03.30.36:370][368]LogHttp: Warning: 000002CA93E92B00: libcurl info message cache 4 (Failed to connect to 127.0.0.1 port 56472: Connection refused)
[2025.03.25-03.30.36:370][368]LogHttp: Warning: 000002CA93E92B00: libcurl info message cache 5 (Closing connection 36)
[2025.03.25-03.30.36:372][368]LogHttp: Warning: Retry exhausted on https://datarouter.ol.epicgames.com/datarouter/api/v1/public/data?SessionID=%7B52EE5E38-4C3D-8216-5318-08BD2EB56133%7D&AppID=UEEditor.Rocket.Release&AppVersion=4.27.2-18319896%2B%2B%2BUE4%2BRelease-4.27&UserID=4dadba1840df393f01f03bb4251131e7%7C8200f8875fa445f5b01f2fa9e0ce4780%7Cb587297a-ff5c-45fe-b03b-545ac00d4e54&AppEnvironment=datacollector-binary&UploadType=eteventstream
[2025.03.25-03.31.36:357][520]LogHttp: Warning: 000002CB640C8100: invalid HTTP response code received. URL: https://datarouter.ol.epicgames.com/datarouter/api/v1/public/data?SessionID=%7B52EE5E38-4C3D-8216-5318-08BD2EB56133%7D&AppID=UEEditor.Rocket.Release&AppVersion=4.27.2-18319896%2B%2B%2BUE4%2BRelease-4.27&UserID=4dadba1840df393f01f03bb4251131e7%7C8200f8875fa445f5b01f2fa9e0ce4780%7Cb587297a-ff5c-45fe-b03b-545ac00d4e54&AppEnvironment=datacollector-binary&UploadType=eteventstream, HTTP code: 0, content length: 0, actual payload size: 0
[2025.03.25-03.31.36:357][520]LogHttp: Warning: 000002CB640C8100: request failed, libcurl error: 7 (Couldn't connect to server)
[2025.03.25-03.31.36:357][520]LogHttp: Warning: 000002CB640C8100: libcurl info message cache 0 (Hostname in DNS cache was stale, zapped)
[2025.03.25-03.31.36:357][520]LogHttp: Warning: 000002CB640C8100: libcurl info message cache 1 (  Trying 127.0.0.1...)
[2025.03.25-03.31.36:357][520]LogHttp: Warning: 000002CB640C8100: libcurl info message cache 2 (TCP_NODELAY set)
[2025.03.25-03.31.36:357][520]LogHttp: Warning: 000002CB640C8100: libcurl info message cache 3 (connect to 127.0.0.1 port 56472 failed: Connection refused)
[2025.03.25-03.31.36:357][520]LogHttp: Warning: 000002CB640C8100: libcurl info message cache 4 (Failed to connect to 127.0.0.1 port 56472: Connection refused)
[2025.03.25-03.31.36:357][520]LogHttp: Warning: 000002CB640C8100: libcurl info message cache 5 (Closing connection 37)
[2025.03.25-03.31.36:357][520]LogHttp: Warning: Retry exhausted on https://datarouter.ol.epicgames.com/datarouter/api/v1/public/data?SessionID=%7B52EE5E38-4C3D-8216-5318-08BD2EB56133%7D&AppID=UEEditor.Rocket.Release&AppVersion=4.27.2-18319896%2B%2B%2BUE4%2BRelease-4.27&UserID=4dadba1840df393f01f03bb4251131e7%7C8200f8875fa445f5b01f2fa9e0ce4780%7Cb587297a-ff5c-45fe-b03b-545ac00d4e54&AppEnvironment=datacollector-binary&UploadType=eteventstream
[2025.03.25-03.32.40:904][661]LogHttp: Warning: 000002CA93E92400: invalid HTTP response code received. URL: https://datarouter.ol.epicgames.com/datarouter/api/v1/public/data?SessionID=%7B52EE5E38-4C3D-8216-5318-08BD2EB56133%7D&AppID=UEEditor.Rocket.Release&AppVersion=4.27.2-18319896%2B%2B%2BUE4%2BRelease-4.27&UserID=4dadba1840df393f01f03bb4251131e7%7C8200f8875fa445f5b01f2fa9e0ce4780%7Cb587297a-ff5c-45fe-b03b-545ac00d4e54&AppEnvironment=datacollector-binary&UploadType=eteventstream, HTTP code: 0, content length: 0, actual payload size: 0
[2025.03.25-03.32.40:904][661]LogHttp: Warning: 000002CA93E92400: request failed, libcurl error: 7 (Couldn't connect to server)
[2025.03.25-03.32.40:904][661]LogHttp: Warning: 000002CA93E92400: libcurl info message cache 0 (Hostname in DNS cache was stale, zapped)
[2025.03.25-03.32.40:904][661]LogHttp: Warning: 000002CA93E92400: libcurl info message cache 1 (  Trying 127.0.0.1...)
[2025.03.25-03.32.40:904][661]LogHttp: Warning: 000002CA93E92400: libcurl info message cache 2 (TCP_NODELAY set)
[2025.03.25-03.32.40:904][661]LogHttp: Warning: 000002CA93E92400: libcurl info message cache 3 (connect to 127.0.0.1 port 56472 failed: Connection refused)
[2025.03.25-03.32.40:904][661]LogHttp: Warning: 000002CA93E92400: libcurl info message cache 4 (Failed to connect to 127.0.0.1 port 56472: Connection refused)
[2025.03.25-03.32.40:904][661]LogHttp: Warning: 000002CA93E92400: libcurl info message cache 5 (Closing connection 38)
[2025.03.25-03.32.41:190][662]LogHttp: Warning: Retry exhausted on https://datarouter.ol.epicgames.com/datarouter/api/v1/public/data?SessionID=%7B52EE5E38-4C3D-8216-5318-08BD2EB56133%7D&AppID=UEEditor.Rocket.Release&AppVersion=4.27.2-18319896%2B%2B%2BUE4%2BRelease-4.27&UserID=4dadba1840df393f01f03bb4251131e7%7C8200f8875fa445f5b01f2fa9e0ce4780%7Cb587297a-ff5c-45fe-b03b-545ac00d4e54&AppEnvironment=datacollector-binary&UploadType=eteventstream
[2025.03.25-03.33.36:366][820]LogHttp: Warning: 000002CB634A0F00: invalid HTTP response code received. URL: https://datarouter.ol.epicgames.com/datarouter/api/v1/public/data?SessionID=%7B52EE5E38-4C3D-8216-5318-08BD2EB56133%7D&AppID=UEEditor.Rocket.Release&AppVersion=4.27.2-18319896%2B%2B%2BUE4%2BRelease-4.27&UserID=4dadba1840df393f01f03bb4251131e7%7C8200f8875fa445f5b01f2fa9e0ce4780%7Cb587297a-ff5c-45fe-b03b-545ac00d4e54&AppEnvironment=datacollector-binary&UploadType=eteventstream, HTTP code: 0, content length: 0, actual payload size: 0
[2025.03.25-03.33.36:366][820]LogHttp: Warning: 000002CB634A0F00: request failed, libcurl error: 7 (Couldn't connect to server)
[2025.03.25-03.33.36:366][820]LogHttp: Warning: 000002CB634A0F00: libcurl info message cache 0 (Hostname 127.0.0.1 was found in DNS cache)
[2025.03.25-03.33.36:366][820]LogHttp: Warning: 000002CB634A0F00: libcurl info message cache 1 (  Trying 127.0.0.1...)
[2025.03.25-03.33.36:366][820]LogHttp: Warning: 000002CB634A0F00: libcurl info message cache 2 (TCP_NODELAY set)
[2025.03.25-03.33.36:366][820]LogHttp: Warning: 000002CB634A0F00: libcurl info message cache 3 (connect to 127.0.0.1 port 56472 failed: Connection refused)
[2025.03.25-03.33.36:366][820]LogHttp: Warning: 000002CB634A0F00: libcurl info message cache 4 (Failed to connect to 127.0.0.1 port 56472: Connection refused)
[2025.03.25-03.33.36:366][820]LogHttp: Warning: 000002CB634A0F00: libcurl info message cache 5 (Closing connection 39)
[2025.03.25-03.33.36:366][820]LogHttp: Warning: Retry exhausted on https://datarouter.ol.epicgames.com/datarouter/api/v1/public/data?SessionID=%7B52EE5E38-4C3D-8216-5318-08BD2EB56133%7D&AppID=UEEditor.Rocket.Release&AppVersion=4.27.2-18319896%2B%2B%2BUE4%2BRelease-4.27&UserID=4dadba1840df393f01f03bb4251131e7%7C8200f8875fa445f5b01f2fa9e0ce4780%7Cb587297a-ff5c-45fe-b03b-545ac00d4e54&AppEnvironment=datacollector-binary&UploadType=eteventstream
[2025.03.25-03.34.36:368][998]LogHttp: Warning: 000002CB5806B900: invalid HTTP response code received. URL: https://datarouter.ol.epicgames.com/datarouter/api/v1/public/data?SessionID=%7B52EE5E38-4C3D-8216-5318-08BD2EB56133%7D&AppID=UEEditor.Rocket.Release&AppVersion=4.27.2-18319896%2B%2B%2BUE4%2BRelease-4.27&UserID=4dadba1840df393f01f03bb4251131e7%7C8200f8875fa445f5b01f2fa9e0ce4780%7Cb587297a-ff5c-45fe-b03b-545ac00d4e54&AppEnvironment=datacollector-binary&UploadType=eteventstream, HTTP code: 0, content length: 0, actual payload size: 0
[2025.03.25-03.34.36:369][998]LogHttp: Warning: 000002CB5806B900: request failed, libcurl error: 7 (Couldn't connect to server)
[2025.03.25-03.34.36:369][998]LogHttp: Warning: 000002CB5806B900: libcurl info message cache 0 (Hostname in DNS cache was stale, zapped)
[2025.03.25-03.34.36:369][998]LogHttp: Warning: 000002CB5806B900: libcurl info message cache 1 (  Trying 127.0.0.1...)
[2025.03.25-03.34.36:369][998]LogHttp: Warning: 000002CB5806B900: libcurl info message cache 2 (TCP_NODELAY set)
[2025.03.25-03.34.36:369][998]LogHttp: Warning: 000002CB5806B900: libcurl info message cache 3 (connect to 127.0.0.1 port 56472 failed: Connection refused)
[2025.03.25-03.34.36:369][998]LogHttp: Warning: 000002CB5806B900: libcurl info message cache 4 (Failed to connect to 127.0.0.1 port 56472: Connection refused)
[2025.03.25-03.34.36:369][998]LogHttp: Warning: 000002CB5806B900: libcurl info message cache 5 (Closing connection 40)
[2025.03.25-03.34.36:369][998]LogHttp: Warning: Retry exhausted on https://datarouter.ol.epicgames.com/datarouter/api/v1/public/data?SessionID=%7B52EE5E38-4C3D-8216-5318-08BD2EB56133%7D&AppID=UEEditor.Rocket.Release&AppVersion=4.27.2-18319896%2B%2B%2BUE4%2BRelease-4.27&UserID=4dadba1840df393f01f03bb4251131e7%7C8200f8875fa445f5b01f2fa9e0ce4780%7Cb587297a-ff5c-45fe-b03b-545ac00d4e54&AppEnvironment=datacollector-binary&UploadType=eteventstream
[2025.03.25-03.35.36:407][177]LogHttp: Warning: 000002CB5806B900: invalid HTTP response code received. URL: https://datarouter.ol.epicgames.com/datarouter/api/v1/public/data?SessionID=%7B52EE5E38-4C3D-8216-5318-08BD2EB56133%7D&AppID=UEEditor.Rocket.Release&AppVersion=4.27.2-18319896%2B%2B%2BUE4%2BRelease-4.27&UserID=4dadba1840df393f01f03bb4251131e7%7C8200f8875fa445f5b01f2fa9e0ce4780%7Cb587297a-ff5c-45fe-b03b-545ac00d4e54&AppEnvironment=datacollector-binary&UploadType=eteventstream, HTTP code: 0, content length: 0, actual payload size: 0
[2025.03.25-03.35.36:407][177]LogHttp: Warning: 000002CB5806B900: request failed, libcurl error: 7 (Couldn't connect to server)
[2025.03.25-03.35.36:407][177]LogHttp: Warning: 000002CB5806B900: libcurl info message cache 0 (Hostname in DNS cache was stale, zapped)
[2025.03.25-03.35.36:407][177]LogHttp: Warning: 000002CB5806B900: libcurl info message cache 1 (  Trying 127.0.0.1...)
[2025.03.25-03.35.36:407][177]LogHttp: Warning: 000002CB5806B900: libcurl info message cache 2 (TCP_NODELAY set)
[2025.03.25-03.35.36:407][177]LogHttp: Warning: 000002CB5806B900: libcurl info message cache 3 (connect to 127.0.0.1 port 56472 failed: Connection refused)
[2025.03.25-03.35.36:407][177]LogHttp: Warning: 000002CB5806B900: libcurl info message cache 4 (Failed to connect to 127.0.0.1 port 56472: Connection refused)
[2025.03.25-03.35.36:407][177]LogHttp: Warning: 000002CB5806B900: libcurl info message cache 5 (Closing connection 41)
[2025.03.25-03.35.36:741][178]LogHttp: Warning: Retry exhausted on https://datarouter.ol.epicgames.com/datarouter/api/v1/public/data?SessionID=%7B52EE5E38-4C3D-8216-5318-08BD2EB56133%7D&AppID=UEEditor.Rocket.Release&AppVersion=4.27.2-18319896%2B%2B%2BUE4%2BRelease-4.27&UserID=4dadba1840df393f01f03bb4251131e7%7C8200f8875fa445f5b01f2fa9e0ce4780%7Cb587297a-ff5c-45fe-b03b-545ac00d4e54&AppEnvironment=datacollector-binary&UploadType=eteventstream
[2025.03.25-03.36.36:418][356]LogHttp: Warning: 000002CB5806B900: invalid HTTP response code received. URL: https://datarouter.ol.epicgames.com/datarouter/api/v1/public/data?SessionID=%7B52EE5E38-4C3D-8216-5318-08BD2EB56133%7D&AppID=UEEditor.Rocket.Release&AppVersion=4.27.2-18319896%2B%2B%2BUE4%2BRelease-4.27&UserID=4dadba1840df393f01f03bb4251131e7%7C8200f8875fa445f5b01f2fa9e0ce4780%7Cb587297a-ff5c-45fe-b03b-545ac00d4e54&AppEnvironment=datacollector-binary&UploadType=eteventstream, HTTP code: 0, content length: 0, actual payload size: 0
[2025.03.25-03.36.36:418][356]LogHttp: Warning: 000002CB5806B900: request failed, libcurl error: 7 (Couldn't connect to server)
[2025.03.25-03.36.36:418][356]LogHttp: Warning: 000002CB5806B900: libcurl info message cache 0 (Hostname in DNS cache was stale, zapped)
[2025.03.25-03.36.36:418][356]LogHttp: Warning: 000002CB5806B900: libcurl info message cache 1 (  Trying 127.0.0.1...)
[2025.03.25-03.36.36:418][356]LogHttp: Warning: 000002CB5806B900: libcurl info message cache 2 (TCP_NODELAY set)
[2025.03.25-03.36.36:418][356]LogHttp: Warning: 000002CB5806B900: libcurl info message cache 3 (connect to 127.0.0.1 port 56472 failed: Connection refused)
[2025.03.25-03.36.36:418][356]LogHttp: Warning: 000002CB5806B900: libcurl info message cache 4 (Failed to connect to 127.0.0.1 port 56472: Connection refused)
[2025.03.25-03.36.36:418][356]LogHttp: Warning: 000002CB5806B900: libcurl info message cache 5 (Closing connection 42)
[2025.03.25-03.36.36:419][356]LogHttp: Warning: Retry exhausted on https://datarouter.ol.epicgames.com/datarouter/api/v1/public/data?SessionID=%7B52EE5E38-4C3D-8216-5318-08BD2EB56133%7D&AppID=UEEditor.Rocket.Release&AppVersion=4.27.2-18319896%2B%2B%2BUE4%2BRelease-4.27&UserID=4dadba1840df393f01f03bb4251131e7%7C8200f8875fa445f5b01f2fa9e0ce4780%7Cb587297a-ff5c-45fe-b03b-545ac00d4e54&AppEnvironment=datacollector-binary&UploadType=eteventstream
[2025.03.25-03.37.36:402][535]LogHttp: Warning: 000002CB5806B900: invalid HTTP response code received. URL: https://datarouter.ol.epicgames.com/datarouter/api/v1/public/data?SessionID=%7B52EE5E38-4C3D-8216-5318-08BD2EB56133%7D&AppID=UEEditor.Rocket.Release&AppVersion=4.27.2-18319896%2B%2B%2BUE4%2BRelease-4.27&UserID=4dadba1840df393f01f03bb4251131e7%7C8200f8875fa445f5b01f2fa9e0ce4780%7Cb587297a-ff5c-45fe-b03b-545ac00d4e54&AppEnvironment=datacollector-binary&UploadType=eteventstream, HTTP code: 0, content length: 0, actual payload size: 0
[2025.03.25-03.37.36:402][535]LogHttp: Warning: 000002CB5806B900: request failed, libcurl error: 7 (Couldn't connect to server)
[2025.03.25-03.37.36:402][535]LogHttp: Warning: 000002CB5806B900: libcurl info message cache 0 (Hostname in DNS cache was stale, zapped)
[2025.03.25-03.37.36:402][535]LogHttp: Warning: 000002CB5806B900: libcurl info message cache 1 (  Trying 127.0.0.1...)
[2025.03.25-03.37.36:402][535]LogHttp: Warning: 000002CB5806B900: libcurl info message cache 2 (TCP_NODELAY set)
[2025.03.25-03.37.36:402][535]LogHttp: Warning: 000002CB5806B900: libcurl info message cache 3 (connect to 127.0.0.1 port 56472 failed: Connection refused)
[2025.03.25-03.37.36:402][535]LogHttp: Warning: 000002CB5806B900: libcurl info message cache 4 (Failed to connect to 127.0.0.1 port 56472: Connection refused)
[2025.03.25-03.37.36:402][535]LogHttp: Warning: 000002CB5806B900: libcurl info message cache 5 (Closing connection 43)
[2025.03.25-03.37.36:733][536]LogHttp: Warning: Retry exhausted on https://datarouter.ol.epicgames.com/datarouter/api/v1/public/data?SessionID=%7B52EE5E38-4C3D-8216-5318-08BD2EB56133%7D&AppID=UEEditor.Rocket.Release&AppVersion=4.27.2-18319896%2B%2B%2BUE4%2BRelease-4.27&UserID=4dadba1840df393f01f03bb4251131e7%7C8200f8875fa445f5b01f2fa9e0ce4780%7Cb587297a-ff5c-45fe-b03b-545ac00d4e54&AppEnvironment=datacollector-binary&UploadType=eteventstream
[2025.03.25-03.38.36:270][713]LogHttp: Warning: 000002CB57FFDD00: invalid HTTP response code received. URL: https://datarouter.ol.epicgames.com/datarouter/api/v1/public/data?SessionID=%7B52EE5E38-4C3D-8216-5318-08BD2EB56133%7D&AppID=UEEditor.Rocket.Release&AppVersion=4.27.2-18319896%2B%2B%2BUE4%2BRelease-4.27&UserID=4dadba1840df393f01f03bb4251131e7%7C8200f8875fa445f5b01f2fa9e0ce4780%7Cb587297a-ff5c-45fe-b03b-545ac00d4e54&AppEnvironment=datacollector-binary&UploadType=eteventstream, HTTP code: 0, content length: 0, actual payload size: 0
[2025.03.25-03.38.36:270][713]LogHttp: Warning: 000002CB57FFDD00: request failed, libcurl error: 7 (Couldn't connect to server)
[2025.03.25-03.38.36:270][713]LogHttp: Warning: 000002CB57FFDD00: libcurl info message cache 0 (Hostname 127.0.0.1 was found in DNS cache)
[2025.03.25-03.38.36:270][713]LogHttp: Warning: 000002CB57FFDD00: libcurl info message cache 1 (  Trying 127.0.0.1...)
[2025.03.25-03.38.36:270][713]LogHttp: Warning: 000002CB57FFDD00: libcurl info message cache 2 (TCP_NODELAY set)
[2025.03.25-03.38.36:270][713]LogHttp: Warning: 000002CB57FFDD00: libcurl info message cache 3 (connect to 127.0.0.1 port 56472 failed: Connection refused)
[2025.03.25-03.38.36:270][713]LogHttp: Warning: 000002CB57FFDD00: libcurl info message cache 4 (Failed to connect to 127.0.0.1 port 56472: Connection refused)
[2025.03.25-03.38.36:270][713]LogHttp: Warning: 000002CB57FFDD00: libcurl info message cache 5 (Closing connection 44)
[2025.03.25-03.38.36:606][714]LogHttp: Warning: Retry exhausted on https://datarouter.ol.epicgames.com/datarouter/api/v1/public/data?SessionID=%7B52EE5E38-4C3D-8216-5318-08BD2EB56133%7D&AppID=UEEditor.Rocket.Release&AppVersion=4.27.2-18319896%2B%2B%2BUE4%2BRelease-4.27&UserID=4dadba1840df393f01f03bb4251131e7%7C8200f8875fa445f5b01f2fa9e0ce4780%7Cb587297a-ff5c-45fe-b03b-545ac00d4e54&AppEnvironment=datacollector-binary&UploadType=eteventstream
[2025.03.25-03.39.36:352][891]LogHttp: Warning: 000002CA8FC06B00: invalid HTTP response code received. URL: https://datarouter.ol.epicgames.com/datarouter/api/v1/public/data?SessionID=%7B52EE5E38-4C3D-8216-5318-08BD2EB56133%7D&AppID=UEEditor.Rocket.Release&AppVersion=4.27.2-18319896%2B%2B%2BUE4%2BRelease-4.27&UserID=4dadba1840df393f01f03bb4251131e7%7C8200f8875fa445f5b01f2fa9e0ce4780%7Cb587297a-ff5c-45fe-b03b-545ac00d4e54&AppEnvironment=datacollector-binary&UploadType=eteventstream, HTTP code: 0, content length: 0, actual payload size: 0
[2025.03.25-03.39.36:352][891]LogHttp: Warning: 000002CA8FC06B00: request failed, libcurl error: 7 (Couldn't connect to server)
[2025.03.25-03.39.36:352][891]LogHttp: Warning: 000002CA8FC06B00: libcurl info message cache 0 (  Trying 127.0.0.1...)
[2025.03.25-03.39.36:352][891]LogHttp: Warning: 000002CA8FC06B00: libcurl info message cache 1 (TCP_NODELAY set)
[2025.03.25-03.39.36:352][891]LogHttp: Warning: 000002CA8FC06B00: libcurl info message cache 2 (connect to 127.0.0.1 port 56472 failed: Connection refused)
[2025.03.25-03.39.36:352][891]LogHttp: Warning: 000002CA8FC06B00: libcurl info message cache 3 (Failed to connect to 127.0.0.1 port 56472: Connection refused)
[2025.03.25-03.39.36:352][891]LogHttp: Warning: 000002CA8FC06B00: libcurl info message cache 4 (Closing connection 45)
[2025.03.25-03.39.36:686][892]LogHttp: Warning: Retry exhausted on https://datarouter.ol.epicgames.com/datarouter/api/v1/public/data?SessionID=%7B52EE5E38-4C3D-8216-5318-08BD2EB56133%7D&AppID=UEEditor.Rocket.Release&AppVersion=4.27.2-18319896%2B%2B%2BUE4%2BRelease-4.27&UserID=4dadba1840df393f01f03bb4251131e7%7C8200f8875fa445f5b01f2fa9e0ce4780%7Cb587297a-ff5c-45fe-b03b-545ac00d4e54&AppEnvironment=datacollector-binary&UploadType=eteventstream
[2025.03.25-03.40.36:349][ 70]LogHttp: Warning: 000002CA8FC04100: invalid HTTP response code received. URL: https://datarouter.ol.epicgames.com/datarouter/api/v1/public/data?SessionID=%7B52EE5E38-4C3D-8216-5318-08BD2EB56133%7D&AppID=UEEditor.Rocket.Release&AppVersion=4.27.2-18319896%2B%2B%2BUE4%2BRelease-4.27&UserID=4dadba1840df393f01f03bb4251131e7%7C8200f8875fa445f5b01f2fa9e0ce4780%7Cb587297a-ff5c-45fe-b03b-545ac00d4e54&AppEnvironment=datacollector-binary&UploadType=eteventstream, HTTP code: 0, content length: 0, actual payload size: 0
[2025.03.25-03.40.36:349][ 70]LogHttp: Warning: 000002CA8FC04100: request failed, libcurl error: 7 (Couldn't connect to server)
[2025.03.25-03.40.36:349][ 70]LogHttp: Warning: 000002CA8FC04100: libcurl info message cache 0 (Hostname in DNS cache was stale, zapped)
[2025.03.25-03.40.36:349][ 70]LogHttp: Warning: 000002CA8FC04100: libcurl info message cache 1 (  Trying 127.0.0.1...)
[2025.03.25-03.40.36:349][ 70]LogHttp: Warning: 000002CA8FC04100: libcurl info message cache 2 (TCP_NODELAY set)
[2025.03.25-03.40.36:349][ 70]LogHttp: Warning: 000002CA8FC04100: libcurl info message cache 3 (connect to 127.0.0.1 port 56472 failed: Connection refused)
[2025.03.25-03.40.36:349][ 70]LogHttp: Warning: 000002CA8FC04100: libcurl info message cache 4 (Failed to connect to 127.0.0.1 port 56472: Connection refused)
[2025.03.25-03.40.36:349][ 70]LogHttp: Warning: 000002CA8FC04100: libcurl info message cache 5 (Closing connection 46)
[2025.03.25-03.40.36:349][ 70]LogHttp: Warning: Retry exhausted on https://datarouter.ol.epicgames.com/datarouter/api/v1/public/data?SessionID=%7B52EE5E38-4C3D-8216-5318-08BD2EB56133%7D&AppID=UEEditor.Rocket.Release&AppVersion=4.27.2-18319896%2B%2B%2BUE4%2BRelease-4.27&UserID=4dadba1840df393f01f03bb4251131e7%7C8200f8875fa445f5b01f2fa9e0ce4780%7Cb587297a-ff5c-45fe-b03b-545ac00d4e54&AppEnvironment=datacollector-binary&UploadType=eteventstream
[2025.03.25-03.41.36:506][249]LogHttp: Warning: 000002CB57FFDD00: invalid HTTP response code received. URL: https://datarouter.ol.epicgames.com/datarouter/api/v1/public/data?SessionID=%7B52EE5E38-4C3D-8216-5318-08BD2EB56133%7D&AppID=UEEditor.Rocket.Release&AppVersion=4.27.2-18319896%2B%2B%2BUE4%2BRelease-4.27&UserID=4dadba1840df393f01f03bb4251131e7%7C8200f8875fa445f5b01f2fa9e0ce4780%7Cb587297a-ff5c-45fe-b03b-545ac00d4e54&AppEnvironment=datacollector-binary&UploadType=eteventstream, HTTP code: 0, content length: 0, actual payload size: 0
[2025.03.25-03.41.36:507][249]LogHttp: Warning: 000002CB57FFDD00: request failed, libcurl error: 7 (Couldn't connect to server)
[2025.03.25-03.41.36:507][249]LogHttp: Warning: 000002CB57FFDD00: libcurl info message cache 0 (Hostname in DNS cache was stale, zapped)
[2025.03.25-03.41.36:507][249]LogHttp: Warning: 000002CB57FFDD00: libcurl info message cache 1 (  Trying 127.0.0.1...)
[2025.03.25-03.41.36:507][249]LogHttp: Warning: 000002CB57FFDD00: libcurl info message cache 2 (TCP_NODELAY set)
[2025.03.25-03.41.36:507][249]LogHttp: Warning: 000002CB57FFDD00: libcurl info message cache 3 (connect to 127.0.0.1 port 56472 failed: Connection refused)
[2025.03.25-03.41.36:507][249]LogHttp: Warning: 000002CB57FFDD00: libcurl info message cache 4 (Failed to connect to 127.0.0.1 port 56472: Connection refused)
[2025.03.25-03.41.36:507][249]LogHttp: Warning: 000002CB57FFDD00: libcurl info message cache 5 (Closing connection 47)
[2025.03.25-03.41.36:844][250]LogHttp: Warning: Retry exhausted on https://datarouter.ol.epicgames.com/datarouter/api/v1/public/data?SessionID=%7B52EE5E38-4C3D-8216-5318-08BD2EB56133%7D&AppID=UEEditor.Rocket.Release&AppVersion=4.27.2-18319896%2B%2B%2BUE4%2BRelease-4.27&UserID=4dadba1840df393f01f03bb4251131e7%7C8200f8875fa445f5b01f2fa9e0ce4780%7Cb587297a-ff5c-45fe-b03b-545ac00d4e54&AppEnvironment=datacollector-binary&UploadType=eteventstream
[2025.03.25-03.42.36:452][428]LogHttp: Warning: 000002CB57FFF200: invalid HTTP response code received. URL: https://datarouter.ol.epicgames.com/datarouter/api/v1/public/data?SessionID=%7B52EE5E38-4C3D-8216-5318-08BD2EB56133%7D&AppID=UEEditor.Rocket.Release&AppVersion=4.27.2-18319896%2B%2B%2BUE4%2BRelease-4.27&UserID=4dadba1840df393f01f03bb4251131e7%7C8200f8875fa445f5b01f2fa9e0ce4780%7Cb587297a-ff5c-45fe-b03b-545ac00d4e54&AppEnvironment=datacollector-binary&UploadType=eteventstream, HTTP code: 0, content length: 0, actual payload size: 0
[2025.03.25-03.42.36:452][428]LogHttp: Warning: 000002CB57FFF200: request failed, libcurl error: 7 (Couldn't connect to server)
[2025.03.25-03.42.36:452][428]LogHttp: Warning: 000002CB57FFF200: libcurl info message cache 0 (Hostname in DNS cache was stale, zapped)
[2025.03.25-03.42.36:452][428]LogHttp: Warning: 000002CB57FFF200: libcurl info message cache 1 (  Trying 127.0.0.1...)
[2025.03.25-03.42.36:452][428]LogHttp: Warning: 000002CB57FFF200: libcurl info message cache 2 (TCP_NODELAY set)
[2025.03.25-03.42.36:452][428]LogHttp: Warning: 000002CB57FFF200: libcurl info message cache 3 (connect to 127.0.0.1 port 56472 failed: Connection refused)
[2025.03.25-03.42.36:452][428]LogHttp: Warning: 000002CB57FFF200: libcurl info message cache 4 (Failed to connect to 127.0.0.1 port 56472: Connection refused)
[2025.03.25-03.42.36:452][428]LogHttp: Warning: 000002CB57FFF200: libcurl info message cache 5 (Closing connection 48)
[2025.03.25-03.42.36:452][428]LogHttp: Warning: Retry exhausted on https://datarouter.ol.epicgames.com/datarouter/api/v1/public/data?SessionID=%7B52EE5E38-4C3D-8216-5318-08BD2EB56133%7D&AppID=UEEditor.Rocket.Release&AppVersion=4.27.2-18319896%2B%2B%2BUE4%2BRelease-4.27&UserID=4dadba1840df393f01f03bb4251131e7%7C8200f8875fa445f5b01f2fa9e0ce4780%7Cb587297a-ff5c-45fe-b03b-545ac00d4e54&AppEnvironment=datacollector-binary&UploadType=eteventstream
[2025.03.25-03.43.36:266][606]LogHttp: Warning: 000002CB0F4B2B00: invalid HTTP response code received. URL: https://datarouter.ol.epicgames.com/datarouter/api/v1/public/data?SessionID=%7B52EE5E38-4C3D-8216-5318-08BD2EB56133%7D&AppID=UEEditor.Rocket.Release&AppVersion=4.27.2-18319896%2B%2B%2BUE4%2BRelease-4.27&UserID=4dadba1840df393f01f03bb4251131e7%7C8200f8875fa445f5b01f2fa9e0ce4780%7Cb587297a-ff5c-45fe-b03b-545ac00d4e54&AppEnvironment=datacollector-binary&UploadType=eteventstream, HTTP code: 0, content length: 0, actual payload size: 0
[2025.03.25-03.43.36:267][606]LogHttp: Warning: 000002CB0F4B2B00: request failed, libcurl error: 7 (Couldn't connect to server)
[2025.03.25-03.43.36:267][606]LogHttp: Warning: 000002CB0F4B2B00: libcurl info message cache 0 (Hostname 127.0.0.1 was found in DNS cache)
[2025.03.25-03.43.36:267][606]LogHttp: Warning: 000002CB0F4B2B00: libcurl info message cache 1 (  Trying 127.0.0.1...)
[2025.03.25-03.43.36:267][606]LogHttp: Warning: 000002CB0F4B2B00: libcurl info message cache 2 (TCP_NODELAY set)
[2025.03.25-03.43.36:267][606]LogHttp: Warning: 000002CB0F4B2B00: libcurl info message cache 3 (connect to 127.0.0.1 port 56472 failed: Connection refused)
[2025.03.25-03.43.36:267][606]LogHttp: Warning: 000002CB0F4B2B00: libcurl info message cache 4 (Failed to connect to 127.0.0.1 port 56472: Connection refused)
[2025.03.25-03.43.36:267][606]LogHttp: Warning: 000002CB0F4B2B00: libcurl info message cache 5 (Closing connection 49)
[2025.03.25-03.43.36:267][606]LogHttp: Warning: Retry exhausted on https://datarouter.ol.epicgames.com/datarouter/api/v1/public/data?SessionID=%7B52EE5E38-4C3D-8216-5318-08BD2EB56133%7D&AppID=UEEditor.Rocket.Release&AppVersion=4.27.2-18319896%2B%2B%2BUE4%2BRelease-4.27&UserID=4dadba1840df393f01f03bb4251131e7%7C8200f8875fa445f5b01f2fa9e0ce4780%7Cb587297a-ff5c-45fe-b03b-545ac00d4e54&AppEnvironment=datacollector-binary&UploadType=eteventstream
[2025.03.25-03.44.36:250][785]LogHttp: Warning: 000002CA8FC07200: invalid HTTP response code received. URL: https://datarouter.ol.epicgames.com/datarouter/api/v1/public/data?SessionID=%7B52EE5E38-4C3D-8216-5318-08BD2EB56133%7D&AppID=UEEditor.Rocket.Release&AppVersion=4.27.2-18319896%2B%2B%2BUE4%2BRelease-4.27&UserID=4dadba1840df393f01f03bb4251131e7%7C8200f8875fa445f5b01f2fa9e0ce4780%7Cb587297a-ff5c-45fe-b03b-545ac00d4e54&AppEnvironment=datacollector-binary&UploadType=eteventstream, HTTP code: 0, content length: 0, actual payload size: 0
[2025.03.25-03.44.36:250][785]LogHttp: Warning: 000002CA8FC07200: request failed, libcurl error: 7 (Couldn't connect to server)
[2025.03.25-03.44.36:250][785]LogHttp: Warning: 000002CA8FC07200: libcurl info message cache 0 (  Trying 127.0.0.1...)
[2025.03.25-03.44.36:250][785]LogHttp: Warning: 000002CA8FC07200: libcurl info message cache 1 (TCP_NODELAY set)
[2025.03.25-03.44.36:250][785]LogHttp: Warning: 000002CA8FC07200: libcurl info message cache 2 (connect to 127.0.0.1 port 56472 failed: Connection refused)
[2025.03.25-03.44.36:250][785]LogHttp: Warning: 000002CA8FC07200: libcurl info message cache 3 (Failed to connect to 127.0.0.1 port 56472: Connection refused)
[2025.03.25-03.44.36:250][785]LogHttp: Warning: 000002CA8FC07200: libcurl info message cache 4 (Closing connection 50)
[2025.03.25-03.44.36:584][786]LogHttp: Warning: Retry exhausted on https://datarouter.ol.epicgames.com/datarouter/api/v1/public/data?SessionID=%7B52EE5E38-4C3D-8216-5318-08BD2EB56133%7D&AppID=UEEditor.Rocket.Release&AppVersion=4.27.2-18319896%2B%2B%2BUE4%2BRelease-4.27&UserID=4dadba1840df393f01f03bb4251131e7%7C8200f8875fa445f5b01f2fa9e0ce4780%7Cb587297a-ff5c-45fe-b03b-545ac00d4e54&AppEnvironment=datacollector-binary&UploadType=eteventstream
[2025.03.25-03.45.29:001][918]LogAudioMixer: Warning: Changing default audio render device to new device: {0.0.0.00000000}.{28889e13-a039-4157-b81b-f8eed91d53ed}.
[2025.03.25-03.45.29:001][918]LogAudioMixer: Resetting audio stream to device id 
[2025.03.25-03.45.29:036][918]LogAudioMixer: Display: 0: FrontLeft
[2025.03.25-03.45.29:036][918]LogAudioMixer: Display: 1: FrontRight
[2025.03.25-03.45.37:136][937]LogHttp: Warning: 000002CB0F4B1600: invalid HTTP response code received. URL: https://datarouter.ol.epicgames.com/datarouter/api/v1/public/data?SessionID=%7B52EE5E38-4C3D-8216-5318-08BD2EB56133%7D&AppID=UEEditor.Rocket.Release&AppVersion=4.27.2-18319896%2B%2B%2BUE4%2BRelease-4.27&UserID=4dadba1840df393f01f03bb4251131e7%7C8200f8875fa445f5b01f2fa9e0ce4780%7Cb587297a-ff5c-45fe-b03b-545ac00d4e54&AppEnvironment=datacollector-binary&UploadType=eteventstream, HTTP code: 0, content length: 0, actual payload size: 0
[2025.03.25-03.45.37:136][937]LogHttp: Warning: 000002CB0F4B1600: request failed, libcurl error: 7 (Couldn't connect to server)
[2025.03.25-03.45.37:136][937]LogHttp: Warning: 000002CB0F4B1600: libcurl info message cache 0 (Hostname in DNS cache was stale, zapped)
[2025.03.25-03.45.37:136][937]LogHttp: Warning: 000002CB0F4B1600: libcurl info message cache 1 (  Trying 127.0.0.1...)
[2025.03.25-03.45.37:136][937]LogHttp: Warning: 000002CB0F4B1600: libcurl info message cache 2 (TCP_NODELAY set)
[2025.03.25-03.45.37:136][937]LogHttp: Warning: 000002CB0F4B1600: libcurl info message cache 3 (connect to 127.0.0.1 port 56472 failed: Connection refused)
[2025.03.25-03.45.37:136][937]LogHttp: Warning: 000002CB0F4B1600: libcurl info message cache 4 (Failed to connect to 127.0.0.1 port 56472: Connection refused)
[2025.03.25-03.45.37:136][937]LogHttp: Warning: 000002CB0F4B1600: libcurl info message cache 5 (Closing connection 51)
[2025.03.25-03.45.37:474][938]LogHttp: Warning: Retry exhausted on https://datarouter.ol.epicgames.com/datarouter/api/v1/public/data?SessionID=%7B52EE5E38-4C3D-8216-5318-08BD2EB56133%7D&AppID=UEEditor.Rocket.Release&AppVersion=4.27.2-18319896%2B%2B%2BUE4%2BRelease-4.27&UserID=4dadba1840df393f01f03bb4251131e7%7C8200f8875fa445f5b01f2fa9e0ce4780%7Cb587297a-ff5c-45fe-b03b-545ac00d4e54&AppEnvironment=datacollector-binary&UploadType=eteventstream
[2025.03.25-03.45.44:214][953]LogD3D11RHI: Timed out while waiting for GPU to catch up. (0.5 s) (ErrorCode 00000001) (00000000)
[2025.03.25-03.46.36:256][109]LogHttp: Warning: 000002CB57FFD600: invalid HTTP response code received. URL: https://datarouter.ol.epicgames.com/datarouter/api/v1/public/data?SessionID=%7B52EE5E38-4C3D-8216-5318-08BD2EB56133%7D&AppID=UEEditor.Rocket.Release&AppVersion=4.27.2-18319896%2B%2B%2BUE4%2BRelease-4.27&UserID=4dadba1840df393f01f03bb4251131e7%7C8200f8875fa445f5b01f2fa9e0ce4780%7Cb587297a-ff5c-45fe-b03b-545ac00d4e54&AppEnvironment=datacollector-binary&UploadType=eteventstream, HTTP code: 0, content length: 0, actual payload size: 0
[2025.03.25-03.46.36:256][109]LogHttp: Warning: 000002CB57FFD600: request failed, libcurl error: 7 (Couldn't connect to server)
[2025.03.25-03.46.36:256][109]LogHttp: Warning: 000002CB57FFD600: libcurl info message cache 0 (Hostname 127.0.0.1 was found in DNS cache)
[2025.03.25-03.46.36:256][109]LogHttp: Warning: 000002CB57FFD600: libcurl info message cache 1 (  Trying 127.0.0.1...)
[2025.03.25-03.46.36:256][109]LogHttp: Warning: 000002CB57FFD600: libcurl info message cache 2 (TCP_NODELAY set)
[2025.03.25-03.46.36:256][109]LogHttp: Warning: 000002CB57FFD600: libcurl info message cache 3 (connect to 127.0.0.1 port 56472 failed: Connection refused)
[2025.03.25-03.46.36:256][109]LogHttp: Warning: 000002CB57FFD600: libcurl info message cache 4 (Failed to connect to 127.0.0.1 port 56472: Connection refused)
[2025.03.25-03.46.36:256][109]LogHttp: Warning: 000002CB57FFD600: libcurl info message cache 5 (Closing connection 52)
[2025.03.25-03.46.36:757][110]LogHttp: Warning: Retry exhausted on https://datarouter.ol.epicgames.com/datarouter/api/v1/public/data?SessionID=%7B52EE5E38-4C3D-8216-5318-08BD2EB56133%7D&AppID=UEEditor.Rocket.Release&AppVersion=4.27.2-18319896%2B%2B%2BUE4%2BRelease-4.27&UserID=4dadba1840df393f01f03bb4251131e7%7C8200f8875fa445f5b01f2fa9e0ce4780%7Cb587297a-ff5c-45fe-b03b-545ac00d4e54&AppEnvironment=datacollector-binary&UploadType=eteventstream
[2025.03.25-03.47.06:578][199]LogD3D11RHI: Timed out while waiting for GPU to catch up. (0.5 s) (ErrorCode 00000001) (00000000)
[2025.03.25-03.47.36:244][288]LogHttp: Warning: 000002CA8FC07200: invalid HTTP response code received. URL: https://datarouter.ol.epicgames.com/datarouter/api/v1/public/data?SessionID=%7B52EE5E38-4C3D-8216-5318-08BD2EB56133%7D&AppID=UEEditor.Rocket.Release&AppVersion=4.27.2-18319896%2B%2B%2BUE4%2BRelease-4.27&UserID=4dadba1840df393f01f03bb4251131e7%7C8200f8875fa445f5b01f2fa9e0ce4780%7Cb587297a-ff5c-45fe-b03b-545ac00d4e54&AppEnvironment=datacollector-binary&UploadType=eteventstream, HTTP code: 0, content length: 0, actual payload size: 0
[2025.03.25-03.47.36:244][288]LogHttp: Warning: 000002CA8FC07200: request failed, libcurl error: 7 (Couldn't connect to server)
[2025.03.25-03.47.36:244][288]LogHttp: Warning: 000002CA8FC07200: libcurl info message cache 0 (  Trying 127.0.0.1...)
[2025.03.25-03.47.36:244][288]LogHttp: Warning: 000002CA8FC07200: libcurl info message cache 1 (TCP_NODELAY set)
[2025.03.25-03.47.36:244][288]LogHttp: Warning: 000002CA8FC07200: libcurl info message cache 2 (connect to 127.0.0.1 port 56472 failed: Connection refused)
[2025.03.25-03.47.36:244][288]LogHttp: Warning: 000002CA8FC07200: libcurl info message cache 3 (Failed to connect to 127.0.0.1 port 56472: Connection refused)
[2025.03.25-03.47.36:244][288]LogHttp: Warning: 000002CA8FC07200: libcurl info message cache 4 (Closing connection 53)
[2025.03.25-03.47.36:244][288]LogHttp: Warning: Retry exhausted on https://datarouter.ol.epicgames.com/datarouter/api/v1/public/data?SessionID=%7B52EE5E38-4C3D-8216-5318-08BD2EB56133%7D&AppID=UEEditor.Rocket.Release&AppVersion=4.27.2-18319896%2B%2B%2BUE4%2BRelease-4.27&UserID=4dadba1840df393f01f03bb4251131e7%7C8200f8875fa445f5b01f2fa9e0ce4780%7Cb587297a-ff5c-45fe-b03b-545ac00d4e54&AppEnvironment=datacollector-binary&UploadType=eteventstream
[2025.03.25-03.48.36:193][467]LogHttp: Warning: 000002CA8FC04100: invalid HTTP response code received. URL: https://datarouter.ol.epicgames.com/datarouter/api/v1/public/data?SessionID=%7B52EE5E38-4C3D-8216-5318-08BD2EB56133%7D&AppID=UEEditor.Rocket.Release&AppVersion=4.27.2-18319896%2B%2B%2BUE4%2BRelease-4.27&UserID=4dadba1840df393f01f03bb4251131e7%7C8200f8875fa445f5b01f2fa9e0ce4780%7Cb587297a-ff5c-45fe-b03b-545ac00d4e54&AppEnvironment=datacollector-binary&UploadType=eteventstream, HTTP code: 0, content length: 0, actual payload size: 0
[2025.03.25-03.48.36:193][467]LogHttp: Warning: 000002CA8FC04100: request failed, libcurl error: 7 (Couldn't connect to server)
[2025.03.25-03.48.36:193][467]LogHttp: Warning: 000002CA8FC04100: libcurl info message cache 0 (Hostname in DNS cache was stale, zapped)
[2025.03.25-03.48.36:193][467]LogHttp: Warning: 000002CA8FC04100: libcurl info message cache 1 (  Trying 127.0.0.1...)
[2025.03.25-03.48.36:193][467]LogHttp: Warning: 000002CA8FC04100: libcurl info message cache 2 (TCP_NODELAY set)
[2025.03.25-03.48.36:193][467]LogHttp: Warning: 000002CA8FC04100: libcurl info message cache 3 (connect to 127.0.0.1 port 56472 failed: Connection refused)
[2025.03.25-03.48.36:193][467]LogHttp: Warning: 000002CA8FC04100: libcurl info message cache 4 (Failed to connect to 127.0.0.1 port 56472: Connection refused)
[2025.03.25-03.48.36:193][467]LogHttp: Warning: 000002CA8FC04100: libcurl info message cache 5 (Closing connection 54)
[2025.03.25-03.48.36:641][468]LogHttp: Warning: Retry exhausted on https://datarouter.ol.epicgames.com/datarouter/api/v1/public/data?SessionID=%7B52EE5E38-4C3D-8216-5318-08BD2EB56133%7D&AppID=UEEditor.Rocket.Release&AppVersion=4.27.2-18319896%2B%2B%2BUE4%2BRelease-4.27&UserID=4dadba1840df393f01f03bb4251131e7%7C8200f8875fa445f5b01f2fa9e0ce4780%7Cb587297a-ff5c-45fe-b03b-545ac00d4e54&AppEnvironment=datacollector-binary&UploadType=eteventstream
[2025.03.25-03.49.02:846][546]LogD3D11RHI: Timed out while waiting for GPU to catch up. (0.5 s) (ErrorCode 00000001) (00000000)
[2025.03.25-03.49.25:312][613]LogD3D11RHI: Timed out while waiting for GPU to catch up. (0.5 s) (ErrorCode 00000001) (00000000)
[2025.03.25-03.49.36:328][646]LogHttp: Warning: 000002CA8FC07900: invalid HTTP response code received. URL: https://datarouter.ol.epicgames.com/datarouter/api/v1/public/data?SessionID=%7B52EE5E38-4C3D-8216-5318-08BD2EB56133%7D&AppID=UEEditor.Rocket.Release&AppVersion=4.27.2-18319896%2B%2B%2BUE4%2BRelease-4.27&UserID=4dadba1840df393f01f03bb4251131e7%7C8200f8875fa445f5b01f2fa9e0ce4780%7Cb587297a-ff5c-45fe-b03b-545ac00d4e54&AppEnvironment=datacollector-binary&UploadType=eteventstream, HTTP code: 0, content length: 0, actual payload size: 0
[2025.03.25-03.49.36:328][646]LogHttp: Warning: 000002CA8FC07900: request failed, libcurl error: 7 (Couldn't connect to server)
[2025.03.25-03.49.36:328][646]LogHttp: Warning: 000002CA8FC07900: libcurl info message cache 0 (Hostname in DNS cache was stale, zapped)
[2025.03.25-03.49.36:328][646]LogHttp: Warning: 000002CA8FC07900: libcurl info message cache 1 (  Trying 127.0.0.1...)
[2025.03.25-03.49.36:328][646]LogHttp: Warning: 000002CA8FC07900: libcurl info message cache 2 (TCP_NODELAY set)
[2025.03.25-03.49.36:328][646]LogHttp: Warning: 000002CA8FC07900: libcurl info message cache 3 (connect to 127.0.0.1 port 56472 failed: Connection refused)
[2025.03.25-03.49.36:328][646]LogHttp: Warning: 000002CA8FC07900: libcurl info message cache 4 (Failed to connect to 127.0.0.1 port 56472: Connection refused)
[2025.03.25-03.49.36:328][646]LogHttp: Warning: 000002CA8FC07900: libcurl info message cache 5 (Closing connection 55)
[2025.03.25-03.49.36:328][646]LogHttp: Warning: Retry exhausted on https://datarouter.ol.epicgames.com/datarouter/api/v1/public/data?SessionID=%7B52EE5E38-4C3D-8216-5318-08BD2EB56133%7D&AppID=UEEditor.Rocket.Release&AppVersion=4.27.2-18319896%2B%2B%2BUE4%2BRelease-4.27&UserID=4dadba1840df393f01f03bb4251131e7%7C8200f8875fa445f5b01f2fa9e0ce4780%7Cb587297a-ff5c-45fe-b03b-545ac00d4e54&AppEnvironment=datacollector-binary&UploadType=eteventstream
[2025.03.25-03.49.37:375][649]LogD3D11RHI: Timed out while waiting for GPU to catch up. (0.5 s) (ErrorCode 00000001) (00000000)
[2025.03.25-03.50.33:703][817]LogD3D11RHI: Timed out while waiting for GPU to catch up. (0.5 s) (ErrorCode 00000001) (00000000)
[2025.03.25-03.50.36:210][825]LogHttp: Warning: 000002CA8FC06B00: invalid HTTP response code received. URL: https://datarouter.ol.epicgames.com/datarouter/api/v1/public/data?SessionID=%7B52EE5E38-4C3D-8216-5318-08BD2EB56133%7D&AppID=UEEditor.Rocket.Release&AppVersion=4.27.2-18319896%2B%2B%2BUE4%2BRelease-4.27&UserID=4dadba1840df393f01f03bb4251131e7%7C8200f8875fa445f5b01f2fa9e0ce4780%7Cb587297a-ff5c-45fe-b03b-545ac00d4e54&AppEnvironment=datacollector-binary&UploadType=eteventstream, HTTP code: 0, content length: 0, actual payload size: 0
[2025.03.25-03.50.36:210][825]LogHttp: Warning: 000002CA8FC06B00: request failed, libcurl error: 7 (Couldn't connect to server)
[2025.03.25-03.50.36:210][825]LogHttp: Warning: 000002CA8FC06B00: libcurl info message cache 0 (Hostname in DNS cache was stale, zapped)
[2025.03.25-03.50.36:210][825]LogHttp: Warning: 000002CA8FC06B00: libcurl info message cache 1 (  Trying 127.0.0.1...)
[2025.03.25-03.50.36:210][825]LogHttp: Warning: 000002CA8FC06B00: libcurl info message cache 2 (TCP_NODELAY set)
[2025.03.25-03.50.36:210][825]LogHttp: Warning: 000002CA8FC06B00: libcurl info message cache 3 (connect to 127.0.0.1 port 56472 failed: Connection refused)
[2025.03.25-03.50.36:210][825]LogHttp: Warning: 000002CA8FC06B00: libcurl info message cache 4 (Failed to connect to 127.0.0.1 port 56472: Connection refused)
[2025.03.25-03.50.36:210][825]LogHttp: Warning: 000002CA8FC06B00: libcurl info message cache 5 (Closing connection 56)
[2025.03.25-03.50.36:550][826]LogHttp: Warning: Retry exhausted on https://datarouter.ol.epicgames.com/datarouter/api/v1/public/data?SessionID=%7B52EE5E38-4C3D-8216-5318-08BD2EB56133%7D&AppID=UEEditor.Rocket.Release&AppVersion=4.27.2-18319896%2B%2B%2BUE4%2BRelease-4.27&UserID=4dadba1840df393f01f03bb4251131e7%7C8200f8875fa445f5b01f2fa9e0ce4780%7Cb587297a-ff5c-45fe-b03b-545ac00d4e54&AppEnvironment=datacollector-binary&UploadType=eteventstream
[2025.03.25-03.51.13:605][936]LogD3D11RHI: Timed out while waiting for GPU to catch up. (0.5 s) (ErrorCode 00000001) (00000000)
[2025.03.25-03.51.21:997][961]LogD3D11RHI: Timed out while waiting for GPU to catch up. (0.5 s) (ErrorCode 00000001) (00000000)
[2025.03.25-03.51.36:235][  4]LogHttp: Warning: 000002CA8FC07200: invalid HTTP response code received. URL: https://datarouter.ol.epicgames.com/datarouter/api/v1/public/data?SessionID=%7B52EE5E38-4C3D-8216-5318-08BD2EB56133%7D&AppID=UEEditor.Rocket.Release&AppVersion=4.27.2-18319896%2B%2B%2BUE4%2BRelease-4.27&UserID=4dadba1840df393f01f03bb4251131e7%7C8200f8875fa445f5b01f2fa9e0ce4780%7Cb587297a-ff5c-45fe-b03b-545ac00d4e54&AppEnvironment=datacollector-binary&UploadType=eteventstream, HTTP code: 0, content length: 0, actual payload size: 0
[2025.03.25-03.51.36:236][  4]LogHttp: Warning: 000002CA8FC07200: request failed, libcurl error: 7 (Couldn't connect to server)
[2025.03.25-03.51.36:236][  4]LogHttp: Warning: 000002CA8FC07200: libcurl info message cache 0 (Hostname in DNS cache was stale, zapped)
[2025.03.25-03.51.36:236][  4]LogHttp: Warning: 000002CA8FC07200: libcurl info message cache 1 (  Trying 127.0.0.1...)
[2025.03.25-03.51.36:236][  4]LogHttp: Warning: 000002CA8FC07200: libcurl info message cache 2 (TCP_NODELAY set)
[2025.03.25-03.51.36:236][  4]LogHttp: Warning: 000002CA8FC07200: libcurl info message cache 3 (connect to 127.0.0.1 port 56472 failed: Connection refused)
[2025.03.25-03.51.36:236][  4]LogHttp: Warning: 000002CA8FC07200: libcurl info message cache 4 (Failed to connect to 127.0.0.1 port 56472: Connection refused)
[2025.03.25-03.51.36:236][  4]LogHttp: Warning: 000002CA8FC07200: libcurl info message cache 5 (Closing connection 57)
[2025.03.25-03.51.36:236][  4]LogHttp: Warning: Retry exhausted on https://datarouter.ol.epicgames.com/datarouter/api/v1/public/data?SessionID=%7B52EE5E38-4C3D-8216-5318-08BD2EB56133%7D&AppID=UEEditor.Rocket.Release&AppVersion=4.27.2-18319896%2B%2B%2BUE4%2BRelease-4.27&UserID=4dadba1840df393f01f03bb4251131e7%7C8200f8875fa445f5b01f2fa9e0ce4780%7Cb587297a-ff5c-45fe-b03b-545ac00d4e54&AppEnvironment=datacollector-binary&UploadType=eteventstream
[2025.03.25-03.52.13:922][116]LogD3D11RHI: Timed out while waiting for GPU to catch up. (0.5 s) (ErrorCode 00000001) (00000000)
[2025.03.25-03.52.21:313][138]LogD3D11RHI: Timed out while waiting for GPU to catch up. (0.5 s) (ErrorCode 00000001) (00000000)
[2025.03.25-03.52.25:000][149]LogD3D11RHI: Timed out while waiting for GPU to catch up. (0.5 s) (ErrorCode 00000001) (00000000)
[2025.03.25-03.52.33:377][174]LogD3D11RHI: Timed out while waiting for GPU to catch up. (0.5 s) (ErrorCode 00000001) (00000000)
[2025.03.25-03.52.36:023][182]LogHttp: Warning: 000002CA8FC04100: invalid HTTP response code received. URL: https://datarouter.ol.epicgames.com/datarouter/api/v1/public/data?SessionID=%7B52EE5E38-4C3D-8216-5318-08BD2EB56133%7D&AppID=UEEditor.Rocket.Release&AppVersion=4.27.2-18319896%2B%2B%2BUE4%2BRelease-4.27&UserID=4dadba1840df393f01f03bb4251131e7%7C8200f8875fa445f5b01f2fa9e0ce4780%7Cb587297a-ff5c-45fe-b03b-545ac00d4e54&AppEnvironment=datacollector-binary&UploadType=eteventstream, HTTP code: 0, content length: 0, actual payload size: 0
[2025.03.25-03.52.36:023][182]LogHttp: Warning: 000002CA8FC04100: request failed, libcurl error: 7 (Couldn't connect to server)
[2025.03.25-03.52.36:023][182]LogHttp: Warning: 000002CA8FC04100: libcurl info message cache 0 (Hostname 127.0.0.1 was found in DNS cache)
[2025.03.25-03.52.36:023][182]LogHttp: Warning: 000002CA8FC04100: libcurl info message cache 1 (  Trying 127.0.0.1...)
[2025.03.25-03.52.36:025][182]LogHttp: Warning: 000002CA8FC04100: libcurl info message cache 2 (TCP_NODELAY set)
[2025.03.25-03.52.36:025][182]LogHttp: Warning: 000002CA8FC04100: libcurl info message cache 3 (connect to 127.0.0.1 port 56472 failed: Connection refused)
[2025.03.25-03.52.36:025][182]LogHttp: Warning: 000002CA8FC04100: libcurl info message cache 4 (Failed to connect to 127.0.0.1 port 56472: Connection refused)
[2025.03.25-03.52.36:025][182]LogHttp: Warning: 000002CA8FC04100: libcurl info message cache 5 (Closing connection 58)
[2025.03.25-03.52.36:025][182]LogHttp: Warning: Retry exhausted on https://datarouter.ol.epicgames.com/datarouter/api/v1/public/data?SessionID=%7B52EE5E38-4C3D-8216-5318-08BD2EB56133%7D&AppID=UEEditor.Rocket.Release&AppVersion=4.27.2-18319896%2B%2B%2BUE4%2BRelease-4.27&UserID=4dadba1840df393f01f03bb4251131e7%7C8200f8875fa445f5b01f2fa9e0ce4780%7Cb587297a-ff5c-45fe-b03b-545ac00d4e54&AppEnvironment=datacollector-binary&UploadType=eteventstream
[2025.03.25-03.52.44:422][207]LogD3D11RHI: Timed out while waiting for GPU to catch up. (0.5 s) (ErrorCode 00000001) (00000000)
[2025.03.25-03.53.03:874][265]LogD3D11RHI: Timed out while waiting for GPU to catch up. (0.5 s) (ErrorCode 00000001) (00000000)
[2025.03.25-03.53.14:935][298]LogD3D11RHI: Timed out while waiting for GPU to catch up. (0.5 s) (ErrorCode 00000001) (00000000)
[2025.03.25-03.53.23:326][323]LogD3D11RHI: Timed out while waiting for GPU to catch up. (0.5 s) (ErrorCode 00000001) (00000000)
[2025.03.25-03.53.30:689][345]LogD3D11RHI: Timed out while waiting for GPU to catch up. (0.5 s) (ErrorCode 00000001) (00000000)
[2025.03.25-03.53.36:227][362]LogHttp: Warning: 000002CA8FC06B00: invalid HTTP response code received. URL: https://datarouter.ol.epicgames.com/datarouter/api/v1/public/data?SessionID=%7B52EE5E38-4C3D-8216-5318-08BD2EB56133%7D&AppID=UEEditor.Rocket.Release&AppVersion=4.27.2-18319896%2B%2B%2BUE4%2BRelease-4.27&UserID=4dadba1840df393f01f03bb4251131e7%7C8200f8875fa445f5b01f2fa9e0ce4780%7Cb587297a-ff5c-45fe-b03b-545ac00d4e54&AppEnvironment=datacollector-binary&UploadType=eteventstream, HTTP code: 0, content length: 0, actual payload size: 0
[2025.03.25-03.53.36:227][362]LogHttp: Warning: 000002CA8FC06B00: request failed, libcurl error: 7 (Couldn't connect to server)
[2025.03.25-03.53.36:227][362]LogHttp: Warning: 000002CA8FC06B00: libcurl info message cache 0 (  Trying 127.0.0.1...)
[2025.03.25-03.53.36:227][362]LogHttp: Warning: 000002CA8FC06B00: libcurl info message cache 1 (TCP_NODELAY set)
[2025.03.25-03.53.36:227][362]LogHttp: Warning: 000002CA8FC06B00: libcurl info message cache 2 (connect to 127.0.0.1 port 56472 failed: Connection refused)
[2025.03.25-03.53.36:227][362]LogHttp: Warning: 000002CA8FC06B00: libcurl info message cache 3 (Failed to connect to 127.0.0.1 port 56472: Connection refused)
[2025.03.25-03.53.36:227][362]LogHttp: Warning: 000002CA8FC06B00: libcurl info message cache 4 (Closing connection 59)
[2025.03.25-03.53.36:227][362]LogHttp: Warning: Retry exhausted on https://datarouter.ol.epicgames.com/datarouter/api/v1/public/data?SessionID=%7B52EE5E38-4C3D-8216-5318-08BD2EB56133%7D&AppID=UEEditor.Rocket.Release&AppVersion=4.27.2-18319896%2B%2B%2BUE4%2BRelease-4.27&UserID=4dadba1840df393f01f03bb4251131e7%7C8200f8875fa445f5b01f2fa9e0ce4780%7Cb587297a-ff5c-45fe-b03b-545ac00d4e54&AppEnvironment=datacollector-binary&UploadType=eteventstream
[2025.03.25-03.54.07:870][456]LogD3D11RHI: Timed out while waiting for GPU to catch up. (0.5 s) (ErrorCode 00000001) (00000000)
[2025.03.25-03.54.36:493][542]LogHttp: Warning: 000002CB57FFEB00: invalid HTTP response code received. URL: https://datarouter.ol.epicgames.com/datarouter/api/v1/public/data?SessionID=%7B52EE5E38-4C3D-8216-5318-08BD2EB56133%7D&AppID=UEEditor.Rocket.Release&AppVersion=4.27.2-18319896%2B%2B%2BUE4%2BRelease-4.27&UserID=4dadba1840df393f01f03bb4251131e7%7C8200f8875fa445f5b01f2fa9e0ce4780%7Cb587297a-ff5c-45fe-b03b-545ac00d4e54&AppEnvironment=datacollector-binary&UploadType=eteventstream, HTTP code: 0, content length: 0, actual payload size: 0
[2025.03.25-03.54.36:495][542]LogHttp: Warning: 000002CB57FFEB00: request failed, libcurl error: 7 (Couldn't connect to server)
[2025.03.25-03.54.36:495][542]LogHttp: Warning: 000002CB57FFEB00: libcurl info message cache 0 (Hostname in DNS cache was stale, zapped)
[2025.03.25-03.54.36:495][542]LogHttp: Warning: 000002CB57FFEB00: libcurl info message cache 1 (  Trying 127.0.0.1...)
[2025.03.25-03.54.36:495][542]LogHttp: Warning: 000002CB57FFEB00: libcurl info message cache 2 (TCP_NODELAY set)
[2025.03.25-03.54.36:495][542]LogHttp: Warning: 000002CB57FFEB00: libcurl info message cache 3 (connect to 127.0.0.1 port 56472 failed: Connection refused)
[2025.03.25-03.54.36:495][542]LogHttp: Warning: 000002CB57FFEB00: libcurl info message cache 4 (Failed to connect to 127.0.0.1 port 56472: Connection refused)
[2025.03.25-03.54.36:495][542]LogHttp: Warning: 000002CB57FFEB00: libcurl info message cache 5 (Closing connection 60)
[2025.03.25-03.54.36:495][542]LogHttp: Warning: Retry exhausted on https://datarouter.ol.epicgames.com/datarouter/api/v1/public/data?SessionID=%7B52EE5E38-4C3D-8216-5318-08BD2EB56133%7D&AppID=UEEditor.Rocket.Release&AppVersion=4.27.2-18319896%2B%2B%2BUE4%2BRelease-4.27&UserID=4dadba1840df393f01f03bb4251131e7%7C8200f8875fa445f5b01f2fa9e0ce4780%7Cb587297a-ff5c-45fe-b03b-545ac00d4e54&AppEnvironment=datacollector-binary&UploadType=eteventstream
[2025.03.25-03.54.43:033][561]LogD3D11RHI: Timed out while waiting for GPU to catch up. (0.5 s) (ErrorCode 00000001) (00000000)
[2025.03.25-03.55.36:448][721]LogHttp: Warning: 000002CA8FC07200: invalid HTTP response code received. URL: https://datarouter.ol.epicgames.com/datarouter/api/v1/public/data?SessionID=%7B52EE5E38-4C3D-8216-5318-08BD2EB56133%7D&AppID=UEEditor.Rocket.Release&AppVersion=4.27.2-18319896%2B%2B%2BUE4%2BRelease-4.27&UserID=4dadba1840df393f01f03bb4251131e7%7C8200f8875fa445f5b01f2fa9e0ce4780%7Cb587297a-ff5c-45fe-b03b-545ac00d4e54&AppEnvironment=datacollector-binary&UploadType=eteventstream, HTTP code: 0, content length: 0, actual payload size: 0
[2025.03.25-03.55.36:448][721]LogHttp: Warning: 000002CA8FC07200: request failed, libcurl error: 7 (Couldn't connect to server)
[2025.03.25-03.55.36:448][721]LogHttp: Warning: 000002CA8FC07200: libcurl info message cache 0 (Hostname in DNS cache was stale, zapped)
[2025.03.25-03.55.36:448][721]LogHttp: Warning: 000002CA8FC07200: libcurl info message cache 1 (  Trying 127.0.0.1...)
[2025.03.25-03.55.36:448][721]LogHttp: Warning: 000002CA8FC07200: libcurl info message cache 2 (TCP_NODELAY set)
[2025.03.25-03.55.36:448][721]LogHttp: Warning: 000002CA8FC07200: libcurl info message cache 3 (connect to 127.0.0.1 port 56472 failed: Connection refused)
[2025.03.25-03.55.36:448][721]LogHttp: Warning: 000002CA8FC07200: libcurl info message cache 4 (Failed to connect to 127.0.0.1 port 56472: Connection refused)
[2025.03.25-03.55.36:449][721]LogHttp: Warning: 000002CA8FC07200: libcurl info message cache 5 (Closing connection 61)
[2025.03.25-03.55.36:783][722]LogHttp: Warning: Retry exhausted on https://datarouter.ol.epicgames.com/datarouter/api/v1/public/data?SessionID=%7B52EE5E38-4C3D-8216-5318-08BD2EB56133%7D&AppID=UEEditor.Rocket.Release&AppVersion=4.27.2-18319896%2B%2B%2BUE4%2BRelease-4.27&UserID=4dadba1840df393f01f03bb4251131e7%7C8200f8875fa445f5b01f2fa9e0ce4780%7Cb587297a-ff5c-45fe-b03b-545ac00d4e54&AppEnvironment=datacollector-binary&UploadType=eteventstream
[2025.03.25-03.55.55:687][778]LogD3D11RHI: Timed out while waiting for GPU to catch up. (0.5 s) (ErrorCode 00000001) (00000000)
[2025.03.25-03.56.36:381][900]LogHttp: Warning: 000002CA8FC05600: invalid HTTP response code received. URL: https://datarouter.ol.epicgames.com/datarouter/api/v1/public/data?SessionID=%7B52EE5E38-4C3D-8216-5318-08BD2EB56133%7D&AppID=UEEditor.Rocket.Release&AppVersion=4.27.2-18319896%2B%2B%2BUE4%2BRelease-4.27&UserID=4dadba1840df393f01f03bb4251131e7%7C8200f8875fa445f5b01f2fa9e0ce4780%7Cb587297a-ff5c-45fe-b03b-545ac00d4e54&AppEnvironment=datacollector-binary&UploadType=eteventstream, HTTP code: 0, content length: 0, actual payload size: 0
[2025.03.25-03.56.36:381][900]LogHttp: Warning: 000002CA8FC05600: request failed, libcurl error: 7 (Couldn't connect to server)
[2025.03.25-03.56.36:381][900]LogHttp: Warning: 000002CA8FC05600: libcurl info message cache 0 (Hostname in DNS cache was stale, zapped)
[2025.03.25-03.56.36:381][900]LogHttp: Warning: 000002CA8FC05600: libcurl info message cache 1 (  Trying 127.0.0.1...)
[2025.03.25-03.56.36:381][900]LogHttp: Warning: 000002CA8FC05600: libcurl info message cache 2 (TCP_NODELAY set)
[2025.03.25-03.56.36:381][900]LogHttp: Warning: 000002CA8FC05600: libcurl info message cache 3 (connect to 127.0.0.1 port 56472 failed: Connection refused)
[2025.03.25-03.56.36:381][900]LogHttp: Warning: 000002CA8FC05600: libcurl info message cache 4 (Failed to connect to 127.0.0.1 port 56472: Connection refused)
[2025.03.25-03.56.36:381][900]LogHttp: Warning: 000002CA8FC05600: libcurl info message cache 5 (Closing connection 62)
[2025.03.25-03.56.36:383][900]LogHttp: Warning: Retry exhausted on https://datarouter.ol.epicgames.com/datarouter/api/v1/public/data?SessionID=%7B52EE5E38-4C3D-8216-5318-08BD2EB56133%7D&AppID=UEEditor.Rocket.Release&AppVersion=4.27.2-18319896%2B%2B%2BUE4%2BRelease-4.27&UserID=4dadba1840df393f01f03bb4251131e7%7C8200f8875fa445f5b01f2fa9e0ce4780%7Cb587297a-ff5c-45fe-b03b-545ac00d4e54&AppEnvironment=datacollector-binary&UploadType=eteventstream
[2025.03.25-03.57.15:069][ 15]LogD3D11RHI: Timed out while waiting for GPU to catch up. (0.5 s) (ErrorCode 00000001) (00000000)
[2025.03.25-03.57.29:794][ 59]LogD3D11RHI: Timed out while waiting for GPU to catch up. (0.5 s) (ErrorCode 00000001) (00000000)
[2025.03.25-03.57.36:066][ 78]LogHttp: Warning: 000002CB57FFD600: invalid HTTP response code received. URL: https://datarouter.ol.epicgames.com/datarouter/api/v1/public/data?SessionID=%7B52EE5E38-4C3D-8216-5318-08BD2EB56133%7D&AppID=UEEditor.Rocket.Release&AppVersion=4.27.2-18319896%2B%2B%2BUE4%2BRelease-4.27&UserID=4dadba1840df393f01f03bb4251131e7%7C8200f8875fa445f5b01f2fa9e0ce4780%7Cb587297a-ff5c-45fe-b03b-545ac00d4e54&AppEnvironment=datacollector-binary&UploadType=eteventstream, HTTP code: 0, content length: 0, actual payload size: 0
[2025.03.25-03.57.36:066][ 78]LogHttp: Warning: 000002CB57FFD600: request failed, libcurl error: 7 (Couldn't connect to server)
[2025.03.25-03.57.36:066][ 78]LogHttp: Warning: 000002CB57FFD600: libcurl info message cache 0 (Hostname in DNS cache was stale, zapped)
[2025.03.25-03.57.36:066][ 78]LogHttp: Warning: 000002CB57FFD600: libcurl info message cache 1 (  Trying 127.0.0.1...)
[2025.03.25-03.57.36:066][ 78]LogHttp: Warning: 000002CB57FFD600: libcurl info message cache 2 (TCP_NODELAY set)
[2025.03.25-03.57.36:066][ 78]LogHttp: Warning: 000002CB57FFD600: libcurl info message cache 3 (connect to 127.0.0.1 port 56472 failed: Connection refused)
[2025.03.25-03.57.36:066][ 78]LogHttp: Warning: 000002CB57FFD600: libcurl info message cache 4 (Failed to connect to 127.0.0.1 port 56472: Connection refused)
[2025.03.25-03.57.36:066][ 78]LogHttp: Warning: 000002CB57FFD600: libcurl info message cache 5 (Closing connection 63)
[2025.03.25-03.57.36:066][ 78]LogHttp: Warning: Retry exhausted on https://datarouter.ol.epicgames.com/datarouter/api/v1/public/data?SessionID=%7B52EE5E38-4C3D-8216-5318-08BD2EB56133%7D&AppID=UEEditor.Rocket.Release&AppVersion=4.27.2-18319896%2B%2B%2BUE4%2BRelease-4.27&UserID=4dadba1840df393f01f03bb4251131e7%7C8200f8875fa445f5b01f2fa9e0ce4780%7Cb587297a-ff5c-45fe-b03b-545ac00d4e54&AppEnvironment=datacollector-binary&UploadType=eteventstream
[2025.03.25-03.57.42:845][ 98]LogD3D11RHI: Timed out while waiting for GPU to catch up. (0.5 s) (ErrorCode 00000001) (00000000)
[2025.03.25-03.58.15:381][195]LogD3D11RHI: Timed out while waiting for GPU to catch up. (0.5 s) (ErrorCode 00000001) (00000000)
[2025.03.25-03.58.35:823][256]LogD3D11RHI: Timed out while waiting for GPU to catch up. (0.5 s) (ErrorCode 00000001) (00000000)
[2025.03.25-03.58.36:329][258]LogHttp: Warning: 000002CA8FC07200: invalid HTTP response code received. URL: https://datarouter.ol.epicgames.com/datarouter/api/v1/public/data?SessionID=%7B52EE5E38-4C3D-8216-5318-08BD2EB56133%7D&AppID=UEEditor.Rocket.Release&AppVersion=4.27.2-18319896%2B%2B%2BUE4%2BRelease-4.27&UserID=4dadba1840df393f01f03bb4251131e7%7C8200f8875fa445f5b01f2fa9e0ce4780%7Cb587297a-ff5c-45fe-b03b-545ac00d4e54&AppEnvironment=datacollector-binary&UploadType=eteventstream, HTTP code: 0, content length: 0, actual payload size: 0
[2025.03.25-03.58.36:329][258]LogHttp: Warning: 000002CA8FC07200: request failed, libcurl error: 7 (Couldn't connect to server)
[2025.03.25-03.58.36:329][258]LogHttp: Warning: 000002CA8FC07200: libcurl info message cache 0 (Hostname 127.0.0.1 was found in DNS cache)
[2025.03.25-03.58.36:329][258]LogHttp: Warning: 000002CA8FC07200: libcurl info message cache 1 (  Trying 127.0.0.1...)
[2025.03.25-03.58.36:329][258]LogHttp: Warning: 000002CA8FC07200: libcurl info message cache 2 (TCP_NODELAY set)
[2025.03.25-03.58.36:329][258]LogHttp: Warning: 000002CA8FC07200: libcurl info message cache 3 (connect to 127.0.0.1 port 56472 failed: Connection refused)
[2025.03.25-03.58.36:329][258]LogHttp: Warning: 000002CA8FC07200: libcurl info message cache 4 (Failed to connect to 127.0.0.1 port 56472: Connection refused)
[2025.03.25-03.58.36:329][258]LogHttp: Warning: 000002CA8FC07200: libcurl info message cache 5 (Closing connection 64)
[2025.03.25-03.58.36:329][258]LogHttp: Warning: Retry exhausted on https://datarouter.ol.epicgames.com/datarouter/api/v1/public/data?SessionID=%7B52EE5E38-4C3D-8216-5318-08BD2EB56133%7D&AppID=UEEditor.Rocket.Release&AppVersion=4.27.2-18319896%2B%2B%2BUE4%2BRelease-4.27&UserID=4dadba1840df393f01f03bb4251131e7%7C8200f8875fa445f5b01f2fa9e0ce4780%7Cb587297a-ff5c-45fe-b03b-545ac00d4e54&AppEnvironment=datacollector-binary&UploadType=eteventstream
[2025.03.25-03.58.50:545][300]LogD3D11RHI: Timed out while waiting for GPU to catch up. (0.5 s) (ErrorCode 00000001) (00000000)
[2025.03.25-03.59.29:376][416]LogD3D11RHI: Timed out while waiting for GPU to catch up. (0.5 s) (ErrorCode 00000001) (00000000)
[2025.03.25-03.59.36:242][437]LogHttp: Warning: 000002CA8FC04100: invalid HTTP response code received. URL: https://datarouter.ol.epicgames.com/datarouter/api/v1/public/data?SessionID=%7B52EE5E38-4C3D-8216-5318-08BD2EB56133%7D&AppID=UEEditor.Rocket.Release&AppVersion=4.27.2-18319896%2B%2B%2BUE4%2BRelease-4.27&UserID=4dadba1840df393f01f03bb4251131e7%7C8200f8875fa445f5b01f2fa9e0ce4780%7Cb587297a-ff5c-45fe-b03b-545ac00d4e54&AppEnvironment=datacollector-binary&UploadType=eteventstream, HTTP code: 0, content length: 0, actual payload size: 0
[2025.03.25-03.59.36:242][437]LogHttp: Warning: 000002CA8FC04100: request failed, libcurl error: 7 (Couldn't connect to server)
[2025.03.25-03.59.36:242][437]LogHttp: Warning: 000002CA8FC04100: libcurl info message cache 0 (  Trying 127.0.0.1...)
[2025.03.25-03.59.36:242][437]LogHttp: Warning: 000002CA8FC04100: libcurl info message cache 1 (TCP_NODELAY set)
[2025.03.25-03.59.36:242][437]LogHttp: Warning: 000002CA8FC04100: libcurl info message cache 2 (connect to 127.0.0.1 port 56472 failed: Connection refused)
[2025.03.25-03.59.36:242][437]LogHttp: Warning: 000002CA8FC04100: libcurl info message cache 3 (Failed to connect to 127.0.0.1 port 56472: Connection refused)
[2025.03.25-03.59.36:242][437]LogHttp: Warning: 000002CA8FC04100: libcurl info message cache 4 (Closing connection 65)
[2025.03.25-03.59.36:744][438]LogD3D11RHI: Timed out while waiting for GPU to catch up. (0.5 s) (ErrorCode 00000001) (00000000)
[2025.03.25-03.59.36:744][438]LogHttp: Warning: Retry exhausted on https://datarouter.ol.epicgames.com/datarouter/api/v1/public/data?SessionID=%7B52EE5E38-4C3D-8216-5318-08BD2EB56133%7D&AppID=UEEditor.Rocket.Release&AppVersion=4.27.2-18319896%2B%2B%2BUE4%2BRelease-4.27&UserID=4dadba1840df393f01f03bb4251131e7%7C8200f8875fa445f5b01f2fa9e0ce4780%7Cb587297a-ff5c-45fe-b03b-545ac00d4e54&AppEnvironment=datacollector-binary&UploadType=eteventstream
[2025.03.25-03.59.51:503][482]LogD3D11RHI: Timed out while waiting for GPU to catch up. (0.5 s) (ErrorCode 00000001) (00000000)
[2025.03.25-04.00.11:911][543]LogD3D11RHI: Timed out while waiting for GPU to catch up. (0.5 s) (ErrorCode 00000001) (00000000)
[2025.03.25-04.00.19:275][565]LogD3D11RHI: Timed out while waiting for GPU to catch up. (0.5 s) (ErrorCode 00000001) (00000000)
[2025.03.25-04.00.36:045][615]LogD3D11RHI: Timed out while waiting for GPU to catch up. (0.5 s) (ErrorCode 00000001) (00000000)
[2025.03.25-04.00.36:045][615]LogHttp: Warning: 000002CA8FC05600: invalid HTTP response code received. URL: https://datarouter.ol.epicgames.com/datarouter/api/v1/public/data?SessionID=%7B52EE5E38-4C3D-8216-5318-08BD2EB56133%7D&AppID=UEEditor.Rocket.Release&AppVersion=4.27.2-18319896%2B%2B%2BUE4%2BRelease-4.27&UserID=4dadba1840df393f01f03bb4251131e7%7C8200f8875fa445f5b01f2fa9e0ce4780%7Cb587297a-ff5c-45fe-b03b-545ac00d4e54&AppEnvironment=datacollector-binary&UploadType=eteventstream, HTTP code: 0, content length: 0, actual payload size: 0
[2025.03.25-04.00.36:046][615]LogHttp: Warning: 000002CA8FC05600: request failed, libcurl error: 7 (Couldn't connect to server)
[2025.03.25-04.00.36:046][615]LogHttp: Warning: 000002CA8FC05600: libcurl info message cache 0 (Hostname in DNS cache was stale, zapped)
[2025.03.25-04.00.36:046][615]LogHttp: Warning: 000002CA8FC05600: libcurl info message cache 1 (  Trying 127.0.0.1...)
[2025.03.25-04.00.36:046][615]LogHttp: Warning: 000002CA8FC05600: libcurl info message cache 2 (TCP_NODELAY set)
[2025.03.25-04.00.36:046][615]LogHttp: Warning: 000002CA8FC05600: libcurl info message cache 3 (connect to 127.0.0.1 port 56472 failed: Connection refused)
[2025.03.25-04.00.36:046][615]LogHttp: Warning: 000002CA8FC05600: libcurl info message cache 4 (Failed to connect to 127.0.0.1 port 56472: Connection refused)
[2025.03.25-04.00.36:046][615]LogHttp: Warning: 000002CA8FC05600: libcurl info message cache 5 (Closing connection 66)
[2025.03.25-04.00.36:222][616]LogHttp: Warning: Retry exhausted on https://datarouter.ol.epicgames.com/datarouter/api/v1/public/data?SessionID=%7B52EE5E38-4C3D-8216-5318-08BD2EB56133%7D&AppID=UEEditor.Rocket.Release&AppVersion=4.27.2-18319896%2B%2B%2BUE4%2BRelease-4.27&UserID=4dadba1840df393f01f03bb4251131e7%7C8200f8875fa445f5b01f2fa9e0ce4780%7Cb587297a-ff5c-45fe-b03b-545ac00d4e54&AppEnvironment=datacollector-binary&UploadType=eteventstream
[2025.03.25-04.00.44:422][640]LogD3D11RHI: Timed out while waiting for GPU to catch up. (0.5 s) (ErrorCode 00000001) (00000000)
[2025.03.25-04.00.56:484][676]LogD3D11RHI: Timed out while waiting for GPU to catch up. (0.5 s) (ErrorCode 00000001) (00000000)
[2025.03.25-04.01.05:885][704]LogD3D11RHI: Timed out while waiting for GPU to catch up. (0.5 s) (ErrorCode 00000001) (00000000)
[2025.03.25-04.01.32:714][784]LogD3D11RHI: Timed out while waiting for GPU to catch up. (0.5 s) (ErrorCode 00000001) (00000000)
[2025.03.25-04.01.36:242][795]LogHttp: Warning: 000002CA8FC07900: invalid HTTP response code received. URL: https://datarouter.ol.epicgames.com/datarouter/api/v1/public/data?SessionID=%7B52EE5E38-4C3D-8216-5318-08BD2EB56133%7D&AppID=UEEditor.Rocket.Release&AppVersion=4.27.2-18319896%2B%2B%2BUE4%2BRelease-4.27&UserID=4dadba1840df393f01f03bb4251131e7%7C8200f8875fa445f5b01f2fa9e0ce4780%7Cb587297a-ff5c-45fe-b03b-545ac00d4e54&AppEnvironment=datacollector-binary&UploadType=eteventstream, HTTP code: 0, content length: 0, actual payload size: 0
[2025.03.25-04.01.36:242][795]LogHttp: Warning: 000002CA8FC07900: request failed, libcurl error: 7 (Couldn't connect to server)
[2025.03.25-04.01.36:242][795]LogHttp: Warning: 000002CA8FC07900: libcurl info message cache 0 (Hostname in DNS cache was stale, zapped)
[2025.03.25-04.01.36:242][795]LogHttp: Warning: 000002CA8FC07900: libcurl info message cache 1 (  Trying 127.0.0.1...)
[2025.03.25-04.01.36:242][795]LogHttp: Warning: 000002CA8FC07900: libcurl info message cache 2 (TCP_NODELAY set)
[2025.03.25-04.01.36:242][795]LogHttp: Warning: 000002CA8FC07900: libcurl info message cache 3 (connect to 127.0.0.1 port 56472 failed: Connection refused)
[2025.03.25-04.01.36:242][795]LogHttp: Warning: 000002CA8FC07900: libcurl info message cache 4 (Failed to connect to 127.0.0.1 port 56472: Connection refused)
[2025.03.25-04.01.36:242][795]LogHttp: Warning: 000002CA8FC07900: libcurl info message cache 5 (Closing connection 67)
[2025.03.25-04.01.36:580][796]LogHttp: Warning: Retry exhausted on https://datarouter.ol.epicgames.com/datarouter/api/v1/public/data?SessionID=%7B52EE5E38-4C3D-8216-5318-08BD2EB56133%7D&AppID=UEEditor.Rocket.Release&AppVersion=4.27.2-18319896%2B%2B%2BUE4%2BRelease-4.27&UserID=4dadba1840df393f01f03bb4251131e7%7C8200f8875fa445f5b01f2fa9e0ce4780%7Cb587297a-ff5c-45fe-b03b-545ac00d4e54&AppEnvironment=datacollector-binary&UploadType=eteventstream
[2025.03.25-04.01.42:112][812]LogD3D11RHI: Timed out while waiting for GPU to catch up. (0.5 s) (ErrorCode 00000001) (00000000)
[2025.03.25-04.01.55:206][851]LogD3D11RHI: Timed out while waiting for GPU to catch up. (0.5 s) (ErrorCode 00000001) (00000000)
[2025.03.25-04.02.02:581][873]LogD3D11RHI: Timed out while waiting for GPU to catch up. (0.5 s) (ErrorCode 00000001) (00000000)
[2025.03.25-04.02.23:030][934]LogD3D11RHI: Timed out while waiting for GPU to catch up. (0.5 s) (ErrorCode 00000001) (00000000)
[2025.03.25-04.02.35:074][970]LogD3D11RHI: Timed out while waiting for GPU to catch up. (0.5 s) (ErrorCode 00000001) (00000000)
[2025.03.25-04.02.36:249][974]LogHttp: Warning: 000002CA8FC07200: invalid HTTP response code received. URL: https://datarouter.ol.epicgames.com/datarouter/api/v1/public/data?SessionID=%7B52EE5E38-4C3D-8216-5318-08BD2EB56133%7D&AppID=UEEditor.Rocket.Release&AppVersion=4.27.2-18319896%2B%2B%2BUE4%2BRelease-4.27&UserID=4dadba1840df393f01f03bb4251131e7%7C8200f8875fa445f5b01f2fa9e0ce4780%7Cb587297a-ff5c-45fe-b03b-545ac00d4e54&AppEnvironment=datacollector-binary&UploadType=eteventstream, HTTP code: 0, content length: 0, actual payload size: 0
[2025.03.25-04.02.36:249][974]LogHttp: Warning: 000002CA8FC07200: request failed, libcurl error: 7 (Couldn't connect to server)
[2025.03.25-04.02.36:249][974]LogHttp: Warning: 000002CA8FC07200: libcurl info message cache 0 (Hostname in DNS cache was stale, zapped)
[2025.03.25-04.02.36:249][974]LogHttp: Warning: 000002CA8FC07200: libcurl info message cache 1 (  Trying 127.0.0.1...)
[2025.03.25-04.02.36:249][974]LogHttp: Warning: 000002CA8FC07200: libcurl info message cache 2 (TCP_NODELAY set)
[2025.03.25-04.02.36:249][974]LogHttp: Warning: 000002CA8FC07200: libcurl info message cache 3 (connect to 127.0.0.1 port 56472 failed: Connection refused)
[2025.03.25-04.02.36:249][974]LogHttp: Warning: 000002CA8FC07200: libcurl info message cache 4 (Failed to connect to 127.0.0.1 port 56472: Connection refused)
[2025.03.25-04.02.36:250][974]LogHttp: Warning: 000002CA8FC07200: libcurl info message cache 5 (Closing connection 68)
[2025.03.25-04.02.36:250][974]LogHttp: Warning: Retry exhausted on https://datarouter.ol.epicgames.com/datarouter/api/v1/public/data?SessionID=%7B52EE5E38-4C3D-8216-5318-08BD2EB56133%7D&AppID=UEEditor.Rocket.Release&AppVersion=4.27.2-18319896%2B%2B%2BUE4%2BRelease-4.27&UserID=4dadba1840df393f01f03bb4251131e7%7C8200f8875fa445f5b01f2fa9e0ce4780%7Cb587297a-ff5c-45fe-b03b-545ac00d4e54&AppEnvironment=datacollector-binary&UploadType=eteventstream
[2025.03.25-04.02.46:143][  3]LogD3D11RHI: Timed out while waiting for GPU to catch up. (0.5 s) (ErrorCode 00000001) (00000000)
[2025.03.25-04.02.57:186][ 36]LogD3D11RHI: Timed out while waiting for GPU to catch up. (0.5 s) (ErrorCode 00000001) (00000000)
[2025.03.25-04.03.35:989][152]LogHttp: Warning: 000002CA8FC04100: invalid HTTP response code received. URL: https://datarouter.ol.epicgames.com/datarouter/api/v1/public/data?SessionID=%7B52EE5E38-4C3D-8216-5318-08BD2EB56133%7D&AppID=UEEditor.Rocket.Release&AppVersion=4.27.2-18319896%2B%2B%2BUE4%2BRelease-4.27&UserID=4dadba1840df393f01f03bb4251131e7%7C8200f8875fa445f5b01f2fa9e0ce4780%7Cb587297a-ff5c-45fe-b03b-545ac00d4e54&AppEnvironment=datacollector-binary&UploadType=eteventstream, HTTP code: 0, content length: 0, actual payload size: 0
[2025.03.25-04.03.35:989][152]LogHttp: Warning: 000002CA8FC04100: request failed, libcurl error: 7 (Couldn't connect to server)
[2025.03.25-04.03.35:989][152]LogHttp: Warning: 000002CA8FC04100: libcurl info message cache 0 (Hostname 127.0.0.1 was found in DNS cache)
[2025.03.25-04.03.35:989][152]LogHttp: Warning: 000002CA8FC04100: libcurl info message cache 1 (  Trying 127.0.0.1...)
[2025.03.25-04.03.35:989][152]LogHttp: Warning: 000002CA8FC04100: libcurl info message cache 2 (TCP_NODELAY set)
[2025.03.25-04.03.35:989][152]LogHttp: Warning: 000002CA8FC04100: libcurl info message cache 3 (connect to 127.0.0.1 port 56472 failed: Connection refused)
[2025.03.25-04.03.35:989][152]LogHttp: Warning: 000002CA8FC04100: libcurl info message cache 4 (Failed to connect to 127.0.0.1 port 56472: Connection refused)
[2025.03.25-04.03.35:989][152]LogHttp: Warning: 000002CA8FC04100: libcurl info message cache 5 (Closing connection 69)
[2025.03.25-04.03.35:989][152]LogHttp: Warning: Retry exhausted on https://datarouter.ol.epicgames.com/datarouter/api/v1/public/data?SessionID=%7B52EE5E38-4C3D-8216-5318-08BD2EB56133%7D&AppID=UEEditor.Rocket.Release&AppVersion=4.27.2-18319896%2B%2B%2BUE4%2BRelease-4.27&UserID=4dadba1840df393f01f03bb4251131e7%7C8200f8875fa445f5b01f2fa9e0ce4780%7Cb587297a-ff5c-45fe-b03b-545ac00d4e54&AppEnvironment=datacollector-binary&UploadType=eteventstream
[2025.03.25-04.03.43:358][174]LogD3D11RHI: Timed out while waiting for GPU to catch up. (0.5 s) (ErrorCode 00000001) (00000000)
[2025.03.25-04.04.36:413][333]LogHttp: Warning: 000002CB0F4B2B00: invalid HTTP response code received. URL: https://datarouter.ol.epicgames.com/datarouter/api/v1/public/data?SessionID=%7B52EE5E38-4C3D-8216-5318-08BD2EB56133%7D&AppID=UEEditor.Rocket.Release&AppVersion=4.27.2-18319896%2B%2B%2BUE4%2BRelease-4.27&UserID=4dadba1840df393f01f03bb4251131e7%7C8200f8875fa445f5b01f2fa9e0ce4780%7Cb587297a-ff5c-45fe-b03b-545ac00d4e54&AppEnvironment=datacollector-binary&UploadType=eteventstream, HTTP code: 0, content length: 0, actual payload size: 0
[2025.03.25-04.04.36:413][333]LogHttp: Warning: 000002CB0F4B2B00: request failed, libcurl error: 7 (Couldn't connect to server)
[2025.03.25-04.04.36:413][333]LogHttp: Warning: 000002CB0F4B2B00: libcurl info message cache 0 (  Trying 127.0.0.1...)
[2025.03.25-04.04.36:413][333]LogHttp: Warning: 000002CB0F4B2B00: libcurl info message cache 1 (TCP_NODELAY set)
[2025.03.25-04.04.36:413][333]LogHttp: Warning: 000002CB0F4B2B00: libcurl info message cache 2 (connect to 127.0.0.1 port 56472 failed: Connection refused)
[2025.03.25-04.04.36:413][333]LogHttp: Warning: 000002CB0F4B2B00: libcurl info message cache 3 (Failed to connect to 127.0.0.1 port 56472: Connection refused)
[2025.03.25-04.04.36:413][333]LogHttp: Warning: 000002CB0F4B2B00: libcurl info message cache 4 (Closing connection 70)
[2025.03.25-04.04.36:747][334]LogHttp: Warning: Retry exhausted on https://datarouter.ol.epicgames.com/datarouter/api/v1/public/data?SessionID=%7B52EE5E38-4C3D-8216-5318-08BD2EB56133%7D&AppID=UEEditor.Rocket.Release&AppVersion=4.27.2-18319896%2B%2B%2BUE4%2BRelease-4.27&UserID=4dadba1840df393f01f03bb4251131e7%7C8200f8875fa445f5b01f2fa9e0ce4780%7Cb587297a-ff5c-45fe-b03b-545ac00d4e54&AppEnvironment=datacollector-binary&UploadType=eteventstream
[2025.03.25-04.05.12:094][439]LogD3D11RHI: Timed out while waiting for GPU to catch up. (0.5 s) (ErrorCode 00000001) (00000000)
[2025.03.25-04.05.36:397][512]LogHttp: Warning: 000002CB0F4B2400: invalid HTTP response code received. URL: https://datarouter.ol.epicgames.com/datarouter/api/v1/public/data?SessionID=%7B52EE5E38-4C3D-8216-5318-08BD2EB56133%7D&AppID=UEEditor.Rocket.Release&AppVersion=4.27.2-18319896%2B%2B%2BUE4%2BRelease-4.27&UserID=4dadba1840df393f01f03bb4251131e7%7C8200f8875fa445f5b01f2fa9e0ce4780%7Cb587297a-ff5c-45fe-b03b-545ac00d4e54&AppEnvironment=datacollector-binary&UploadType=eteventstream, HTTP code: 0, content length: 0, actual payload size: 0
[2025.03.25-04.05.36:397][512]LogHttp: Warning: 000002CB0F4B2400: request failed, libcurl error: 7 (Couldn't connect to server)
[2025.03.25-04.05.36:397][512]LogHttp: Warning: 000002CB0F4B2400: libcurl info message cache 0 (Hostname in DNS cache was stale, zapped)
[2025.03.25-04.05.36:397][512]LogHttp: Warning: 000002CB0F4B2400: libcurl info message cache 1 (  Trying 127.0.0.1...)
[2025.03.25-04.05.36:397][512]LogHttp: Warning: 000002CB0F4B2400: libcurl info message cache 2 (TCP_NODELAY set)
[2025.03.25-04.05.36:397][512]LogHttp: Warning: 000002CB0F4B2400: libcurl info message cache 3 (connect to 127.0.0.1 port 56472 failed: Connection refused)
[2025.03.25-04.05.36:397][512]LogHttp: Warning: 000002CB0F4B2400: libcurl info message cache 4 (Failed to connect to 127.0.0.1 port 56472: Connection refused)
[2025.03.25-04.05.36:397][512]LogHttp: Warning: 000002CB0F4B2400: libcurl info message cache 5 (Closing connection 71)
[2025.03.25-04.05.36:397][512]LogHttp: Warning: Retry exhausted on https://datarouter.ol.epicgames.com/datarouter/api/v1/public/data?SessionID=%7B52EE5E38-4C3D-8216-5318-08BD2EB56133%7D&AppID=UEEditor.Rocket.Release&AppVersion=4.27.2-18319896%2B%2B%2BUE4%2BRelease-4.27&UserID=4dadba1840df393f01f03bb4251131e7%7C8200f8875fa445f5b01f2fa9e0ce4780%7Cb587297a-ff5c-45fe-b03b-545ac00d4e54&AppEnvironment=datacollector-binary&UploadType=eteventstream
[2025.03.25-04.05.53:651][563]LogD3D11RHI: Timed out while waiting for GPU to catch up. (0.5 s) (ErrorCode 00000001) (00000000)
[2025.03.25-04.06.01:011][585]LogD3D11RHI: Timed out while waiting for GPU to catch up. (0.5 s) (ErrorCode 00000001) (00000000)
[2025.03.25-04.06.04:699][596]LogD3D11RHI: Timed out while waiting for GPU to catch up. (0.5 s) (ErrorCode 00000001) (00000000)
[2025.03.25-04.06.15:752][629]LogD3D11RHI: Timed out while waiting for GPU to catch up. (0.5 s) (ErrorCode 00000001) (00000000)
[2025.03.25-04.06.36:326][691]LogHttp: Warning: 000002CB0F4B2400: invalid HTTP response code received. URL: https://datarouter.ol.epicgames.com/datarouter/api/v1/public/data?SessionID=%7B52EE5E38-4C3D-8216-5318-08BD2EB56133%7D&AppID=UEEditor.Rocket.Release&AppVersion=4.27.2-18319896%2B%2B%2BUE4%2BRelease-4.27&UserID=4dadba1840df393f01f03bb4251131e7%7C8200f8875fa445f5b01f2fa9e0ce4780%7Cb587297a-ff5c-45fe-b03b-545ac00d4e54&AppEnvironment=datacollector-binary&UploadType=eteventstream, HTTP code: 0, content length: 0, actual payload size: 0
[2025.03.25-04.06.36:326][691]LogHttp: Warning: 000002CB0F4B2400: request failed, libcurl error: 7 (Couldn't connect to server)
[2025.03.25-04.06.36:326][691]LogHttp: Warning: 000002CB0F4B2400: libcurl info message cache 0 (Hostname 127.0.0.1 was found in DNS cache)
[2025.03.25-04.06.36:326][691]LogHttp: Warning: 000002CB0F4B2400: libcurl info message cache 1 (  Trying 127.0.0.1...)
[2025.03.25-04.06.36:326][691]LogHttp: Warning: 000002CB0F4B2400: libcurl info message cache 2 (TCP_NODELAY set)
[2025.03.25-04.06.36:326][691]LogHttp: Warning: 000002CB0F4B2400: libcurl info message cache 3 (connect to 127.0.0.1 port 56472 failed: Connection refused)
[2025.03.25-04.06.36:326][691]LogHttp: Warning: 000002CB0F4B2400: libcurl info message cache 4 (Failed to connect to 127.0.0.1 port 56472: Connection refused)
[2025.03.25-04.06.36:326][691]LogHttp: Warning: 000002CB0F4B2400: libcurl info message cache 5 (Closing connection 72)
[2025.03.25-04.06.36:661][692]LogHttp: Warning: Retry exhausted on https://datarouter.ol.epicgames.com/datarouter/api/v1/public/data?SessionID=%7B52EE5E38-4C3D-8216-5318-08BD2EB56133%7D&AppID=UEEditor.Rocket.Release&AppVersion=4.27.2-18319896%2B%2B%2BUE4%2BRelease-4.27&UserID=4dadba1840df393f01f03bb4251131e7%7C8200f8875fa445f5b01f2fa9e0ce4780%7Cb587297a-ff5c-45fe-b03b-545ac00d4e54&AppEnvironment=datacollector-binary&UploadType=eteventstream
[2025.03.25-04.06.40:516][703]LogD3D11RHI: Timed out while waiting for GPU to catch up. (0.5 s) (ErrorCode 00000001) (00000000)
[2025.03.25-04.07.32:471][858]LogD3D11RHI: Timed out while waiting for GPU to catch up. (0.5 s) (ErrorCode 00000001) (00000000)
[2025.03.25-04.07.36:333][870]LogHttp: Warning: 000002CA8FC05600: invalid HTTP response code received. URL: https://datarouter.ol.epicgames.com/datarouter/api/v1/public/data?SessionID=%7B52EE5E38-4C3D-8216-5318-08BD2EB56133%7D&AppID=UEEditor.Rocket.Release&AppVersion=4.27.2-18319896%2B%2B%2BUE4%2BRelease-4.27&UserID=4dadba1840df393f01f03bb4251131e7%7C8200f8875fa445f5b01f2fa9e0ce4780%7Cb587297a-ff5c-45fe-b03b-545ac00d4e54&AppEnvironment=datacollector-binary&UploadType=eteventstream, HTTP code: 0, content length: 0, actual payload size: 0
[2025.03.25-04.07.36:333][870]LogHttp: Warning: 000002CA8FC05600: request failed, libcurl error: 7 (Couldn't connect to server)
[2025.03.25-04.07.36:333][870]LogHttp: Warning: 000002CA8FC05600: libcurl info message cache 0 (  Trying 127.0.0.1...)
[2025.03.25-04.07.36:333][870]LogHttp: Warning: 000002CA8FC05600: libcurl info message cache 1 (TCP_NODELAY set)
[2025.03.25-04.07.36:333][870]LogHttp: Warning: 000002CA8FC05600: libcurl info message cache 2 (connect to 127.0.0.1 port 56472 failed: Connection refused)
[2025.03.25-04.07.36:333][870]LogHttp: Warning: 000002CA8FC05600: libcurl info message cache 3 (Failed to connect to 127.0.0.1 port 56472: Connection refused)
[2025.03.25-04.07.36:333][870]LogHttp: Warning: 000002CA8FC05600: libcurl info message cache 4 (Closing connection 73)
[2025.03.25-04.07.36:333][870]LogHttp: Warning: Retry exhausted on https://datarouter.ol.epicgames.com/datarouter/api/v1/public/data?SessionID=%7B52EE5E38-4C3D-8216-5318-08BD2EB56133%7D&AppID=UEEditor.Rocket.Release&AppVersion=4.27.2-18319896%2B%2B%2BUE4%2BRelease-4.27&UserID=4dadba1840df393f01f03bb4251131e7%7C8200f8875fa445f5b01f2fa9e0ce4780%7Cb587297a-ff5c-45fe-b03b-545ac00d4e54&AppEnvironment=datacollector-binary&UploadType=eteventstream
[2025.03.25-04.07.42:517][888]LogD3D11RHI: Timed out while waiting for GPU to catch up. (0.5 s) (ErrorCode 00000001) (00000000)
[2025.03.25-04.07.49:907][910]LogD3D11RHI: Timed out while waiting for GPU to catch up. (0.5 s) (ErrorCode 00000001) (00000000)
[2025.03.25-04.07.58:307][935]LogD3D11RHI: Timed out while waiting for GPU to catch up. (0.5 s) (ErrorCode 00000001) (00000000)
[2025.03.25-04.08.36:089][ 48]LogHttp: Warning: 000002CA8FC06B00: invalid HTTP response code received. URL: https://datarouter.ol.epicgames.com/datarouter/api/v1/public/data?SessionID=%7B52EE5E38-4C3D-8216-5318-08BD2EB56133%7D&AppID=UEEditor.Rocket.Release&AppVersion=4.27.2-18319896%2B%2B%2BUE4%2BRelease-4.27&UserID=4dadba1840df393f01f03bb4251131e7%7C8200f8875fa445f5b01f2fa9e0ce4780%7Cb587297a-ff5c-45fe-b03b-545ac00d4e54&AppEnvironment=datacollector-binary&UploadType=eteventstream, HTTP code: 0, content length: 0, actual payload size: 0
[2025.03.25-04.08.36:089][ 48]LogHttp: Warning: 000002CA8FC06B00: request failed, libcurl error: 7 (Couldn't connect to server)
[2025.03.25-04.08.36:089][ 48]LogHttp: Warning: 000002CA8FC06B00: libcurl info message cache 0 (Hostname in DNS cache was stale, zapped)
[2025.03.25-04.08.36:089][ 48]LogHttp: Warning: 000002CA8FC06B00: libcurl info message cache 1 (  Trying 127.0.0.1...)
[2025.03.25-04.08.36:089][ 48]LogHttp: Warning: 000002CA8FC06B00: libcurl info message cache 2 (TCP_NODELAY set)
[2025.03.25-04.08.36:089][ 48]LogHttp: Warning: 000002CA8FC06B00: libcurl info message cache 3 (connect to 127.0.0.1 port 56472 failed: Connection refused)
[2025.03.25-04.08.36:089][ 48]LogHttp: Warning: 000002CA8FC06B00: libcurl info message cache 4 (Failed to connect to 127.0.0.1 port 56472: Connection refused)
[2025.03.25-04.08.36:089][ 48]LogHttp: Warning: 000002CA8FC06B00: libcurl info message cache 5 (Closing connection 74)
[2025.03.25-04.08.36:089][ 48]LogHttp: Warning: Retry exhausted on https://datarouter.ol.epicgames.com/datarouter/api/v1/public/data?SessionID=%7B52EE5E38-4C3D-8216-5318-08BD2EB56133%7D&AppID=UEEditor.Rocket.Release&AppVersion=4.27.2-18319896%2B%2B%2BUE4%2BRelease-4.27&UserID=4dadba1840df393f01f03bb4251131e7%7C8200f8875fa445f5b01f2fa9e0ce4780%7Cb587297a-ff5c-45fe-b03b-545ac00d4e54&AppEnvironment=datacollector-binary&UploadType=eteventstream
[2025.03.25-04.08.41:872][ 65]LogD3D11RHI: Timed out while waiting for GPU to catch up. (0.5 s) (ErrorCode 00000001) (00000000)
[2025.03.25-04.08.54:951][104]LogD3D11RHI: Timed out while waiting for GPU to catch up. (0.5 s) (ErrorCode 00000001) (00000000)
[2025.03.25-04.09.36:468][228]LogHttp: Warning: 000002CA8FC07200: invalid HTTP response code received. URL: https://datarouter.ol.epicgames.com/datarouter/api/v1/public/data?SessionID=%7B52EE5E38-4C3D-8216-5318-08BD2EB56133%7D&AppID=UEEditor.Rocket.Release&AppVersion=4.27.2-18319896%2B%2B%2BUE4%2BRelease-4.27&UserID=4dadba1840df393f01f03bb4251131e7%7C8200f8875fa445f5b01f2fa9e0ce4780%7Cb587297a-ff5c-45fe-b03b-545ac00d4e54&AppEnvironment=datacollector-binary&UploadType=eteventstream, HTTP code: 0, content length: 0, actual payload size: 0
[2025.03.25-04.09.36:468][228]LogHttp: Warning: 000002CA8FC07200: request failed, libcurl error: 7 (Couldn't connect to server)
[2025.03.25-04.09.36:468][228]LogHttp: Warning: 000002CA8FC07200: libcurl info message cache 0 (Hostname in DNS cache was stale, zapped)
[2025.03.25-04.09.36:468][228]LogHttp: Warning: 000002CA8FC07200: libcurl info message cache 1 (  Trying 127.0.0.1...)
[2025.03.25-04.09.36:468][228]LogHttp: Warning: 000002CA8FC07200: libcurl info message cache 2 (TCP_NODELAY set)
[2025.03.25-04.09.36:468][228]LogHttp: Warning: 000002CA8FC07200: libcurl info message cache 3 (connect to 127.0.0.1 port 56472 failed: Connection refused)
[2025.03.25-04.09.36:468][228]LogHttp: Warning: 000002CA8FC07200: libcurl info message cache 4 (Failed to connect to 127.0.0.1 port 56472: Connection refused)
[2025.03.25-04.09.36:468][228]LogHttp: Warning: 000002CA8FC07200: libcurl info message cache 5 (Closing connection 75)
[2025.03.25-04.09.36:468][228]LogHttp: Warning: Retry exhausted on https://datarouter.ol.epicgames.com/datarouter/api/v1/public/data?SessionID=%7B52EE5E38-4C3D-8216-5318-08BD2EB56133%7D&AppID=UEEditor.Rocket.Release&AppVersion=4.27.2-18319896%2B%2B%2BUE4%2BRelease-4.27&UserID=4dadba1840df393f01f03bb4251131e7%7C8200f8875fa445f5b01f2fa9e0ce4780%7Cb587297a-ff5c-45fe-b03b-545ac00d4e54&AppEnvironment=datacollector-binary&UploadType=eteventstream
[2025.03.25-04.10.00:621][300]LogD3D11RHI: Timed out while waiting for GPU to catch up. (0.5 s) (ErrorCode 00000001) (00000000)
[2025.03.25-04.10.32:136][394]LogD3D11RHI: Timed out while waiting for GPU to catch up. (0.5 s) (ErrorCode 00000001) (00000000)
[2025.03.25-04.10.35:830][405]LogD3D11RHI: Timed out while waiting for GPU to catch up. (0.5 s) (ErrorCode 00000001) (00000000)
[2025.03.25-04.10.36:330][407]LogHttp: Warning: 000002CA8FC07900: invalid HTTP response code received. URL: https://datarouter.ol.epicgames.com/datarouter/api/v1/public/data?SessionID=%7B52EE5E38-4C3D-8216-5318-08BD2EB56133%7D&AppID=UEEditor.Rocket.Release&AppVersion=4.27.2-18319896%2B%2B%2BUE4%2BRelease-4.27&UserID=4dadba1840df393f01f03bb4251131e7%7C8200f8875fa445f5b01f2fa9e0ce4780%7Cb587297a-ff5c-45fe-b03b-545ac00d4e54&AppEnvironment=datacollector-binary&UploadType=eteventstream, HTTP code: 0, content length: 0, actual payload size: 0
[2025.03.25-04.10.36:330][407]LogHttp: Warning: 000002CA8FC07900: request failed, libcurl error: 7 (Couldn't connect to server)
[2025.03.25-04.10.36:330][407]LogHttp: Warning: 000002CA8FC07900: libcurl info message cache 0 (Hostname 127.0.0.1 was found in DNS cache)
[2025.03.25-04.10.36:330][407]LogHttp: Warning: 000002CA8FC07900: libcurl info message cache 1 (  Trying 127.0.0.1...)
[2025.03.25-04.10.36:330][407]LogHttp: Warning: 000002CA8FC07900: libcurl info message cache 2 (TCP_NODELAY set)
[2025.03.25-04.10.36:330][407]LogHttp: Warning: 000002CA8FC07900: libcurl info message cache 3 (connect to 127.0.0.1 port 56472 failed: Connection refused)
[2025.03.25-04.10.36:330][407]LogHttp: Warning: 000002CA8FC07900: libcurl info message cache 4 (Failed to connect to 127.0.0.1 port 56472: Connection refused)
[2025.03.25-04.10.36:330][407]LogHttp: Warning: 000002CA8FC07900: libcurl info message cache 5 (Closing connection 76)
[2025.03.25-04.10.36:660][408]LogHttp: Warning: Retry exhausted on https://datarouter.ol.epicgames.com/datarouter/api/v1/public/data?SessionID=%7B52EE5E38-4C3D-8216-5318-08BD2EB56133%7D&AppID=UEEditor.Rocket.Release&AppVersion=4.27.2-18319896%2B%2B%2BUE4%2BRelease-4.27&UserID=4dadba1840df393f01f03bb4251131e7%7C8200f8875fa445f5b01f2fa9e0ce4780%7Cb587297a-ff5c-45fe-b03b-545ac00d4e54&AppEnvironment=datacollector-binary&UploadType=eteventstream
[2025.03.25-04.10.39:516][416]LogD3D11RHI: Timed out while waiting for GPU to catch up. (0.5 s) (ErrorCode 00000001) (00000000)
[2025.03.25-04.10.50:579][449]LogD3D11RHI: Timed out while waiting for GPU to catch up. (0.5 s) (ErrorCode 00000001) (00000000)
[2025.03.25-04.10.54:282][460]LogD3D11RHI: Timed out while waiting for GPU to catch up. (0.5 s) (ErrorCode 00000001) (00000000)
[2025.03.25-04.11.13:714][518]LogD3D11RHI: Timed out while waiting for GPU to catch up. (0.5 s) (ErrorCode 00000001) (00000000)
[2025.03.25-04.11.34:168][579]LogD3D11RHI: Timed out while waiting for GPU to catch up. (0.5 s) (ErrorCode 00000001) (00000000)
[2025.03.25-04.11.36:338][586]LogHttp: Warning: 000002CA8FC04100: invalid HTTP response code received. URL: https://datarouter.ol.epicgames.com/datarouter/api/v1/public/data?SessionID=%7B52EE5E38-4C3D-8216-5318-08BD2EB56133%7D&AppID=UEEditor.Rocket.Release&AppVersion=4.27.2-18319896%2B%2B%2BUE4%2BRelease-4.27&UserID=4dadba1840df393f01f03bb4251131e7%7C8200f8875fa445f5b01f2fa9e0ce4780%7Cb587297a-ff5c-45fe-b03b-545ac00d4e54&AppEnvironment=datacollector-binary&UploadType=eteventstream, HTTP code: 0, content length: 0, actual payload size: 0
[2025.03.25-04.11.36:338][586]LogHttp: Warning: 000002CA8FC04100: request failed, libcurl error: 7 (Couldn't connect to server)
[2025.03.25-04.11.36:338][586]LogHttp: Warning: 000002CA8FC04100: libcurl info message cache 0 (  Trying 127.0.0.1...)
[2025.03.25-04.11.36:339][586]LogHttp: Warning: 000002CA8FC04100: libcurl info message cache 1 (TCP_NODELAY set)
[2025.03.25-04.11.36:339][586]LogHttp: Warning: 000002CA8FC04100: libcurl info message cache 2 (connect to 127.0.0.1 port 56472 failed: Connection refused)
[2025.03.25-04.11.36:339][586]LogHttp: Warning: 000002CA8FC04100: libcurl info message cache 3 (Failed to connect to 127.0.0.1 port 56472: Connection refused)
[2025.03.25-04.11.36:339][586]LogHttp: Warning: 000002CA8FC04100: libcurl info message cache 4 (Closing connection 77)
[2025.03.25-04.11.36:339][586]LogHttp: Warning: Retry exhausted on https://datarouter.ol.epicgames.com/datarouter/api/v1/public/data?SessionID=%7B52EE5E38-4C3D-8216-5318-08BD2EB56133%7D&AppID=UEEditor.Rocket.Release&AppVersion=4.27.2-18319896%2B%2B%2BUE4%2BRelease-4.27&UserID=4dadba1840df393f01f03bb4251131e7%7C8200f8875fa445f5b01f2fa9e0ce4780%7Cb587297a-ff5c-45fe-b03b-545ac00d4e54&AppEnvironment=datacollector-binary&UploadType=eteventstream
[2025.03.25-04.11.45:206][612]LogD3D11RHI: Timed out while waiting for GPU to catch up. (0.5 s) (ErrorCode 00000001) (00000000)
[2025.03.25-04.11.58:924][653]LogD3D11RHI: Timed out while waiting for GPU to catch up. (0.5 s) (ErrorCode 00000001) (00000000)
[2025.03.25-04.12.36:243][765]LogHttp: Warning: 000002CA8FC05600: invalid HTTP response code received. URL: https://datarouter.ol.epicgames.com/datarouter/api/v1/public/data?SessionID=%7B52EE5E38-4C3D-8216-5318-08BD2EB56133%7D&AppID=UEEditor.Rocket.Release&AppVersion=4.27.2-18319896%2B%2B%2BUE4%2BRelease-4.27&UserID=4dadba1840df393f01f03bb4251131e7%7C8200f8875fa445f5b01f2fa9e0ce4780%7Cb587297a-ff5c-45fe-b03b-545ac00d4e54&AppEnvironment=datacollector-binary&UploadType=eteventstream, HTTP code: 0, content length: 0, actual payload size: 0
[2025.03.25-04.12.36:243][765]LogHttp: Warning: 000002CA8FC05600: request failed, libcurl error: 7 (Couldn't connect to server)
[2025.03.25-04.12.36:243][765]LogHttp: Warning: 000002CA8FC05600: libcurl info message cache 0 (Hostname 127.0.0.1 was found in DNS cache)
[2025.03.25-04.12.36:243][765]LogHttp: Warning: 000002CA8FC05600: libcurl info message cache 1 (  Trying 127.0.0.1...)
[2025.03.25-04.12.36:243][765]LogHttp: Warning: 000002CA8FC05600: libcurl info message cache 2 (TCP_NODELAY set)
[2025.03.25-04.12.36:243][765]LogHttp: Warning: 000002CA8FC05600: libcurl info message cache 3 (connect to 127.0.0.1 port 56472 failed: Connection refused)
[2025.03.25-04.12.36:243][765]LogHttp: Warning: 000002CA8FC05600: libcurl info message cache 4 (Failed to connect to 127.0.0.1 port 56472: Connection refused)
[2025.03.25-04.12.36:243][765]LogHttp: Warning: 000002CA8FC05600: libcurl info message cache 5 (Closing connection 78)
[2025.03.25-04.12.36:737][766]LogHttp: Warning: Retry exhausted on https://datarouter.ol.epicgames.com/datarouter/api/v1/public/data?SessionID=%7B52EE5E38-4C3D-8216-5318-08BD2EB56133%7D&AppID=UEEditor.Rocket.Release&AppVersion=4.27.2-18319896%2B%2B%2BUE4%2BRelease-4.27&UserID=4dadba1840df393f01f03bb4251131e7%7C8200f8875fa445f5b01f2fa9e0ce4780%7Cb587297a-ff5c-45fe-b03b-545ac00d4e54&AppEnvironment=datacollector-binary&UploadType=eteventstream
[2025.03.25-04.12.48:826][802]LogD3D11RHI: Timed out while waiting for GPU to catch up. (0.5 s) (ErrorCode 00000001) (00000000)
[2025.03.25-04.12.52:514][813]LogD3D11RHI: Timed out while waiting for GPU to catch up. (0.5 s) (ErrorCode 00000001) (00000000)
[2025.03.25-04.13.36:192][944]LogHttp: Warning: 000002CA8FC07200: invalid HTTP response code received. URL: https://datarouter.ol.epicgames.com/datarouter/api/v1/public/data?SessionID=%7B52EE5E38-4C3D-8216-5318-08BD2EB56133%7D&AppID=UEEditor.Rocket.Release&AppVersion=4.27.2-18319896%2B%2B%2BUE4%2BRelease-4.27&UserID=4dadba1840df393f01f03bb4251131e7%7C8200f8875fa445f5b01f2fa9e0ce4780%7Cb587297a-ff5c-45fe-b03b-545ac00d4e54&AppEnvironment=datacollector-binary&UploadType=eteventstream, HTTP code: 0, content length: 0, actual payload size: 0
[2025.03.25-04.13.36:192][944]LogHttp: Warning: 000002CA8FC07200: request failed, libcurl error: 7 (Couldn't connect to server)
[2025.03.25-04.13.36:192][944]LogHttp: Warning: 000002CA8FC07200: libcurl info message cache 0 (  Trying 127.0.0.1...)
[2025.03.25-04.13.36:192][944]LogHttp: Warning: 000002CA8FC07200: libcurl info message cache 1 (TCP_NODELAY set)
[2025.03.25-04.13.36:192][944]LogHttp: Warning: 000002CA8FC07200: libcurl info message cache 2 (connect to 127.0.0.1 port 56472 failed: Connection refused)
[2025.03.25-04.13.36:192][944]LogHttp: Warning: 000002CA8FC07200: libcurl info message cache 3 (Failed to connect to 127.0.0.1 port 56472: Connection refused)
[2025.03.25-04.13.36:192][944]LogHttp: Warning: 000002CA8FC07200: libcurl info message cache 4 (Closing connection 79)
[2025.03.25-04.13.36:192][944]LogHttp: Warning: Retry exhausted on https://datarouter.ol.epicgames.com/datarouter/api/v1/public/data?SessionID=%7B52EE5E38-4C3D-8216-5318-08BD2EB56133%7D&AppID=UEEditor.Rocket.Release&AppVersion=4.27.2-18319896%2B%2B%2BUE4%2BRelease-4.27&UserID=4dadba1840df393f01f03bb4251131e7%7C8200f8875fa445f5b01f2fa9e0ce4780%7Cb587297a-ff5c-45fe-b03b-545ac00d4e54&AppEnvironment=datacollector-binary&UploadType=eteventstream
[2025.03.25-04.14.20:261][ 75]LogD3D11RHI: Timed out while waiting for GPU to catch up. (0.5 s) (ErrorCode 00000001) (00000000)
[2025.03.25-04.14.36:166][123]LogHttp: Warning: 000002CA8FC07900: invalid HTTP response code received. URL: https://datarouter.ol.epicgames.com/datarouter/api/v1/public/data?SessionID=%7B52EE5E38-4C3D-8216-5318-08BD2EB56133%7D&AppID=UEEditor.Rocket.Release&AppVersion=4.27.2-18319896%2B%2B%2BUE4%2BRelease-4.27&UserID=4dadba1840df393f01f03bb4251131e7%7C8200f8875fa445f5b01f2fa9e0ce4780%7Cb587297a-ff5c-45fe-b03b-545ac00d4e54&AppEnvironment=datacollector-binary&UploadType=eteventstream, HTTP code: 0, content length: 0, actual payload size: 0
[2025.03.25-04.14.36:166][123]LogHttp: Warning: 000002CA8FC07900: request failed, libcurl error: 7 (Couldn't connect to server)
[2025.03.25-04.14.36:166][123]LogHttp: Warning: 000002CA8FC07900: libcurl info message cache 0 (Hostname in DNS cache was stale, zapped)
[2025.03.25-04.14.36:166][123]LogHttp: Warning: 000002CA8FC07900: libcurl info message cache 1 (  Trying 127.0.0.1...)
[2025.03.25-04.14.36:166][123]LogHttp: Warning: 000002CA8FC07900: libcurl info message cache 2 (TCP_NODELAY set)
[2025.03.25-04.14.36:166][123]LogHttp: Warning: 000002CA8FC07900: libcurl info message cache 3 (connect to 127.0.0.1 port 56472 failed: Connection refused)
[2025.03.25-04.14.36:166][123]LogHttp: Warning: 000002CA8FC07900: libcurl info message cache 4 (Failed to connect to 127.0.0.1 port 56472: Connection refused)
[2025.03.25-04.14.36:166][123]LogHttp: Warning: 000002CA8FC07900: libcurl info message cache 5 (Closing connection 80)
[2025.03.25-04.14.36:527][124]LogHttp: Warning: Retry exhausted on https://datarouter.ol.epicgames.com/datarouter/api/v1/public/data?SessionID=%7B52EE5E38-4C3D-8216-5318-08BD2EB56133%7D&AppID=UEEditor.Rocket.Release&AppVersion=4.27.2-18319896%2B%2B%2BUE4%2BRelease-4.27&UserID=4dadba1840df393f01f03bb4251131e7%7C8200f8875fa445f5b01f2fa9e0ce4780%7Cb587297a-ff5c-45fe-b03b-545ac00d4e54&AppEnvironment=datacollector-binary&UploadType=eteventstream
[2025.03.25-04.15.17:555][246]LogD3D11RHI: Timed out while waiting for GPU to catch up. (0.5 s) (ErrorCode 00000001) (00000000)
[2025.03.25-04.15.36:492][303]LogHttp: Warning: 000002CB57FFD600: invalid HTTP response code received. URL: https://datarouter.ol.epicgames.com/datarouter/api/v1/public/data?SessionID=%7B52EE5E38-4C3D-8216-5318-08BD2EB56133%7D&AppID=UEEditor.Rocket.Release&AppVersion=4.27.2-18319896%2B%2B%2BUE4%2BRelease-4.27&UserID=4dadba1840df393f01f03bb4251131e7%7C8200f8875fa445f5b01f2fa9e0ce4780%7Cb587297a-ff5c-45fe-b03b-545ac00d4e54&AppEnvironment=datacollector-binary&UploadType=eteventstream, HTTP code: 0, content length: 0, actual payload size: 0
[2025.03.25-04.15.36:492][303]LogHttp: Warning: 000002CB57FFD600: request failed, libcurl error: 7 (Couldn't connect to server)
[2025.03.25-04.15.36:492][303]LogHttp: Warning: 000002CB57FFD600: libcurl info message cache 0 (Hostname in DNS cache was stale, zapped)
[2025.03.25-04.15.36:492][303]LogHttp: Warning: 000002CB57FFD600: libcurl info message cache 1 (  Trying 127.0.0.1...)
[2025.03.25-04.15.36:492][303]LogHttp: Warning: 000002CB57FFD600: libcurl info message cache 2 (TCP_NODELAY set)
[2025.03.25-04.15.36:492][303]LogHttp: Warning: 000002CB57FFD600: libcurl info message cache 3 (connect to 127.0.0.1 port 56472 failed: Connection refused)
[2025.03.25-04.15.36:492][303]LogHttp: Warning: 000002CB57FFD600: libcurl info message cache 4 (Failed to connect to 127.0.0.1 port 56472: Connection refused)
[2025.03.25-04.15.36:492][303]LogHttp: Warning: 000002CB57FFD600: libcurl info message cache 5 (Closing connection 81)
[2025.03.25-04.15.36:828][304]LogHttp: Warning: Retry exhausted on https://datarouter.ol.epicgames.com/datarouter/api/v1/public/data?SessionID=%7B52EE5E38-4C3D-8216-5318-08BD2EB56133%7D&AppID=UEEditor.Rocket.Release&AppVersion=4.27.2-18319896%2B%2B%2BUE4%2BRelease-4.27&UserID=4dadba1840df393f01f03bb4251131e7%7C8200f8875fa445f5b01f2fa9e0ce4780%7Cb587297a-ff5c-45fe-b03b-545ac00d4e54&AppEnvironment=datacollector-binary&UploadType=eteventstream
[2025.03.25-04.16.24:891][447]LogD3D11RHI: Timed out while waiting for GPU to catch up. (0.5 s) (ErrorCode 00000001) (00000000)
[2025.03.25-04.16.35:931][480]LogHttp: Warning: 000002CA8FC07900: invalid HTTP response code received. URL: https://datarouter.ol.epicgames.com/datarouter/api/v1/public/data?SessionID=%7B52EE5E38-4C3D-8216-5318-08BD2EB56133%7D&AppID=UEEditor.Rocket.Release&AppVersion=4.27.2-18319896%2B%2B%2BUE4%2BRelease-4.27&UserID=4dadba1840df393f01f03bb4251131e7%7C8200f8875fa445f5b01f2fa9e0ce4780%7Cb587297a-ff5c-45fe-b03b-545ac00d4e54&AppEnvironment=datacollector-binary&UploadType=eteventstream, HTTP code: 0, content length: 0, actual payload size: 0
[2025.03.25-04.16.35:931][480]LogHttp: Warning: 000002CA8FC07900: request failed, libcurl error: 7 (Couldn't connect to server)
[2025.03.25-04.16.35:931][480]LogHttp: Warning: 000002CA8FC07900: libcurl info message cache 0 (Hostname 127.0.0.1 was found in DNS cache)
[2025.03.25-04.16.35:931][480]LogHttp: Warning: 000002CA8FC07900: libcurl info message cache 1 (  Trying 127.0.0.1...)
[2025.03.25-04.16.35:931][480]LogHttp: Warning: 000002CA8FC07900: libcurl info message cache 2 (TCP_NODELAY set)
[2025.03.25-04.16.35:931][480]LogHttp: Warning: 000002CA8FC07900: libcurl info message cache 3 (connect to 127.0.0.1 port 56472 failed: Connection refused)
[2025.03.25-04.16.35:931][480]LogHttp: Warning: 000002CA8FC07900: libcurl info message cache 4 (Failed to connect to 127.0.0.1 port 56472: Connection refused)
[2025.03.25-04.16.35:931][480]LogHttp: Warning: 000002CA8FC07900: libcurl info message cache 5 (Closing connection 82)
[2025.03.25-04.16.35:931][480]LogHttp: Warning: Retry exhausted on https://datarouter.ol.epicgames.com/datarouter/api/v1/public/data?SessionID=%7B52EE5E38-4C3D-8216-5318-08BD2EB56133%7D&AppID=UEEditor.Rocket.Release&AppVersion=4.27.2-18319896%2B%2B%2BUE4%2BRelease-4.27&UserID=4dadba1840df393f01f03bb4251131e7%7C8200f8875fa445f5b01f2fa9e0ce4780%7Cb587297a-ff5c-45fe-b03b-545ac00d4e54&AppEnvironment=datacollector-binary&UploadType=eteventstream
[2025.03.25-04.16.45:344][508]LogD3D11RHI: Timed out while waiting for GPU to catch up. (0.5 s) (ErrorCode 00000001) (00000000)
[2025.03.25-04.17.36:261][660]LogHttp: Warning: 000002CB57FFDD00: invalid HTTP response code received. URL: https://datarouter.ol.epicgames.com/datarouter/api/v1/public/data?SessionID=%7B52EE5E38-4C3D-8216-5318-08BD2EB56133%7D&AppID=UEEditor.Rocket.Release&AppVersion=4.27.2-18319896%2B%2B%2BUE4%2BRelease-4.27&UserID=4dadba1840df393f01f03bb4251131e7%7C8200f8875fa445f5b01f2fa9e0ce4780%7Cb587297a-ff5c-45fe-b03b-545ac00d4e54&AppEnvironment=datacollector-binary&UploadType=eteventstream, HTTP code: 0, content length: 0, actual payload size: 0
[2025.03.25-04.17.36:261][660]LogHttp: Warning: 000002CB57FFDD00: request failed, libcurl error: 7 (Couldn't connect to server)
[2025.03.25-04.17.36:261][660]LogHttp: Warning: 000002CB57FFDD00: libcurl info message cache 0 (  Trying 127.0.0.1...)
[2025.03.25-04.17.36:261][660]LogHttp: Warning: 000002CB57FFDD00: libcurl info message cache 1 (TCP_NODELAY set)
[2025.03.25-04.17.36:261][660]LogHttp: Warning: 000002CB57FFDD00: libcurl info message cache 2 (connect to 127.0.0.1 port 56472 failed: Connection refused)
[2025.03.25-04.17.36:261][660]LogHttp: Warning: 000002CB57FFDD00: libcurl info message cache 3 (Failed to connect to 127.0.0.1 port 56472: Connection refused)
[2025.03.25-04.17.36:261][660]LogHttp: Warning: 000002CB57FFDD00: libcurl info message cache 4 (Closing connection 83)
[2025.03.25-04.17.36:261][660]LogHttp: Warning: Retry exhausted on https://datarouter.ol.epicgames.com/datarouter/api/v1/public/data?SessionID=%7B52EE5E38-4C3D-8216-5318-08BD2EB56133%7D&AppID=UEEditor.Rocket.Release&AppVersion=4.27.2-18319896%2B%2B%2BUE4%2BRelease-4.27&UserID=4dadba1840df393f01f03bb4251131e7%7C8200f8875fa445f5b01f2fa9e0ce4780%7Cb587297a-ff5c-45fe-b03b-545ac00d4e54&AppEnvironment=datacollector-binary&UploadType=eteventstream
[2025.03.25-04.17.45:683][688]LogD3D11RHI: Timed out while waiting for GPU to catch up. (0.5 s) (ErrorCode 00000001) (00000000)
[2025.03.25-04.18.17:167][782]LogD3D11RHI: Timed out while waiting for GPU to catch up. (0.5 s) (ErrorCode 00000001) (00000000)
[2025.03.25-04.18.36:431][840]LogHttp: Warning: 000002CA8FC04100: invalid HTTP response code received. URL: https://datarouter.ol.epicgames.com/datarouter/api/v1/public/data?SessionID=%7B52EE5E38-4C3D-8216-5318-08BD2EB56133%7D&AppID=UEEditor.Rocket.Release&AppVersion=4.27.2-18319896%2B%2B%2BUE4%2BRelease-4.27&UserID=4dadba1840df393f01f03bb4251131e7%7C8200f8875fa445f5b01f2fa9e0ce4780%7Cb587297a-ff5c-45fe-b03b-545ac00d4e54&AppEnvironment=datacollector-binary&UploadType=eteventstream, HTTP code: 0, content length: 0, actual payload size: 0
[2025.03.25-04.18.36:431][840]LogHttp: Warning: 000002CA8FC04100: request failed, libcurl error: 7 (Couldn't connect to server)
[2025.03.25-04.18.36:431][840]LogHttp: Warning: 000002CA8FC04100: libcurl info message cache 0 (Hostname in DNS cache was stale, zapped)
[2025.03.25-04.18.36:431][840]LogHttp: Warning: 000002CA8FC04100: libcurl info message cache 1 (  Trying 127.0.0.1...)
[2025.03.25-04.18.36:431][840]LogHttp: Warning: 000002CA8FC04100: libcurl info message cache 2 (TCP_NODELAY set)
[2025.03.25-04.18.36:431][840]LogHttp: Warning: 000002CA8FC04100: libcurl info message cache 3 (connect to 127.0.0.1 port 56472 failed: Connection refused)
[2025.03.25-04.18.36:431][840]LogHttp: Warning: 000002CA8FC04100: libcurl info message cache 4 (Failed to connect to 127.0.0.1 port 56472: Connection refused)
[2025.03.25-04.18.36:431][840]LogHttp: Warning: 000002CA8FC04100: libcurl info message cache 5 (Closing connection 84)
[2025.03.25-04.18.36:431][840]LogHttp: Warning: Retry exhausted on https://datarouter.ol.epicgames.com/datarouter/api/v1/public/data?SessionID=%7B52EE5E38-4C3D-8216-5318-08BD2EB56133%7D&AppID=UEEditor.Rocket.Release&AppVersion=4.27.2-18319896%2B%2B%2BUE4%2BRelease-4.27&UserID=4dadba1840df393f01f03bb4251131e7%7C8200f8875fa445f5b01f2fa9e0ce4780%7Cb587297a-ff5c-45fe-b03b-545ac00d4e54&AppEnvironment=datacollector-binary&UploadType=eteventstream
[2025.03.25-04.18.49:321][878]LogD3D11RHI: Timed out while waiting for GPU to catch up. (0.5 s) (ErrorCode 00000001) (00000000)
[2025.03.25-04.19.00:359][911]LogD3D11RHI: Timed out while waiting for GPU to catch up. (0.5 s) (ErrorCode 00000001) (00000000)
[2025.03.25-04.19.07:715][933]LogD3D11RHI: Timed out while waiting for GPU to catch up. (0.5 s) (ErrorCode 00000001) (00000000)
[2025.03.25-04.19.31:827][  5]LogD3D11RHI: Timed out while waiting for GPU to catch up. (0.5 s) (ErrorCode 00000001) (00000000)
[2025.03.25-04.19.35:517][ 16]LogD3D11RHI: Timed out while waiting for GPU to catch up. (0.5 s) (ErrorCode 00000001) (00000000)
[2025.03.25-04.19.36:353][ 19]LogHttp: Warning: 000002CB57FFEB00: invalid HTTP response code received. URL: https://datarouter.ol.epicgames.com/datarouter/api/v1/public/data?SessionID=%7B52EE5E38-4C3D-8216-5318-08BD2EB56133%7D&AppID=UEEditor.Rocket.Release&AppVersion=4.27.2-18319896%2B%2B%2BUE4%2BRelease-4.27&UserID=4dadba1840df393f01f03bb4251131e7%7C8200f8875fa445f5b01f2fa9e0ce4780%7Cb587297a-ff5c-45fe-b03b-545ac00d4e54&AppEnvironment=datacollector-binary&UploadType=eteventstream, HTTP code: 0, content length: 0, actual payload size: 0
[2025.03.25-04.19.36:354][ 19]LogHttp: Warning: 000002CB57FFEB00: request failed, libcurl error: 7 (Couldn't connect to server)
[2025.03.25-04.19.36:354][ 19]LogHttp: Warning: 000002CB57FFEB00: libcurl info message cache 0 (Hostname in DNS cache was stale, zapped)
[2025.03.25-04.19.36:354][ 19]LogHttp: Warning: 000002CB57FFEB00: libcurl info message cache 1 (  Trying 127.0.0.1...)
[2025.03.25-04.19.36:354][ 19]LogHttp: Warning: 000002CB57FFEB00: libcurl info message cache 2 (TCP_NODELAY set)
[2025.03.25-04.19.36:354][ 19]LogHttp: Warning: 000002CB57FFEB00: libcurl info message cache 3 (connect to 127.0.0.1 port 56472 failed: Connection refused)
[2025.03.25-04.19.36:354][ 19]LogHttp: Warning: 000002CB57FFEB00: libcurl info message cache 4 (Failed to connect to 127.0.0.1 port 56472: Connection refused)
[2025.03.25-04.19.36:354][ 19]LogHttp: Warning: 000002CB57FFEB00: libcurl info message cache 5 (Closing connection 85)
[2025.03.25-04.19.36:690][ 20]LogHttp: Warning: Retry exhausted on https://datarouter.ol.epicgames.com/datarouter/api/v1/public/data?SessionID=%7B52EE5E38-4C3D-8216-5318-08BD2EB56133%7D&AppID=UEEditor.Rocket.Release&AppVersion=4.27.2-18319896%2B%2B%2BUE4%2BRelease-4.27&UserID=4dadba1840df393f01f03bb4251131e7%7C8200f8875fa445f5b01f2fa9e0ce4780%7Cb587297a-ff5c-45fe-b03b-545ac00d4e54&AppEnvironment=datacollector-binary&UploadType=eteventstream
[2025.03.25-04.20.02:298][ 96]LogD3D11RHI: Timed out while waiting for GPU to catch up. (0.5 s) (ErrorCode 00000001) (00000000)
[2025.03.25-04.20.03:970][101]LogD3D11RHI: Timed out while waiting for GPU to catch up. (0.5 s) (ErrorCode 00000001) (00000000)
[2025.03.25-04.20.30:763][181]LogD3D11RHI: Timed out while waiting for GPU to catch up. (0.5 s) (ErrorCode 00000001) (00000000)
[2025.03.25-04.20.36:284][198]LogHttp: Warning: 000002CA8FC07900: invalid HTTP response code received. URL: https://datarouter.ol.epicgames.com/datarouter/api/v1/public/data?SessionID=%7B52EE5E38-4C3D-8216-5318-08BD2EB56133%7D&AppID=UEEditor.Rocket.Release&AppVersion=4.27.2-18319896%2B%2B%2BUE4%2BRelease-4.27&UserID=4dadba1840df393f01f03bb4251131e7%7C8200f8875fa445f5b01f2fa9e0ce4780%7Cb587297a-ff5c-45fe-b03b-545ac00d4e54&AppEnvironment=datacollector-binary&UploadType=eteventstream, HTTP code: 0, content length: 0, actual payload size: 0
[2025.03.25-04.20.36:284][198]LogHttp: Warning: 000002CA8FC07900: request failed, libcurl error: 7 (Couldn't connect to server)
[2025.03.25-04.20.36:284][198]LogHttp: Warning: 000002CA8FC07900: libcurl info message cache 0 (Hostname 127.0.0.1 was found in DNS cache)
[2025.03.25-04.20.36:284][198]LogHttp: Warning: 000002CA8FC07900: libcurl info message cache 1 (  Trying 127.0.0.1...)
[2025.03.25-04.20.36:284][198]LogHttp: Warning: 000002CA8FC07900: libcurl info message cache 2 (TCP_NODELAY set)
[2025.03.25-04.20.36:284][198]LogHttp: Warning: 000002CA8FC07900: libcurl info message cache 3 (connect to 127.0.0.1 port 56472 failed: Connection refused)
[2025.03.25-04.20.36:284][198]LogHttp: Warning: 000002CA8FC07900: libcurl info message cache 4 (Failed to connect to 127.0.0.1 port 56472: Connection refused)
[2025.03.25-04.20.36:284][198]LogHttp: Warning: 000002CA8FC07900: libcurl info message cache 5 (Closing connection 86)
[2025.03.25-04.20.36:284][198]LogHttp: Warning: Retry exhausted on https://datarouter.ol.epicgames.com/datarouter/api/v1/public/data?SessionID=%7B52EE5E38-4C3D-8216-5318-08BD2EB56133%7D&AppID=UEEditor.Rocket.Release&AppVersion=4.27.2-18319896%2B%2B%2BUE4%2BRelease-4.27&UserID=4dadba1840df393f01f03bb4251131e7%7C8200f8875fa445f5b01f2fa9e0ce4780%7Cb587297a-ff5c-45fe-b03b-545ac00d4e54&AppEnvironment=datacollector-binary&UploadType=eteventstream
[2025.03.25-04.20.41:813][214]LogD3D11RHI: Timed out while waiting for GPU to catch up. (0.5 s) (ErrorCode 00000001) (00000000)
[2025.03.25-04.21.36:411][377]LogHttp: Warning: 000002CA8FC07200: invalid HTTP response code received. URL: https://datarouter.ol.epicgames.com/datarouter/api/v1/public/data?SessionID=%7B52EE5E38-4C3D-8216-5318-08BD2EB56133%7D&AppID=UEEditor.Rocket.Release&AppVersion=4.27.2-18319896%2B%2B%2BUE4%2BRelease-4.27&UserID=4dadba1840df393f01f03bb4251131e7%7C8200f8875fa445f5b01f2fa9e0ce4780%7Cb587297a-ff5c-45fe-b03b-545ac00d4e54&AppEnvironment=datacollector-binary&UploadType=eteventstream, HTTP code: 0, content length: 0, actual payload size: 0
[2025.03.25-04.21.36:412][377]LogHttp: Warning: 000002CA8FC07200: request failed, libcurl error: 7 (Couldn't connect to server)
[2025.03.25-04.21.36:412][377]LogHttp: Warning: 000002CA8FC07200: libcurl info message cache 0 (  Trying 127.0.0.1...)
[2025.03.25-04.21.36:412][377]LogHttp: Warning: 000002CA8FC07200: libcurl info message cache 1 (TCP_NODELAY set)
[2025.03.25-04.21.36:412][377]LogHttp: Warning: 000002CA8FC07200: libcurl info message cache 2 (connect to 127.0.0.1 port 56472 failed: Connection refused)
[2025.03.25-04.21.36:412][377]LogHttp: Warning: 000002CA8FC07200: libcurl info message cache 3 (Failed to connect to 127.0.0.1 port 56472: Connection refused)
[2025.03.25-04.21.36:412][377]LogHttp: Warning: 000002CA8FC07200: libcurl info message cache 4 (Closing connection 87)
[2025.03.25-04.21.36:594][378]LogHttp: Warning: Retry exhausted on https://datarouter.ol.epicgames.com/datarouter/api/v1/public/data?SessionID=%7B52EE5E38-4C3D-8216-5318-08BD2EB56133%7D&AppID=UEEditor.Rocket.Release&AppVersion=4.27.2-18319896%2B%2B%2BUE4%2BRelease-4.27&UserID=4dadba1840df393f01f03bb4251131e7%7C8200f8875fa445f5b01f2fa9e0ce4780%7Cb587297a-ff5c-45fe-b03b-545ac00d4e54&AppEnvironment=datacollector-binary&UploadType=eteventstream
[2025.03.25-04.21.42:121][394]LogD3D11RHI: Timed out while waiting for GPU to catch up. (0.5 s) (ErrorCode 00000001) (00000000)
[2025.03.25-04.22.36:245][556]LogHttp: Warning: 000002CA8FC04100: invalid HTTP response code received. URL: https://datarouter.ol.epicgames.com/datarouter/api/v1/public/data?SessionID=%7B52EE5E38-4C3D-8216-5318-08BD2EB56133%7D&AppID=UEEditor.Rocket.Release&AppVersion=4.27.2-18319896%2B%2B%2BUE4%2BRelease-4.27&UserID=4dadba1840df393f01f03bb4251131e7%7C8200f8875fa445f5b01f2fa9e0ce4780%7Cb587297a-ff5c-45fe-b03b-545ac00d4e54&AppEnvironment=datacollector-binary&UploadType=eteventstream, HTTP code: 0, content length: 0, actual payload size: 0
[2025.03.25-04.22.36:245][556]LogHttp: Warning: 000002CA8FC04100: request failed, libcurl error: 7 (Couldn't connect to server)
[2025.03.25-04.22.36:245][556]LogHttp: Warning: 000002CA8FC04100: libcurl info message cache 0 (Hostname in DNS cache was stale, zapped)
[2025.03.25-04.22.36:245][556]LogHttp: Warning: 000002CA8FC04100: libcurl info message cache 1 (  Trying 127.0.0.1...)
[2025.03.25-04.22.36:245][556]LogHttp: Warning: 000002CA8FC04100: libcurl info message cache 2 (TCP_NODELAY set)
[2025.03.25-04.22.36:245][556]LogHttp: Warning: 000002CA8FC04100: libcurl info message cache 3 (connect to 127.0.0.1 port 56472 failed: Connection refused)
[2025.03.25-04.22.36:245][556]LogHttp: Warning: 000002CA8FC04100: libcurl info message cache 4 (Failed to connect to 127.0.0.1 port 56472: Connection refused)
[2025.03.25-04.22.36:245][556]LogHttp: Warning: 000002CA8FC04100: libcurl info message cache 5 (Closing connection 88)
[2025.03.25-04.22.36:245][556]LogHttp: Warning: Retry exhausted on https://datarouter.ol.epicgames.com/datarouter/api/v1/public/data?SessionID=%7B52EE5E38-4C3D-8216-5318-08BD2EB56133%7D&AppID=UEEditor.Rocket.Release&AppVersion=4.27.2-18319896%2B%2B%2BUE4%2BRelease-4.27&UserID=4dadba1840df393f01f03bb4251131e7%7C8200f8875fa445f5b01f2fa9e0ce4780%7Cb587297a-ff5c-45fe-b03b-545ac00d4e54&AppEnvironment=datacollector-binary&UploadType=eteventstream
[2025.03.25-04.23.02:886][635]LogD3D11RHI: Timed out while waiting for GPU to catch up. (0.5 s) (ErrorCode 00000001) (00000000)
[2025.03.25-04.23.13:924][668]LogD3D11RHI: Timed out while waiting for GPU to catch up. (0.5 s) (ErrorCode 00000001) (00000000)
[2025.03.25-04.23.24:983][701]LogD3D11RHI: Timed out while waiting for GPU to catch up. (0.5 s) (ErrorCode 00000001) (00000000)
[2025.03.25-04.23.36:217][735]LogHttp: Warning: 000002CA8FC06B00: invalid HTTP response code received. URL: https://datarouter.ol.epicgames.com/datarouter/api/v1/public/data?SessionID=%7B52EE5E38-4C3D-8216-5318-08BD2EB56133%7D&AppID=UEEditor.Rocket.Release&AppVersion=4.27.2-18319896%2B%2B%2BUE4%2BRelease-4.27&UserID=4dadba1840df393f01f03bb4251131e7%7C8200f8875fa445f5b01f2fa9e0ce4780%7Cb587297a-ff5c-45fe-b03b-545ac00d4e54&AppEnvironment=datacollector-binary&UploadType=eteventstream, HTTP code: 0, content length: 0, actual payload size: 0
[2025.03.25-04.23.36:217][735]LogHttp: Warning: 000002CA8FC06B00: request failed, libcurl error: 7 (Couldn't connect to server)
[2025.03.25-04.23.36:217][735]LogHttp: Warning: 000002CA8FC06B00: libcurl info message cache 0 (Hostname 127.0.0.1 was found in DNS cache)
[2025.03.25-04.23.36:217][735]LogHttp: Warning: 000002CA8FC06B00: libcurl info message cache 1 (  Trying 127.0.0.1...)
[2025.03.25-04.23.36:217][735]LogHttp: Warning: 000002CA8FC06B00: libcurl info message cache 2 (TCP_NODELAY set)
[2025.03.25-04.23.36:217][735]LogHttp: Warning: 000002CA8FC06B00: libcurl info message cache 3 (connect to 127.0.0.1 port 56472 failed: Connection refused)
[2025.03.25-04.23.36:217][735]LogHttp: Warning: 000002CA8FC06B00: libcurl info message cache 4 (Failed to connect to 127.0.0.1 port 56472: Connection refused)
[2025.03.25-04.23.36:217][735]LogHttp: Warning: 000002CA8FC06B00: libcurl info message cache 5 (Closing connection 89)
[2025.03.25-04.23.36:600][736]LogHttp: Warning: Retry exhausted on https://datarouter.ol.epicgames.com/datarouter/api/v1/public/data?SessionID=%7B52EE5E38-4C3D-8216-5318-08BD2EB56133%7D&AppID=UEEditor.Rocket.Release&AppVersion=4.27.2-18319896%2B%2B%2BUE4%2BRelease-4.27&UserID=4dadba1840df393f01f03bb4251131e7%7C8200f8875fa445f5b01f2fa9e0ce4780%7Cb587297a-ff5c-45fe-b03b-545ac00d4e54&AppEnvironment=datacollector-binary&UploadType=eteventstream
[2025.03.25-04.23.55:498][792]LogD3D11RHI: Timed out while waiting for GPU to catch up. (0.5 s) (ErrorCode 00000001) (00000000)
[2025.03.25-04.24.03:866][817]LogD3D11RHI: Timed out while waiting for GPU to catch up. (0.5 s) (ErrorCode 00000001) (00000000)
[2025.03.25-04.24.32:371][902]LogD3D11RHI: Timed out while waiting for GPU to catch up. (0.5 s) (ErrorCode 00000001) (00000000)
[2025.03.25-04.24.36:228][914]LogHttp: Warning: 000002CA8FC07900: invalid HTTP response code received. URL: https://datarouter.ol.epicgames.com/datarouter/api/v1/public/data?SessionID=%7B52EE5E38-4C3D-8216-5318-08BD2EB56133%7D&AppID=UEEditor.Rocket.Release&AppVersion=4.27.2-18319896%2B%2B%2BUE4%2BRelease-4.27&UserID=4dadba1840df393f01f03bb4251131e7%7C8200f8875fa445f5b01f2fa9e0ce4780%7Cb587297a-ff5c-45fe-b03b-545ac00d4e54&AppEnvironment=datacollector-binary&UploadType=eteventstream, HTTP code: 0, content length: 0, actual payload size: 0
[2025.03.25-04.24.36:229][914]LogHttp: Warning: 000002CA8FC07900: request failed, libcurl error: 7 (Couldn't connect to server)
[2025.03.25-04.24.36:229][914]LogHttp: Warning: 000002CA8FC07900: libcurl info message cache 0 (  Trying 127.0.0.1...)
[2025.03.25-04.24.36:229][914]LogHttp: Warning: 000002CA8FC07900: libcurl info message cache 1 (TCP_NODELAY set)
[2025.03.25-04.24.36:229][914]LogHttp: Warning: 000002CA8FC07900: libcurl info message cache 2 (connect to 127.0.0.1 port 56472 failed: Connection refused)
[2025.03.25-04.24.36:229][914]LogHttp: Warning: 000002CA8FC07900: libcurl info message cache 3 (Failed to connect to 127.0.0.1 port 56472: Connection refused)
[2025.03.25-04.24.36:229][914]LogHttp: Warning: 000002CA8FC07900: libcurl info message cache 4 (Closing connection 90)
[2025.03.25-04.24.36:229][914]LogHttp: Warning: Retry exhausted on https://datarouter.ol.epicgames.com/datarouter/api/v1/public/data?SessionID=%7B52EE5E38-4C3D-8216-5318-08BD2EB56133%7D&AppID=UEEditor.Rocket.Release&AppVersion=4.27.2-18319896%2B%2B%2BUE4%2BRelease-4.27&UserID=4dadba1840df393f01f03bb4251131e7%7C8200f8875fa445f5b01f2fa9e0ce4780%7Cb587297a-ff5c-45fe-b03b-545ac00d4e54&AppEnvironment=datacollector-binary&UploadType=eteventstream
[2025.03.25-04.24.45:448][941]LogD3D11RHI: Timed out while waiting for GPU to catch up. (0.5 s) (ErrorCode 00000001) (00000000)
[2025.03.25-04.25.33:732][ 85]LogD3D11RHI: Timed out while waiting for GPU to catch up. (0.5 s) (ErrorCode 00000001) (00000000)
[2025.03.25-04.25.36:382][ 93]LogHttp: Warning: 000002CA8FC07200: invalid HTTP response code received. URL: https://datarouter.ol.epicgames.com/datarouter/api/v1/public/data?SessionID=%7B52EE5E38-4C3D-8216-5318-08BD2EB56133%7D&AppID=UEEditor.Rocket.Release&AppVersion=4.27.2-18319896%2B%2B%2BUE4%2BRelease-4.27&UserID=4dadba1840df393f01f03bb4251131e7%7C8200f8875fa445f5b01f2fa9e0ce4780%7Cb587297a-ff5c-45fe-b03b-545ac00d4e54&AppEnvironment=datacollector-binary&UploadType=eteventstream, HTTP code: 0, content length: 0, actual payload size: 0
[2025.03.25-04.25.36:382][ 93]LogHttp: Warning: 000002CA8FC07200: request failed, libcurl error: 7 (Couldn't connect to server)
[2025.03.25-04.25.36:382][ 93]LogHttp: Warning: 000002CA8FC07200: libcurl info message cache 0 (Hostname in DNS cache was stale, zapped)
[2025.03.25-04.25.36:382][ 93]LogHttp: Warning: 000002CA8FC07200: libcurl info message cache 1 (  Trying 127.0.0.1...)
[2025.03.25-04.25.36:382][ 93]LogHttp: Warning: 000002CA8FC07200: libcurl info message cache 2 (TCP_NODELAY set)
[2025.03.25-04.25.36:382][ 93]LogHttp: Warning: 000002CA8FC07200: libcurl info message cache 3 (connect to 127.0.0.1 port 56472 failed: Connection refused)
[2025.03.25-04.25.36:382][ 93]LogHttp: Warning: 000002CA8FC07200: libcurl info message cache 4 (Failed to connect to 127.0.0.1 port 56472: Connection refused)
[2025.03.25-04.25.36:382][ 93]LogHttp: Warning: 000002CA8FC07200: libcurl info message cache 5 (Closing connection 91)
[2025.03.25-04.25.36:581][ 94]LogHttp: Warning: Retry exhausted on https://datarouter.ol.epicgames.com/datarouter/api/v1/public/data?SessionID=%7B52EE5E38-4C3D-8216-5318-08BD2EB56133%7D&AppID=UEEditor.Rocket.Release&AppVersion=4.27.2-18319896%2B%2B%2BUE4%2BRelease-4.27&UserID=4dadba1840df393f01f03bb4251131e7%7C8200f8875fa445f5b01f2fa9e0ce4780%7Cb587297a-ff5c-45fe-b03b-545ac00d4e54&AppEnvironment=datacollector-binary&UploadType=eteventstream
[2025.03.25-04.25.37:419][ 96]LogD3D11RHI: Timed out while waiting for GPU to catch up. (0.5 s) (ErrorCode 00000001) (00000000)
[2025.03.25-04.25.41:093][107]LogD3D11RHI: Timed out while waiting for GPU to catch up. (0.5 s) (ErrorCode 00000001) (00000000)
[2025.03.25-04.25.44:783][118]LogD3D11RHI: Timed out while waiting for GPU to catch up. (0.5 s) (ErrorCode 00000001) (00000000)
[2025.03.25-04.25.53:913][127]LogAudioMixer: Warning: Changing default audio render device to new device: {0.0.0.00000000}.{9cd014f6-e44b-4026-ac05-e666d50ce081}.
[2025.03.25-04.25.53:929][127]LogAudioMixer: Resetting audio stream to device id 
[2025.03.25-04.25.54:142][127]LogAudioMixer: Display: 0: FrontLeft
[2025.03.25-04.25.54:142][127]LogAudioMixer: Display: 1: FrontRight
[2025.03.25-04.26.36:140][251]LogHttp: Warning: 000002CB634A3200: invalid HTTP response code received. URL: https://datarouter.ol.epicgames.com/datarouter/api/v1/public/data?SessionID=%7B52EE5E38-4C3D-8216-5318-08BD2EB56133%7D&AppID=UEEditor.Rocket.Release&AppVersion=4.27.2-18319896%2B%2B%2BUE4%2BRelease-4.27&UserID=4dadba1840df393f01f03bb4251131e7%7C8200f8875fa445f5b01f2fa9e0ce4780%7Cb587297a-ff5c-45fe-b03b-545ac00d4e54&AppEnvironment=datacollector-binary&UploadType=eteventstream, HTTP code: 0, content length: 0, actual payload size: 0
[2025.03.25-04.26.36:140][251]LogHttp: Warning: 000002CB634A3200: request failed, libcurl error: 7 (Couldn't connect to server)
[2025.03.25-04.26.36:140][251]LogHttp: Warning: 000002CB634A3200: libcurl info message cache 0 (Hostname in DNS cache was stale, zapped)
[2025.03.25-04.26.36:140][251]LogHttp: Warning: 000002CB634A3200: libcurl info message cache 1 (  Trying 127.0.0.1...)
[2025.03.25-04.26.36:140][251]LogHttp: Warning: 000002CB634A3200: libcurl info message cache 2 (TCP_NODELAY set)
[2025.03.25-04.26.36:140][251]LogHttp: Warning: 000002CB634A3200: libcurl info message cache 3 (connect to 127.0.0.1 port 56472 failed: Connection refused)
[2025.03.25-04.26.36:140][251]LogHttp: Warning: 000002CB634A3200: libcurl info message cache 4 (Failed to connect to 127.0.0.1 port 56472: Connection refused)
[2025.03.25-04.26.36:140][251]LogHttp: Warning: 000002CB634A3200: libcurl info message cache 5 (Closing connection 92)
[2025.03.25-04.26.36:458][252]LogHttp: Warning: Retry exhausted on https://datarouter.ol.epicgames.com/datarouter/api/v1/public/data?SessionID=%7B52EE5E38-4C3D-8216-5318-08BD2EB56133%7D&AppID=UEEditor.Rocket.Release&AppVersion=4.27.2-18319896%2B%2B%2BUE4%2BRelease-4.27&UserID=4dadba1840df393f01f03bb4251131e7%7C8200f8875fa445f5b01f2fa9e0ce4780%7Cb587297a-ff5c-45fe-b03b-545ac00d4e54&AppEnvironment=datacollector-binary&UploadType=eteventstream
[2025.03.25-04.27.36:355][431]LogHttp: Warning: 000002CA8FC07900: invalid HTTP response code received. URL: https://datarouter.ol.epicgames.com/datarouter/api/v1/public/data?SessionID=%7B52EE5E38-4C3D-8216-5318-08BD2EB56133%7D&AppID=UEEditor.Rocket.Release&AppVersion=4.27.2-18319896%2B%2B%2BUE4%2BRelease-4.27&UserID=4dadba1840df393f01f03bb4251131e7%7C8200f8875fa445f5b01f2fa9e0ce4780%7Cb587297a-ff5c-45fe-b03b-545ac00d4e54&AppEnvironment=datacollector-binary&UploadType=eteventstream, HTTP code: 0, content length: 0, actual payload size: 0
[2025.03.25-04.27.36:355][431]LogHttp: Warning: 000002CA8FC07900: request failed, libcurl error: 7 (Couldn't connect to server)
[2025.03.25-04.27.36:355][431]LogHttp: Warning: 000002CA8FC07900: libcurl info message cache 0 (Hostname in DNS cache was stale, zapped)
[2025.03.25-04.27.36:355][431]LogHttp: Warning: 000002CA8FC07900: libcurl info message cache 1 (  Trying 127.0.0.1...)
[2025.03.25-04.27.36:355][431]LogHttp: Warning: 000002CA8FC07900: libcurl info message cache 2 (TCP_NODELAY set)
[2025.03.25-04.27.36:355][431]LogHttp: Warning: 000002CA8FC07900: libcurl info message cache 3 (connect to 127.0.0.1 port 56472 failed: Connection refused)
[2025.03.25-04.27.36:355][431]LogHttp: Warning: 000002CA8FC07900: libcurl info message cache 4 (Failed to connect to 127.0.0.1 port 56472: Connection refused)
[2025.03.25-04.27.36:355][431]LogHttp: Warning: 000002CA8FC07900: libcurl info message cache 5 (Closing connection 93)
[2025.03.25-04.27.36:688][432]LogHttp: Warning: Retry exhausted on https://datarouter.ol.epicgames.com/datarouter/api/v1/public/data?SessionID=%7B52EE5E38-4C3D-8216-5318-08BD2EB56133%7D&AppID=UEEditor.Rocket.Release&AppVersion=4.27.2-18319896%2B%2B%2BUE4%2BRelease-4.27&UserID=4dadba1840df393f01f03bb4251131e7%7C8200f8875fa445f5b01f2fa9e0ce4780%7Cb587297a-ff5c-45fe-b03b-545ac00d4e54&AppEnvironment=datacollector-binary&UploadType=eteventstream
[2025.03.25-04.28.36:251][610]LogHttp: Warning: 000002CA8FC05600: invalid HTTP response code received. URL: https://datarouter.ol.epicgames.com/datarouter/api/v1/public/data?SessionID=%7B52EE5E38-4C3D-8216-5318-08BD2EB56133%7D&AppID=UEEditor.Rocket.Release&AppVersion=4.27.2-18319896%2B%2B%2BUE4%2BRelease-4.27&UserID=4dadba1840df393f01f03bb4251131e7%7C8200f8875fa445f5b01f2fa9e0ce4780%7Cb587297a-ff5c-45fe-b03b-545ac00d4e54&AppEnvironment=datacollector-binary&UploadType=eteventstream, HTTP code: 0, content length: 0, actual payload size: 0
[2025.03.25-04.28.36:251][610]LogHttp: Warning: 000002CA8FC05600: request failed, libcurl error: 7 (Couldn't connect to server)
[2025.03.25-04.28.36:251][610]LogHttp: Warning: 000002CA8FC05600: libcurl info message cache 0 (Hostname 127.0.0.1 was found in DNS cache)
[2025.03.25-04.28.36:251][610]LogHttp: Warning: 000002CA8FC05600: libcurl info message cache 1 (  Trying 127.0.0.1...)
[2025.03.25-04.28.36:251][610]LogHttp: Warning: 000002CA8FC05600: libcurl info message cache 2 (TCP_NODELAY set)
[2025.03.25-04.28.36:251][610]LogHttp: Warning: 000002CA8FC05600: libcurl info message cache 3 (connect to 127.0.0.1 port 56472 failed: Connection refused)
[2025.03.25-04.28.36:251][610]LogHttp: Warning: 000002CA8FC05600: libcurl info message cache 4 (Failed to connect to 127.0.0.1 port 56472: Connection refused)
[2025.03.25-04.28.36:251][610]LogHttp: Warning: 000002CA8FC05600: libcurl info message cache 5 (Closing connection 94)
[2025.03.25-04.28.36:251][610]LogHttp: Warning: Retry exhausted on https://datarouter.ol.epicgames.com/datarouter/api/v1/public/data?SessionID=%7B52EE5E38-4C3D-8216-5318-08BD2EB56133%7D&AppID=UEEditor.Rocket.Release&AppVersion=4.27.2-18319896%2B%2B%2BUE4%2BRelease-4.27&UserID=4dadba1840df393f01f03bb4251131e7%7C8200f8875fa445f5b01f2fa9e0ce4780%7Cb587297a-ff5c-45fe-b03b-545ac00d4e54&AppEnvironment=datacollector-binary&UploadType=eteventstream
[2025.03.25-04.29.36:510][790]LogHttp: Warning: 000002CB0F4B0800: invalid HTTP response code received. URL: https://datarouter.ol.epicgames.com/datarouter/api/v1/public/data?SessionID=%7B52EE5E38-4C3D-8216-5318-08BD2EB56133%7D&AppID=UEEditor.Rocket.Release&AppVersion=4.27.2-18319896%2B%2B%2BUE4%2BRelease-4.27&UserID=4dadba1840df393f01f03bb4251131e7%7C8200f8875fa445f5b01f2fa9e0ce4780%7Cb587297a-ff5c-45fe-b03b-545ac00d4e54&AppEnvironment=datacollector-binary&UploadType=eteventstream, HTTP code: 0, content length: 0, actual payload size: 0
[2025.03.25-04.29.36:511][790]LogHttp: Warning: 000002CB0F4B0800: request failed, libcurl error: 7 (Couldn't connect to server)
[2025.03.25-04.29.36:511][790]LogHttp: Warning: 000002CB0F4B0800: libcurl info message cache 0 (  Trying 127.0.0.1...)
[2025.03.25-04.29.36:511][790]LogHttp: Warning: 000002CB0F4B0800: libcurl info message cache 1 (TCP_NODELAY set)
[2025.03.25-04.29.36:511][790]LogHttp: Warning: 000002CB0F4B0800: libcurl info message cache 2 (connect to 127.0.0.1 port 56472 failed: Connection refused)
[2025.03.25-04.29.36:511][790]LogHttp: Warning: 000002CB0F4B0800: libcurl info message cache 3 (Failed to connect to 127.0.0.1 port 56472: Connection refused)
[2025.03.25-04.29.36:511][790]LogHttp: Warning: 000002CB0F4B0800: libcurl info message cache 4 (Closing connection 95)
[2025.03.25-04.29.36:511][790]LogHttp: Warning: Retry exhausted on https://datarouter.ol.epicgames.com/datarouter/api/v1/public/data?SessionID=%7B52EE5E38-4C3D-8216-5318-08BD2EB56133%7D&AppID=UEEditor.Rocket.Release&AppVersion=4.27.2-18319896%2B%2B%2BUE4%2BRelease-4.27&UserID=4dadba1840df393f01f03bb4251131e7%7C8200f8875fa445f5b01f2fa9e0ce4780%7Cb587297a-ff5c-45fe-b03b-545ac00d4e54&AppEnvironment=datacollector-binary&UploadType=eteventstream
[2025.03.25-04.30.36:482][969]LogHttp: Warning: 000002CB57FFEB00: invalid HTTP response code received. URL: https://datarouter.ol.epicgames.com/datarouter/api/v1/public/data?SessionID=%7B52EE5E38-4C3D-8216-5318-08BD2EB56133%7D&AppID=UEEditor.Rocket.Release&AppVersion=4.27.2-18319896%2B%2B%2BUE4%2BRelease-4.27&UserID=4dadba1840df393f01f03bb4251131e7%7C8200f8875fa445f5b01f2fa9e0ce4780%7Cb587297a-ff5c-45fe-b03b-545ac00d4e54&AppEnvironment=datacollector-binary&UploadType=eteventstream, HTTP code: 0, content length: 0, actual payload size: 0
[2025.03.25-04.30.36:482][969]LogHttp: Warning: 000002CB57FFEB00: request failed, libcurl error: 7 (Couldn't connect to server)
[2025.03.25-04.30.36:482][969]LogHttp: Warning: 000002CB57FFEB00: libcurl info message cache 0 (Hostname in DNS cache was stale, zapped)
[2025.03.25-04.30.36:482][969]LogHttp: Warning: 000002CB57FFEB00: libcurl info message cache 1 (  Trying 127.0.0.1...)
[2025.03.25-04.30.36:482][969]LogHttp: Warning: 000002CB57FFEB00: libcurl info message cache 2 (TCP_NODELAY set)
[2025.03.25-04.30.36:482][969]LogHttp: Warning: 000002CB57FFEB00: libcurl info message cache 3 (connect to 127.0.0.1 port 56472 failed: Connection refused)
[2025.03.25-04.30.36:482][969]LogHttp: Warning: 000002CB57FFEB00: libcurl info message cache 4 (Failed to connect to 127.0.0.1 port 56472: Connection refused)
[2025.03.25-04.30.36:482][969]LogHttp: Warning: 000002CB57FFEB00: libcurl info message cache 5 (Closing connection 96)
[2025.03.25-04.30.36:822][970]LogHttp: Warning: Retry exhausted on https://datarouter.ol.epicgames.com/datarouter/api/v1/public/data?SessionID=%7B52EE5E38-4C3D-8216-5318-08BD2EB56133%7D&AppID=UEEditor.Rocket.Release&AppVersion=4.27.2-18319896%2B%2B%2BUE4%2BRelease-4.27&UserID=4dadba1840df393f01f03bb4251131e7%7C8200f8875fa445f5b01f2fa9e0ce4780%7Cb587297a-ff5c-45fe-b03b-545ac00d4e54&AppEnvironment=datacollector-binary&UploadType=eteventstream
[2025.03.25-04.31.36:335][145]LogHttp: Warning: 000002CB57FFD600: invalid HTTP response code received. URL: https://datarouter.ol.epicgames.com/datarouter/api/v1/public/data?SessionID=%7B52EE5E38-4C3D-8216-5318-08BD2EB56133%7D&AppID=UEEditor.Rocket.Release&AppVersion=4.27.2-18319896%2B%2B%2BUE4%2BRelease-4.27&UserID=4dadba1840df393f01f03bb4251131e7%7C8200f8875fa445f5b01f2fa9e0ce4780%7Cb587297a-ff5c-45fe-b03b-545ac00d4e54&AppEnvironment=datacollector-binary&UploadType=eteventstream, HTTP code: 0, content length: 0, actual payload size: 0
[2025.03.25-04.31.36:335][145]LogHttp: Warning: 000002CB57FFD600: request failed, libcurl error: 7 (Couldn't connect to server)
[2025.03.25-04.31.36:335][145]LogHttp: Warning: 000002CB57FFD600: libcurl info message cache 0 (Hostname in DNS cache was stale, zapped)
[2025.03.25-04.31.36:335][145]LogHttp: Warning: 000002CB57FFD600: libcurl info message cache 1 (  Trying 127.0.0.1...)
[2025.03.25-04.31.36:335][145]LogHttp: Warning: 000002CB57FFD600: libcurl info message cache 2 (TCP_NODELAY set)
[2025.03.25-04.31.36:335][145]LogHttp: Warning: 000002CB57FFD600: libcurl info message cache 3 (connect to 127.0.0.1 port 56472 failed: Connection refused)
[2025.03.25-04.31.36:335][145]LogHttp: Warning: 000002CB57FFD600: libcurl info message cache 4 (Failed to connect to 127.0.0.1 port 56472: Connection refused)
[2025.03.25-04.31.36:335][145]LogHttp: Warning: 000002CB57FFD600: libcurl info message cache 5 (Closing connection 97)
[2025.03.25-04.31.36:665][146]LogHttp: Warning: Retry exhausted on https://datarouter.ol.epicgames.com/datarouter/api/v1/public/data?SessionID=%7B52EE5E38-4C3D-8216-5318-08BD2EB56133%7D&AppID=UEEditor.Rocket.Release&AppVersion=4.27.2-18319896%2B%2B%2BUE4%2BRelease-4.27&UserID=4dadba1840df393f01f03bb4251131e7%7C8200f8875fa445f5b01f2fa9e0ce4780%7Cb587297a-ff5c-45fe-b03b-545ac00d4e54&AppEnvironment=datacollector-binary&UploadType=eteventstream
[2025.03.25-04.32.36:221][324]LogHttp: Warning: 000002CB634A2B00: invalid HTTP response code received. URL: https://datarouter.ol.epicgames.com/datarouter/api/v1/public/data?SessionID=%7B52EE5E38-4C3D-8216-5318-08BD2EB56133%7D&AppID=UEEditor.Rocket.Release&AppVersion=4.27.2-18319896%2B%2B%2BUE4%2BRelease-4.27&UserID=4dadba1840df393f01f03bb4251131e7%7C8200f8875fa445f5b01f2fa9e0ce4780%7Cb587297a-ff5c-45fe-b03b-545ac00d4e54&AppEnvironment=datacollector-binary&UploadType=eteventstream, HTTP code: 0, content length: 0, actual payload size: 0
[2025.03.25-04.32.36:221][324]LogHttp: Warning: 000002CB634A2B00: request failed, libcurl error: 7 (Couldn't connect to server)
[2025.03.25-04.32.36:221][324]LogHttp: Warning: 000002CB634A2B00: libcurl info message cache 0 (Hostname 127.0.0.1 was found in DNS cache)
[2025.03.25-04.32.36:221][324]LogHttp: Warning: 000002CB634A2B00: libcurl info message cache 1 (  Trying 127.0.0.1...)
[2025.03.25-04.32.36:221][324]LogHttp: Warning: 000002CB634A2B00: libcurl info message cache 2 (TCP_NODELAY set)
[2025.03.25-04.32.36:221][324]LogHttp: Warning: 000002CB634A2B00: libcurl info message cache 3 (connect to 127.0.0.1 port 56472 failed: Connection refused)
[2025.03.25-04.32.36:221][324]LogHttp: Warning: 000002CB634A2B00: libcurl info message cache 4 (Failed to connect to 127.0.0.1 port 56472: Connection refused)
[2025.03.25-04.32.36:221][324]LogHttp: Warning: 000002CB634A2B00: libcurl info message cache 5 (Closing connection 98)
[2025.03.25-04.32.36:221][324]LogHttp: Warning: Retry exhausted on https://datarouter.ol.epicgames.com/datarouter/api/v1/public/data?SessionID=%7B52EE5E38-4C3D-8216-5318-08BD2EB56133%7D&AppID=UEEditor.Rocket.Release&AppVersion=4.27.2-18319896%2B%2B%2BUE4%2BRelease-4.27&UserID=4dadba1840df393f01f03bb4251131e7%7C8200f8875fa445f5b01f2fa9e0ce4780%7Cb587297a-ff5c-45fe-b03b-545ac00d4e54&AppEnvironment=datacollector-binary&UploadType=eteventstream
[2025.03.25-04.33.35:960][502]LogHttp: Warning: 000002CA93E93200: invalid HTTP response code received. URL: https://datarouter.ol.epicgames.com/datarouter/api/v1/public/data?SessionID=%7B52EE5E38-4C3D-8216-5318-08BD2EB56133%7D&AppID=UEEditor.Rocket.Release&AppVersion=4.27.2-18319896%2B%2B%2BUE4%2BRelease-4.27&UserID=4dadba1840df393f01f03bb4251131e7%7C8200f8875fa445f5b01f2fa9e0ce4780%7Cb587297a-ff5c-45fe-b03b-545ac00d4e54&AppEnvironment=datacollector-binary&UploadType=eteventstream, HTTP code: 0, content length: 0, actual payload size: 0
[2025.03.25-04.33.35:960][502]LogHttp: Warning: 000002CA93E93200: request failed, libcurl error: 7 (Couldn't connect to server)
[2025.03.25-04.33.35:960][502]LogHttp: Warning: 000002CA93E93200: libcurl info message cache 0 (  Trying 127.0.0.1...)
[2025.03.25-04.33.35:960][502]LogHttp: Warning: 000002CA93E93200: libcurl info message cache 1 (TCP_NODELAY set)
[2025.03.25-04.33.35:960][502]LogHttp: Warning: 000002CA93E93200: libcurl info message cache 2 (connect to 127.0.0.1 port 56472 failed: Connection refused)
[2025.03.25-04.33.35:960][502]LogHttp: Warning: 000002CA93E93200: libcurl info message cache 3 (Failed to connect to 127.0.0.1 port 56472: Connection refused)
[2025.03.25-04.33.35:960][502]LogHttp: Warning: 000002CA93E93200: libcurl info message cache 4 (Closing connection 99)
[2025.03.25-04.33.35:960][502]LogHttp: Warning: Retry exhausted on https://datarouter.ol.epicgames.com/datarouter/api/v1/public/data?SessionID=%7B52EE5E38-4C3D-8216-5318-08BD2EB56133%7D&AppID=UEEditor.Rocket.Release&AppVersion=4.27.2-18319896%2B%2B%2BUE4%2BRelease-4.27&UserID=4dadba1840df393f01f03bb4251131e7%7C8200f8875fa445f5b01f2fa9e0ce4780%7Cb587297a-ff5c-45fe-b03b-545ac00d4e54&AppEnvironment=datacollector-binary&UploadType=eteventstream
[2025.03.25-04.34.16:255][895]LogTemp: Repeating last play command: Selected Viewport
[2025.03.25-04.34.16:286][895]LogPlayLevel: PlayLevel: No blueprints needed recompiling
[2025.03.25-04.34.16:287][895]PIE: New page: PIE session: ThirdPersonExampleMap (2025年3月25日 下午8:34:16)
[2025.03.25-04.34.16:291][895]LogPlayLevel: Creating play world package: /Game/ThirdPersonBP/Maps/UEDPIE_0_ThirdPersonExampleMap
[2025.03.25-04.34.16:392][895]LogPlayLevel: PIE: StaticDuplicateObject took: (0.100198s)
[2025.03.25-04.34.16:421][895]LogAIModule: Creating AISystem for world ThirdPersonExampleMap
[2025.03.25-04.34.16:428][895]LogPlayLevel: PIE: World Init took: (0.035834s)
[2025.03.25-04.34.16:428][895]LogPlayLevel: PIE: Created PIE world by copying editor world from /Game/ThirdPersonBP/Maps/ThirdPersonExampleMap.ThirdPersonExampleMap to /Game/ThirdPersonBP/Maps/UEDPIE_0_ThirdPersonExampleMap.ThirdPersonExampleMap (0.137475s)
[2025.03.25-04.34.16:667][895]LogUObjectHash: Compacting FUObjectHashTables data took  13.02ms
[2025.03.25-04.34.16:700][895]LogAudio: Display: Creating Audio Device:                 Id: 21, Scope: Unique, Realtime: True
[2025.03.25-04.34.16:702][895]LogAudioMixer: Display: Audio Mixer Platform Settings:
[2025.03.25-04.34.16:702][895]LogAudioMixer: Display: 	Sample Rate:						  48000
[2025.03.25-04.34.16:702][895]LogAudioMixer: Display: 	Callback Buffer Frame Size Requested: 1024
[2025.03.25-04.34.16:702][895]LogAudioMixer: Display: 	Callback Buffer Frame Size To Use:	  1024
[2025.03.25-04.34.16:702][895]LogAudioMixer: Display: 	Number of buffers to queue:			  2
[2025.03.25-04.34.16:702][895]LogAudioMixer: Display: 	Max Channels (voices):				  32
[2025.03.25-04.34.16:702][895]LogAudioMixer: Display: 	Number of Async Source Workers:		  0
[2025.03.25-04.34.16:702][895]LogAudio: Display: AudioDevice MaxSources: 32
[2025.03.25-04.34.16:703][895]LogAudio: Display: Audio Spatialization Plugin: None (built-in).
[2025.03.25-04.34.16:703][895]LogAudio: Display: Audio Reverb Plugin: None (built-in).
[2025.03.25-04.34.16:703][895]LogAudio: Display: Audio Occlusion Plugin: None (built-in).
[2025.03.25-04.34.16:703][895]LogAudioMixer: Display: Initializing audio mixer.
[2025.03.25-04.34.16:783][895]LogAudioMixer: Display: 0: FrontLeft
[2025.03.25-04.34.16:784][895]LogAudioMixer: Display: 1: FrontRight
[2025.03.25-04.34.16:898][895]LogAudioMixer: Display: Using Audio Device 扬声器 (适用于 I2S 音频的英特尔® 智音技术)
[2025.03.25-04.34.16:905][895]LogAudioMixer: Display: Initializing Sound Submixes...
[2025.03.25-04.34.16:905][895]LogAudioMixer: Display: Creating Master Submix 'MasterSubmixDefault'
[2025.03.25-04.34.16:905][895]LogAudioMixer: Display: Creating Master Submix 'MasterReverbSubmixDefault'
[2025.03.25-04.34.16:911][895]LogAudioMixer: Display: Creating Master Submix 'MasterEQSubmixDefault'
[2025.03.25-04.34.16:911][895]LogAudioMixer: FMixerPlatformXAudio2::StartAudioStream() called
[2025.03.25-04.34.16:911][895]LogAudioMixer: Display: Output buffers initialized: Frames=1024, Channels=2, Samples=2048
[2025.03.25-04.34.16:913][895]LogAudioMixer: Display: Starting AudioMixerPlatformInterface::RunInternal()
[2025.03.25-04.34.16:913][895]LogAudioMixer: Display: FMixerPlatformXAudio2::SubmitBuffer() called for the first time
[2025.03.25-04.34.16:913][895]LogInit: FAudioDevice initialized.
[2025.03.25-04.34.16:913][895]LogAudio: Display: Audio Device (ID: 21) registered with world 'ThirdPersonExampleMap'.
[2025.03.25-04.34.16:973][895]LogSlate: Updating window title bar state: overlay mode, drag disabled, window buttons hidden, title bar hidden
[2025.03.25-04.34.16:974][895]LogLoad: Game class is 'ThirdPersonGameMode_C'
[2025.03.25-04.34.16:995][895]LogWorld: Bringing World /Game/ThirdPersonBP/Maps/UEDPIE_0_ThirdPersonExampleMap.ThirdPersonExampleMap up for play (max tick rate 0) at 2025.03.25-12.34.16
[2025.03.25-04.34.16:996][895]LogWorld: Bringing up level for play took: 0.018280
[2025.03.25-04.34.17:002][895]LogOnline: OSS: Creating online subsystem instance for: :Context_32
[2025.03.25-04.34.17:011][895]LogGameMode: FindPlayerStart: PATHS NOT DEFINED or NO PLAYERSTART with positive rating
[2025.03.25-04.34.17:025][895]PIE: Server logged in
[2025.03.25-04.34.17:028][895]PIE: Play in editor total start time 0.749 seconds.
[2025.03.25-04.34.33:467][375]LogBlueprintUserMessages: [BP_Table_2] Press "F"
[2025.03.25-04.34.35:940][451]LogHttp: Warning: 000002CB13EA7200: invalid HTTP response code received. URL: https://datarouter.ol.epicgames.com/datarouter/api/v1/public/data?SessionID=%7B52EE5E38-4C3D-8216-5318-08BD2EB56133%7D&AppID=UEEditor.Rocket.Release&AppVersion=4.27.2-18319896%2B%2B%2BUE4%2BRelease-4.27&UserID=4dadba1840df393f01f03bb4251131e7%7C8200f8875fa445f5b01f2fa9e0ce4780%7Cb587297a-ff5c-45fe-b03b-545ac00d4e54&AppEnvironment=datacollector-binary&UploadType=eteventstream, HTTP code: 0, content length: 0, actual payload size: 0
[2025.03.25-04.34.35:940][451]LogHttp: Warning: 000002CB13EA7200: request failed, libcurl error: 7 (Couldn't connect to server)
[2025.03.25-04.34.35:940][451]LogHttp: Warning: 000002CB13EA7200: libcurl info message cache 0 (Hostname in DNS cache was stale, zapped)
[2025.03.25-04.34.35:940][451]LogHttp: Warning: 000002CB13EA7200: libcurl info message cache 1 (  Trying 127.0.0.1...)
[2025.03.25-04.34.35:940][451]LogHttp: Warning: 000002CB13EA7200: libcurl info message cache 2 (TCP_NODELAY set)
[2025.03.25-04.34.35:940][451]LogHttp: Warning: 000002CB13EA7200: libcurl info message cache 3 (connect to 127.0.0.1 port 56472 failed: Connection refused)
[2025.03.25-04.34.35:940][451]LogHttp: Warning: 000002CB13EA7200: libcurl info message cache 4 (Failed to connect to 127.0.0.1 port 56472: Connection refused)
[2025.03.25-04.34.35:940][451]LogHttp: Warning: 000002CB13EA7200: libcurl info message cache 5 (Closing connection 100)
[2025.03.25-04.34.35:974][452]LogHttp: Warning: Retry exhausted on https://datarouter.ol.epicgames.com/datarouter/api/v1/public/data?SessionID=%7B52EE5E38-4C3D-8216-5318-08BD2EB56133%7D&AppID=UEEditor.Rocket.Release&AppVersion=4.27.2-18319896%2B%2B%2BUE4%2BRelease-4.27&UserID=4dadba1840df393f01f03bb4251131e7%7C8200f8875fa445f5b01f2fa9e0ce4780%7Cb587297a-ff5c-45fe-b03b-545ac00d4e54&AppEnvironment=datacollector-binary&UploadType=eteventstream
[2025.03.25-04.34.38:765][541]LogBlueprintUserMessages: [BP_Button_2] Click It
[2025.03.25-04.34.56:326][ 90]LogSlate: Updating window title bar state: overlay mode, drag disabled, window buttons hidden, title bar hidden
[2025.03.25-04.34.56:326][ 90]LogWorld: BeginTearingDown for /Game/ThirdPersonBP/Maps/UEDPIE_0_ThirdPersonExampleMap
[2025.03.25-04.34.56:329][ 90]LogSlate: Window 'room_escape Preview [NetMode: Standalone]  (64-bit/Windows) ' being destroyed
[2025.03.25-04.34.56:354][ 90]LogWorld: UWorld::CleanupWorld for ThirdPersonExampleMap, bSessionEnded=true, bCleanupResources=true
[2025.03.25-04.34.56:359][ 90]LogSlate: InvalidateAllWidgets triggered.  All widgets were invalidated
[2025.03.25-04.34.56:404][ 90]LogPlayLevel: Display: Shutting down PIE online subsystems
[2025.03.25-04.34.56:455][ 90]LogSlate: InvalidateAllWidgets triggered.  All widgets were invalidated
[2025.03.25-04.34.56:485][ 90]LogAudio: Display: Audio Device unregistered from world 'None'.
[2025.03.25-04.34.56:488][ 90]LogAudioMixer: FMixerPlatformXAudio2::StopAudioStream() called
[2025.03.25-04.34.56:489][ 90]LogAudioMixer: FMixerPlatformXAudio2::StopAudioStream() called
[2025.03.25-04.34.56:505][ 90]LogUObjectHash: Compacting FUObjectHashTables data took   1.70ms
[2025.03.25-04.34.56:610][ 91]LogPlayLevel: Display: Destroying online subsystem :Context_32
[2025.03.25-04.35.07:037][417]LogEditorViewport: Clicking on Actor (LMB): StaticMeshActor (Wall21)
[2025.03.25-04.35.08:037][446]LogEditorViewport: Clicking on Actor (LMB): StaticMeshActor (Wall21)
[2025.03.25-04.35.14:570][635]LogEditorViewport: Clicking on Actor (LMB): StaticMeshActor (Floor2)
[2025.03.25-04.35.21:929][834]Cmd: TRANSACTION UNDO
[2025.03.25-04.35.21:929][834]LogEditorTransaction: Undo Move Actors
[2025.03.25-04.35.22:489][846]Cmd: TRANSACTION UNDO
[2025.03.25-04.35.22:489][846]LogEditorTransaction: Undo Clicking on Actors
[2025.03.25-04.35.23:826][881]Cmd: TRANSACTION UNDO
[2025.03.25-04.35.23:826][881]LogEditorTransaction: Undo Clicking on Actors
[2025.03.25-04.35.35:971][238]LogHttp: Warning: 000002CB044E4100: invalid HTTP response code received. URL: https://datarouter.ol.epicgames.com/datarouter/api/v1/public/data?SessionID=%7B52EE5E38-4C3D-8216-5318-08BD2EB56133%7D&AppID=UEEditor.Rocket.Release&AppVersion=4.27.2-18319896%2B%2B%2BUE4%2BRelease-4.27&UserID=4dadba1840df393f01f03bb4251131e7%7C8200f8875fa445f5b01f2fa9e0ce4780%7Cb587297a-ff5c-45fe-b03b-545ac00d4e54&AppEnvironment=datacollector-binary&UploadType=eteventstream, HTTP code: 0, content length: 0, actual payload size: 0
[2025.03.25-04.35.35:972][238]LogHttp: Warning: 000002CB044E4100: request failed, libcurl error: 7 (Couldn't connect to server)
[2025.03.25-04.35.35:972][238]LogHttp: Warning: 000002CB044E4100: libcurl info message cache 0 (Hostname in DNS cache was stale, zapped)
[2025.03.25-04.35.35:972][238]LogHttp: Warning: 000002CB044E4100: libcurl info message cache 1 (  Trying 127.0.0.1...)
[2025.03.25-04.35.35:972][238]LogHttp: Warning: 000002CB044E4100: libcurl info message cache 2 (TCP_NODELAY set)
[2025.03.25-04.35.35:972][238]LogHttp: Warning: 000002CB044E4100: libcurl info message cache 3 (connect to 127.0.0.1 port 56472 failed: Connection refused)
[2025.03.25-04.35.35:972][238]LogHttp: Warning: 000002CB044E4100: libcurl info message cache 4 (Failed to connect to 127.0.0.1 port 56472: Connection refused)
[2025.03.25-04.35.35:972][238]LogHttp: Warning: 000002CB044E4100: libcurl info message cache 5 (Closing connection 101)
[2025.03.25-04.35.35:972][238]LogHttp: Warning: Retry exhausted on https://datarouter.ol.epicgames.com/datarouter/api/v1/public/data?SessionID=%7B52EE5E38-4C3D-8216-5318-08BD2EB56133%7D&AppID=UEEditor.Rocket.Release&AppVersion=4.27.2-18319896%2B%2B%2BUE4%2BRelease-4.27&UserID=4dadba1840df393f01f03bb4251131e7%7C8200f8875fa445f5b01f2fa9e0ce4780%7Cb587297a-ff5c-45fe-b03b-545ac00d4e54&AppEnvironment=datacollector-binary&UploadType=eteventstream
[2025.03.25-04.35.56:602][840]LogUObjectHash: Compacting FUObjectHashTables data took   3.79ms
[2025.03.25-04.35.58:001][840]LogSlate: Window 'Save Content' being destroyed
[2025.03.25-04.35.58:040][840]Cmd: OBJ SAVEPACKAGE PACKAGE="/Game/BP/Second/BP_Button" FILE="../../../../../../project/UE/room_escape/Content/BP/Second/BP_Button.uasset" SILENT=true
[2025.03.25-04.35.58:082][840]LogSavePackage: Moving '../../../../../../project/UE/room_escape/Saved/BP_Button51B46FEC404CC7D724F20AA8CB057F1A.tmp' to '../../../../../../project/UE/room_escape/Content/BP/Second/BP_Button.uasset'
[2025.03.25-04.35.58:110][840]LogUObjectHash: Compacting FUObjectHashTables data took   0.42ms
[2025.03.25-04.35.58:156][840]LogSavePackage: Moving '../../../../../../project/UE/room_escape/Saved/ThirdPersonExampleMapCEA949804B4362E9EC6D16A7F5E32C53.tmp' to '../../../../../../project/UE/room_escape/Content/ThirdPersonBP/Maps/ThirdPersonExampleMap.umap'
[2025.03.25-04.35.58:173][840]LogFileHelpers: Saving map 'ThirdPersonExampleMap' took 0.088
[2025.03.25-04.35.58:251][840]AssetCheck: New page: Asset Save: multiple assets
[2025.03.25-04.35.58:252][840]LogContentValidation: Display: Validating Blueprint /Game/BP/Second/BP_Button.BP_Button
[2025.03.25-04.35.58:252][840]LogContentValidation: Display: Validating World /Game/ThirdPersonBP/Maps/ThirdPersonExampleMap.ThirdPersonExampleMap
[2025.03.25-04.36.36:187][976]LogHttp: Warning: 000002CB630F5D00: invalid HTTP response code received. URL: https://datarouter.ol.epicgames.com/datarouter/api/v1/public/data?SessionID=%7B52EE5E38-4C3D-8216-5318-08BD2EB56133%7D&AppID=UEEditor.Rocket.Release&AppVersion=4.27.2-18319896%2B%2B%2BUE4%2BRelease-4.27&UserID=4dadba1840df393f01f03bb4251131e7%7C8200f8875fa445f5b01f2fa9e0ce4780%7Cb587297a-ff5c-45fe-b03b-545ac00d4e54&AppEnvironment=datacollector-binary&UploadType=eteventstream, HTTP code: 0, content length: 0, actual payload size: 0
[2025.03.25-04.36.36:187][976]LogHttp: Warning: 000002CB630F5D00: request failed, libcurl error: 7 (Couldn't connect to server)
[2025.03.25-04.36.36:187][976]LogHttp: Warning: 000002CB630F5D00: libcurl info message cache 0 (Hostname in DNS cache was stale, zapped)
[2025.03.25-04.36.36:187][976]LogHttp: Warning: 000002CB630F5D00: libcurl info message cache 1 (  Trying 127.0.0.1...)
[2025.03.25-04.36.36:187][976]LogHttp: Warning: 000002CB630F5D00: libcurl info message cache 2 (TCP_NODELAY set)
[2025.03.25-04.36.36:187][976]LogHttp: Warning: 000002CB630F5D00: libcurl info message cache 3 (connect to 127.0.0.1 port 56472 failed: Connection refused)
[2025.03.25-04.36.36:187][976]LogHttp: Warning: 000002CB630F5D00: libcurl info message cache 4 (Failed to connect to 127.0.0.1 port 56472: Connection refused)
[2025.03.25-04.36.36:187][976]LogHttp: Warning: 000002CB630F5D00: libcurl info message cache 5 (Closing connection 102)
[2025.03.25-04.36.36:187][976]LogHttp: Warning: Retry exhausted on https://datarouter.ol.epicgames.com/datarouter/api/v1/public/data?SessionID=%7B52EE5E38-4C3D-8216-5318-08BD2EB56133%7D&AppID=UEEditor.Rocket.Release&AppVersion=4.27.2-18319896%2B%2B%2BUE4%2BRelease-4.27&UserID=4dadba1840df393f01f03bb4251131e7%7C8200f8875fa445f5b01f2fa9e0ce4780%7Cb587297a-ff5c-45fe-b03b-545ac00d4e54&AppEnvironment=datacollector-binary&UploadType=eteventstream
[2025.03.25-04.37.36:470][156]LogHttp: Warning: 000002CB4F77C100: invalid HTTP response code received. URL: https://datarouter.ol.epicgames.com/datarouter/api/v1/public/data?SessionID=%7B52EE5E38-4C3D-8216-5318-08BD2EB56133%7D&AppID=UEEditor.Rocket.Release&AppVersion=4.27.2-18319896%2B%2B%2BUE4%2BRelease-4.27&UserID=4dadba1840df393f01f03bb4251131e7%7C8200f8875fa445f5b01f2fa9e0ce4780%7Cb587297a-ff5c-45fe-b03b-545ac00d4e54&AppEnvironment=datacollector-binary&UploadType=eteventstream, HTTP code: 0, content length: 0, actual payload size: 0
[2025.03.25-04.37.36:470][156]LogHttp: Warning: 000002CB4F77C100: request failed, libcurl error: 7 (Couldn't connect to server)
[2025.03.25-04.37.36:470][156]LogHttp: Warning: 000002CB4F77C100: libcurl info message cache 0 (Hostname in DNS cache was stale, zapped)
[2025.03.25-04.37.36:470][156]LogHttp: Warning: 000002CB4F77C100: libcurl info message cache 1 (  Trying 127.0.0.1...)
[2025.03.25-04.37.36:470][156]LogHttp: Warning: 000002CB4F77C100: libcurl info message cache 2 (TCP_NODELAY set)
[2025.03.25-04.37.36:470][156]LogHttp: Warning: 000002CB4F77C100: libcurl info message cache 3 (connect to 127.0.0.1 port 56472 failed: Connection refused)
[2025.03.25-04.37.36:470][156]LogHttp: Warning: 000002CB4F77C100: libcurl info message cache 4 (Failed to connect to 127.0.0.1 port 56472: Connection refused)
[2025.03.25-04.37.36:470][156]LogHttp: Warning: 000002CB4F77C100: libcurl info message cache 5 (Closing connection 103)
[2025.03.25-04.37.36:470][156]LogHttp: Warning: Retry exhausted on https://datarouter.ol.epicgames.com/datarouter/api/v1/public/data?SessionID=%7B52EE5E38-4C3D-8216-5318-08BD2EB56133%7D&AppID=UEEditor.Rocket.Release&AppVersion=4.27.2-18319896%2B%2B%2BUE4%2BRelease-4.27&UserID=4dadba1840df393f01f03bb4251131e7%7C8200f8875fa445f5b01f2fa9e0ce4780%7Cb587297a-ff5c-45fe-b03b-545ac00d4e54&AppEnvironment=datacollector-binary&UploadType=eteventstream
[2025.03.25-04.38.36:432][537]LogHttp: Warning: 000002CB4F8A7200: invalid HTTP response code received. URL: https://datarouter.ol.epicgames.com/datarouter/api/v1/public/data?SessionID=%7B52EE5E38-4C3D-8216-5318-08BD2EB56133%7D&AppID=UEEditor.Rocket.Release&AppVersion=4.27.2-18319896%2B%2B%2BUE4%2BRelease-4.27&UserID=4dadba1840df393f01f03bb4251131e7%7C8200f8875fa445f5b01f2fa9e0ce4780%7Cb587297a-ff5c-45fe-b03b-545ac00d4e54&AppEnvironment=datacollector-binary&UploadType=eteventstream, HTTP code: 0, content length: 0, actual payload size: 0
[2025.03.25-04.38.36:432][537]LogHttp: Warning: 000002CB4F8A7200: request failed, libcurl error: 7 (Couldn't connect to server)
[2025.03.25-04.38.36:432][537]LogHttp: Warning: 000002CB4F8A7200: libcurl info message cache 0 (Hostname in DNS cache was stale, zapped)
[2025.03.25-04.38.36:432][537]LogHttp: Warning: 000002CB4F8A7200: libcurl info message cache 1 (  Trying 127.0.0.1...)
[2025.03.25-04.38.36:432][537]LogHttp: Warning: 000002CB4F8A7200: libcurl info message cache 2 (TCP_NODELAY set)
[2025.03.25-04.38.36:432][537]LogHttp: Warning: 000002CB4F8A7200: libcurl info message cache 3 (connect to 127.0.0.1 port 56472 failed: Connection refused)
[2025.03.25-04.38.36:432][537]LogHttp: Warning: 000002CB4F8A7200: libcurl info message cache 4 (Failed to connect to 127.0.0.1 port 56472: Connection refused)
[2025.03.25-04.38.36:432][537]LogHttp: Warning: 000002CB4F8A7200: libcurl info message cache 5 (Closing connection 104)
[2025.03.25-04.38.36:768][538]LogHttp: Warning: Retry exhausted on https://datarouter.ol.epicgames.com/datarouter/api/v1/public/data?SessionID=%7B52EE5E38-4C3D-8216-5318-08BD2EB56133%7D&AppID=UEEditor.Rocket.Release&AppVersion=4.27.2-18319896%2B%2B%2BUE4%2BRelease-4.27&UserID=4dadba1840df393f01f03bb4251131e7%7C8200f8875fa445f5b01f2fa9e0ce4780%7Cb587297a-ff5c-45fe-b03b-545ac00d4e54&AppEnvironment=datacollector-binary&UploadType=eteventstream
[2025.03.25-04.39.36:426][714]LogHttp: Warning: 000002CA8F873900: invalid HTTP response code received. URL: https://datarouter.ol.epicgames.com/datarouter/api/v1/public/data?SessionID=%7B52EE5E38-4C3D-8216-5318-08BD2EB56133%7D&AppID=UEEditor.Rocket.Release&AppVersion=4.27.2-18319896%2B%2B%2BUE4%2BRelease-4.27&UserID=4dadba1840df393f01f03bb4251131e7%7C8200f8875fa445f5b01f2fa9e0ce4780%7Cb587297a-ff5c-45fe-b03b-545ac00d4e54&AppEnvironment=datacollector-binary&UploadType=eteventstream, HTTP code: 0, content length: 0, actual payload size: 0
[2025.03.25-04.39.36:426][714]LogHttp: Warning: 000002CA8F873900: request failed, libcurl error: 7 (Couldn't connect to server)
[2025.03.25-04.39.36:426][714]LogHttp: Warning: 000002CA8F873900: libcurl info message cache 0 (Hostname in DNS cache was stale, zapped)
[2025.03.25-04.39.36:426][714]LogHttp: Warning: 000002CA8F873900: libcurl info message cache 1 (  Trying 127.0.0.1...)
[2025.03.25-04.39.36:426][714]LogHttp: Warning: 000002CA8F873900: libcurl info message cache 2 (TCP_NODELAY set)
[2025.03.25-04.39.36:426][714]LogHttp: Warning: 000002CA8F873900: libcurl info message cache 3 (connect to 127.0.0.1 port 56472 failed: Connection refused)
[2025.03.25-04.39.36:426][714]LogHttp: Warning: 000002CA8F873900: libcurl info message cache 4 (Failed to connect to 127.0.0.1 port 56472: Connection refused)
[2025.03.25-04.39.36:426][714]LogHttp: Warning: 000002CA8F873900: libcurl info message cache 5 (Closing connection 105)
[2025.03.25-04.39.36:426][714]LogHttp: Warning: Retry exhausted on https://datarouter.ol.epicgames.com/datarouter/api/v1/public/data?SessionID=%7B52EE5E38-4C3D-8216-5318-08BD2EB56133%7D&AppID=UEEditor.Rocket.Release&AppVersion=4.27.2-18319896%2B%2B%2BUE4%2BRelease-4.27&UserID=4dadba1840df393f01f03bb4251131e7%7C8200f8875fa445f5b01f2fa9e0ce4780%7Cb587297a-ff5c-45fe-b03b-545ac00d4e54&AppEnvironment=datacollector-binary&UploadType=eteventstream
[2025.03.25-04.40.36:419][893]LogHttp: Warning: 000002CA8F873900: invalid HTTP response code received. URL: https://datarouter.ol.epicgames.com/datarouter/api/v1/public/data?SessionID=%7B52EE5E38-4C3D-8216-5318-08BD2EB56133%7D&AppID=UEEditor.Rocket.Release&AppVersion=4.27.2-18319896%2B%2B%2BUE4%2BRelease-4.27&UserID=4dadba1840df393f01f03bb4251131e7%7C8200f8875fa445f5b01f2fa9e0ce4780%7Cb587297a-ff5c-45fe-b03b-545ac00d4e54&AppEnvironment=datacollector-binary&UploadType=eteventstream, HTTP code: 0, content length: 0, actual payload size: 0
[2025.03.25-04.40.36:420][893]LogHttp: Warning: 000002CA8F873900: request failed, libcurl error: 7 (Couldn't connect to server)
[2025.03.25-04.40.36:420][893]LogHttp: Warning: 000002CA8F873900: libcurl info message cache 0 (Hostname in DNS cache was stale, zapped)
[2025.03.25-04.40.36:420][893]LogHttp: Warning: 000002CA8F873900: libcurl info message cache 1 (  Trying 127.0.0.1...)
[2025.03.25-04.40.36:420][893]LogHttp: Warning: 000002CA8F873900: libcurl info message cache 2 (TCP_NODELAY set)
[2025.03.25-04.40.36:420][893]LogHttp: Warning: 000002CA8F873900: libcurl info message cache 3 (connect to 127.0.0.1 port 56472 failed: Connection refused)
[2025.03.25-04.40.36:420][893]LogHttp: Warning: 000002CA8F873900: libcurl info message cache 4 (Failed to connect to 127.0.0.1 port 56472: Connection refused)
[2025.03.25-04.40.36:420][893]LogHttp: Warning: 000002CA8F873900: libcurl info message cache 5 (Closing connection 106)
[2025.03.25-04.40.36:753][894]LogHttp: Warning: Retry exhausted on https://datarouter.ol.epicgames.com/datarouter/api/v1/public/data?SessionID=%7B52EE5E38-4C3D-8216-5318-08BD2EB56133%7D&AppID=UEEditor.Rocket.Release&AppVersion=4.27.2-18319896%2B%2B%2BUE4%2BRelease-4.27&UserID=4dadba1840df393f01f03bb4251131e7%7C8200f8875fa445f5b01f2fa9e0ce4780%7Cb587297a-ff5c-45fe-b03b-545ac00d4e54&AppEnvironment=datacollector-binary&UploadType=eteventstream
[2025.03.25-04.40.51:968][961]LogTemp: Repeating last play command: Selected Viewport
[2025.03.25-04.40.51:979][961]LogPlayLevel: PlayLevel: No blueprints needed recompiling
[2025.03.25-04.40.51:980][961]PIE: New page: PIE session: ThirdPersonExampleMap (2025年3月25日 下午8:40:51)
[2025.03.25-04.40.51:982][961]LogPlayLevel: Creating play world package: /Game/ThirdPersonBP/Maps/UEDPIE_0_ThirdPersonExampleMap
[2025.03.25-04.40.52:011][961]LogPlayLevel: PIE: StaticDuplicateObject took: (0.029357s)
[2025.03.25-04.40.52:012][961]LogAIModule: Creating AISystem for world ThirdPersonExampleMap
[2025.03.25-04.40.52:013][961]LogPlayLevel: PIE: World Init took: (0.002596s)
[2025.03.25-04.40.52:013][961]LogPlayLevel: PIE: Created PIE world by copying editor world from /Game/ThirdPersonBP/Maps/ThirdPersonExampleMap.ThirdPersonExampleMap to /Game/ThirdPersonBP/Maps/UEDPIE_0_ThirdPersonExampleMap.ThirdPersonExampleMap (0.032303s)
[2025.03.25-04.40.52:041][961]LogUObjectHash: Compacting FUObjectHashTables data took   1.58ms
[2025.03.25-04.40.52:045][961]LogAudio: Display: Creating Audio Device:                 Id: 22, Scope: Unique, Realtime: True
[2025.03.25-04.40.52:045][961]LogAudioMixer: Display: Audio Mixer Platform Settings:
[2025.03.25-04.40.52:045][961]LogAudioMixer: Display: 	Sample Rate:						  48000
[2025.03.25-04.40.52:045][961]LogAudioMixer: Display: 	Callback Buffer Frame Size Requested: 1024
[2025.03.25-04.40.52:045][961]LogAudioMixer: Display: 	Callback Buffer Frame Size To Use:	  1024
[2025.03.25-04.40.52:045][961]LogAudioMixer: Display: 	Number of buffers to queue:			  2
[2025.03.25-04.40.52:045][961]LogAudioMixer: Display: 	Max Channels (voices):				  32
[2025.03.25-04.40.52:045][961]LogAudioMixer: Display: 	Number of Async Source Workers:		  0
[2025.03.25-04.40.52:045][961]LogAudio: Display: AudioDevice MaxSources: 32
[2025.03.25-04.40.52:045][961]LogAudio: Display: Audio Spatialization Plugin: None (built-in).
[2025.03.25-04.40.52:045][961]LogAudio: Display: Audio Reverb Plugin: None (built-in).
[2025.03.25-04.40.52:045][961]LogAudio: Display: Audio Occlusion Plugin: None (built-in).
[2025.03.25-04.40.52:046][961]LogAudioMixer: Display: Initializing audio mixer.
[2025.03.25-04.40.52:048][961]LogAudioMixer: Display: 0: FrontLeft
[2025.03.25-04.40.52:048][961]LogAudioMixer: Display: 1: FrontRight
[2025.03.25-04.40.52:081][961]LogAudioMixer: Display: Using Audio Device 扬声器 (适用于 I2S 音频的英特尔® 智音技术)
[2025.03.25-04.40.52:081][961]LogAudioMixer: Display: Initializing Sound Submixes...
[2025.03.25-04.40.52:081][961]LogAudioMixer: Display: Creating Master Submix 'MasterSubmixDefault'
[2025.03.25-04.40.52:081][961]LogAudioMixer: Display: Creating Master Submix 'MasterReverbSubmixDefault'
[2025.03.25-04.40.52:082][961]LogAudioMixer: Display: Creating Master Submix 'MasterEQSubmixDefault'
[2025.03.25-04.40.52:082][961]LogAudioMixer: FMixerPlatformXAudio2::StartAudioStream() called
[2025.03.25-04.40.52:082][961]LogAudioMixer: Display: Output buffers initialized: Frames=1024, Channels=2, Samples=2048
[2025.03.25-04.40.52:083][961]LogAudioMixer: Display: Starting AudioMixerPlatformInterface::RunInternal()
[2025.03.25-04.40.52:083][961]LogAudioMixer: Display: FMixerPlatformXAudio2::SubmitBuffer() called for the first time
[2025.03.25-04.40.52:083][961]LogInit: FAudioDevice initialized.
[2025.03.25-04.40.52:083][961]LogAudio: Display: Audio Device (ID: 22) registered with world 'ThirdPersonExampleMap'.
[2025.03.25-04.40.52:102][961]LogLoad: Game class is 'ThirdPersonGameMode_C'
[2025.03.25-04.40.52:106][961]LogWorld: Bringing World /Game/ThirdPersonBP/Maps/UEDPIE_0_ThirdPersonExampleMap.ThirdPersonExampleMap up for play (max tick rate 0) at 2025.03.25-12.40.52
[2025.03.25-04.40.52:106][961]LogWorld: Bringing up level for play took: 0.002436
[2025.03.25-04.40.52:106][961]LogOnline: OSS: Creating online subsystem instance for: :Context_33
[2025.03.25-04.40.52:109][961]PIE: Server logged in
[2025.03.25-04.40.52:110][961]PIE: Play in editor total start time 0.133 seconds.
[2025.03.25-04.40.57:937][303]LogBlueprintUserMessages: [BP_Table_2] Press "F"
[2025.03.25-04.41.00:608][461]LogBlueprintUserMessages: [BP_Button_2] Click It
[2025.03.25-04.41.12:416][171]LogSlate: Updating window title bar state: overlay mode, drag disabled, window buttons hidden, title bar hidden
[2025.03.25-04.41.12:416][171]LogWorld: BeginTearingDown for /Game/ThirdPersonBP/Maps/UEDPIE_0_ThirdPersonExampleMap
[2025.03.25-04.41.12:416][171]LogWorld: UWorld::CleanupWorld for ThirdPersonExampleMap, bSessionEnded=true, bCleanupResources=true
[2025.03.25-04.41.12:417][171]LogSlate: InvalidateAllWidgets triggered.  All widgets were invalidated
[2025.03.25-04.41.12:431][171]LogPlayLevel: Display: Shutting down PIE online subsystems
[2025.03.25-04.41.12:439][171]LogSlate: InvalidateAllWidgets triggered.  All widgets were invalidated
[2025.03.25-04.41.12:457][171]LogSlate: Updating window title bar state: overlay mode, drag disabled, window buttons hidden, title bar hidden
[2025.03.25-04.41.12:457][171]LogAudioMixer: FMixerPlatformXAudio2::StopAudioStream() called
[2025.03.25-04.41.12:459][171]LogAudioMixer: FMixerPlatformXAudio2::StopAudioStream() called
[2025.03.25-04.41.12:465][171]LogUObjectHash: Compacting FUObjectHashTables data took   1.53ms
[2025.03.25-04.41.12:511][172]LogPlayLevel: Display: Destroying online subsystem :Context_33
[2025.03.25-04.41.35:973][866]LogHttp: Warning: 000002CB13EEF900: invalid HTTP response code received. URL: https://datarouter.ol.epicgames.com/datarouter/api/v1/public/data?SessionID=%7B52EE5E38-4C3D-8216-5318-08BD2EB56133%7D&AppID=UEEditor.Rocket.Release&AppVersion=4.27.2-18319896%2B%2B%2BUE4%2BRelease-4.27&UserID=4dadba1840df393f01f03bb4251131e7%7C8200f8875fa445f5b01f2fa9e0ce4780%7Cb587297a-ff5c-45fe-b03b-545ac00d4e54&AppEnvironment=datacollector-binary&UploadType=eteventstream, HTTP code: 0, content length: 0, actual payload size: 0
[2025.03.25-04.41.35:974][866]LogHttp: Warning: 000002CB13EEF900: request failed, libcurl error: 7 (Couldn't connect to server)
[2025.03.25-04.41.35:974][866]LogHttp: Warning: 000002CB13EEF900: libcurl info message cache 0 (Hostname 127.0.0.1 was found in DNS cache)
[2025.03.25-04.41.35:974][866]LogHttp: Warning: 000002CB13EEF900: libcurl info message cache 1 (  Trying 127.0.0.1...)
[2025.03.25-04.41.35:974][866]LogHttp: Warning: 000002CB13EEF900: libcurl info message cache 2 (TCP_NODELAY set)
[2025.03.25-04.41.35:974][866]LogHttp: Warning: 000002CB13EEF900: libcurl info message cache 3 (connect to 127.0.0.1 port 56472 failed: Connection refused)
[2025.03.25-04.41.35:974][866]LogHttp: Warning: 000002CB13EEF900: libcurl info message cache 4 (Failed to connect to 127.0.0.1 port 56472: Connection refused)
[2025.03.25-04.41.35:974][866]LogHttp: Warning: 000002CB13EEF900: libcurl info message cache 5 (Closing connection 107)
[2025.03.25-04.41.35:974][866]LogHttp: Warning: Retry exhausted on https://datarouter.ol.epicgames.com/datarouter/api/v1/public/data?SessionID=%7B52EE5E38-4C3D-8216-5318-08BD2EB56133%7D&AppID=UEEditor.Rocket.Release&AppVersion=4.27.2-18319896%2B%2B%2BUE4%2BRelease-4.27&UserID=4dadba1840df393f01f03bb4251131e7%7C8200f8875fa445f5b01f2fa9e0ce4780%7Cb587297a-ff5c-45fe-b03b-545ac00d4e54&AppEnvironment=datacollector-binary&UploadType=eteventstream
[2025.03.25-04.41.56:347][459]LogTemp: Repeating last play command: Selected Viewport
[2025.03.25-04.41.56:359][459]LogPlayLevel: PlayLevel: No blueprints needed recompiling
[2025.03.25-04.41.56:360][459]PIE: New page: PIE session: ThirdPersonExampleMap (2025年3月25日 下午8:41:56)
[2025.03.25-04.41.56:360][459]LogPlayLevel: Creating play world package: /Game/ThirdPersonBP/Maps/UEDPIE_0_ThirdPersonExampleMap
[2025.03.25-04.41.56:393][459]LogPlayLevel: PIE: StaticDuplicateObject took: (0.032783s)
[2025.03.25-04.41.56:397][459]LogAIModule: Creating AISystem for world ThirdPersonExampleMap
[2025.03.25-04.41.56:398][459]LogPlayLevel: PIE: World Init took: (0.003688s)
[2025.03.25-04.41.56:398][459]LogPlayLevel: PIE: Created PIE world by copying editor world from /Game/ThirdPersonBP/Maps/ThirdPersonExampleMap.ThirdPersonExampleMap to /Game/ThirdPersonBP/Maps/UEDPIE_0_ThirdPersonExampleMap.ThirdPersonExampleMap (0.036913s)
[2025.03.25-04.41.56:452][459]LogUObjectHash: Compacting FUObjectHashTables data took   4.43ms
[2025.03.25-04.41.56:459][459]LogAudio: Display: Creating Audio Device:                 Id: 23, Scope: Unique, Realtime: True
[2025.03.25-04.41.56:459][459]LogAudioMixer: Display: Audio Mixer Platform Settings:
[2025.03.25-04.41.56:459][459]LogAudioMixer: Display: 	Sample Rate:						  48000
[2025.03.25-04.41.56:459][459]LogAudioMixer: Display: 	Callback Buffer Frame Size Requested: 1024
[2025.03.25-04.41.56:459][459]LogAudioMixer: Display: 	Callback Buffer Frame Size To Use:	  1024
[2025.03.25-04.41.56:459][459]LogAudioMixer: Display: 	Number of buffers to queue:			  2
[2025.03.25-04.41.56:459][459]LogAudioMixer: Display: 	Max Channels (voices):				  32
[2025.03.25-04.41.56:459][459]LogAudioMixer: Display: 	Number of Async Source Workers:		  0
[2025.03.25-04.41.56:459][459]LogAudio: Display: AudioDevice MaxSources: 32
[2025.03.25-04.41.56:459][459]LogAudio: Display: Audio Spatialization Plugin: None (built-in).
[2025.03.25-04.41.56:459][459]LogAudio: Display: Audio Reverb Plugin: None (built-in).
[2025.03.25-04.41.56:459][459]LogAudio: Display: Audio Occlusion Plugin: None (built-in).
[2025.03.25-04.41.56:459][459]LogAudioMixer: Display: Initializing audio mixer.
[2025.03.25-04.41.56:463][459]LogAudioMixer: Display: 0: FrontLeft
[2025.03.25-04.41.56:463][459]LogAudioMixer: Display: 1: FrontRight
[2025.03.25-04.41.56:503][459]LogAudioMixer: Display: Using Audio Device 扬声器 (适用于 I2S 音频的英特尔® 智音技术)
[2025.03.25-04.41.56:503][459]LogAudioMixer: Display: Initializing Sound Submixes...
[2025.03.25-04.41.56:503][459]LogAudioMixer: Display: Creating Master Submix 'MasterSubmixDefault'
[2025.03.25-04.41.56:503][459]LogAudioMixer: Display: Creating Master Submix 'MasterReverbSubmixDefault'
[2025.03.25-04.41.56:503][459]LogAudioMixer: Display: Creating Master Submix 'MasterEQSubmixDefault'
[2025.03.25-04.41.56:503][459]LogAudioMixer: FMixerPlatformXAudio2::StartAudioStream() called
[2025.03.25-04.41.56:503][459]LogAudioMixer: Display: Output buffers initialized: Frames=1024, Channels=2, Samples=2048
[2025.03.25-04.41.56:506][459]LogAudioMixer: Display: Starting AudioMixerPlatformInterface::RunInternal()
[2025.03.25-04.41.56:506][459]LogAudioMixer: Display: FMixerPlatformXAudio2::SubmitBuffer() called for the first time
[2025.03.25-04.41.56:506][459]LogInit: FAudioDevice initialized.
[2025.03.25-04.41.56:506][459]LogAudio: Display: Audio Device (ID: 23) registered with world 'ThirdPersonExampleMap'.
[2025.03.25-04.41.56:518][459]LogLoad: Game class is 'ThirdPersonGameMode_C'
[2025.03.25-04.41.56:523][459]LogWorld: Bringing World /Game/ThirdPersonBP/Maps/UEDPIE_0_ThirdPersonExampleMap.ThirdPersonExampleMap up for play (max tick rate 0) at 2025.03.25-12.41.56
[2025.03.25-04.41.56:523][459]LogWorld: Bringing up level for play took: 0.003371
[2025.03.25-04.41.56:523][459]LogOnline: OSS: Creating online subsystem instance for: :Context_34
[2025.03.25-04.41.56:526][459]PIE: Server logged in
[2025.03.25-04.41.56:527][459]PIE: Play in editor total start time 0.169 seconds.
[2025.03.25-04.42.06:401][919]LogBlueprintUserMessages: [BP_Table_2] Press "F"
[2025.03.25-04.42.10:161][135]LogBlueprintUserMessages: [BP_Button_2] Click It
[2025.03.25-04.42.21:822][784]LogBlueprintUserMessages: [BP_MagicWall_5] 进入下一关
[2025.03.25-04.42.23:813][892]LogBlueprintUserMessages: [BP_Table_2] Press "F"
[2025.03.25-04.42.35:937][575]LogHttp: Warning: 000002CB1B6F6B00: invalid HTTP response code received. URL: https://datarouter.ol.epicgames.com/datarouter/api/v1/public/data?SessionID=%7B52EE5E38-4C3D-8216-5318-08BD2EB56133%7D&AppID=UEEditor.Rocket.Release&AppVersion=4.27.2-18319896%2B%2B%2BUE4%2BRelease-4.27&UserID=4dadba1840df393f01f03bb4251131e7%7C8200f8875fa445f5b01f2fa9e0ce4780%7Cb587297a-ff5c-45fe-b03b-545ac00d4e54&AppEnvironment=datacollector-binary&UploadType=eteventstream, HTTP code: 0, content length: 0, actual payload size: 0
[2025.03.25-04.42.35:938][575]LogHttp: Warning: 000002CB1B6F6B00: request failed, libcurl error: 7 (Couldn't connect to server)
[2025.03.25-04.42.35:938][575]LogHttp: Warning: 000002CB1B6F6B00: libcurl info message cache 0 (  Trying 127.0.0.1...)
[2025.03.25-04.42.35:938][575]LogHttp: Warning: 000002CB1B6F6B00: libcurl info message cache 1 (TCP_NODELAY set)
[2025.03.25-04.42.35:938][575]LogHttp: Warning: 000002CB1B6F6B00: libcurl info message cache 2 (connect to 127.0.0.1 port 56472 failed: Connection refused)
[2025.03.25-04.42.35:938][575]LogHttp: Warning: 000002CB1B6F6B00: libcurl info message cache 3 (Failed to connect to 127.0.0.1 port 56472: Connection refused)
[2025.03.25-04.42.35:938][575]LogHttp: Warning: 000002CB1B6F6B00: libcurl info message cache 4 (Closing connection 108)
[2025.03.25-04.42.35:955][576]LogHttp: Warning: Retry exhausted on https://datarouter.ol.epicgames.com/datarouter/api/v1/public/data?SessionID=%7B52EE5E38-4C3D-8216-5318-08BD2EB56133%7D&AppID=UEEditor.Rocket.Release&AppVersion=4.27.2-18319896%2B%2B%2BUE4%2BRelease-4.27&UserID=4dadba1840df393f01f03bb4251131e7%7C8200f8875fa445f5b01f2fa9e0ce4780%7Cb587297a-ff5c-45fe-b03b-545ac00d4e54&AppEnvironment=datacollector-binary&UploadType=eteventstream
[2025.03.25-04.43.15:657][774]LogSlate: Updating window title bar state: overlay mode, drag disabled, window buttons hidden, title bar hidden
[2025.03.25-04.43.15:657][774]LogWorld: BeginTearingDown for /Game/ThirdPersonBP/Maps/UEDPIE_0_ThirdPersonExampleMap
[2025.03.25-04.43.15:657][774]LogWorld: UWorld::CleanupWorld for ThirdPersonExampleMap, bSessionEnded=true, bCleanupResources=true
[2025.03.25-04.43.15:658][774]LogSlate: InvalidateAllWidgets triggered.  All widgets were invalidated
[2025.03.25-04.43.15:675][774]LogPlayLevel: Display: Shutting down PIE online subsystems
[2025.03.25-04.43.15:684][774]LogSlate: InvalidateAllWidgets triggered.  All widgets were invalidated
[2025.03.25-04.43.15:705][774]LogAudio: Display: Audio Device unregistered from world 'None'.
[2025.03.25-04.43.15:705][774]LogAudioMixer: FMixerPlatformXAudio2::StopAudioStream() called
[2025.03.25-04.43.15:706][774]LogAudioMixer: FMixerPlatformXAudio2::StopAudioStream() called
[2025.03.25-04.43.15:709][774]LogSlate: Updating window title bar state: overlay mode, drag disabled, window buttons hidden, title bar hidden
[2025.03.25-04.43.15:714][774]LogUObjectHash: Compacting FUObjectHashTables data took   1.89ms
[2025.03.25-04.43.15:766][775]LogPlayLevel: Display: Destroying online subsystem :Context_34
[2025.03.25-04.43.30:517][197]LogEditorViewport: Clicking on Actor (LMB): ThirdPersonCharacter_C (ThirdPersonCharacter)
[2025.03.25-04.43.32:196][231]LogEditorViewport: Clicking on Actor (context menu): StaticMeshActor (Floor2)
[2025.03.25-04.43.32:607][238]LogEditorViewport: Clicking on Actor (LMB): StaticMeshActor (Floor2)
[2025.03.25-04.43.33:050][251]LogEditorViewport: Clicking on Actor (LMB): StaticMeshActor (Floor2)
[2025.03.25-04.43.35:953][337]LogHttp: Warning: 000002CB630CF200: invalid HTTP response code received. URL: https://datarouter.ol.epicgames.com/datarouter/api/v1/public/data?SessionID=%7B52EE5E38-4C3D-8216-5318-08BD2EB56133%7D&AppID=UEEditor.Rocket.Release&AppVersion=4.27.2-18319896%2B%2B%2BUE4%2BRelease-4.27&UserID=4dadba1840df393f01f03bb4251131e7%7C8200f8875fa445f5b01f2fa9e0ce4780%7Cb587297a-ff5c-45fe-b03b-545ac00d4e54&AppEnvironment=datacollector-binary&UploadType=eteventstream, HTTP code: 0, content length: 0, actual payload size: 0
[2025.03.25-04.43.35:953][337]LogHttp: Warning: 000002CB630CF200: request failed, libcurl error: 7 (Couldn't connect to server)
[2025.03.25-04.43.35:953][337]LogHttp: Warning: 000002CB630CF200: libcurl info message cache 0 (Hostname in DNS cache was stale, zapped)
[2025.03.25-04.43.35:953][337]LogHttp: Warning: 000002CB630CF200: libcurl info message cache 1 (  Trying 127.0.0.1...)
[2025.03.25-04.43.35:953][337]LogHttp: Warning: 000002CB630CF200: libcurl info message cache 2 (TCP_NODELAY set)
[2025.03.25-04.43.35:953][337]LogHttp: Warning: 000002CB630CF200: libcurl info message cache 3 (connect to 127.0.0.1 port 56472 failed: Connection refused)
[2025.03.25-04.43.35:953][337]LogHttp: Warning: 000002CB630CF200: libcurl info message cache 4 (Failed to connect to 127.0.0.1 port 56472: Connection refused)
[2025.03.25-04.43.35:953][337]LogHttp: Warning: 000002CB630CF200: libcurl info message cache 5 (Closing connection 109)
[2025.03.25-04.43.35:989][338]LogHttp: Warning: Retry exhausted on https://datarouter.ol.epicgames.com/datarouter/api/v1/public/data?SessionID=%7B52EE5E38-4C3D-8216-5318-08BD2EB56133%7D&AppID=UEEditor.Rocket.Release&AppVersion=4.27.2-18319896%2B%2B%2BUE4%2BRelease-4.27&UserID=4dadba1840df393f01f03bb4251131e7%7C8200f8875fa445f5b01f2fa9e0ce4780%7Cb587297a-ff5c-45fe-b03b-545ac00d4e54&AppEnvironment=datacollector-binary&UploadType=eteventstream
[2025.03.25-04.44.15:962][514]LogUObjectHash: Compacting FUObjectHashTables data took   2.00ms
[2025.03.25-04.44.16:012][514]LogSavePackage: Moving '../../../../../../project/UE/room_escape/Saved/ThirdPersonExampleMapD6F3DC1647F96A40961DAC9FAB6984E1.tmp' to '../../../../../../project/UE/room_escape/Content/ThirdPersonBP/Maps/ThirdPersonExampleMap.umap'
[2025.03.25-04.44.16:206][514]LogSavePackage: Moving '../../../../../../project/UE/room_escape/Saved/ThirdPersonExampleMap_BuiltData2FCDFD7D408F4CBD065B8D88D6A547C5.tmp' to '../../../../../../project/UE/room_escape/Content/ThirdPersonBP/Maps/ThirdPersonExampleMap_BuiltData.uasset'
[2025.03.25-04.44.16:227][514]AssetCheck: New page: Asset Save: multiple assets
[2025.03.25-04.44.16:227][514]LogContentValidation: Display: Validating MapBuildDataRegistry /Game/ThirdPersonBP/Maps/ThirdPersonExampleMap_BuiltData.ThirdPersonExampleMap_BuiltData
[2025.03.25-04.44.16:227][514]LogContentValidation: Display: Validating World /Game/ThirdPersonBP/Maps/ThirdPersonExampleMap.ThirdPersonExampleMap
[2025.03.25-04.44.17:217][544]LogEditorViewport: Clicking on Actor (context menu): StaticMeshActor (Floor2)
[2025.03.25-04.44.17:805][558]LogEditorViewport: Clicking on Actor (LMB): StaticMeshActor (Floor2)
[2025.03.25-04.44.36:210][766]LogHttp: Warning: 000002CB4F243900: invalid HTTP response code received. URL: https://datarouter.ol.epicgames.com/datarouter/api/v1/public/data?SessionID=%7B52EE5E38-4C3D-8216-5318-08BD2EB56133%7D&AppID=UEEditor.Rocket.Release&AppVersion=4.27.2-18319896%2B%2B%2BUE4%2BRelease-4.27&UserID=4dadba1840df393f01f03bb4251131e7%7C8200f8875fa445f5b01f2fa9e0ce4780%7Cb587297a-ff5c-45fe-b03b-545ac00d4e54&AppEnvironment=datacollector-binary&UploadType=eteventstream, HTTP code: 0, content length: 0, actual payload size: 0
[2025.03.25-04.44.36:211][766]LogHttp: Warning: 000002CB4F243900: request failed, libcurl error: 7 (Couldn't connect to server)
[2025.03.25-04.44.36:211][766]LogHttp: Warning: 000002CB4F243900: libcurl info message cache 0 (Hostname in DNS cache was stale, zapped)
[2025.03.25-04.44.36:211][766]LogHttp: Warning: 000002CB4F243900: libcurl info message cache 1 (  Trying 127.0.0.1...)
[2025.03.25-04.44.36:211][766]LogHttp: Warning: 000002CB4F243900: libcurl info message cache 2 (TCP_NODELAY set)
[2025.03.25-04.44.36:211][766]LogHttp: Warning: 000002CB4F243900: libcurl info message cache 3 (connect to 127.0.0.1 port 56472 failed: Connection refused)
[2025.03.25-04.44.36:211][766]LogHttp: Warning: 000002CB4F243900: libcurl info message cache 4 (Failed to connect to 127.0.0.1 port 56472: Connection refused)
[2025.03.25-04.44.36:211][766]LogHttp: Warning: 000002CB4F243900: libcurl info message cache 5 (Closing connection 110)
[2025.03.25-04.44.36:211][766]LogHttp: Warning: Retry exhausted on https://datarouter.ol.epicgames.com/datarouter/api/v1/public/data?SessionID=%7B52EE5E38-4C3D-8216-5318-08BD2EB56133%7D&AppID=UEEditor.Rocket.Release&AppVersion=4.27.2-18319896%2B%2B%2BUE4%2BRelease-4.27&UserID=4dadba1840df393f01f03bb4251131e7%7C8200f8875fa445f5b01f2fa9e0ce4780%7Cb587297a-ff5c-45fe-b03b-545ac00d4e54&AppEnvironment=datacollector-binary&UploadType=eteventstream
[2025.03.25-04.45.36:410][ 39]LogHttp: Warning: 000002CA93E92B00: invalid HTTP response code received. URL: https://datarouter.ol.epicgames.com/datarouter/api/v1/public/data?SessionID=%7B52EE5E38-4C3D-8216-5318-08BD2EB56133%7D&AppID=UEEditor.Rocket.Release&AppVersion=4.27.2-18319896%2B%2B%2BUE4%2BRelease-4.27&UserID=4dadba1840df393f01f03bb4251131e7%7C8200f8875fa445f5b01f2fa9e0ce4780%7Cb587297a-ff5c-45fe-b03b-545ac00d4e54&AppEnvironment=datacollector-binary&UploadType=eteventstream, HTTP code: 0, content length: 0, actual payload size: 0
[2025.03.25-04.45.36:410][ 39]LogHttp: Warning: 000002CA93E92B00: request failed, libcurl error: 7 (Couldn't connect to server)
[2025.03.25-04.45.36:410][ 39]LogHttp: Warning: 000002CA93E92B00: libcurl info message cache 0 (Hostname in DNS cache was stale, zapped)
[2025.03.25-04.45.36:410][ 39]LogHttp: Warning: 000002CA93E92B00: libcurl info message cache 1 (  Trying 127.0.0.1...)
[2025.03.25-04.45.36:410][ 39]LogHttp: Warning: 000002CA93E92B00: libcurl info message cache 2 (TCP_NODELAY set)
[2025.03.25-04.45.36:410][ 39]LogHttp: Warning: 000002CA93E92B00: libcurl info message cache 3 (connect to 127.0.0.1 port 56472 failed: Connection refused)
[2025.03.25-04.45.36:410][ 39]LogHttp: Warning: 000002CA93E92B00: libcurl info message cache 4 (Failed to connect to 127.0.0.1 port 56472: Connection refused)
[2025.03.25-04.45.36:410][ 39]LogHttp: Warning: 000002CA93E92B00: libcurl info message cache 5 (Closing connection 111)
[2025.03.25-04.45.36:745][ 40]LogHttp: Warning: Retry exhausted on https://datarouter.ol.epicgames.com/datarouter/api/v1/public/data?SessionID=%7B52EE5E38-4C3D-8216-5318-08BD2EB56133%7D&AppID=UEEditor.Rocket.Release&AppVersion=4.27.2-18319896%2B%2B%2BUE4%2BRelease-4.27&UserID=4dadba1840df393f01f03bb4251131e7%7C8200f8875fa445f5b01f2fa9e0ce4780%7Cb587297a-ff5c-45fe-b03b-545ac00d4e54&AppEnvironment=datacollector-binary&UploadType=eteventstream
[2025.03.25-04.46.36:408][218]LogHttp: Warning: 000002CA93E92B00: invalid HTTP response code received. URL: https://datarouter.ol.epicgames.com/datarouter/api/v1/public/data?SessionID=%7B52EE5E38-4C3D-8216-5318-08BD2EB56133%7D&AppID=UEEditor.Rocket.Release&AppVersion=4.27.2-18319896%2B%2B%2BUE4%2BRelease-4.27&UserID=4dadba1840df393f01f03bb4251131e7%7C8200f8875fa445f5b01f2fa9e0ce4780%7Cb587297a-ff5c-45fe-b03b-545ac00d4e54&AppEnvironment=datacollector-binary&UploadType=eteventstream, HTTP code: 0, content length: 0, actual payload size: 0
[2025.03.25-04.46.36:408][218]LogHttp: Warning: 000002CA93E92B00: request failed, libcurl error: 7 (Couldn't connect to server)
[2025.03.25-04.46.36:408][218]LogHttp: Warning: 000002CA93E92B00: libcurl info message cache 0 (Hostname in DNS cache was stale, zapped)
[2025.03.25-04.46.36:408][218]LogHttp: Warning: 000002CA93E92B00: libcurl info message cache 1 (  Trying 127.0.0.1...)
[2025.03.25-04.46.36:408][218]LogHttp: Warning: 000002CA93E92B00: libcurl info message cache 2 (TCP_NODELAY set)
[2025.03.25-04.46.36:408][218]LogHttp: Warning: 000002CA93E92B00: libcurl info message cache 3 (connect to 127.0.0.1 port 56472 failed: Connection refused)
[2025.03.25-04.46.36:408][218]LogHttp: Warning: 000002CA93E92B00: libcurl info message cache 4 (Failed to connect to 127.0.0.1 port 56472: Connection refused)
[2025.03.25-04.46.36:408][218]LogHttp: Warning: 000002CA93E92B00: libcurl info message cache 5 (Closing connection 112)
[2025.03.25-04.46.36:408][218]LogHttp: Warning: Retry exhausted on https://datarouter.ol.epicgames.com/datarouter/api/v1/public/data?SessionID=%7B52EE5E38-4C3D-8216-5318-08BD2EB56133%7D&AppID=UEEditor.Rocket.Release&AppVersion=4.27.2-18319896%2B%2B%2BUE4%2BRelease-4.27&UserID=4dadba1840df393f01f03bb4251131e7%7C8200f8875fa445f5b01f2fa9e0ce4780%7Cb587297a-ff5c-45fe-b03b-545ac00d4e54&AppEnvironment=datacollector-binary&UploadType=eteventstream
[2025.03.25-04.47.36:359][397]LogHttp: Warning: 000002CA93E92B00: invalid HTTP response code received. URL: https://datarouter.ol.epicgames.com/datarouter/api/v1/public/data?SessionID=%7B52EE5E38-4C3D-8216-5318-08BD2EB56133%7D&AppID=UEEditor.Rocket.Release&AppVersion=4.27.2-18319896%2B%2B%2BUE4%2BRelease-4.27&UserID=4dadba1840df393f01f03bb4251131e7%7C8200f8875fa445f5b01f2fa9e0ce4780%7Cb587297a-ff5c-45fe-b03b-545ac00d4e54&AppEnvironment=datacollector-binary&UploadType=eteventstream, HTTP code: 0, content length: 0, actual payload size: 0
[2025.03.25-04.47.36:359][397]LogHttp: Warning: 000002CA93E92B00: request failed, libcurl error: 7 (Couldn't connect to server)
[2025.03.25-04.47.36:359][397]LogHttp: Warning: 000002CA93E92B00: libcurl info message cache 0 (Hostname in DNS cache was stale, zapped)
[2025.03.25-04.47.36:359][397]LogHttp: Warning: 000002CA93E92B00: libcurl info message cache 1 (  Trying 127.0.0.1...)
[2025.03.25-04.47.36:359][397]LogHttp: Warning: 000002CA93E92B00: libcurl info message cache 2 (TCP_NODELAY set)
[2025.03.25-04.47.36:359][397]LogHttp: Warning: 000002CA93E92B00: libcurl info message cache 3 (connect to 127.0.0.1 port 56472 failed: Connection refused)
[2025.03.25-04.47.36:359][397]LogHttp: Warning: 000002CA93E92B00: libcurl info message cache 4 (Failed to connect to 127.0.0.1 port 56472: Connection refused)
[2025.03.25-04.47.36:359][397]LogHttp: Warning: 000002CA93E92B00: libcurl info message cache 5 (Closing connection 113)
[2025.03.25-04.47.36:694][398]LogHttp: Warning: Retry exhausted on https://datarouter.ol.epicgames.com/datarouter/api/v1/public/data?SessionID=%7B52EE5E38-4C3D-8216-5318-08BD2EB56133%7D&AppID=UEEditor.Rocket.Release&AppVersion=4.27.2-18319896%2B%2B%2BUE4%2BRelease-4.27&UserID=4dadba1840df393f01f03bb4251131e7%7C8200f8875fa445f5b01f2fa9e0ce4780%7Cb587297a-ff5c-45fe-b03b-545ac00d4e54&AppEnvironment=datacollector-binary&UploadType=eteventstream
[2025.03.25-04.48.36:358][576]LogHttp: Warning: 000002CA93E92B00: invalid HTTP response code received. URL: https://datarouter.ol.epicgames.com/datarouter/api/v1/public/data?SessionID=%7B52EE5E38-4C3D-8216-5318-08BD2EB56133%7D&AppID=UEEditor.Rocket.Release&AppVersion=4.27.2-18319896%2B%2B%2BUE4%2BRelease-4.27&UserID=4dadba1840df393f01f03bb4251131e7%7C8200f8875fa445f5b01f2fa9e0ce4780%7Cb587297a-ff5c-45fe-b03b-545ac00d4e54&AppEnvironment=datacollector-binary&UploadType=eteventstream, HTTP code: 0, content length: 0, actual payload size: 0
[2025.03.25-04.48.36:358][576]LogHttp: Warning: 000002CA93E92B00: request failed, libcurl error: 7 (Couldn't connect to server)
[2025.03.25-04.48.36:358][576]LogHttp: Warning: 000002CA93E92B00: libcurl info message cache 0 (Hostname in DNS cache was stale, zapped)
[2025.03.25-04.48.36:358][576]LogHttp: Warning: 000002CA93E92B00: libcurl info message cache 1 (  Trying 127.0.0.1...)
[2025.03.25-04.48.36:358][576]LogHttp: Warning: 000002CA93E92B00: libcurl info message cache 2 (TCP_NODELAY set)
[2025.03.25-04.48.36:358][576]LogHttp: Warning: 000002CA93E92B00: libcurl info message cache 3 (connect to 127.0.0.1 port 56472 failed: Connection refused)
[2025.03.25-04.48.36:358][576]LogHttp: Warning: 000002CA93E92B00: libcurl info message cache 4 (Failed to connect to 127.0.0.1 port 56472: Connection refused)
[2025.03.25-04.48.36:358][576]LogHttp: Warning: 000002CA93E92B00: libcurl info message cache 5 (Closing connection 114)
[2025.03.25-04.48.36:358][576]LogHttp: Warning: Retry exhausted on https://datarouter.ol.epicgames.com/datarouter/api/v1/public/data?SessionID=%7B52EE5E38-4C3D-8216-5318-08BD2EB56133%7D&AppID=UEEditor.Rocket.Release&AppVersion=4.27.2-18319896%2B%2B%2BUE4%2BRelease-4.27&UserID=4dadba1840df393f01f03bb4251131e7%7C8200f8875fa445f5b01f2fa9e0ce4780%7Cb587297a-ff5c-45fe-b03b-545ac00d4e54&AppEnvironment=datacollector-binary&UploadType=eteventstream
[2025.03.25-04.49.36:330][755]LogHttp: Warning: 000002CB0FA87200: invalid HTTP response code received. URL: https://datarouter.ol.epicgames.com/datarouter/api/v1/public/data?SessionID=%7B52EE5E38-4C3D-8216-5318-08BD2EB56133%7D&AppID=UEEditor.Rocket.Release&AppVersion=4.27.2-18319896%2B%2B%2BUE4%2BRelease-4.27&UserID=4dadba1840df393f01f03bb4251131e7%7C8200f8875fa445f5b01f2fa9e0ce4780%7Cb587297a-ff5c-45fe-b03b-545ac00d4e54&AppEnvironment=datacollector-binary&UploadType=eteventstream, HTTP code: 0, content length: 0, actual payload size: 0
[2025.03.25-04.49.36:332][755]LogHttp: Warning: 000002CB0FA87200: request failed, libcurl error: 7 (Couldn't connect to server)
[2025.03.25-04.49.36:332][755]LogHttp: Warning: 000002CB0FA87200: libcurl info message cache 0 (Hostname in DNS cache was stale, zapped)
[2025.03.25-04.49.36:332][755]LogHttp: Warning: 000002CB0FA87200: libcurl info message cache 1 (  Trying 127.0.0.1...)
[2025.03.25-04.49.36:332][755]LogHttp: Warning: 000002CB0FA87200: libcurl info message cache 2 (TCP_NODELAY set)
[2025.03.25-04.49.36:332][755]LogHttp: Warning: 000002CB0FA87200: libcurl info message cache 3 (connect to 127.0.0.1 port 56472 failed: Connection refused)
[2025.03.25-04.49.36:332][755]LogHttp: Warning: 000002CB0FA87200: libcurl info message cache 4 (Failed to connect to 127.0.0.1 port 56472: Connection refused)
[2025.03.25-04.49.36:332][755]LogHttp: Warning: 000002CB0FA87200: libcurl info message cache 5 (Closing connection 115)
[2025.03.25-04.49.36:671][756]LogHttp: Warning: Retry exhausted on https://datarouter.ol.epicgames.com/datarouter/api/v1/public/data?SessionID=%7B52EE5E38-4C3D-8216-5318-08BD2EB56133%7D&AppID=UEEditor.Rocket.Release&AppVersion=4.27.2-18319896%2B%2B%2BUE4%2BRelease-4.27&UserID=4dadba1840df393f01f03bb4251131e7%7C8200f8875fa445f5b01f2fa9e0ce4780%7Cb587297a-ff5c-45fe-b03b-545ac00d4e54&AppEnvironment=datacollector-binary&UploadType=eteventstream
[2025.03.25-04.50.36:280][934]LogHttp: Warning: 000002CB0FA87200: invalid HTTP response code received. URL: https://datarouter.ol.epicgames.com/datarouter/api/v1/public/data?SessionID=%7B52EE5E38-4C3D-8216-5318-08BD2EB56133%7D&AppID=UEEditor.Rocket.Release&AppVersion=4.27.2-18319896%2B%2B%2BUE4%2BRelease-4.27&UserID=4dadba1840df393f01f03bb4251131e7%7C8200f8875fa445f5b01f2fa9e0ce4780%7Cb587297a-ff5c-45fe-b03b-545ac00d4e54&AppEnvironment=datacollector-binary&UploadType=eteventstream, HTTP code: 0, content length: 0, actual payload size: 0
[2025.03.25-04.50.36:280][934]LogHttp: Warning: 000002CB0FA87200: request failed, libcurl error: 7 (Couldn't connect to server)
[2025.03.25-04.50.36:280][934]LogHttp: Warning: 000002CB0FA87200: libcurl info message cache 0 (Hostname 127.0.0.1 was found in DNS cache)
[2025.03.25-04.50.36:280][934]LogHttp: Warning: 000002CB0FA87200: libcurl info message cache 1 (  Trying 127.0.0.1...)
[2025.03.25-04.50.36:280][934]LogHttp: Warning: 000002CB0FA87200: libcurl info message cache 2 (TCP_NODELAY set)
[2025.03.25-04.50.36:280][934]LogHttp: Warning: 000002CB0FA87200: libcurl info message cache 3 (connect to 127.0.0.1 port 56472 failed: Connection refused)
[2025.03.25-04.50.36:280][934]LogHttp: Warning: 000002CB0FA87200: libcurl info message cache 4 (Failed to connect to 127.0.0.1 port 56472: Connection refused)
[2025.03.25-04.50.36:280][934]LogHttp: Warning: 000002CB0FA87200: libcurl info message cache 5 (Closing connection 116)
[2025.03.25-04.50.36:280][934]LogHttp: Warning: Retry exhausted on https://datarouter.ol.epicgames.com/datarouter/api/v1/public/data?SessionID=%7B52EE5E38-4C3D-8216-5318-08BD2EB56133%7D&AppID=UEEditor.Rocket.Release&AppVersion=4.27.2-18319896%2B%2B%2BUE4%2BRelease-4.27&UserID=4dadba1840df393f01f03bb4251131e7%7C8200f8875fa445f5b01f2fa9e0ce4780%7Cb587297a-ff5c-45fe-b03b-545ac00d4e54&AppEnvironment=datacollector-binary&UploadType=eteventstream
[2025.03.25-04.51.31:987][142]LogAudioMixer: Warning: Changing default audio render device to new device: {0.0.0.00000000}.{28889e13-a039-4157-b81b-f8eed91d53ed}.
[2025.03.25-04.51.31:987][142]LogAudioMixer: Resetting audio stream to device id 
[2025.03.25-04.51.32:020][142]LogAudioMixer: Display: 0: FrontLeft
[2025.03.25-04.51.32:020][142]LogAudioMixer: Display: 1: FrontRight
[2025.03.25-04.51.36:915][156]LogHttp: Warning: 000002CA90080F00: invalid HTTP response code received. URL: https://datarouter.ol.epicgames.com/datarouter/api/v1/public/data?SessionID=%7B52EE5E38-4C3D-8216-5318-08BD2EB56133%7D&AppID=UEEditor.Rocket.Release&AppVersion=4.27.2-18319896%2B%2B%2BUE4%2BRelease-4.27&UserID=4dadba1840df393f01f03bb4251131e7%7C8200f8875fa445f5b01f2fa9e0ce4780%7Cb587297a-ff5c-45fe-b03b-545ac00d4e54&AppEnvironment=datacollector-binary&UploadType=eteventstream, HTTP code: 0, content length: 0, actual payload size: 0
[2025.03.25-04.51.36:916][156]LogHttp: Warning: 000002CA90080F00: request failed, libcurl error: 7 (Couldn't connect to server)
[2025.03.25-04.51.36:916][156]LogHttp: Warning: 000002CA90080F00: libcurl info message cache 0 (  Trying 127.0.0.1...)
[2025.03.25-04.51.36:916][156]LogHttp: Warning: 000002CA90080F00: libcurl info message cache 1 (TCP_NODELAY set)
[2025.03.25-04.51.36:916][156]LogHttp: Warning: 000002CA90080F00: libcurl info message cache 2 (connect to 127.0.0.1 port 56472 failed: Connection refused)
[2025.03.25-04.51.36:916][156]LogHttp: Warning: 000002CA90080F00: libcurl info message cache 3 (Failed to connect to 127.0.0.1 port 56472: Connection refused)
[2025.03.25-04.51.36:916][156]LogHttp: Warning: 000002CA90080F00: libcurl info message cache 4 (Closing connection 117)
[2025.03.25-04.51.36:916][156]LogHttp: Warning: Retry exhausted on https://datarouter.ol.epicgames.com/datarouter/api/v1/public/data?SessionID=%7B52EE5E38-4C3D-8216-5318-08BD2EB56133%7D&AppID=UEEditor.Rocket.Release&AppVersion=4.27.2-18319896%2B%2B%2BUE4%2BRelease-4.27&UserID=4dadba1840df393f01f03bb4251131e7%7C8200f8875fa445f5b01f2fa9e0ce4780%7Cb587297a-ff5c-45fe-b03b-545ac00d4e54&AppEnvironment=datacollector-binary&UploadType=eteventstream
[2025.03.25-04.51.42:473][169]LogAudioMixer: Warning: Changing default audio render device to new device: {0.0.0.00000000}.{9cd014f6-e44b-4026-ac05-e666d50ce081}.
[2025.03.25-04.51.42:473][169]LogAudioMixer: Resetting audio stream to device id 
[2025.03.25-04.51.42:504][169]LogAudioMixer: Display: 0: FrontLeft
[2025.03.25-04.51.42:504][169]LogAudioMixer: Display: 1: FrontRight
[2025.03.25-04.52.36:483][330]LogHttp: Warning: 000002CB0FA86B00: invalid HTTP response code received. URL: https://datarouter.ol.epicgames.com/datarouter/api/v1/public/data?SessionID=%7B52EE5E38-4C3D-8216-5318-08BD2EB56133%7D&AppID=UEEditor.Rocket.Release&AppVersion=4.27.2-18319896%2B%2B%2BUE4%2BRelease-4.27&UserID=4dadba1840df393f01f03bb4251131e7%7C8200f8875fa445f5b01f2fa9e0ce4780%7Cb587297a-ff5c-45fe-b03b-545ac00d4e54&AppEnvironment=datacollector-binary&UploadType=eteventstream, HTTP code: 0, content length: 0, actual payload size: 0
[2025.03.25-04.52.36:483][330]LogHttp: Warning: 000002CB0FA86B00: request failed, libcurl error: 7 (Couldn't connect to server)
[2025.03.25-04.52.36:483][330]LogHttp: Warning: 000002CB0FA86B00: libcurl info message cache 0 (Hostname in DNS cache was stale, zapped)
[2025.03.25-04.52.36:483][330]LogHttp: Warning: 000002CB0FA86B00: libcurl info message cache 1 (  Trying 127.0.0.1...)
[2025.03.25-04.52.36:483][330]LogHttp: Warning: 000002CB0FA86B00: libcurl info message cache 2 (TCP_NODELAY set)
[2025.03.25-04.52.36:483][330]LogHttp: Warning: 000002CB0FA86B00: libcurl info message cache 3 (connect to 127.0.0.1 port 56472 failed: Connection refused)
[2025.03.25-04.52.36:483][330]LogHttp: Warning: 000002CB0FA86B00: libcurl info message cache 4 (Failed to connect to 127.0.0.1 port 56472: Connection refused)
[2025.03.25-04.52.36:483][330]LogHttp: Warning: 000002CB0FA86B00: libcurl info message cache 5 (Closing connection 118)
[2025.03.25-04.52.36:483][330]LogHttp: Warning: Retry exhausted on https://datarouter.ol.epicgames.com/datarouter/api/v1/public/data?SessionID=%7B52EE5E38-4C3D-8216-5318-08BD2EB56133%7D&AppID=UEEditor.Rocket.Release&AppVersion=4.27.2-18319896%2B%2B%2BUE4%2BRelease-4.27&UserID=4dadba1840df393f01f03bb4251131e7%7C8200f8875fa445f5b01f2fa9e0ce4780%7Cb587297a-ff5c-45fe-b03b-545ac00d4e54&AppEnvironment=datacollector-binary&UploadType=eteventstream
[2025.03.25-04.52.46:699][358]LogAudioMixer: Warning: Changing default audio render device to new device: {0.0.0.00000000}.{28889e13-a039-4157-b81b-f8eed91d53ed}.
[2025.03.25-04.52.46:699][358]LogAudioMixer: Resetting audio stream to device id 
[2025.03.25-04.52.46:740][358]LogAudioMixer: Display: 0: FrontLeft
[2025.03.25-04.52.46:740][358]LogAudioMixer: Display: 1: FrontRight
[2025.03.25-04.52.50:205][369]LogD3D11RHI: Timed out while waiting for GPU to catch up. (0.5 s) (ErrorCode 00000001) (00000000)
[2025.03.25-04.52.54:161][370]LogAudioMixer: Warning: Changing default audio render device to new device: {0.0.0.00000000}.{9cd014f6-e44b-4026-ac05-e666d50ce081}.
[2025.03.25-04.52.54:194][370]LogAudioMixer: Resetting audio stream to device id 
[2025.03.25-04.52.54:232][370]LogAudioMixer: Display: 0: FrontLeft
[2025.03.25-04.52.54:232][370]LogAudioMixer: Display: 1: FrontRight
[2025.03.25-04.53.18:835][442]LogAudioMixer: Warning: Changing default audio render device to new device: {0.0.0.00000000}.{28889e13-a039-4157-b81b-f8eed91d53ed}.
[2025.03.25-04.53.18:835][442]LogAudioMixer: Resetting audio stream to device id 
[2025.03.25-04.53.18:872][442]LogAudioMixer: Display: 0: FrontLeft
[2025.03.25-04.53.18:872][442]LogAudioMixer: Display: 1: FrontRight
[2025.03.25-04.53.20:511][447]LogAudioMixer: Warning: Changing default audio render device to new device: {0.0.0.00000000}.{9cd014f6-e44b-4026-ac05-e666d50ce081}.
[2025.03.25-04.53.20:511][447]LogAudioMixer: Resetting audio stream to device id 
[2025.03.25-04.53.20:537][447]LogAudioMixer: Display: 0: FrontLeft
[2025.03.25-04.53.20:537][447]LogAudioMixer: Display: 1: FrontRight
[2025.03.25-04.53.36:253][495]LogHttp: Warning: 000002CB122A1600: invalid HTTP response code received. URL: https://datarouter.ol.epicgames.com/datarouter/api/v1/public/data?SessionID=%7B52EE5E38-4C3D-8216-5318-08BD2EB56133%7D&AppID=UEEditor.Rocket.Release&AppVersion=4.27.2-18319896%2B%2B%2BUE4%2BRelease-4.27&UserID=4dadba1840df393f01f03bb4251131e7%7C8200f8875fa445f5b01f2fa9e0ce4780%7Cb587297a-ff5c-45fe-b03b-545ac00d4e54&AppEnvironment=datacollector-binary&UploadType=eteventstream, HTTP code: 0, content length: 0, actual payload size: 0
[2025.03.25-04.53.36:253][495]LogHttp: Warning: 000002CB122A1600: request failed, libcurl error: 7 (Couldn't connect to server)
[2025.03.25-04.53.36:253][495]LogHttp: Warning: 000002CB122A1600: libcurl info message cache 0 (Hostname 127.0.0.1 was found in DNS cache)
[2025.03.25-04.53.36:253][495]LogHttp: Warning: 000002CB122A1600: libcurl info message cache 1 (  Trying 127.0.0.1...)
[2025.03.25-04.53.36:253][495]LogHttp: Warning: 000002CB122A1600: libcurl info message cache 2 (TCP_NODELAY set)
[2025.03.25-04.53.36:253][495]LogHttp: Warning: 000002CB122A1600: libcurl info message cache 3 (connect to 127.0.0.1 port 56472 failed: Connection refused)
[2025.03.25-04.53.36:253][495]LogHttp: Warning: 000002CB122A1600: libcurl info message cache 4 (Failed to connect to 127.0.0.1 port 56472: Connection refused)
[2025.03.25-04.53.36:253][495]LogHttp: Warning: 000002CB122A1600: libcurl info message cache 5 (Closing connection 119)
[2025.03.25-04.53.36:586][496]LogHttp: Warning: Retry exhausted on https://datarouter.ol.epicgames.com/datarouter/api/v1/public/data?SessionID=%7B52EE5E38-4C3D-8216-5318-08BD2EB56133%7D&AppID=UEEditor.Rocket.Release&AppVersion=4.27.2-18319896%2B%2B%2BUE4%2BRelease-4.27&UserID=4dadba1840df393f01f03bb4251131e7%7C8200f8875fa445f5b01f2fa9e0ce4780%7Cb587297a-ff5c-45fe-b03b-545ac00d4e54&AppEnvironment=datacollector-binary&UploadType=eteventstream
[2025.03.25-04.54.25:453][639]LogAudioMixer: Warning: Changing default audio render device to new device: {0.0.0.00000000}.{28889e13-a039-4157-b81b-f8eed91d53ed}.
[2025.03.25-04.54.25:453][639]LogAudioMixer: Resetting audio stream to device id 
[2025.03.25-04.54.25:490][639]LogAudioMixer: Display: 0: FrontLeft
[2025.03.25-04.54.25:490][639]LogAudioMixer: Display: 1: FrontRight
[2025.03.25-04.54.36:703][670]LogHttp: Warning: 000002CA8F958800: invalid HTTP response code received. URL: https://datarouter.ol.epicgames.com/datarouter/api/v1/public/data?SessionID=%7B52EE5E38-4C3D-8216-5318-08BD2EB56133%7D&AppID=UEEditor.Rocket.Release&AppVersion=4.27.2-18319896%2B%2B%2BUE4%2BRelease-4.27&UserID=4dadba1840df393f01f03bb4251131e7%7C8200f8875fa445f5b01f2fa9e0ce4780%7Cb587297a-ff5c-45fe-b03b-545ac00d4e54&AppEnvironment=datacollector-binary&UploadType=eteventstream, HTTP code: 0, content length: 0, actual payload size: 0
[2025.03.25-04.54.36:703][670]LogHttp: Warning: 000002CA8F958800: request failed, libcurl error: 7 (Couldn't connect to server)
[2025.03.25-04.54.36:703][670]LogHttp: Warning: 000002CA8F958800: libcurl info message cache 0 (  Trying 127.0.0.1...)
[2025.03.25-04.54.36:703][670]LogHttp: Warning: 000002CA8F958800: libcurl info message cache 1 (TCP_NODELAY set)
[2025.03.25-04.54.36:703][670]LogHttp: Warning: 000002CA8F958800: libcurl info message cache 2 (connect to 127.0.0.1 port 56472 failed: Connection refused)
[2025.03.25-04.54.36:703][670]LogHttp: Warning: 000002CA8F958800: libcurl info message cache 3 (Failed to connect to 127.0.0.1 port 56472: Connection refused)
[2025.03.25-04.54.36:703][670]LogHttp: Warning: 000002CA8F958800: libcurl info message cache 4 (Closing connection 120)
[2025.03.25-04.54.36:703][670]LogHttp: Warning: Retry exhausted on https://datarouter.ol.epicgames.com/datarouter/api/v1/public/data?SessionID=%7B52EE5E38-4C3D-8216-5318-08BD2EB56133%7D&AppID=UEEditor.Rocket.Release&AppVersion=4.27.2-18319896%2B%2B%2BUE4%2BRelease-4.27&UserID=4dadba1840df393f01f03bb4251131e7%7C8200f8875fa445f5b01f2fa9e0ce4780%7Cb587297a-ff5c-45fe-b03b-545ac00d4e54&AppEnvironment=datacollector-binary&UploadType=eteventstream
[2025.03.25-04.55.26:937][819]LogD3D11RHI: Timed out while waiting for GPU to catch up. (0.5 s) (ErrorCode 00000001) (00000000)
[2025.03.25-04.55.36:482][848]LogHttp: Warning: 000002CA8F958F00: invalid HTTP response code received. URL: https://datarouter.ol.epicgames.com/datarouter/api/v1/public/data?SessionID=%7B52EE5E38-4C3D-8216-5318-08BD2EB56133%7D&AppID=UEEditor.Rocket.Release&AppVersion=4.27.2-18319896%2B%2B%2BUE4%2BRelease-4.27&UserID=4dadba1840df393f01f03bb4251131e7%7C8200f8875fa445f5b01f2fa9e0ce4780%7Cb587297a-ff5c-45fe-b03b-545ac00d4e54&AppEnvironment=datacollector-binary&UploadType=eteventstream, HTTP code: 0, content length: 0, actual payload size: 0
[2025.03.25-04.55.36:482][848]LogHttp: Warning: 000002CA8F958F00: request failed, libcurl error: 7 (Couldn't connect to server)
[2025.03.25-04.55.36:482][848]LogHttp: Warning: 000002CA8F958F00: libcurl info message cache 0 (Hostname in DNS cache was stale, zapped)
[2025.03.25-04.55.36:482][848]LogHttp: Warning: 000002CA8F958F00: libcurl info message cache 1 (  Trying 127.0.0.1...)
[2025.03.25-04.55.36:482][848]LogHttp: Warning: 000002CA8F958F00: libcurl info message cache 2 (TCP_NODELAY set)
[2025.03.25-04.55.36:482][848]LogHttp: Warning: 000002CA8F958F00: libcurl info message cache 3 (connect to 127.0.0.1 port 56472 failed: Connection refused)
[2025.03.25-04.55.36:482][848]LogHttp: Warning: 000002CA8F958F00: libcurl info message cache 4 (Failed to connect to 127.0.0.1 port 56472: Connection refused)
[2025.03.25-04.55.36:482][848]LogHttp: Warning: 000002CA8F958F00: libcurl info message cache 5 (Closing connection 121)
[2025.03.25-04.55.36:482][848]LogHttp: Warning: Retry exhausted on https://datarouter.ol.epicgames.com/datarouter/api/v1/public/data?SessionID=%7B52EE5E38-4C3D-8216-5318-08BD2EB56133%7D&AppID=UEEditor.Rocket.Release&AppVersion=4.27.2-18319896%2B%2B%2BUE4%2BRelease-4.27&UserID=4dadba1840df393f01f03bb4251131e7%7C8200f8875fa445f5b01f2fa9e0ce4780%7Cb587297a-ff5c-45fe-b03b-545ac00d4e54&AppEnvironment=datacollector-binary&UploadType=eteventstream
[2025.03.25-04.56.12:155][954]LogD3D11RHI: Timed out while waiting for GPU to catch up. (0.5 s) (ErrorCode 00000001) (00000000)
[2025.03.25-04.56.36:260][ 26]LogHttp: Warning: 000002CB57BECF00: invalid HTTP response code received. URL: https://datarouter.ol.epicgames.com/datarouter/api/v1/public/data?SessionID=%7B52EE5E38-4C3D-8216-5318-08BD2EB56133%7D&AppID=UEEditor.Rocket.Release&AppVersion=4.27.2-18319896%2B%2B%2BUE4%2BRelease-4.27&UserID=4dadba1840df393f01f03bb4251131e7%7C8200f8875fa445f5b01f2fa9e0ce4780%7Cb587297a-ff5c-45fe-b03b-545ac00d4e54&AppEnvironment=datacollector-binary&UploadType=eteventstream, HTTP code: 0, content length: 0, actual payload size: 0
[2025.03.25-04.56.36:260][ 26]LogHttp: Warning: 000002CB57BECF00: request failed, libcurl error: 7 (Couldn't connect to server)
[2025.03.25-04.56.36:260][ 26]LogHttp: Warning: 000002CB57BECF00: libcurl info message cache 0 (Hostname in DNS cache was stale, zapped)
[2025.03.25-04.56.36:260][ 26]LogHttp: Warning: 000002CB57BECF00: libcurl info message cache 1 (  Trying 127.0.0.1...)
[2025.03.25-04.56.36:260][ 26]LogHttp: Warning: 000002CB57BECF00: libcurl info message cache 2 (TCP_NODELAY set)
[2025.03.25-04.56.36:260][ 26]LogHttp: Warning: 000002CB57BECF00: libcurl info message cache 3 (connect to 127.0.0.1 port 56472 failed: Connection refused)
[2025.03.25-04.56.36:260][ 26]LogHttp: Warning: 000002CB57BECF00: libcurl info message cache 4 (Failed to connect to 127.0.0.1 port 56472: Connection refused)
[2025.03.25-04.56.36:260][ 26]LogHttp: Warning: 000002CB57BECF00: libcurl info message cache 5 (Closing connection 122)
[2025.03.25-04.56.36:260][ 26]LogHttp: Warning: Retry exhausted on https://datarouter.ol.epicgames.com/datarouter/api/v1/public/data?SessionID=%7B52EE5E38-4C3D-8216-5318-08BD2EB56133%7D&AppID=UEEditor.Rocket.Release&AppVersion=4.27.2-18319896%2B%2B%2BUE4%2BRelease-4.27&UserID=4dadba1840df393f01f03bb4251131e7%7C8200f8875fa445f5b01f2fa9e0ce4780%7Cb587297a-ff5c-45fe-b03b-545ac00d4e54&AppEnvironment=datacollector-binary&UploadType=eteventstream
[2025.03.25-04.57.03:043][106]LogD3D11RHI: Timed out while waiting for GPU to catch up. (0.5 s) (ErrorCode 00000001) (00000000)
[2025.03.25-04.57.36:370][206]LogHttp: Warning: 000002CA8F958800: invalid HTTP response code received. URL: https://datarouter.ol.epicgames.com/datarouter/api/v1/public/data?SessionID=%7B52EE5E38-4C3D-8216-5318-08BD2EB56133%7D&AppID=UEEditor.Rocket.Release&AppVersion=4.27.2-18319896%2B%2B%2BUE4%2BRelease-4.27&UserID=4dadba1840df393f01f03bb4251131e7%7C8200f8875fa445f5b01f2fa9e0ce4780%7Cb587297a-ff5c-45fe-b03b-545ac00d4e54&AppEnvironment=datacollector-binary&UploadType=eteventstream, HTTP code: 0, content length: 0, actual payload size: 0
[2025.03.25-04.57.36:370][206]LogHttp: Warning: 000002CA8F958800: request failed, libcurl error: 7 (Couldn't connect to server)
[2025.03.25-04.57.36:370][206]LogHttp: Warning: 000002CA8F958800: libcurl info message cache 0 (Hostname in DNS cache was stale, zapped)
[2025.03.25-04.57.36:370][206]LogHttp: Warning: 000002CA8F958800: libcurl info message cache 1 (  Trying 127.0.0.1...)
[2025.03.25-04.57.36:370][206]LogHttp: Warning: 000002CA8F958800: libcurl info message cache 2 (TCP_NODELAY set)
[2025.03.25-04.57.36:370][206]LogHttp: Warning: 000002CA8F958800: libcurl info message cache 3 (connect to 127.0.0.1 port 56472 failed: Connection refused)
[2025.03.25-04.57.36:370][206]LogHttp: Warning: 000002CA8F958800: libcurl info message cache 4 (Failed to connect to 127.0.0.1 port 56472: Connection refused)
[2025.03.25-04.57.36:370][206]LogHttp: Warning: 000002CA8F958800: libcurl info message cache 5 (Closing connection 123)
[2025.03.25-04.57.36:370][206]LogHttp: Warning: Retry exhausted on https://datarouter.ol.epicgames.com/datarouter/api/v1/public/data?SessionID=%7B52EE5E38-4C3D-8216-5318-08BD2EB56133%7D&AppID=UEEditor.Rocket.Release&AppVersion=4.27.2-18319896%2B%2B%2BUE4%2BRelease-4.27&UserID=4dadba1840df393f01f03bb4251131e7%7C8200f8875fa445f5b01f2fa9e0ce4780%7Cb587297a-ff5c-45fe-b03b-545ac00d4e54&AppEnvironment=datacollector-binary&UploadType=eteventstream
[2025.03.25-04.58.19:122][333]LogD3D11RHI: Timed out while waiting for GPU to catch up. (0.5 s) (ErrorCode 00000001) (00000000)
[2025.03.25-04.58.36:030][384]LogHttp: Warning: 000002CA8F958F00: invalid HTTP response code received. URL: https://datarouter.ol.epicgames.com/datarouter/api/v1/public/data?SessionID=%7B52EE5E38-4C3D-8216-5318-08BD2EB56133%7D&AppID=UEEditor.Rocket.Release&AppVersion=4.27.2-18319896%2B%2B%2BUE4%2BRelease-4.27&UserID=4dadba1840df393f01f03bb4251131e7%7C8200f8875fa445f5b01f2fa9e0ce4780%7Cb587297a-ff5c-45fe-b03b-545ac00d4e54&AppEnvironment=datacollector-binary&UploadType=eteventstream, HTTP code: 0, content length: 0, actual payload size: 0
[2025.03.25-04.58.36:030][384]LogHttp: Warning: 000002CA8F958F00: request failed, libcurl error: 7 (Couldn't connect to server)
[2025.03.25-04.58.36:030][384]LogHttp: Warning: 000002CA8F958F00: libcurl info message cache 0 (Hostname 127.0.0.1 was found in DNS cache)
[2025.03.25-04.58.36:030][384]LogHttp: Warning: 000002CA8F958F00: libcurl info message cache 1 (  Trying 127.0.0.1...)
[2025.03.25-04.58.36:030][384]LogHttp: Warning: 000002CA8F958F00: libcurl info message cache 2 (TCP_NODELAY set)
[2025.03.25-04.58.36:030][384]LogHttp: Warning: 000002CA8F958F00: libcurl info message cache 3 (connect to 127.0.0.1 port 56472 failed: Connection refused)
[2025.03.25-04.58.36:030][384]LogHttp: Warning: 000002CA8F958F00: libcurl info message cache 4 (Failed to connect to 127.0.0.1 port 56472: Connection refused)
[2025.03.25-04.58.36:030][384]LogHttp: Warning: 000002CA8F958F00: libcurl info message cache 5 (Closing connection 124)
[2025.03.25-04.58.36:030][384]LogHttp: Warning: Retry exhausted on https://datarouter.ol.epicgames.com/datarouter/api/v1/public/data?SessionID=%7B52EE5E38-4C3D-8216-5318-08BD2EB56133%7D&AppID=UEEditor.Rocket.Release&AppVersion=4.27.2-18319896%2B%2B%2BUE4%2BRelease-4.27&UserID=4dadba1840df393f01f03bb4251131e7%7C8200f8875fa445f5b01f2fa9e0ce4780%7Cb587297a-ff5c-45fe-b03b-545ac00d4e54&AppEnvironment=datacollector-binary&UploadType=eteventstream
[2025.03.25-04.59.36:347][564]LogHttp: Warning: 000002CB57BECF00: invalid HTTP response code received. URL: https://datarouter.ol.epicgames.com/datarouter/api/v1/public/data?SessionID=%7B52EE5E38-4C3D-8216-5318-08BD2EB56133%7D&AppID=UEEditor.Rocket.Release&AppVersion=4.27.2-18319896%2B%2B%2BUE4%2BRelease-4.27&UserID=4dadba1840df393f01f03bb4251131e7%7C8200f8875fa445f5b01f2fa9e0ce4780%7Cb587297a-ff5c-45fe-b03b-545ac00d4e54&AppEnvironment=datacollector-binary&UploadType=eteventstream, HTTP code: 0, content length: 0, actual payload size: 0
[2025.03.25-04.59.36:347][564]LogHttp: Warning: 000002CB57BECF00: request failed, libcurl error: 7 (Couldn't connect to server)
[2025.03.25-04.59.36:347][564]LogHttp: Warning: 000002CB57BECF00: libcurl info message cache 0 (  Trying 127.0.0.1...)
[2025.03.25-04.59.36:347][564]LogHttp: Warning: 000002CB57BECF00: libcurl info message cache 1 (TCP_NODELAY set)
[2025.03.25-04.59.36:347][564]LogHttp: Warning: 000002CB57BECF00: libcurl info message cache 2 (connect to 127.0.0.1 port 56472 failed: Connection refused)
[2025.03.25-04.59.36:347][564]LogHttp: Warning: 000002CB57BECF00: libcurl info message cache 3 (Failed to connect to 127.0.0.1 port 56472: Connection refused)
[2025.03.25-04.59.36:347][564]LogHttp: Warning: 000002CB57BECF00: libcurl info message cache 4 (Closing connection 125)
[2025.03.25-04.59.36:347][564]LogHttp: Warning: Retry exhausted on https://datarouter.ol.epicgames.com/datarouter/api/v1/public/data?SessionID=%7B52EE5E38-4C3D-8216-5318-08BD2EB56133%7D&AppID=UEEditor.Rocket.Release&AppVersion=4.27.2-18319896%2B%2B%2BUE4%2BRelease-4.27&UserID=4dadba1840df393f01f03bb4251131e7%7C8200f8875fa445f5b01f2fa9e0ce4780%7Cb587297a-ff5c-45fe-b03b-545ac00d4e54&AppEnvironment=datacollector-binary&UploadType=eteventstream
[2025.03.25-04.59.56:248][622]LogD3D11RHI: Timed out while waiting for GPU to catch up. (0.5 s) (ErrorCode 00000001) (00000000)
[2025.03.25-05.00.02:608][641]LogD3D11RHI: Timed out while waiting for GPU to catch up. (0.5 s) (ErrorCode 00000001) (00000000)
[2025.03.25-05.00.36:283][742]LogHttp: Warning: 000002CB12BEA400: invalid HTTP response code received. URL: https://datarouter.ol.epicgames.com/datarouter/api/v1/public/data?SessionID=%7B52EE5E38-4C3D-8216-5318-08BD2EB56133%7D&AppID=UEEditor.Rocket.Release&AppVersion=4.27.2-18319896%2B%2B%2BUE4%2BRelease-4.27&UserID=4dadba1840df393f01f03bb4251131e7%7C8200f8875fa445f5b01f2fa9e0ce4780%7Cb587297a-ff5c-45fe-b03b-545ac00d4e54&AppEnvironment=datacollector-binary&UploadType=eteventstream, HTTP code: 0, content length: 0, actual payload size: 0
[2025.03.25-05.00.36:283][742]LogHttp: Warning: 000002CB12BEA400: request failed, libcurl error: 7 (Couldn't connect to server)
[2025.03.25-05.00.36:283][742]LogHttp: Warning: 000002CB12BEA400: libcurl info message cache 0 (Hostname in DNS cache was stale, zapped)
[2025.03.25-05.00.36:283][742]LogHttp: Warning: 000002CB12BEA400: libcurl info message cache 1 (  Trying 127.0.0.1...)
[2025.03.25-05.00.36:283][742]LogHttp: Warning: 000002CB12BEA400: libcurl info message cache 2 (TCP_NODELAY set)
[2025.03.25-05.00.36:283][742]LogHttp: Warning: 000002CB12BEA400: libcurl info message cache 3 (connect to 127.0.0.1 port 56472 failed: Connection refused)
[2025.03.25-05.00.36:283][742]LogHttp: Warning: 000002CB12BEA400: libcurl info message cache 4 (Failed to connect to 127.0.0.1 port 56472: Connection refused)
[2025.03.25-05.00.36:283][742]LogHttp: Warning: 000002CB12BEA400: libcurl info message cache 5 (Closing connection 126)
[2025.03.25-05.00.36:283][742]LogHttp: Warning: Retry exhausted on https://datarouter.ol.epicgames.com/datarouter/api/v1/public/data?SessionID=%7B52EE5E38-4C3D-8216-5318-08BD2EB56133%7D&AppID=UEEditor.Rocket.Release&AppVersion=4.27.2-18319896%2B%2B%2BUE4%2BRelease-4.27&UserID=4dadba1840df393f01f03bb4251131e7%7C8200f8875fa445f5b01f2fa9e0ce4780%7Cb587297a-ff5c-45fe-b03b-545ac00d4e54&AppEnvironment=datacollector-binary&UploadType=eteventstream
[2025.03.25-05.00.56:580][802]LogD3D11RHI: Timed out while waiting for GPU to catch up. (0.5 s) (ErrorCode 00000001) (00000000)
[2025.03.25-05.01.23:422][882]LogD3D11RHI: Timed out while waiting for GPU to catch up. (0.5 s) (ErrorCode 00000001) (00000000)
[2025.03.25-05.01.31:796][907]LogD3D11RHI: Timed out while waiting for GPU to catch up. (0.5 s) (ErrorCode 00000001) (00000000)
[2025.03.25-05.01.36:323][921]LogHttp: Warning: 000002CA8F959D00: invalid HTTP response code received. URL: https://datarouter.ol.epicgames.com/datarouter/api/v1/public/data?SessionID=%7B52EE5E38-4C3D-8216-5318-08BD2EB56133%7D&AppID=UEEditor.Rocket.Release&AppVersion=4.27.2-18319896%2B%2B%2BUE4%2BRelease-4.27&UserID=4dadba1840df393f01f03bb4251131e7%7C8200f8875fa445f5b01f2fa9e0ce4780%7Cb587297a-ff5c-45fe-b03b-545ac00d4e54&AppEnvironment=datacollector-binary&UploadType=eteventstream, HTTP code: 0, content length: 0, actual payload size: 0
[2025.03.25-05.01.36:323][921]LogHttp: Warning: 000002CA8F959D00: request failed, libcurl error: 7 (Couldn't connect to server)
[2025.03.25-05.01.36:323][921]LogHttp: Warning: 000002CA8F959D00: libcurl info message cache 0 (Hostname in DNS cache was stale, zapped)
[2025.03.25-05.01.36:323][921]LogHttp: Warning: 000002CA8F959D00: libcurl info message cache 1 (  Trying 127.0.0.1...)
[2025.03.25-05.01.36:323][921]LogHttp: Warning: 000002CA8F959D00: libcurl info message cache 2 (TCP_NODELAY set)
[2025.03.25-05.01.36:323][921]LogHttp: Warning: 000002CA8F959D00: libcurl info message cache 3 (connect to 127.0.0.1 port 56472 failed: Connection refused)
[2025.03.25-05.01.36:323][921]LogHttp: Warning: 000002CA8F959D00: libcurl info message cache 4 (Failed to connect to 127.0.0.1 port 56472: Connection refused)
[2025.03.25-05.01.36:323][921]LogHttp: Warning: 000002CA8F959D00: libcurl info message cache 5 (Closing connection 127)
[2025.03.25-05.01.36:661][922]LogHttp: Warning: Retry exhausted on https://datarouter.ol.epicgames.com/datarouter/api/v1/public/data?SessionID=%7B52EE5E38-4C3D-8216-5318-08BD2EB56133%7D&AppID=UEEditor.Rocket.Release&AppVersion=4.27.2-18319896%2B%2B%2BUE4%2BRelease-4.27&UserID=4dadba1840df393f01f03bb4251131e7%7C8200f8875fa445f5b01f2fa9e0ce4780%7Cb587297a-ff5c-45fe-b03b-545ac00d4e54&AppEnvironment=datacollector-binary&UploadType=eteventstream
[2025.03.25-05.02.12:685][ 29]LogD3D11RHI: Timed out while waiting for GPU to catch up. (0.5 s) (ErrorCode 00000001) (00000000)
[2025.03.25-05.02.36:315][100]LogHttp: Warning: 000002CB57BEE400: invalid HTTP response code received. URL: https://datarouter.ol.epicgames.com/datarouter/api/v1/public/data?SessionID=%7B52EE5E38-4C3D-8216-5318-08BD2EB56133%7D&AppID=UEEditor.Rocket.Release&AppVersion=4.27.2-18319896%2B%2B%2BUE4%2BRelease-4.27&UserID=4dadba1840df393f01f03bb4251131e7%7C8200f8875fa445f5b01f2fa9e0ce4780%7Cb587297a-ff5c-45fe-b03b-545ac00d4e54&AppEnvironment=datacollector-binary&UploadType=eteventstream, HTTP code: 0, content length: 0, actual payload size: 0
[2025.03.25-05.02.36:315][100]LogHttp: Warning: 000002CB57BEE400: request failed, libcurl error: 7 (Couldn't connect to server)
[2025.03.25-05.02.36:315][100]LogHttp: Warning: 000002CB57BEE400: libcurl info message cache 0 (Hostname in DNS cache was stale, zapped)
[2025.03.25-05.02.36:315][100]LogHttp: Warning: 000002CB57BEE400: libcurl info message cache 1 (  Trying 127.0.0.1...)
[2025.03.25-05.02.36:315][100]LogHttp: Warning: 000002CB57BEE400: libcurl info message cache 2 (TCP_NODELAY set)
[2025.03.25-05.02.36:315][100]LogHttp: Warning: 000002CB57BEE400: libcurl info message cache 3 (connect to 127.0.0.1 port 56472 failed: Connection refused)
[2025.03.25-05.02.36:315][100]LogHttp: Warning: 000002CB57BEE400: libcurl info message cache 4 (Failed to connect to 127.0.0.1 port 56472: Connection refused)
[2025.03.25-05.02.36:315][100]LogHttp: Warning: 000002CB57BEE400: libcurl info message cache 5 (Closing connection 128)
[2025.03.25-05.02.36:315][100]LogHttp: Warning: Retry exhausted on https://datarouter.ol.epicgames.com/datarouter/api/v1/public/data?SessionID=%7B52EE5E38-4C3D-8216-5318-08BD2EB56133%7D&AppID=UEEditor.Rocket.Release&AppVersion=4.27.2-18319896%2B%2B%2BUE4%2BRelease-4.27&UserID=4dadba1840df393f01f03bb4251131e7%7C8200f8875fa445f5b01f2fa9e0ce4780%7Cb587297a-ff5c-45fe-b03b-545ac00d4e54&AppEnvironment=datacollector-binary&UploadType=eteventstream
[2025.03.25-05.03.12:014][206]LogD3D11RHI: Timed out while waiting for GPU to catch up. (0.5 s) (ErrorCode 00000001) (00000000)
[2025.03.25-05.03.35:126][275]LogD3D11RHI: Timed out while waiting for GPU to catch up. (0.5 s) (ErrorCode 00000001) (00000000)
[2025.03.25-05.03.36:309][279]LogHttp: Warning: 000002CB12BE9D00: invalid HTTP response code received. URL: https://datarouter.ol.epicgames.com/datarouter/api/v1/public/data?SessionID=%7B52EE5E38-4C3D-8216-5318-08BD2EB56133%7D&AppID=UEEditor.Rocket.Release&AppVersion=4.27.2-18319896%2B%2B%2BUE4%2BRelease-4.27&UserID=4dadba1840df393f01f03bb4251131e7%7C8200f8875fa445f5b01f2fa9e0ce4780%7Cb587297a-ff5c-45fe-b03b-545ac00d4e54&AppEnvironment=datacollector-binary&UploadType=eteventstream, HTTP code: 0, content length: 0, actual payload size: 0
[2025.03.25-05.03.36:309][279]LogHttp: Warning: 000002CB12BE9D00: request failed, libcurl error: 7 (Couldn't connect to server)
[2025.03.25-05.03.36:309][279]LogHttp: Warning: 000002CB12BE9D00: libcurl info message cache 0 (Hostname in DNS cache was stale, zapped)
[2025.03.25-05.03.36:309][279]LogHttp: Warning: 000002CB12BE9D00: libcurl info message cache 1 (  Trying 127.0.0.1...)
[2025.03.25-05.03.36:309][279]LogHttp: Warning: 000002CB12BE9D00: libcurl info message cache 2 (TCP_NODELAY set)
[2025.03.25-05.03.36:309][279]LogHttp: Warning: 000002CB12BE9D00: libcurl info message cache 3 (connect to 127.0.0.1 port 56472 failed: Connection refused)
[2025.03.25-05.03.36:309][279]LogHttp: Warning: 000002CB12BE9D00: libcurl info message cache 4 (Failed to connect to 127.0.0.1 port 56472: Connection refused)
[2025.03.25-05.03.36:309][279]LogHttp: Warning: 000002CB12BE9D00: libcurl info message cache 5 (Closing connection 129)
[2025.03.25-05.03.36:637][280]LogHttp: Warning: Retry exhausted on https://datarouter.ol.epicgames.com/datarouter/api/v1/public/data?SessionID=%7B52EE5E38-4C3D-8216-5318-08BD2EB56133%7D&AppID=UEEditor.Rocket.Release&AppVersion=4.27.2-18319896%2B%2B%2BUE4%2BRelease-4.27&UserID=4dadba1840df393f01f03bb4251131e7%7C8200f8875fa445f5b01f2fa9e0ce4780%7Cb587297a-ff5c-45fe-b03b-545ac00d4e54&AppEnvironment=datacollector-binary&UploadType=eteventstream
[2025.03.25-05.03.38:812][286]LogD3D11RHI: Timed out while waiting for GPU to catch up. (0.5 s) (ErrorCode 00000001) (00000000)
[2025.03.25-05.03.57:249][341]LogD3D11RHI: Timed out while waiting for GPU to catch up. (0.5 s) (ErrorCode 00000001) (00000000)
[2025.03.25-05.04.28:732][435]LogD3D11RHI: Timed out while waiting for GPU to catch up. (0.5 s) (ErrorCode 00000001) (00000000)
[2025.03.25-05.04.36:052][457]LogHttp: Warning: 000002CA8F958800: invalid HTTP response code received. URL: https://datarouter.ol.epicgames.com/datarouter/api/v1/public/data?SessionID=%7B52EE5E38-4C3D-8216-5318-08BD2EB56133%7D&AppID=UEEditor.Rocket.Release&AppVersion=4.27.2-18319896%2B%2B%2BUE4%2BRelease-4.27&UserID=4dadba1840df393f01f03bb4251131e7%7C8200f8875fa445f5b01f2fa9e0ce4780%7Cb587297a-ff5c-45fe-b03b-545ac00d4e54&AppEnvironment=datacollector-binary&UploadType=eteventstream, HTTP code: 0, content length: 0, actual payload size: 0
[2025.03.25-05.04.36:052][457]LogHttp: Warning: 000002CA8F958800: request failed, libcurl error: 7 (Couldn't connect to server)
[2025.03.25-05.04.36:052][457]LogHttp: Warning: 000002CA8F958800: libcurl info message cache 0 (Hostname 127.0.0.1 was found in DNS cache)
[2025.03.25-05.04.36:052][457]LogHttp: Warning: 000002CA8F958800: libcurl info message cache 1 (  Trying 127.0.0.1...)
[2025.03.25-05.04.36:052][457]LogHttp: Warning: 000002CA8F958800: libcurl info message cache 2 (TCP_NODELAY set)
[2025.03.25-05.04.36:052][457]LogHttp: Warning: 000002CA8F958800: libcurl info message cache 3 (connect to 127.0.0.1 port 56472 failed: Connection refused)
[2025.03.25-05.04.36:052][457]LogHttp: Warning: 000002CA8F958800: libcurl info message cache 4 (Failed to connect to 127.0.0.1 port 56472: Connection refused)
[2025.03.25-05.04.36:052][457]LogHttp: Warning: 000002CA8F958800: libcurl info message cache 5 (Closing connection 130)
[2025.03.25-05.04.36:282][458]LogHttp: Warning: Retry exhausted on https://datarouter.ol.epicgames.com/datarouter/api/v1/public/data?SessionID=%7B52EE5E38-4C3D-8216-5318-08BD2EB56133%7D&AppID=UEEditor.Rocket.Release&AppVersion=4.27.2-18319896%2B%2B%2BUE4%2BRelease-4.27&UserID=4dadba1840df393f01f03bb4251131e7%7C8200f8875fa445f5b01f2fa9e0ce4780%7Cb587297a-ff5c-45fe-b03b-545ac00d4e54&AppEnvironment=datacollector-binary&UploadType=eteventstream
[2025.03.25-05.05.07:603][551]LogD3D11RHI: Timed out while waiting for GPU to catch up. (0.5 s) (ErrorCode 00000001) (00000000)
[2025.03.25-05.05.31:746][623]LogD3D11RHI: Timed out while waiting for GPU to catch up. (0.5 s) (ErrorCode 00000001) (00000000)
[2025.03.25-05.05.36:258][637]LogHttp: Warning: 000002CB57BEF900: invalid HTTP response code received. URL: https://datarouter.ol.epicgames.com/datarouter/api/v1/public/data?SessionID=%7B52EE5E38-4C3D-8216-5318-08BD2EB56133%7D&AppID=UEEditor.Rocket.Release&AppVersion=4.27.2-18319896%2B%2B%2BUE4%2BRelease-4.27&UserID=4dadba1840df393f01f03bb4251131e7%7C8200f8875fa445f5b01f2fa9e0ce4780%7Cb587297a-ff5c-45fe-b03b-545ac00d4e54&AppEnvironment=datacollector-binary&UploadType=eteventstream, HTTP code: 0, content length: 0, actual payload size: 0
[2025.03.25-05.05.36:258][637]LogHttp: Warning: 000002CB57BEF900: request failed, libcurl error: 7 (Couldn't connect to server)
[2025.03.25-05.05.36:258][637]LogHttp: Warning: 000002CB57BEF900: libcurl info message cache 0 (  Trying 127.0.0.1...)
[2025.03.25-05.05.36:258][637]LogHttp: Warning: 000002CB57BEF900: libcurl info message cache 1 (TCP_NODELAY set)
[2025.03.25-05.05.36:258][637]LogHttp: Warning: 000002CB57BEF900: libcurl info message cache 2 (connect to 127.0.0.1 port 56472 failed: Connection refused)
[2025.03.25-05.05.36:258][637]LogHttp: Warning: 000002CB57BEF900: libcurl info message cache 3 (Failed to connect to 127.0.0.1 port 56472: Connection refused)
[2025.03.25-05.05.36:258][637]LogHttp: Warning: 000002CB57BEF900: libcurl info message cache 4 (Closing connection 131)
[2025.03.25-05.05.36:595][638]LogHttp: Warning: Retry exhausted on https://datarouter.ol.epicgames.com/datarouter/api/v1/public/data?SessionID=%7B52EE5E38-4C3D-8216-5318-08BD2EB56133%7D&AppID=UEEditor.Rocket.Release&AppVersion=4.27.2-18319896%2B%2B%2BUE4%2BRelease-4.27&UserID=4dadba1840df393f01f03bb4251131e7%7C8200f8875fa445f5b01f2fa9e0ce4780%7Cb587297a-ff5c-45fe-b03b-545ac00d4e54&AppEnvironment=datacollector-binary&UploadType=eteventstream
[2025.03.25-05.06.06:938][728]LogD3D11RHI: Timed out while waiting for GPU to catch up. (0.5 s) (ErrorCode 00000001) (00000000)
[2025.03.25-05.06.35:420][813]LogD3D11RHI: Timed out while waiting for GPU to catch up. (0.5 s) (ErrorCode 00000001) (00000000)
[2025.03.25-05.06.36:274][816]LogHttp: Warning: 000002CB12BE8800: invalid HTTP response code received. URL: https://datarouter.ol.epicgames.com/datarouter/api/v1/public/data?SessionID=%7B52EE5E38-4C3D-8216-5318-08BD2EB56133%7D&AppID=UEEditor.Rocket.Release&AppVersion=4.27.2-18319896%2B%2B%2BUE4%2BRelease-4.27&UserID=4dadba1840df393f01f03bb4251131e7%7C8200f8875fa445f5b01f2fa9e0ce4780%7Cb587297a-ff5c-45fe-b03b-545ac00d4e54&AppEnvironment=datacollector-binary&UploadType=eteventstream, HTTP code: 0, content length: 0, actual payload size: 0
[2025.03.25-05.06.36:274][816]LogHttp: Warning: 000002CB12BE8800: request failed, libcurl error: 7 (Couldn't connect to server)
[2025.03.25-05.06.36:274][816]LogHttp: Warning: 000002CB12BE8800: libcurl info message cache 0 (Hostname in DNS cache was stale, zapped)
[2025.03.25-05.06.36:274][816]LogHttp: Warning: 000002CB12BE8800: libcurl info message cache 1 (  Trying 127.0.0.1...)
[2025.03.25-05.06.36:274][816]LogHttp: Warning: 000002CB12BE8800: libcurl info message cache 2 (TCP_NODELAY set)
[2025.03.25-05.06.36:274][816]LogHttp: Warning: 000002CB12BE8800: libcurl info message cache 3 (connect to 127.0.0.1 port 56472 failed: Connection refused)
[2025.03.25-05.06.36:274][816]LogHttp: Warning: 000002CB12BE8800: libcurl info message cache 4 (Failed to connect to 127.0.0.1 port 56472: Connection refused)
[2025.03.25-05.06.36:274][816]LogHttp: Warning: 000002CB12BE8800: libcurl info message cache 5 (Closing connection 132)
[2025.03.25-05.06.36:274][816]LogHttp: Warning: Retry exhausted on https://datarouter.ol.epicgames.com/datarouter/api/v1/public/data?SessionID=%7B52EE5E38-4C3D-8216-5318-08BD2EB56133%7D&AppID=UEEditor.Rocket.Release&AppVersion=4.27.2-18319896%2B%2B%2BUE4%2BRelease-4.27&UserID=4dadba1840df393f01f03bb4251131e7%7C8200f8875fa445f5b01f2fa9e0ce4780%7Cb587297a-ff5c-45fe-b03b-545ac00d4e54&AppEnvironment=datacollector-binary&UploadType=eteventstream
[2025.03.25-05.06.51:158][860]LogD3D11RHI: Timed out while waiting for GPU to catch up. (0.5 s) (ErrorCode 00000001) (00000000)
[2025.03.25-05.07.11:589][921]LogD3D11RHI: Timed out while waiting for GPU to catch up. (0.5 s) (ErrorCode 00000001) (00000000)
[2025.03.25-05.07.36:384][995]LogHttp: Warning: 000002CA8F958100: invalid HTTP response code received. URL: https://datarouter.ol.epicgames.com/datarouter/api/v1/public/data?SessionID=%7B52EE5E38-4C3D-8216-5318-08BD2EB56133%7D&AppID=UEEditor.Rocket.Release&AppVersion=4.27.2-18319896%2B%2B%2BUE4%2BRelease-4.27&UserID=4dadba1840df393f01f03bb4251131e7%7C8200f8875fa445f5b01f2fa9e0ce4780%7Cb587297a-ff5c-45fe-b03b-545ac00d4e54&AppEnvironment=datacollector-binary&UploadType=eteventstream, HTTP code: 0, content length: 0, actual payload size: 0
[2025.03.25-05.07.36:384][995]LogHttp: Warning: 000002CA8F958100: request failed, libcurl error: 7 (Couldn't connect to server)
[2025.03.25-05.07.36:384][995]LogHttp: Warning: 000002CA8F958100: libcurl info message cache 0 (Hostname in DNS cache was stale, zapped)
[2025.03.25-05.07.36:384][995]LogHttp: Warning: 000002CA8F958100: libcurl info message cache 1 (  Trying 127.0.0.1...)
[2025.03.25-05.07.36:384][995]LogHttp: Warning: 000002CA8F958100: libcurl info message cache 2 (TCP_NODELAY set)
[2025.03.25-05.07.36:384][995]LogHttp: Warning: 000002CA8F958100: libcurl info message cache 3 (connect to 127.0.0.1 port 56472 failed: Connection refused)
[2025.03.25-05.07.36:384][995]LogHttp: Warning: 000002CA8F958100: libcurl info message cache 4 (Failed to connect to 127.0.0.1 port 56472: Connection refused)
[2025.03.25-05.07.36:384][995]LogHttp: Warning: 000002CA8F958100: libcurl info message cache 5 (Closing connection 133)
[2025.03.25-05.07.36:573][996]LogHttp: Warning: Retry exhausted on https://datarouter.ol.epicgames.com/datarouter/api/v1/public/data?SessionID=%7B52EE5E38-4C3D-8216-5318-08BD2EB56133%7D&AppID=UEEditor.Rocket.Release&AppVersion=4.27.2-18319896%2B%2B%2BUE4%2BRelease-4.27&UserID=4dadba1840df393f01f03bb4251131e7%7C8200f8875fa445f5b01f2fa9e0ce4780%7Cb587297a-ff5c-45fe-b03b-545ac00d4e54&AppEnvironment=datacollector-binary&UploadType=eteventstream
[2025.03.25-05.08.10:470][ 96]LogD3D11RHI: Timed out while waiting for GPU to catch up. (0.5 s) (ErrorCode 00000001) (00000000)
[2025.03.25-05.08.36:180][173]LogHttp: Warning: 000002CB12BE9D00: invalid HTTP response code received. URL: https://datarouter.ol.epicgames.com/datarouter/api/v1/public/data?SessionID=%7B52EE5E38-4C3D-8216-5318-08BD2EB56133%7D&AppID=UEEditor.Rocket.Release&AppVersion=4.27.2-18319896%2B%2B%2BUE4%2BRelease-4.27&UserID=4dadba1840df393f01f03bb4251131e7%7C8200f8875fa445f5b01f2fa9e0ce4780%7Cb587297a-ff5c-45fe-b03b-545ac00d4e54&AppEnvironment=datacollector-binary&UploadType=eteventstream, HTTP code: 0, content length: 0, actual payload size: 0
[2025.03.25-05.08.36:180][173]LogHttp: Warning: 000002CB12BE9D00: request failed, libcurl error: 7 (Couldn't connect to server)
[2025.03.25-05.08.36:180][173]LogHttp: Warning: 000002CB12BE9D00: libcurl info message cache 0 (Hostname in DNS cache was stale, zapped)
[2025.03.25-05.08.36:180][173]LogHttp: Warning: 000002CB12BE9D00: libcurl info message cache 1 (  Trying 127.0.0.1...)
[2025.03.25-05.08.36:180][173]LogHttp: Warning: 000002CB12BE9D00: libcurl info message cache 2 (TCP_NODELAY set)
[2025.03.25-05.08.36:180][173]LogHttp: Warning: 000002CB12BE9D00: libcurl info message cache 3 (connect to 127.0.0.1 port 56472 failed: Connection refused)
[2025.03.25-05.08.36:180][173]LogHttp: Warning: 000002CB12BE9D00: libcurl info message cache 4 (Failed to connect to 127.0.0.1 port 56472: Connection refused)
[2025.03.25-05.08.36:180][173]LogHttp: Warning: 000002CB12BE9D00: libcurl info message cache 5 (Closing connection 134)
[2025.03.25-05.08.36:454][174]LogHttp: Warning: Retry exhausted on https://datarouter.ol.epicgames.com/datarouter/api/v1/public/data?SessionID=%7B52EE5E38-4C3D-8216-5318-08BD2EB56133%7D&AppID=UEEditor.Rocket.Release&AppVersion=4.27.2-18319896%2B%2B%2BUE4%2BRelease-4.27&UserID=4dadba1840df393f01f03bb4251131e7%7C8200f8875fa445f5b01f2fa9e0ce4780%7Cb587297a-ff5c-45fe-b03b-545ac00d4e54&AppEnvironment=datacollector-binary&UploadType=eteventstream
[2025.03.25-05.09.08:769][270]LogD3D11RHI: Timed out while waiting for GPU to catch up. (0.5 s) (ErrorCode 00000001) (00000000)
[2025.03.25-05.09.23:497][314]LogD3D11RHI: Timed out while waiting for GPU to catch up. (0.5 s) (ErrorCode 00000001) (00000000)
[2025.03.25-05.09.35:564][350]LogD3D11RHI: Timed out while waiting for GPU to catch up. (0.5 s) (ErrorCode 00000001) (00000000)
[2025.03.25-05.09.36:398][353]LogHttp: Warning: 000002CA8F958100: invalid HTTP response code received. URL: https://datarouter.ol.epicgames.com/datarouter/api/v1/public/data?SessionID=%7B52EE5E38-4C3D-8216-5318-08BD2EB56133%7D&AppID=UEEditor.Rocket.Release&AppVersion=4.27.2-18319896%2B%2B%2BUE4%2BRelease-4.27&UserID=4dadba1840df393f01f03bb4251131e7%7C8200f8875fa445f5b01f2fa9e0ce4780%7Cb587297a-ff5c-45fe-b03b-545ac00d4e54&AppEnvironment=datacollector-binary&UploadType=eteventstream, HTTP code: 0, content length: 0, actual payload size: 0
[2025.03.25-05.09.36:398][353]LogHttp: Warning: 000002CA8F958100: request failed, libcurl error: 7 (Couldn't connect to server)
[2025.03.25-05.09.36:398][353]LogHttp: Warning: 000002CA8F958100: libcurl info message cache 0 (Hostname in DNS cache was stale, zapped)
[2025.03.25-05.09.36:398][353]LogHttp: Warning: 000002CA8F958100: libcurl info message cache 1 (  Trying 127.0.0.1...)
[2025.03.25-05.09.36:398][353]LogHttp: Warning: 000002CA8F958100: libcurl info message cache 2 (TCP_NODELAY set)
[2025.03.25-05.09.36:398][353]LogHttp: Warning: 000002CA8F958100: libcurl info message cache 3 (connect to 127.0.0.1 port 56472 failed: Connection refused)
[2025.03.25-05.09.36:398][353]LogHttp: Warning: 000002CA8F958100: libcurl info message cache 4 (Failed to connect to 127.0.0.1 port 56472: Connection refused)
[2025.03.25-05.09.36:398][353]LogHttp: Warning: 000002CA8F958100: libcurl info message cache 5 (Closing connection 135)
[2025.03.25-05.09.36:737][354]LogHttp: Warning: Retry exhausted on https://datarouter.ol.epicgames.com/datarouter/api/v1/public/data?SessionID=%7B52EE5E38-4C3D-8216-5318-08BD2EB56133%7D&AppID=UEEditor.Rocket.Release&AppVersion=4.27.2-18319896%2B%2B%2BUE4%2BRelease-4.27&UserID=4dadba1840df393f01f03bb4251131e7%7C8200f8875fa445f5b01f2fa9e0ce4780%7Cb587297a-ff5c-45fe-b03b-545ac00d4e54&AppEnvironment=datacollector-binary&UploadType=eteventstream
[2025.03.25-05.10.10:074][453]LogD3D11RHI: Timed out while waiting for GPU to catch up. (0.5 s) (ErrorCode 00000001) (00000000)
[2025.03.25-05.10.17:418][475]LogD3D11RHI: Timed out while waiting for GPU to catch up. (0.5 s) (ErrorCode 00000001) (00000000)
[2025.03.25-05.10.31:158][516]LogD3D11RHI: Timed out while waiting for GPU to catch up. (0.5 s) (ErrorCode 00000001) (00000000)
[2025.03.25-05.10.36:436][532]LogHttp: Warning: 000002CB12BE8800: invalid HTTP response code received. URL: https://datarouter.ol.epicgames.com/datarouter/api/v1/public/data?SessionID=%7B52EE5E38-4C3D-8216-5318-08BD2EB56133%7D&AppID=UEEditor.Rocket.Release&AppVersion=4.27.2-18319896%2B%2B%2BUE4%2BRelease-4.27&UserID=4dadba1840df393f01f03bb4251131e7%7C8200f8875fa445f5b01f2fa9e0ce4780%7Cb587297a-ff5c-45fe-b03b-545ac00d4e54&AppEnvironment=datacollector-binary&UploadType=eteventstream, HTTP code: 0, content length: 0, actual payload size: 0
[2025.03.25-05.10.36:436][532]LogHttp: Warning: 000002CB12BE8800: request failed, libcurl error: 7 (Couldn't connect to server)
[2025.03.25-05.10.36:436][532]LogHttp: Warning: 000002CB12BE8800: libcurl info message cache 0 (Hostname in DNS cache was stale, zapped)
[2025.03.25-05.10.36:436][532]LogHttp: Warning: 000002CB12BE8800: libcurl info message cache 1 (  Trying 127.0.0.1...)
[2025.03.25-05.10.36:436][532]LogHttp: Warning: 000002CB12BE8800: libcurl info message cache 2 (TCP_NODELAY set)
[2025.03.25-05.10.36:436][532]LogHttp: Warning: 000002CB12BE8800: libcurl info message cache 3 (connect to 127.0.0.1 port 56472 failed: Connection refused)
[2025.03.25-05.10.36:436][532]LogHttp: Warning: 000002CB12BE8800: libcurl info message cache 4 (Failed to connect to 127.0.0.1 port 56472: Connection refused)
[2025.03.25-05.10.36:436][532]LogHttp: Warning: 000002CB12BE8800: libcurl info message cache 5 (Closing connection 136)
[2025.03.25-05.10.36:436][532]LogHttp: Warning: Retry exhausted on https://datarouter.ol.epicgames.com/datarouter/api/v1/public/data?SessionID=%7B52EE5E38-4C3D-8216-5318-08BD2EB56133%7D&AppID=UEEditor.Rocket.Release&AppVersion=4.27.2-18319896%2B%2B%2BUE4%2BRelease-4.27&UserID=4dadba1840df393f01f03bb4251131e7%7C8200f8875fa445f5b01f2fa9e0ce4780%7Cb587297a-ff5c-45fe-b03b-545ac00d4e54&AppEnvironment=datacollector-binary&UploadType=eteventstream
[2025.03.25-05.10.38:533][538]LogD3D11RHI: Timed out while waiting for GPU to catch up. (0.5 s) (ErrorCode 00000001) (00000000)
[2025.03.25-05.10.58:971][599]LogD3D11RHI: Timed out while waiting for GPU to catch up. (0.5 s) (ErrorCode 00000001) (00000000)
[2025.03.25-05.11.22:109][668]LogD3D11RHI: Timed out while waiting for GPU to catch up. (0.5 s) (ErrorCode 00000001) (00000000)
[2025.03.25-05.11.36:327][711]LogHttp: Warning: 000002CB16B71600: invalid HTTP response code received. URL: https://datarouter.ol.epicgames.com/datarouter/api/v1/public/data?SessionID=%7B52EE5E38-4C3D-8216-5318-08BD2EB56133%7D&AppID=UEEditor.Rocket.Release&AppVersion=4.27.2-18319896%2B%2B%2BUE4%2BRelease-4.27&UserID=4dadba1840df393f01f03bb4251131e7%7C8200f8875fa445f5b01f2fa9e0ce4780%7Cb587297a-ff5c-45fe-b03b-545ac00d4e54&AppEnvironment=datacollector-binary&UploadType=eteventstream, HTTP code: 0, content length: 0, actual payload size: 0
[2025.03.25-05.11.36:327][711]LogHttp: Warning: 000002CB16B71600: request failed, libcurl error: 7 (Couldn't connect to server)
[2025.03.25-05.11.36:327][711]LogHttp: Warning: 000002CB16B71600: libcurl info message cache 0 (Hostname in DNS cache was stale, zapped)
[2025.03.25-05.11.36:327][711]LogHttp: Warning: 000002CB16B71600: libcurl info message cache 1 (  Trying 127.0.0.1...)
[2025.03.25-05.11.36:327][711]LogHttp: Warning: 000002CB16B71600: libcurl info message cache 2 (TCP_NODELAY set)
[2025.03.25-05.11.36:327][711]LogHttp: Warning: 000002CB16B71600: libcurl info message cache 3 (connect to 127.0.0.1 port 56472 failed: Connection refused)
[2025.03.25-05.11.36:327][711]LogHttp: Warning: 000002CB16B71600: libcurl info message cache 4 (Failed to connect to 127.0.0.1 port 56472: Connection refused)
[2025.03.25-05.11.36:327][711]LogHttp: Warning: 000002CB16B71600: libcurl info message cache 5 (Closing connection 137)
[2025.03.25-05.11.36:663][712]LogHttp: Warning: Retry exhausted on https://datarouter.ol.epicgames.com/datarouter/api/v1/public/data?SessionID=%7B52EE5E38-4C3D-8216-5318-08BD2EB56133%7D&AppID=UEEditor.Rocket.Release&AppVersion=4.27.2-18319896%2B%2B%2BUE4%2BRelease-4.27&UserID=4dadba1840df393f01f03bb4251131e7%7C8200f8875fa445f5b01f2fa9e0ce4780%7Cb587297a-ff5c-45fe-b03b-545ac00d4e54&AppEnvironment=datacollector-binary&UploadType=eteventstream
[2025.03.25-05.11.39:517][720]LogD3D11RHI: Timed out while waiting for GPU to catch up. (0.5 s) (ErrorCode 00000001) (00000000)
[2025.03.25-05.12.18:377][836]LogD3D11RHI: Timed out while waiting for GPU to catch up. (0.5 s) (ErrorCode 00000001) (00000000)
[2025.03.25-05.12.36:324][890]LogHttp: Warning: 000002CB12BE9D00: invalid HTTP response code received. URL: https://datarouter.ol.epicgames.com/datarouter/api/v1/public/data?SessionID=%7B52EE5E38-4C3D-8216-5318-08BD2EB56133%7D&AppID=UEEditor.Rocket.Release&AppVersion=4.27.2-18319896%2B%2B%2BUE4%2BRelease-4.27&UserID=4dadba1840df393f01f03bb4251131e7%7C8200f8875fa445f5b01f2fa9e0ce4780%7Cb587297a-ff5c-45fe-b03b-545ac00d4e54&AppEnvironment=datacollector-binary&UploadType=eteventstream, HTTP code: 0, content length: 0, actual payload size: 0
[2025.03.25-05.12.36:324][890]LogHttp: Warning: 000002CB12BE9D00: request failed, libcurl error: 7 (Couldn't connect to server)
[2025.03.25-05.12.36:324][890]LogHttp: Warning: 000002CB12BE9D00: libcurl info message cache 0 (Hostname 127.0.0.1 was found in DNS cache)
[2025.03.25-05.12.36:324][890]LogHttp: Warning: 000002CB12BE9D00: libcurl info message cache 1 (  Trying 127.0.0.1...)
[2025.03.25-05.12.36:324][890]LogHttp: Warning: 000002CB12BE9D00: libcurl info message cache 2 (TCP_NODELAY set)
[2025.03.25-05.12.36:324][890]LogHttp: Warning: 000002CB12BE9D00: libcurl info message cache 3 (connect to 127.0.0.1 port 56472 failed: Connection refused)
[2025.03.25-05.12.36:324][890]LogHttp: Warning: 000002CB12BE9D00: libcurl info message cache 4 (Failed to connect to 127.0.0.1 port 56472: Connection refused)
[2025.03.25-05.12.36:324][890]LogHttp: Warning: 000002CB12BE9D00: libcurl info message cache 5 (Closing connection 138)
[2025.03.25-05.12.36:324][890]LogHttp: Warning: Retry exhausted on https://datarouter.ol.epicgames.com/datarouter/api/v1/public/data?SessionID=%7B52EE5E38-4C3D-8216-5318-08BD2EB56133%7D&AppID=UEEditor.Rocket.Release&AppVersion=4.27.2-18319896%2B%2B%2BUE4%2BRelease-4.27&UserID=4dadba1840df393f01f03bb4251131e7%7C8200f8875fa445f5b01f2fa9e0ce4780%7Cb587297a-ff5c-45fe-b03b-545ac00d4e54&AppEnvironment=datacollector-binary&UploadType=eteventstream
[2025.03.25-05.12.41:513][905]LogD3D11RHI: Timed out while waiting for GPU to catch up. (0.5 s) (ErrorCode 00000001) (00000000)
[2025.03.25-05.12.52:578][938]LogD3D11RHI: Timed out while waiting for GPU to catch up. (0.5 s) (ErrorCode 00000001) (00000000)
[2025.03.25-05.13.29:393][ 48]LogD3D11RHI: Timed out while waiting for GPU to catch up. (0.5 s) (ErrorCode 00000001) (00000000)
[2025.03.25-05.13.36:251][ 69]LogHttp: Warning: 000002CB12BE9D00: invalid HTTP response code received. URL: https://datarouter.ol.epicgames.com/datarouter/api/v1/public/data?SessionID=%7B52EE5E38-4C3D-8216-5318-08BD2EB56133%7D&AppID=UEEditor.Rocket.Release&AppVersion=4.27.2-18319896%2B%2B%2BUE4%2BRelease-4.27&UserID=4dadba1840df393f01f03bb4251131e7%7C8200f8875fa445f5b01f2fa9e0ce4780%7Cb587297a-ff5c-45fe-b03b-545ac00d4e54&AppEnvironment=datacollector-binary&UploadType=eteventstream, HTTP code: 0, content length: 0, actual payload size: 0
[2025.03.25-05.13.36:251][ 69]LogHttp: Warning: 000002CB12BE9D00: request failed, libcurl error: 7 (Couldn't connect to server)
[2025.03.25-05.13.36:251][ 69]LogHttp: Warning: 000002CB12BE9D00: libcurl info message cache 0 (  Trying 127.0.0.1...)
[2025.03.25-05.13.36:251][ 69]LogHttp: Warning: 000002CB12BE9D00: libcurl info message cache 1 (TCP_NODELAY set)
[2025.03.25-05.13.36:251][ 69]LogHttp: Warning: 000002CB12BE9D00: libcurl info message cache 2 (connect to 127.0.0.1 port 56472 failed: Connection refused)
[2025.03.25-05.13.36:251][ 69]LogHttp: Warning: 000002CB12BE9D00: libcurl info message cache 3 (Failed to connect to 127.0.0.1 port 56472: Connection refused)
[2025.03.25-05.13.36:251][ 69]LogHttp: Warning: 000002CB12BE9D00: libcurl info message cache 4 (Closing connection 139)
[2025.03.25-05.13.36:731][ 70]LogHttp: Warning: Retry exhausted on https://datarouter.ol.epicgames.com/datarouter/api/v1/public/data?SessionID=%7B52EE5E38-4C3D-8216-5318-08BD2EB56133%7D&AppID=UEEditor.Rocket.Release&AppVersion=4.27.2-18319896%2B%2B%2BUE4%2BRelease-4.27&UserID=4dadba1840df393f01f03bb4251131e7%7C8200f8875fa445f5b01f2fa9e0ce4780%7Cb587297a-ff5c-45fe-b03b-545ac00d4e54&AppEnvironment=datacollector-binary&UploadType=eteventstream
[2025.03.25-05.13.41:455][ 84]LogD3D11RHI: Timed out while waiting for GPU to catch up. (0.5 s) (ErrorCode 00000001) (00000000)
[2025.03.25-05.14.36:211][248]LogHttp: Warning: 000002CA8F958800: invalid HTTP response code received. URL: https://datarouter.ol.epicgames.com/datarouter/api/v1/public/data?SessionID=%7B52EE5E38-4C3D-8216-5318-08BD2EB56133%7D&AppID=UEEditor.Rocket.Release&AppVersion=4.27.2-18319896%2B%2B%2BUE4%2BRelease-4.27&UserID=4dadba1840df393f01f03bb4251131e7%7C8200f8875fa445f5b01f2fa9e0ce4780%7Cb587297a-ff5c-45fe-b03b-545ac00d4e54&AppEnvironment=datacollector-binary&UploadType=eteventstream, HTTP code: 0, content length: 0, actual payload size: 0
[2025.03.25-05.14.36:211][248]LogHttp: Warning: 000002CA8F958800: request failed, libcurl error: 7 (Couldn't connect to server)
[2025.03.25-05.14.36:211][248]LogHttp: Warning: 000002CA8F958800: libcurl info message cache 0 (Hostname in DNS cache was stale, zapped)
[2025.03.25-05.14.36:211][248]LogHttp: Warning: 000002CA8F958800: libcurl info message cache 1 (  Trying 127.0.0.1...)
[2025.03.25-05.14.36:211][248]LogHttp: Warning: 000002CA8F958800: libcurl info message cache 2 (TCP_NODELAY set)
[2025.03.25-05.14.36:211][248]LogHttp: Warning: 000002CA8F958800: libcurl info message cache 3 (connect to 127.0.0.1 port 56472 failed: Connection refused)
[2025.03.25-05.14.36:211][248]LogHttp: Warning: 000002CA8F958800: libcurl info message cache 4 (Failed to connect to 127.0.0.1 port 56472: Connection refused)
[2025.03.25-05.14.36:211][248]LogHttp: Warning: 000002CA8F958800: libcurl info message cache 5 (Closing connection 140)
[2025.03.25-05.14.36:211][248]LogHttp: Warning: Retry exhausted on https://datarouter.ol.epicgames.com/datarouter/api/v1/public/data?SessionID=%7B52EE5E38-4C3D-8216-5318-08BD2EB56133%7D&AppID=UEEditor.Rocket.Release&AppVersion=4.27.2-18319896%2B%2B%2BUE4%2BRelease-4.27&UserID=4dadba1840df393f01f03bb4251131e7%7C8200f8875fa445f5b01f2fa9e0ce4780%7Cb587297a-ff5c-45fe-b03b-545ac00d4e54&AppEnvironment=datacollector-binary&UploadType=eteventstream
[2025.03.25-05.14.49:763][288]LogD3D11RHI: Timed out while waiting for GPU to catch up. (0.5 s) (ErrorCode 00000001) (00000000)
[2025.03.25-05.15.36:523][428]LogHttp: Warning: 000002CB12BE9D00: invalid HTTP response code received. URL: https://datarouter.ol.epicgames.com/datarouter/api/v1/public/data?SessionID=%7B52EE5E38-4C3D-8216-5318-08BD2EB56133%7D&AppID=UEEditor.Rocket.Release&AppVersion=4.27.2-18319896%2B%2B%2BUE4%2BRelease-4.27&UserID=4dadba1840df393f01f03bb4251131e7%7C8200f8875fa445f5b01f2fa9e0ce4780%7Cb587297a-ff5c-45fe-b03b-545ac00d4e54&AppEnvironment=datacollector-binary&UploadType=eteventstream, HTTP code: 0, content length: 0, actual payload size: 0
[2025.03.25-05.15.36:523][428]LogHttp: Warning: 000002CB12BE9D00: request failed, libcurl error: 7 (Couldn't connect to server)
[2025.03.25-05.15.36:523][428]LogHttp: Warning: 000002CB12BE9D00: libcurl info message cache 0 (Hostname in DNS cache was stale, zapped)
[2025.03.25-05.15.36:523][428]LogHttp: Warning: 000002CB12BE9D00: libcurl info message cache 1 (  Trying 127.0.0.1...)
[2025.03.25-05.15.36:523][428]LogHttp: Warning: 000002CB12BE9D00: libcurl info message cache 2 (TCP_NODELAY set)
[2025.03.25-05.15.36:523][428]LogHttp: Warning: 000002CB12BE9D00: libcurl info message cache 3 (connect to 127.0.0.1 port 56472 failed: Connection refused)
[2025.03.25-05.15.36:523][428]LogHttp: Warning: 000002CB12BE9D00: libcurl info message cache 4 (Failed to connect to 127.0.0.1 port 56472: Connection refused)
[2025.03.25-05.15.36:523][428]LogHttp: Warning: 000002CB12BE9D00: libcurl info message cache 5 (Closing connection 141)
[2025.03.25-05.15.36:523][428]LogHttp: Warning: Retry exhausted on https://datarouter.ol.epicgames.com/datarouter/api/v1/public/data?SessionID=%7B52EE5E38-4C3D-8216-5318-08BD2EB56133%7D&AppID=UEEditor.Rocket.Release&AppVersion=4.27.2-18319896%2B%2B%2BUE4%2BRelease-4.27&UserID=4dadba1840df393f01f03bb4251131e7%7C8200f8875fa445f5b01f2fa9e0ce4780%7Cb587297a-ff5c-45fe-b03b-545ac00d4e54&AppEnvironment=datacollector-binary&UploadType=eteventstream
[2025.03.25-05.15.42:721][446]LogD3D11RHI: Timed out while waiting for GPU to catch up. (0.5 s) (ErrorCode 00000001) (00000000)
[2025.03.25-05.16.03:173][507]LogD3D11RHI: Timed out while waiting for GPU to catch up. (0.5 s) (ErrorCode 00000001) (00000000)
[2025.03.25-05.16.36:238][606]LogHttp: Warning: 000002CA8F958F00: invalid HTTP response code received. URL: https://datarouter.ol.epicgames.com/datarouter/api/v1/public/data?SessionID=%7B52EE5E38-4C3D-8216-5318-08BD2EB56133%7D&AppID=UEEditor.Rocket.Release&AppVersion=4.27.2-18319896%2B%2B%2BUE4%2BRelease-4.27&UserID=4dadba1840df393f01f03bb4251131e7%7C8200f8875fa445f5b01f2fa9e0ce4780%7Cb587297a-ff5c-45fe-b03b-545ac00d4e54&AppEnvironment=datacollector-binary&UploadType=eteventstream, HTTP code: 0, content length: 0, actual payload size: 0
[2025.03.25-05.16.36:238][606]LogHttp: Warning: 000002CA8F958F00: request failed, libcurl error: 7 (Couldn't connect to server)
[2025.03.25-05.16.36:238][606]LogHttp: Warning: 000002CA8F958F00: libcurl info message cache 0 (Hostname 127.0.0.1 was found in DNS cache)
[2025.03.25-05.16.36:238][606]LogHttp: Warning: 000002CA8F958F00: libcurl info message cache 1 (  Trying 127.0.0.1...)
[2025.03.25-05.16.36:238][606]LogHttp: Warning: 000002CA8F958F00: libcurl info message cache 2 (TCP_NODELAY set)
[2025.03.25-05.16.36:238][606]LogHttp: Warning: 000002CA8F958F00: libcurl info message cache 3 (connect to 127.0.0.1 port 56472 failed: Connection refused)
[2025.03.25-05.16.36:238][606]LogHttp: Warning: 000002CA8F958F00: libcurl info message cache 4 (Failed to connect to 127.0.0.1 port 56472: Connection refused)
[2025.03.25-05.16.36:238][606]LogHttp: Warning: 000002CA8F958F00: libcurl info message cache 5 (Closing connection 142)
[2025.03.25-05.16.36:239][606]LogHttp: Warning: Retry exhausted on https://datarouter.ol.epicgames.com/datarouter/api/v1/public/data?SessionID=%7B52EE5E38-4C3D-8216-5318-08BD2EB56133%7D&AppID=UEEditor.Rocket.Release&AppVersion=4.27.2-18319896%2B%2B%2BUE4%2BRelease-4.27&UserID=4dadba1840df393f01f03bb4251131e7%7C8200f8875fa445f5b01f2fa9e0ce4780%7Cb587297a-ff5c-45fe-b03b-545ac00d4e54&AppEnvironment=datacollector-binary&UploadType=eteventstream
[2025.03.25-05.16.55:094][662]LogD3D11RHI: Timed out while waiting for GPU to catch up. (0.5 s) (ErrorCode 00000001) (00000000)
[2025.03.25-05.17.07:167][698]LogD3D11RHI: Timed out while waiting for GPU to catch up. (0.5 s) (ErrorCode 00000001) (00000000)
[2025.03.25-05.17.22:930][745]LogD3D11RHI: Timed out while waiting for GPU to catch up. (0.5 s) (ErrorCode 00000001) (00000000)
[2025.03.25-05.17.34:002][778]LogD3D11RHI: Timed out while waiting for GPU to catch up. (0.5 s) (ErrorCode 00000001) (00000000)
[2025.03.25-05.17.36:174][785]LogHttp: Warning: 000002CA8F958F00: invalid HTTP response code received. URL: https://datarouter.ol.epicgames.com/datarouter/api/v1/public/data?SessionID=%7B52EE5E38-4C3D-8216-5318-08BD2EB56133%7D&AppID=UEEditor.Rocket.Release&AppVersion=4.27.2-18319896%2B%2B%2BUE4%2BRelease-4.27&UserID=4dadba1840df393f01f03bb4251131e7%7C8200f8875fa445f5b01f2fa9e0ce4780%7Cb587297a-ff5c-45fe-b03b-545ac00d4e54&AppEnvironment=datacollector-binary&UploadType=eteventstream, HTTP code: 0, content length: 0, actual payload size: 0
[2025.03.25-05.17.36:174][785]LogHttp: Warning: 000002CA8F958F00: request failed, libcurl error: 7 (Couldn't connect to server)
[2025.03.25-05.17.36:174][785]LogHttp: Warning: 000002CA8F958F00: libcurl info message cache 0 (  Trying 127.0.0.1...)
[2025.03.25-05.17.36:174][785]LogHttp: Warning: 000002CA8F958F00: libcurl info message cache 1 (TCP_NODELAY set)
[2025.03.25-05.17.36:174][785]LogHttp: Warning: 000002CA8F958F00: libcurl info message cache 2 (connect to 127.0.0.1 port 56472 failed: Connection refused)
[2025.03.25-05.17.36:174][785]LogHttp: Warning: 000002CA8F958F00: libcurl info message cache 3 (Failed to connect to 127.0.0.1 port 56472: Connection refused)
[2025.03.25-05.17.36:174][785]LogHttp: Warning: 000002CA8F958F00: libcurl info message cache 4 (Closing connection 143)
[2025.03.25-05.17.36:664][786]LogHttp: Warning: Retry exhausted on https://datarouter.ol.epicgames.com/datarouter/api/v1/public/data?SessionID=%7B52EE5E38-4C3D-8216-5318-08BD2EB56133%7D&AppID=UEEditor.Rocket.Release&AppVersion=4.27.2-18319896%2B%2B%2BUE4%2BRelease-4.27&UserID=4dadba1840df393f01f03bb4251131e7%7C8200f8875fa445f5b01f2fa9e0ce4780%7Cb587297a-ff5c-45fe-b03b-545ac00d4e54&AppEnvironment=datacollector-binary&UploadType=eteventstream
[2025.03.25-05.17.55:078][841]LogD3D11RHI: Timed out while waiting for GPU to catch up. (0.5 s) (ErrorCode 00000001) (00000000)
[2025.03.25-05.18.36:565][965]LogHttp: Warning: 000002CB12BE9D00: invalid HTTP response code received. URL: https://datarouter.ol.epicgames.com/datarouter/api/v1/public/data?SessionID=%7B52EE5E38-4C3D-8216-5318-08BD2EB56133%7D&AppID=UEEditor.Rocket.Release&AppVersion=4.27.2-18319896%2B%2B%2BUE4%2BRelease-4.27&UserID=4dadba1840df393f01f03bb4251131e7%7C8200f8875fa445f5b01f2fa9e0ce4780%7Cb587297a-ff5c-45fe-b03b-545ac00d4e54&AppEnvironment=datacollector-binary&UploadType=eteventstream, HTTP code: 0, content length: 0, actual payload size: 0
[2025.03.25-05.18.36:565][965]LogHttp: Warning: 000002CB12BE9D00: request failed, libcurl error: 7 (Couldn't connect to server)
[2025.03.25-05.18.36:565][965]LogHttp: Warning: 000002CB12BE9D00: libcurl info message cache 0 (Hostname in DNS cache was stale, zapped)
[2025.03.25-05.18.36:565][965]LogHttp: Warning: 000002CB12BE9D00: libcurl info message cache 1 (  Trying 127.0.0.1...)
[2025.03.25-05.18.36:565][965]LogHttp: Warning: 000002CB12BE9D00: libcurl info message cache 2 (TCP_NODELAY set)
[2025.03.25-05.18.36:565][965]LogHttp: Warning: 000002CB12BE9D00: libcurl info message cache 3 (connect to 127.0.0.1 port 56472 failed: Connection refused)
[2025.03.25-05.18.36:565][965]LogHttp: Warning: 000002CB12BE9D00: libcurl info message cache 4 (Failed to connect to 127.0.0.1 port 56472: Connection refused)
[2025.03.25-05.18.36:565][965]LogHttp: Warning: 000002CB12BE9D00: libcurl info message cache 5 (Closing connection 144)
[2025.03.25-05.18.36:785][966]LogHttp: Warning: Retry exhausted on https://datarouter.ol.epicgames.com/datarouter/api/v1/public/data?SessionID=%7B52EE5E38-4C3D-8216-5318-08BD2EB56133%7D&AppID=UEEditor.Rocket.Release&AppVersion=4.27.2-18319896%2B%2B%2BUE4%2BRelease-4.27&UserID=4dadba1840df393f01f03bb4251131e7%7C8200f8875fa445f5b01f2fa9e0ce4780%7Cb587297a-ff5c-45fe-b03b-545ac00d4e54&AppEnvironment=datacollector-binary&UploadType=eteventstream
[2025.03.25-05.18.41:315][979]LogD3D11RHI: Timed out while waiting for GPU to catch up. (0.5 s) (ErrorCode 00000001) (00000000)
[2025.03.25-05.19.36:093][143]LogHttp: Warning: 000002CA8F959D00: invalid HTTP response code received. URL: https://datarouter.ol.epicgames.com/datarouter/api/v1/public/data?SessionID=%7B52EE5E38-4C3D-8216-5318-08BD2EB56133%7D&AppID=UEEditor.Rocket.Release&AppVersion=4.27.2-18319896%2B%2B%2BUE4%2BRelease-4.27&UserID=4dadba1840df393f01f03bb4251131e7%7C8200f8875fa445f5b01f2fa9e0ce4780%7Cb587297a-ff5c-45fe-b03b-545ac00d4e54&AppEnvironment=datacollector-binary&UploadType=eteventstream, HTTP code: 0, content length: 0, actual payload size: 0
[2025.03.25-05.19.36:093][143]LogHttp: Warning: 000002CA8F959D00: request failed, libcurl error: 7 (Couldn't connect to server)
[2025.03.25-05.19.36:093][143]LogHttp: Warning: 000002CA8F959D00: libcurl info message cache 0 (Hostname 127.0.0.1 was found in DNS cache)
[2025.03.25-05.19.36:093][143]LogHttp: Warning: 000002CA8F959D00: libcurl info message cache 1 (  Trying 127.0.0.1...)
[2025.03.25-05.19.36:093][143]LogHttp: Warning: 000002CA8F959D00: libcurl info message cache 2 (TCP_NODELAY set)
[2025.03.25-05.19.36:093][143]LogHttp: Warning: 000002CA8F959D00: libcurl info message cache 3 (connect to 127.0.0.1 port 56472 failed: Connection refused)
[2025.03.25-05.19.36:093][143]LogHttp: Warning: 000002CA8F959D00: libcurl info message cache 4 (Failed to connect to 127.0.0.1 port 56472: Connection refused)
[2025.03.25-05.19.36:093][143]LogHttp: Warning: 000002CA8F959D00: libcurl info message cache 5 (Closing connection 145)
[2025.03.25-05.19.36:534][144]LogHttp: Warning: Retry exhausted on https://datarouter.ol.epicgames.com/datarouter/api/v1/public/data?SessionID=%7B52EE5E38-4C3D-8216-5318-08BD2EB56133%7D&AppID=UEEditor.Rocket.Release&AppVersion=4.27.2-18319896%2B%2B%2BUE4%2BRelease-4.27&UserID=4dadba1840df393f01f03bb4251131e7%7C8200f8875fa445f5b01f2fa9e0ce4780%7Cb587297a-ff5c-45fe-b03b-545ac00d4e54&AppEnvironment=datacollector-binary&UploadType=eteventstream
[2025.03.25-05.20.36:495][323]LogHttp: Warning: 000002CB12BE9D00: invalid HTTP response code received. URL: https://datarouter.ol.epicgames.com/datarouter/api/v1/public/data?SessionID=%7B52EE5E38-4C3D-8216-5318-08BD2EB56133%7D&AppID=UEEditor.Rocket.Release&AppVersion=4.27.2-18319896%2B%2B%2BUE4%2BRelease-4.27&UserID=4dadba1840df393f01f03bb4251131e7%7C8200f8875fa445f5b01f2fa9e0ce4780%7Cb587297a-ff5c-45fe-b03b-545ac00d4e54&AppEnvironment=datacollector-binary&UploadType=eteventstream, HTTP code: 0, content length: 0, actual payload size: 0
[2025.03.25-05.20.36:495][323]LogHttp: Warning: 000002CB12BE9D00: request failed, libcurl error: 7 (Couldn't connect to server)
[2025.03.25-05.20.36:495][323]LogHttp: Warning: 000002CB12BE9D00: libcurl info message cache 0 (  Trying 127.0.0.1...)
[2025.03.25-05.20.36:495][323]LogHttp: Warning: 000002CB12BE9D00: libcurl info message cache 1 (TCP_NODELAY set)
[2025.03.25-05.20.36:495][323]LogHttp: Warning: 000002CB12BE9D00: libcurl info message cache 2 (connect to 127.0.0.1 port 56472 failed: Connection refused)
[2025.03.25-05.20.36:495][323]LogHttp: Warning: 000002CB12BE9D00: libcurl info message cache 3 (Failed to connect to 127.0.0.1 port 56472: Connection refused)
[2025.03.25-05.20.36:495][323]LogHttp: Warning: 000002CB12BE9D00: libcurl info message cache 4 (Closing connection 146)
[2025.03.25-05.20.36:776][324]LogHttp: Warning: Retry exhausted on https://datarouter.ol.epicgames.com/datarouter/api/v1/public/data?SessionID=%7B52EE5E38-4C3D-8216-5318-08BD2EB56133%7D&AppID=UEEditor.Rocket.Release&AppVersion=4.27.2-18319896%2B%2B%2BUE4%2BRelease-4.27&UserID=4dadba1840df393f01f03bb4251131e7%7C8200f8875fa445f5b01f2fa9e0ce4780%7Cb587297a-ff5c-45fe-b03b-545ac00d4e54&AppEnvironment=datacollector-binary&UploadType=eteventstream
[2025.03.25-05.21.36:411][502]LogHttp: Warning: 000002CB12BE9D00: invalid HTTP response code received. URL: https://datarouter.ol.epicgames.com/datarouter/api/v1/public/data?SessionID=%7B52EE5E38-4C3D-8216-5318-08BD2EB56133%7D&AppID=UEEditor.Rocket.Release&AppVersion=4.27.2-18319896%2B%2B%2BUE4%2BRelease-4.27&UserID=4dadba1840df393f01f03bb4251131e7%7C8200f8875fa445f5b01f2fa9e0ce4780%7Cb587297a-ff5c-45fe-b03b-545ac00d4e54&AppEnvironment=datacollector-binary&UploadType=eteventstream, HTTP code: 0, content length: 0, actual payload size: 0
[2025.03.25-05.21.36:411][502]LogHttp: Warning: 000002CB12BE9D00: request failed, libcurl error: 7 (Couldn't connect to server)
[2025.03.25-05.21.36:411][502]LogHttp: Warning: 000002CB12BE9D00: libcurl info message cache 0 (Hostname in DNS cache was stale, zapped)
[2025.03.25-05.21.36:411][502]LogHttp: Warning: 000002CB12BE9D00: libcurl info message cache 1 (  Trying 127.0.0.1...)
[2025.03.25-05.21.36:411][502]LogHttp: Warning: 000002CB12BE9D00: libcurl info message cache 2 (TCP_NODELAY set)
[2025.03.25-05.21.36:411][502]LogHttp: Warning: 000002CB12BE9D00: libcurl info message cache 3 (connect to 127.0.0.1 port 56472 failed: Connection refused)
[2025.03.25-05.21.36:411][502]LogHttp: Warning: 000002CB12BE9D00: libcurl info message cache 4 (Failed to connect to 127.0.0.1 port 56472: Connection refused)
[2025.03.25-05.21.36:411][502]LogHttp: Warning: 000002CB12BE9D00: libcurl info message cache 5 (Closing connection 147)
[2025.03.25-05.21.36:411][502]LogHttp: Warning: Retry exhausted on https://datarouter.ol.epicgames.com/datarouter/api/v1/public/data?SessionID=%7B52EE5E38-4C3D-8216-5318-08BD2EB56133%7D&AppID=UEEditor.Rocket.Release&AppVersion=4.27.2-18319896%2B%2B%2BUE4%2BRelease-4.27&UserID=4dadba1840df393f01f03bb4251131e7%7C8200f8875fa445f5b01f2fa9e0ce4780%7Cb587297a-ff5c-45fe-b03b-545ac00d4e54&AppEnvironment=datacollector-binary&UploadType=eteventstream
[2025.03.25-05.21.44:310][525]LogD3D11RHI: Timed out while waiting for GPU to catch up. (0.5 s) (ErrorCode 00000001) (00000000)
[2025.03.25-05.21.55:359][558]LogD3D11RHI: Timed out while waiting for GPU to catch up. (0.5 s) (ErrorCode 00000001) (00000000)
[2025.03.25-05.22.07:422][594]LogD3D11RHI: Timed out while waiting for GPU to catch up. (0.5 s) (ErrorCode 00000001) (00000000)
[2025.03.25-05.22.18:488][627]LogD3D11RHI: Timed out while waiting for GPU to catch up. (0.5 s) (ErrorCode 00000001) (00000000)
[2025.03.25-05.22.31:201][665]LogD3D11RHI: Timed out while waiting for GPU to catch up. (0.5 s) (ErrorCode 00000001) (00000000)
[2025.03.25-05.22.36:443][681]LogHttp: Warning: 000002CA8F958100: invalid HTTP response code received. URL: https://datarouter.ol.epicgames.com/datarouter/api/v1/public/data?SessionID=%7B52EE5E38-4C3D-8216-5318-08BD2EB56133%7D&AppID=UEEditor.Rocket.Release&AppVersion=4.27.2-18319896%2B%2B%2BUE4%2BRelease-4.27&UserID=4dadba1840df393f01f03bb4251131e7%7C8200f8875fa445f5b01f2fa9e0ce4780%7Cb587297a-ff5c-45fe-b03b-545ac00d4e54&AppEnvironment=datacollector-binary&UploadType=eteventstream, HTTP code: 0, content length: 0, actual payload size: 0
[2025.03.25-05.22.36:443][681]LogHttp: Warning: 000002CA8F958100: request failed, libcurl error: 7 (Couldn't connect to server)
[2025.03.25-05.22.36:443][681]LogHttp: Warning: 000002CA8F958100: libcurl info message cache 0 (Hostname in DNS cache was stale, zapped)
[2025.03.25-05.22.36:443][681]LogHttp: Warning: 000002CA8F958100: libcurl info message cache 1 (  Trying 127.0.0.1...)
[2025.03.25-05.22.36:443][681]LogHttp: Warning: 000002CA8F958100: libcurl info message cache 2 (TCP_NODELAY set)
[2025.03.25-05.22.36:443][681]LogHttp: Warning: 000002CA8F958100: libcurl info message cache 3 (connect to 127.0.0.1 port 56472 failed: Connection refused)
[2025.03.25-05.22.36:443][681]LogHttp: Warning: 000002CA8F958100: libcurl info message cache 4 (Failed to connect to 127.0.0.1 port 56472: Connection refused)
[2025.03.25-05.22.36:443][681]LogHttp: Warning: 000002CA8F958100: libcurl info message cache 5 (Closing connection 148)
[2025.03.25-05.22.36:729][682]LogHttp: Warning: Retry exhausted on https://datarouter.ol.epicgames.com/datarouter/api/v1/public/data?SessionID=%7B52EE5E38-4C3D-8216-5318-08BD2EB56133%7D&AppID=UEEditor.Rocket.Release&AppVersion=4.27.2-18319896%2B%2B%2BUE4%2BRelease-4.27&UserID=4dadba1840df393f01f03bb4251131e7%7C8200f8875fa445f5b01f2fa9e0ce4780%7Cb587297a-ff5c-45fe-b03b-545ac00d4e54&AppEnvironment=datacollector-binary&UploadType=eteventstream
[2025.03.25-05.23.24:815][825]LogD3D11RHI: Timed out while waiting for GPU to catch up. (0.5 s) (ErrorCode 00000001) (00000000)
[2025.03.25-05.23.36:378][860]LogHttp: Warning: 000002CA8F958100: invalid HTTP response code received. URL: https://datarouter.ol.epicgames.com/datarouter/api/v1/public/data?SessionID=%7B52EE5E38-4C3D-8216-5318-08BD2EB56133%7D&AppID=UEEditor.Rocket.Release&AppVersion=4.27.2-18319896%2B%2B%2BUE4%2BRelease-4.27&UserID=4dadba1840df393f01f03bb4251131e7%7C8200f8875fa445f5b01f2fa9e0ce4780%7Cb587297a-ff5c-45fe-b03b-545ac00d4e54&AppEnvironment=datacollector-binary&UploadType=eteventstream, HTTP code: 0, content length: 0, actual payload size: 0
[2025.03.25-05.23.36:378][860]LogHttp: Warning: 000002CA8F958100: request failed, libcurl error: 7 (Couldn't connect to server)
[2025.03.25-05.23.36:378][860]LogHttp: Warning: 000002CA8F958100: libcurl info message cache 0 (Hostname in DNS cache was stale, zapped)
[2025.03.25-05.23.36:378][860]LogHttp: Warning: 000002CA8F958100: libcurl info message cache 1 (  Trying 127.0.0.1...)
[2025.03.25-05.23.36:378][860]LogHttp: Warning: 000002CA8F958100: libcurl info message cache 2 (TCP_NODELAY set)
[2025.03.25-05.23.36:378][860]LogHttp: Warning: 000002CA8F958100: libcurl info message cache 3 (connect to 127.0.0.1 port 56472 failed: Connection refused)
[2025.03.25-05.23.36:378][860]LogHttp: Warning: 000002CA8F958100: libcurl info message cache 4 (Failed to connect to 127.0.0.1 port 56472: Connection refused)
[2025.03.25-05.23.36:378][860]LogHttp: Warning: 000002CA8F958100: libcurl info message cache 5 (Closing connection 149)
[2025.03.25-05.23.36:378][860]LogHttp: Warning: Retry exhausted on https://datarouter.ol.epicgames.com/datarouter/api/v1/public/data?SessionID=%7B52EE5E38-4C3D-8216-5318-08BD2EB56133%7D&AppID=UEEditor.Rocket.Release&AppVersion=4.27.2-18319896%2B%2B%2BUE4%2BRelease-4.27&UserID=4dadba1840df393f01f03bb4251131e7%7C8200f8875fa445f5b01f2fa9e0ce4780%7Cb587297a-ff5c-45fe-b03b-545ac00d4e54&AppEnvironment=datacollector-binary&UploadType=eteventstream
[2025.03.25-05.23.56:320][919]LogD3D11RHI: Timed out while waiting for GPU to catch up. (0.5 s) (ErrorCode 00000001) (00000000)
[2025.03.25-05.24.07:375][952]LogD3D11RHI: Timed out while waiting for GPU to catch up. (0.5 s) (ErrorCode 00000001) (00000000)
[2025.03.25-05.24.18:422][985]LogD3D11RHI: Timed out while waiting for GPU to catch up. (0.5 s) (ErrorCode 00000001) (00000000)
[2025.03.25-05.24.36:347][ 39]LogHttp: Warning: 000002CA8F958100: invalid HTTP response code received. URL: https://datarouter.ol.epicgames.com/datarouter/api/v1/public/data?SessionID=%7B52EE5E38-4C3D-8216-5318-08BD2EB56133%7D&AppID=UEEditor.Rocket.Release&AppVersion=4.27.2-18319896%2B%2B%2BUE4%2BRelease-4.27&UserID=4dadba1840df393f01f03bb4251131e7%7C8200f8875fa445f5b01f2fa9e0ce4780%7Cb587297a-ff5c-45fe-b03b-545ac00d4e54&AppEnvironment=datacollector-binary&UploadType=eteventstream, HTTP code: 0, content length: 0, actual payload size: 0
[2025.03.25-05.24.36:347][ 39]LogHttp: Warning: 000002CA8F958100: request failed, libcurl error: 7 (Couldn't connect to server)
[2025.03.25-05.24.36:347][ 39]LogHttp: Warning: 000002CA8F958100: libcurl info message cache 0 (Hostname in DNS cache was stale, zapped)
[2025.03.25-05.24.36:347][ 39]LogHttp: Warning: 000002CA8F958100: libcurl info message cache 1 (  Trying 127.0.0.1...)
[2025.03.25-05.24.36:347][ 39]LogHttp: Warning: 000002CA8F958100: libcurl info message cache 2 (TCP_NODELAY set)
[2025.03.25-05.24.36:347][ 39]LogHttp: Warning: 000002CA8F958100: libcurl info message cache 3 (connect to 127.0.0.1 port 56472 failed: Connection refused)
[2025.03.25-05.24.36:347][ 39]LogHttp: Warning: 000002CA8F958100: libcurl info message cache 4 (Failed to connect to 127.0.0.1 port 56472: Connection refused)
[2025.03.25-05.24.36:347][ 39]LogHttp: Warning: 000002CA8F958100: libcurl info message cache 5 (Closing connection 150)
[2025.03.25-05.24.36:680][ 40]LogHttp: Warning: Retry exhausted on https://datarouter.ol.epicgames.com/datarouter/api/v1/public/data?SessionID=%7B52EE5E38-4C3D-8216-5318-08BD2EB56133%7D&AppID=UEEditor.Rocket.Release&AppVersion=4.27.2-18319896%2B%2B%2BUE4%2BRelease-4.27&UserID=4dadba1840df393f01f03bb4251131e7%7C8200f8875fa445f5b01f2fa9e0ce4780%7Cb587297a-ff5c-45fe-b03b-545ac00d4e54&AppEnvironment=datacollector-binary&UploadType=eteventstream
[2025.03.25-05.25.00:000][109]LogD3D11RHI: Timed out while waiting for GPU to catch up. (0.5 s) (ErrorCode 00000001) (00000000)
[2025.03.25-05.25.23:117][178]LogD3D11RHI: Timed out while waiting for GPU to catch up. (0.5 s) (ErrorCode 00000001) (00000000)
[2025.03.25-05.25.36:359][218]LogHttp: Warning: 000002CA8F958100: invalid HTTP response code received. URL: https://datarouter.ol.epicgames.com/datarouter/api/v1/public/data?SessionID=%7B52EE5E38-4C3D-8216-5318-08BD2EB56133%7D&AppID=UEEditor.Rocket.Release&AppVersion=4.27.2-18319896%2B%2B%2BUE4%2BRelease-4.27&UserID=4dadba1840df393f01f03bb4251131e7%7C8200f8875fa445f5b01f2fa9e0ce4780%7Cb587297a-ff5c-45fe-b03b-545ac00d4e54&AppEnvironment=datacollector-binary&UploadType=eteventstream, HTTP code: 0, content length: 0, actual payload size: 0
[2025.03.25-05.25.36:359][218]LogHttp: Warning: 000002CA8F958100: request failed, libcurl error: 7 (Couldn't connect to server)
[2025.03.25-05.25.36:359][218]LogHttp: Warning: 000002CA8F958100: libcurl info message cache 0 (Hostname in DNS cache was stale, zapped)
[2025.03.25-05.25.36:359][218]LogHttp: Warning: 000002CA8F958100: libcurl info message cache 1 (  Trying 127.0.0.1...)
[2025.03.25-05.25.36:359][218]LogHttp: Warning: 000002CA8F958100: libcurl info message cache 2 (TCP_NODELAY set)
[2025.03.25-05.25.36:359][218]LogHttp: Warning: 000002CA8F958100: libcurl info message cache 3 (connect to 127.0.0.1 port 56472 failed: Connection refused)
[2025.03.25-05.25.36:359][218]LogHttp: Warning: 000002CA8F958100: libcurl info message cache 4 (Failed to connect to 127.0.0.1 port 56472: Connection refused)
[2025.03.25-05.25.36:359][218]LogHttp: Warning: 000002CA8F958100: libcurl info message cache 5 (Closing connection 151)
[2025.03.25-05.25.36:359][218]LogHttp: Warning: Retry exhausted on https://datarouter.ol.epicgames.com/datarouter/api/v1/public/data?SessionID=%7B52EE5E38-4C3D-8216-5318-08BD2EB56133%7D&AppID=UEEditor.Rocket.Release&AppVersion=4.27.2-18319896%2B%2B%2BUE4%2BRelease-4.27&UserID=4dadba1840df393f01f03bb4251131e7%7C8200f8875fa445f5b01f2fa9e0ce4780%7Cb587297a-ff5c-45fe-b03b-545ac00d4e54&AppEnvironment=datacollector-binary&UploadType=eteventstream
[2025.03.25-05.25.46:242][247]LogD3D11RHI: Timed out while waiting for GPU to catch up. (0.5 s) (ErrorCode 00000001) (00000000)
[2025.03.25-05.26.04:662][302]LogD3D11RHI: Timed out while waiting for GPU to catch up. (0.5 s) (ErrorCode 00000001) (00000000)
[2025.03.25-05.26.17:377][340]LogD3D11RHI: Timed out while waiting for GPU to catch up. (0.5 s) (ErrorCode 00000001) (00000000)
[2025.03.25-05.26.21:064][351]LogD3D11RHI: Timed out while waiting for GPU to catch up. (0.5 s) (ErrorCode 00000001) (00000000)
[2025.03.25-05.26.28:437][373]LogD3D11RHI: Timed out while waiting for GPU to catch up. (0.5 s) (ErrorCode 00000001) (00000000)
[2025.03.25-05.26.35:794][395]LogD3D11RHI: Timed out while waiting for GPU to catch up. (0.5 s) (ErrorCode 00000001) (00000000)
[2025.03.25-05.26.36:296][397]LogHttp: Warning: 000002CA8F958100: invalid HTTP response code received. URL: https://datarouter.ol.epicgames.com/datarouter/api/v1/public/data?SessionID=%7B52EE5E38-4C3D-8216-5318-08BD2EB56133%7D&AppID=UEEditor.Rocket.Release&AppVersion=4.27.2-18319896%2B%2B%2BUE4%2BRelease-4.27&UserID=4dadba1840df393f01f03bb4251131e7%7C8200f8875fa445f5b01f2fa9e0ce4780%7Cb587297a-ff5c-45fe-b03b-545ac00d4e54&AppEnvironment=datacollector-binary&UploadType=eteventstream, HTTP code: 0, content length: 0, actual payload size: 0
[2025.03.25-05.26.36:296][397]LogHttp: Warning: 000002CA8F958100: request failed, libcurl error: 7 (Couldn't connect to server)
[2025.03.25-05.26.36:296][397]LogHttp: Warning: 000002CA8F958100: libcurl info message cache 0 (Hostname 127.0.0.1 was found in DNS cache)
[2025.03.25-05.26.36:296][397]LogHttp: Warning: 000002CA8F958100: libcurl info message cache 1 (  Trying 127.0.0.1...)
[2025.03.25-05.26.36:296][397]LogHttp: Warning: 000002CA8F958100: libcurl info message cache 2 (TCP_NODELAY set)
[2025.03.25-05.26.36:296][397]LogHttp: Warning: 000002CA8F958100: libcurl info message cache 3 (connect to 127.0.0.1 port 56472 failed: Connection refused)
[2025.03.25-05.26.36:296][397]LogHttp: Warning: 000002CA8F958100: libcurl info message cache 4 (Failed to connect to 127.0.0.1 port 56472: Connection refused)
[2025.03.25-05.26.36:296][397]LogHttp: Warning: 000002CA8F958100: libcurl info message cache 5 (Closing connection 152)
[2025.03.25-05.26.36:632][398]LogHttp: Warning: Retry exhausted on https://datarouter.ol.epicgames.com/datarouter/api/v1/public/data?SessionID=%7B52EE5E38-4C3D-8216-5318-08BD2EB56133%7D&AppID=UEEditor.Rocket.Release&AppVersion=4.27.2-18319896%2B%2B%2BUE4%2BRelease-4.27&UserID=4dadba1840df393f01f03bb4251131e7%7C8200f8875fa445f5b01f2fa9e0ce4780%7Cb587297a-ff5c-45fe-b03b-545ac00d4e54&AppEnvironment=datacollector-binary&UploadType=eteventstream
[2025.03.25-05.27.04:624][481]LogD3D11RHI: Timed out while waiting for GPU to catch up. (0.5 s) (ErrorCode 00000001) (00000000)
[2025.03.25-05.27.36:121][575]LogHttp: Warning: 000002CB12BE8800: invalid HTTP response code received. URL: https://datarouter.ol.epicgames.com/datarouter/api/v1/public/data?SessionID=%7B52EE5E38-4C3D-8216-5318-08BD2EB56133%7D&AppID=UEEditor.Rocket.Release&AppVersion=4.27.2-18319896%2B%2B%2BUE4%2BRelease-4.27&UserID=4dadba1840df393f01f03bb4251131e7%7C8200f8875fa445f5b01f2fa9e0ce4780%7Cb587297a-ff5c-45fe-b03b-545ac00d4e54&AppEnvironment=datacollector-binary&UploadType=eteventstream, HTTP code: 0, content length: 0, actual payload size: 0
[2025.03.25-05.27.36:121][575]LogHttp: Warning: 000002CB12BE8800: request failed, libcurl error: 7 (Couldn't connect to server)
[2025.03.25-05.27.36:121][575]LogHttp: Warning: 000002CB12BE8800: libcurl info message cache 0 (  Trying 127.0.0.1...)
[2025.03.25-05.27.36:121][575]LogHttp: Warning: 000002CB12BE8800: libcurl info message cache 1 (TCP_NODELAY set)
[2025.03.25-05.27.36:121][575]LogHttp: Warning: 000002CB12BE8800: libcurl info message cache 2 (connect to 127.0.0.1 port 56472 failed: Connection refused)
[2025.03.25-05.27.36:121][575]LogHttp: Warning: 000002CB12BE8800: libcurl info message cache 3 (Failed to connect to 127.0.0.1 port 56472: Connection refused)
[2025.03.25-05.27.36:121][575]LogHttp: Warning: 000002CB12BE8800: libcurl info message cache 4 (Closing connection 153)
[2025.03.25-05.27.36:291][576]LogHttp: Warning: Retry exhausted on https://datarouter.ol.epicgames.com/datarouter/api/v1/public/data?SessionID=%7B52EE5E38-4C3D-8216-5318-08BD2EB56133%7D&AppID=UEEditor.Rocket.Release&AppVersion=4.27.2-18319896%2B%2B%2BUE4%2BRelease-4.27&UserID=4dadba1840df393f01f03bb4251131e7%7C8200f8875fa445f5b01f2fa9e0ce4780%7Cb587297a-ff5c-45fe-b03b-545ac00d4e54&AppEnvironment=datacollector-binary&UploadType=eteventstream
[2025.03.25-05.27.47:187][608]LogD3D11RHI: Timed out while waiting for GPU to catch up. (0.5 s) (ErrorCode 00000001) (00000000)
[2025.03.25-05.28.14:997][691]LogD3D11RHI: Timed out while waiting for GPU to catch up. (0.5 s) (ErrorCode 00000001) (00000000)
[2025.03.25-05.28.20:830][697]LogAudioMixer: Warning: Changing default audio render device to new device: {0.0.0.00000000}.{9cd014f6-e44b-4026-ac05-e666d50ce081}.
[2025.03.25-05.28.20:837][697]LogAudioMixer: Resetting audio stream to device id 
[2025.03.25-05.28.20:984][697]LogAudioMixer: Display: 0: FrontLeft
[2025.03.25-05.28.20:984][697]LogAudioMixer: Display: 1: FrontRight
[2025.03.25-05.28.35:976][103]LogHttp: Warning: 000002CB12BEA400: invalid HTTP response code received. URL: https://datarouter.ol.epicgames.com/datarouter/api/v1/public/data?SessionID=%7B52EE5E38-4C3D-8216-5318-08BD2EB56133%7D&AppID=UEEditor.Rocket.Release&AppVersion=4.27.2-18319896%2B%2B%2BUE4%2BRelease-4.27&UserID=4dadba1840df393f01f03bb4251131e7%7C8200f8875fa445f5b01f2fa9e0ce4780%7Cb587297a-ff5c-45fe-b03b-545ac00d4e54&AppEnvironment=datacollector-binary&UploadType=eteventstream, HTTP code: 0, content length: 0, actual payload size: 0
[2025.03.25-05.28.35:977][103]LogHttp: Warning: 000002CB12BEA400: request failed, libcurl error: 7 (Couldn't connect to server)
[2025.03.25-05.28.35:977][103]LogHttp: Warning: 000002CB12BEA400: libcurl info message cache 0 (Hostname in DNS cache was stale, zapped)
[2025.03.25-05.28.35:977][103]LogHttp: Warning: 000002CB12BEA400: libcurl info message cache 1 (  Trying 127.0.0.1...)
[2025.03.25-05.28.35:977][103]LogHttp: Warning: 000002CB12BEA400: libcurl info message cache 2 (TCP_NODELAY set)
[2025.03.25-05.28.35:977][103]LogHttp: Warning: 000002CB12BEA400: libcurl info message cache 3 (connect to 127.0.0.1 port 56472 failed: Connection refused)
[2025.03.25-05.28.35:977][103]LogHttp: Warning: 000002CB12BEA400: libcurl info message cache 4 (Failed to connect to 127.0.0.1 port 56472: Connection refused)
[2025.03.25-05.28.35:977][103]LogHttp: Warning: 000002CB12BEA400: libcurl info message cache 5 (Closing connection 154)
[2025.03.25-05.28.36:013][104]LogHttp: Warning: Retry exhausted on https://datarouter.ol.epicgames.com/datarouter/api/v1/public/data?SessionID=%7B52EE5E38-4C3D-8216-5318-08BD2EB56133%7D&AppID=UEEditor.Rocket.Release&AppVersion=4.27.2-18319896%2B%2B%2BUE4%2BRelease-4.27&UserID=4dadba1840df393f01f03bb4251131e7%7C8200f8875fa445f5b01f2fa9e0ce4780%7Cb587297a-ff5c-45fe-b03b-545ac00d4e54&AppEnvironment=datacollector-binary&UploadType=eteventstream
[2025.03.25-05.28.56:994][721]LogTemp: Repeating last play command: Selected Viewport
[2025.03.25-05.28.57:008][721]LogPlayLevel: PlayLevel: No blueprints needed recompiling
[2025.03.25-05.28.57:008][721]PIE: New page: PIE session: ThirdPersonExampleMap (2025年3月25日 下午9:28:57)
[2025.03.25-05.28.57:012][721]LogPlayLevel: Creating play world package: /Game/ThirdPersonBP/Maps/UEDPIE_0_ThirdPersonExampleMap
[2025.03.25-05.28.57:049][721]LogPlayLevel: PIE: StaticDuplicateObject took: (0.037476s)
[2025.03.25-05.28.57:051][721]LogAIModule: Creating AISystem for world ThirdPersonExampleMap
[2025.03.25-05.28.57:051][721]LogPlayLevel: PIE: World Init took: (0.001953s)
[2025.03.25-05.28.57:051][721]LogPlayLevel: PIE: Created PIE world by copying editor world from /Game/ThirdPersonBP/Maps/ThirdPersonExampleMap.ThirdPersonExampleMap to /Game/ThirdPersonBP/Maps/UEDPIE_0_ThirdPersonExampleMap.ThirdPersonExampleMap (0.039704s)
[2025.03.25-05.28.57:090][721]LogUObjectHash: Compacting FUObjectHashTables data took   4.24ms
[2025.03.25-05.28.57:098][721]LogAudio: Display: Creating Audio Device:                 Id: 24, Scope: Unique, Realtime: True
[2025.03.25-05.28.57:098][721]LogAudioMixer: Display: Audio Mixer Platform Settings:
[2025.03.25-05.28.57:098][721]LogAudioMixer: Display: 	Sample Rate:						  48000
[2025.03.25-05.28.57:098][721]LogAudioMixer: Display: 	Callback Buffer Frame Size Requested: 1024
[2025.03.25-05.28.57:098][721]LogAudioMixer: Display: 	Callback Buffer Frame Size To Use:	  1024
[2025.03.25-05.28.57:098][721]LogAudioMixer: Display: 	Number of buffers to queue:			  2
[2025.03.25-05.28.57:098][721]LogAudioMixer: Display: 	Max Channels (voices):				  32
[2025.03.25-05.28.57:098][721]LogAudioMixer: Display: 	Number of Async Source Workers:		  0
[2025.03.25-05.28.57:098][721]LogAudio: Display: AudioDevice MaxSources: 32
[2025.03.25-05.28.57:099][721]LogAudio: Display: Audio Spatialization Plugin: None (built-in).
[2025.03.25-05.28.57:099][721]LogAudio: Display: Audio Reverb Plugin: None (built-in).
[2025.03.25-05.28.57:099][721]LogAudio: Display: Audio Occlusion Plugin: None (built-in).
[2025.03.25-05.28.57:099][721]LogAudioMixer: Display: Initializing audio mixer.
[2025.03.25-05.28.57:104][721]LogAudioMixer: Display: 0: FrontLeft
[2025.03.25-05.28.57:104][721]LogAudioMixer: Display: 1: FrontRight
[2025.03.25-05.28.57:147][721]LogAudioMixer: Display: Using Audio Device 扬声器 (适用于 I2S 音频的英特尔® 智音技术)
[2025.03.25-05.28.57:147][721]LogAudioMixer: Display: Initializing Sound Submixes...
[2025.03.25-05.28.57:147][721]LogAudioMixer: Display: Creating Master Submix 'MasterSubmixDefault'
[2025.03.25-05.28.57:147][721]LogAudioMixer: Display: Creating Master Submix 'MasterReverbSubmixDefault'
[2025.03.25-05.28.57:148][721]LogAudioMixer: Display: Creating Master Submix 'MasterEQSubmixDefault'
[2025.03.25-05.28.57:148][721]LogAudioMixer: FMixerPlatformXAudio2::StartAudioStream() called
[2025.03.25-05.28.57:148][721]LogAudioMixer: Display: Output buffers initialized: Frames=1024, Channels=2, Samples=2048
[2025.03.25-05.28.57:150][721]LogAudioMixer: Display: Starting AudioMixerPlatformInterface::RunInternal()
[2025.03.25-05.28.57:150][721]LogAudioMixer: Display: FMixerPlatformXAudio2::SubmitBuffer() called for the first time
[2025.03.25-05.28.57:150][721]LogInit: FAudioDevice initialized.
[2025.03.25-05.28.57:150][721]LogAudio: Display: Audio Device (ID: 24) registered with world 'ThirdPersonExampleMap'.
[2025.03.25-05.28.57:160][721]LogLoad: Game class is 'ThirdPersonGameMode_C'
[2025.03.25-05.28.57:163][721]LogWorld: Bringing World /Game/ThirdPersonBP/Maps/UEDPIE_0_ThirdPersonExampleMap.ThirdPersonExampleMap up for play (max tick rate 60) at 2025.03.25-13.28.57
[2025.03.25-05.28.57:163][721]LogWorld: Bringing up level for play took: 0.002866
[2025.03.25-05.28.57:163][721]LogOnline: OSS: Creating online subsystem instance for: :Context_36
[2025.03.25-05.28.57:166][721]PIE: Server logged in
[2025.03.25-05.28.57:166][721]PIE: Play in editor total start time 0.162 seconds.
[2025.03.25-05.29.02:670][ 28]LogBlueprintUserMessages: [BP_Table_2] Press "F"
[2025.03.25-05.29.05:769][208]LogBlueprintUserMessages: [BP_Button_2] Click It
[2025.03.25-05.29.19:747][973]LogSlate: Updating window title bar state: overlay mode, drag disabled, window buttons hidden, title bar hidden
[2025.03.25-05.29.19:747][973]LogWorld: BeginTearingDown for /Game/ThirdPersonBP/Maps/UEDPIE_0_ThirdPersonExampleMap
[2025.03.25-05.29.19:747][973]LogWorld: UWorld::CleanupWorld for ThirdPersonExampleMap, bSessionEnded=true, bCleanupResources=true
[2025.03.25-05.29.19:748][973]LogSlate: InvalidateAllWidgets triggered.  All widgets were invalidated
[2025.03.25-05.29.19:761][973]LogPlayLevel: Display: Shutting down PIE online subsystems
[2025.03.25-05.29.19:787][973]LogSlate: InvalidateAllWidgets triggered.  All widgets were invalidated
[2025.03.25-05.29.19:811][973]LogAudio: Display: Audio Device unregistered from world 'None'.
[2025.03.25-05.29.19:811][973]LogAudioMixer: FMixerPlatformXAudio2::StopAudioStream() called
[2025.03.25-05.29.19:812][973]LogAudioMixer: FMixerPlatformXAudio2::StopAudioStream() called
[2025.03.25-05.29.19:816][973]LogSlate: Updating window title bar state: overlay mode, drag disabled, window buttons hidden, title bar hidden
[2025.03.25-05.29.19:820][973]LogUObjectHash: Compacting FUObjectHashTables data took   1.68ms
[2025.03.25-05.29.19:890][974]LogPlayLevel: Display: Destroying online subsystem :Context_36
[2025.03.25-05.29.24:537][174]LogSlate: Window 'BP_Button' being destroyed
[2025.03.25-05.29.35:916][605]LogHttp: Warning: 000002CB13D43200: invalid HTTP response code received. URL: https://datarouter.ol.epicgames.com/datarouter/api/v1/public/data?SessionID=%7B52EE5E38-4C3D-8216-5318-08BD2EB56133%7D&AppID=UEEditor.Rocket.Release&AppVersion=4.27.2-18319896%2B%2B%2BUE4%2BRelease-4.27&UserID=4dadba1840df393f01f03bb4251131e7%7C8200f8875fa445f5b01f2fa9e0ce4780%7Cb587297a-ff5c-45fe-b03b-545ac00d4e54&AppEnvironment=datacollector-binary&UploadType=eteventstream, HTTP code: 0, content length: 0, actual payload size: 0
[2025.03.25-05.29.35:916][605]LogHttp: Warning: 000002CB13D43200: request failed, libcurl error: 7 (Couldn't connect to server)
[2025.03.25-05.29.35:916][605]LogHttp: Warning: 000002CB13D43200: libcurl info message cache 0 (Hostname in DNS cache was stale, zapped)
[2025.03.25-05.29.35:916][605]LogHttp: Warning: 000002CB13D43200: libcurl info message cache 1 (  Trying 127.0.0.1...)
[2025.03.25-05.29.35:916][605]LogHttp: Warning: 000002CB13D43200: libcurl info message cache 2 (TCP_NODELAY set)
[2025.03.25-05.29.35:916][605]LogHttp: Warning: 000002CB13D43200: libcurl info message cache 3 (connect to 127.0.0.1 port 56472 failed: Connection refused)
[2025.03.25-05.29.35:916][605]LogHttp: Warning: 000002CB13D43200: libcurl info message cache 4 (Failed to connect to 127.0.0.1 port 56472: Connection refused)
[2025.03.25-05.29.35:916][605]LogHttp: Warning: 000002CB13D43200: libcurl info message cache 5 (Closing connection 155)
[2025.03.25-05.29.35:933][606]LogHttp: Warning: Retry exhausted on https://datarouter.ol.epicgames.com/datarouter/api/v1/public/data?SessionID=%7B52EE5E38-4C3D-8216-5318-08BD2EB56133%7D&AppID=UEEditor.Rocket.Release&AppVersion=4.27.2-18319896%2B%2B%2BUE4%2BRelease-4.27&UserID=4dadba1840df393f01f03bb4251131e7%7C8200f8875fa445f5b01f2fa9e0ce4780%7Cb587297a-ff5c-45fe-b03b-545ac00d4e54&AppEnvironment=datacollector-binary&UploadType=eteventstream
[2025.03.25-05.30.36:200][859]LogHttp: Warning: 000002CA93F32B00: invalid HTTP response code received. URL: https://datarouter.ol.epicgames.com/datarouter/api/v1/public/data?SessionID=%7B52EE5E38-4C3D-8216-5318-08BD2EB56133%7D&AppID=UEEditor.Rocket.Release&AppVersion=4.27.2-18319896%2B%2B%2BUE4%2BRelease-4.27&UserID=4dadba1840df393f01f03bb4251131e7%7C8200f8875fa445f5b01f2fa9e0ce4780%7Cb587297a-ff5c-45fe-b03b-545ac00d4e54&AppEnvironment=datacollector-binary&UploadType=eteventstream, HTTP code: 0, content length: 0, actual payload size: 0
[2025.03.25-05.30.36:200][859]LogHttp: Warning: 000002CA93F32B00: request failed, libcurl error: 7 (Couldn't connect to server)
[2025.03.25-05.30.36:200][859]LogHttp: Warning: 000002CA93F32B00: libcurl info message cache 0 (Hostname in DNS cache was stale, zapped)
[2025.03.25-05.30.36:200][859]LogHttp: Warning: 000002CA93F32B00: libcurl info message cache 1 (  Trying 127.0.0.1...)
[2025.03.25-05.30.36:200][859]LogHttp: Warning: 000002CA93F32B00: libcurl info message cache 2 (TCP_NODELAY set)
[2025.03.25-05.30.36:200][859]LogHttp: Warning: 000002CA93F32B00: libcurl info message cache 3 (connect to 127.0.0.1 port 56472 failed: Connection refused)
[2025.03.25-05.30.36:200][859]LogHttp: Warning: 000002CA93F32B00: libcurl info message cache 4 (Failed to connect to 127.0.0.1 port 56472: Connection refused)
[2025.03.25-05.30.36:200][859]LogHttp: Warning: 000002CA93F32B00: libcurl info message cache 5 (Closing connection 156)
[2025.03.25-05.30.36:540][860]LogHttp: Warning: Retry exhausted on https://datarouter.ol.epicgames.com/datarouter/api/v1/public/data?SessionID=%7B52EE5E38-4C3D-8216-5318-08BD2EB56133%7D&AppID=UEEditor.Rocket.Release&AppVersion=4.27.2-18319896%2B%2B%2BUE4%2BRelease-4.27&UserID=4dadba1840df393f01f03bb4251131e7%7C8200f8875fa445f5b01f2fa9e0ce4780%7Cb587297a-ff5c-45fe-b03b-545ac00d4e54&AppEnvironment=datacollector-binary&UploadType=eteventstream
[2025.03.25-05.31.36:487][ 39]LogHttp: Warning: 000002CB58454F00: invalid HTTP response code received. URL: https://datarouter.ol.epicgames.com/datarouter/api/v1/public/data?SessionID=%7B52EE5E38-4C3D-8216-5318-08BD2EB56133%7D&AppID=UEEditor.Rocket.Release&AppVersion=4.27.2-18319896%2B%2B%2BUE4%2BRelease-4.27&UserID=4dadba1840df393f01f03bb4251131e7%7C8200f8875fa445f5b01f2fa9e0ce4780%7Cb587297a-ff5c-45fe-b03b-545ac00d4e54&AppEnvironment=datacollector-binary&UploadType=eteventstream, HTTP code: 0, content length: 0, actual payload size: 0
[2025.03.25-05.31.36:488][ 39]LogHttp: Warning: 000002CB58454F00: request failed, libcurl error: 7 (Couldn't connect to server)
[2025.03.25-05.31.36:488][ 39]LogHttp: Warning: 000002CB58454F00: libcurl info message cache 0 (Hostname in DNS cache was stale, zapped)
[2025.03.25-05.31.36:488][ 39]LogHttp: Warning: 000002CB58454F00: libcurl info message cache 1 (  Trying 127.0.0.1...)
[2025.03.25-05.31.36:488][ 39]LogHttp: Warning: 000002CB58454F00: libcurl info message cache 2 (TCP_NODELAY set)
[2025.03.25-05.31.36:488][ 39]LogHttp: Warning: 000002CB58454F00: libcurl info message cache 3 (connect to 127.0.0.1 port 56472 failed: Connection refused)
[2025.03.25-05.31.36:488][ 39]LogHttp: Warning: 000002CB58454F00: libcurl info message cache 4 (Failed to connect to 127.0.0.1 port 56472: Connection refused)
[2025.03.25-05.31.36:488][ 39]LogHttp: Warning: 000002CB58454F00: libcurl info message cache 5 (Closing connection 157)
[2025.03.25-05.31.36:818][ 40]LogHttp: Warning: Retry exhausted on https://datarouter.ol.epicgames.com/datarouter/api/v1/public/data?SessionID=%7B52EE5E38-4C3D-8216-5318-08BD2EB56133%7D&AppID=UEEditor.Rocket.Release&AppVersion=4.27.2-18319896%2B%2B%2BUE4%2BRelease-4.27&UserID=4dadba1840df393f01f03bb4251131e7%7C8200f8875fa445f5b01f2fa9e0ce4780%7Cb587297a-ff5c-45fe-b03b-545ac00d4e54&AppEnvironment=datacollector-binary&UploadType=eteventstream
[2025.03.25-05.32.36:440][218]LogHttp: Warning: 000002CB58454F00: invalid HTTP response code received. URL: https://datarouter.ol.epicgames.com/datarouter/api/v1/public/data?SessionID=%7B52EE5E38-4C3D-8216-5318-08BD2EB56133%7D&AppID=UEEditor.Rocket.Release&AppVersion=4.27.2-18319896%2B%2B%2BUE4%2BRelease-4.27&UserID=4dadba1840df393f01f03bb4251131e7%7C8200f8875fa445f5b01f2fa9e0ce4780%7Cb587297a-ff5c-45fe-b03b-545ac00d4e54&AppEnvironment=datacollector-binary&UploadType=eteventstream, HTTP code: 0, content length: 0, actual payload size: 0
[2025.03.25-05.32.36:440][218]LogHttp: Warning: 000002CB58454F00: request failed, libcurl error: 7 (Couldn't connect to server)
[2025.03.25-05.32.36:440][218]LogHttp: Warning: 000002CB58454F00: libcurl info message cache 0 (Hostname in DNS cache was stale, zapped)
[2025.03.25-05.32.36:440][218]LogHttp: Warning: 000002CB58454F00: libcurl info message cache 1 (  Trying 127.0.0.1...)
[2025.03.25-05.32.36:440][218]LogHttp: Warning: 000002CB58454F00: libcurl info message cache 2 (TCP_NODELAY set)
[2025.03.25-05.32.36:440][218]LogHttp: Warning: 000002CB58454F00: libcurl info message cache 3 (connect to 127.0.0.1 port 56472 failed: Connection refused)
[2025.03.25-05.32.36:440][218]LogHttp: Warning: 000002CB58454F00: libcurl info message cache 4 (Failed to connect to 127.0.0.1 port 56472: Connection refused)
[2025.03.25-05.32.36:440][218]LogHttp: Warning: 000002CB58454F00: libcurl info message cache 5 (Closing connection 158)
[2025.03.25-05.32.36:441][218]LogHttp: Warning: Retry exhausted on https://datarouter.ol.epicgames.com/datarouter/api/v1/public/data?SessionID=%7B52EE5E38-4C3D-8216-5318-08BD2EB56133%7D&AppID=UEEditor.Rocket.Release&AppVersion=4.27.2-18319896%2B%2B%2BUE4%2BRelease-4.27&UserID=4dadba1840df393f01f03bb4251131e7%7C8200f8875fa445f5b01f2fa9e0ce4780%7Cb587297a-ff5c-45fe-b03b-545ac00d4e54&AppEnvironment=datacollector-binary&UploadType=eteventstream
[2025.03.25-05.33.36:364][397]LogHttp: Warning: 000002CB13D43200: invalid HTTP response code received. URL: https://datarouter.ol.epicgames.com/datarouter/api/v1/public/data?SessionID=%7B52EE5E38-4C3D-8216-5318-08BD2EB56133%7D&AppID=UEEditor.Rocket.Release&AppVersion=4.27.2-18319896%2B%2B%2BUE4%2BRelease-4.27&UserID=4dadba1840df393f01f03bb4251131e7%7C8200f8875fa445f5b01f2fa9e0ce4780%7Cb587297a-ff5c-45fe-b03b-545ac00d4e54&AppEnvironment=datacollector-binary&UploadType=eteventstream, HTTP code: 0, content length: 0, actual payload size: 0
[2025.03.25-05.33.36:364][397]LogHttp: Warning: 000002CB13D43200: request failed, libcurl error: 7 (Couldn't connect to server)
[2025.03.25-05.33.36:364][397]LogHttp: Warning: 000002CB13D43200: libcurl info message cache 0 (Hostname in DNS cache was stale, zapped)
[2025.03.25-05.33.36:364][397]LogHttp: Warning: 000002CB13D43200: libcurl info message cache 1 (  Trying 127.0.0.1...)
[2025.03.25-05.33.36:364][397]LogHttp: Warning: 000002CB13D43200: libcurl info message cache 2 (TCP_NODELAY set)
[2025.03.25-05.33.36:364][397]LogHttp: Warning: 000002CB13D43200: libcurl info message cache 3 (connect to 127.0.0.1 port 56472 failed: Connection refused)
[2025.03.25-05.33.36:364][397]LogHttp: Warning: 000002CB13D43200: libcurl info message cache 4 (Failed to connect to 127.0.0.1 port 56472: Connection refused)
[2025.03.25-05.33.36:364][397]LogHttp: Warning: 000002CB13D43200: libcurl info message cache 5 (Closing connection 159)
[2025.03.25-05.33.36:700][398]LogHttp: Warning: Retry exhausted on https://datarouter.ol.epicgames.com/datarouter/api/v1/public/data?SessionID=%7B52EE5E38-4C3D-8216-5318-08BD2EB56133%7D&AppID=UEEditor.Rocket.Release&AppVersion=4.27.2-18319896%2B%2B%2BUE4%2BRelease-4.27&UserID=4dadba1840df393f01f03bb4251131e7%7C8200f8875fa445f5b01f2fa9e0ce4780%7Cb587297a-ff5c-45fe-b03b-545ac00d4e54&AppEnvironment=datacollector-binary&UploadType=eteventstream
[2025.03.25-05.34.36:309][576]LogHttp: Warning: 000002CB58454F00: invalid HTTP response code received. URL: https://datarouter.ol.epicgames.com/datarouter/api/v1/public/data?SessionID=%7B52EE5E38-4C3D-8216-5318-08BD2EB56133%7D&AppID=UEEditor.Rocket.Release&AppVersion=4.27.2-18319896%2B%2B%2BUE4%2BRelease-4.27&UserID=4dadba1840df393f01f03bb4251131e7%7C8200f8875fa445f5b01f2fa9e0ce4780%7Cb587297a-ff5c-45fe-b03b-545ac00d4e54&AppEnvironment=datacollector-binary&UploadType=eteventstream, HTTP code: 0, content length: 0, actual payload size: 0
[2025.03.25-05.34.36:309][576]LogHttp: Warning: 000002CB58454F00: request failed, libcurl error: 7 (Couldn't connect to server)
[2025.03.25-05.34.36:309][576]LogHttp: Warning: 000002CB58454F00: libcurl info message cache 0 (Hostname 127.0.0.1 was found in DNS cache)
[2025.03.25-05.34.36:309][576]LogHttp: Warning: 000002CB58454F00: libcurl info message cache 1 (  Trying 127.0.0.1...)
[2025.03.25-05.34.36:309][576]LogHttp: Warning: 000002CB58454F00: libcurl info message cache 2 (TCP_NODELAY set)
[2025.03.25-05.34.36:309][576]LogHttp: Warning: 000002CB58454F00: libcurl info message cache 3 (connect to 127.0.0.1 port 56472 failed: Connection refused)
[2025.03.25-05.34.36:309][576]LogHttp: Warning: 000002CB58454F00: libcurl info message cache 4 (Failed to connect to 127.0.0.1 port 56472: Connection refused)
[2025.03.25-05.34.36:309][576]LogHttp: Warning: 000002CB58454F00: libcurl info message cache 5 (Closing connection 160)
[2025.03.25-05.34.36:309][576]LogHttp: Warning: Retry exhausted on https://datarouter.ol.epicgames.com/datarouter/api/v1/public/data?SessionID=%7B52EE5E38-4C3D-8216-5318-08BD2EB56133%7D&AppID=UEEditor.Rocket.Release&AppVersion=4.27.2-18319896%2B%2B%2BUE4%2BRelease-4.27&UserID=4dadba1840df393f01f03bb4251131e7%7C8200f8875fa445f5b01f2fa9e0ce4780%7Cb587297a-ff5c-45fe-b03b-545ac00d4e54&AppEnvironment=datacollector-binary&UploadType=eteventstream
[2025.03.25-05.35.36:270][755]LogHttp: Warning: 000002CB64075600: invalid HTTP response code received. URL: https://datarouter.ol.epicgames.com/datarouter/api/v1/public/data?SessionID=%7B52EE5E38-4C3D-8216-5318-08BD2EB56133%7D&AppID=UEEditor.Rocket.Release&AppVersion=4.27.2-18319896%2B%2B%2BUE4%2BRelease-4.27&UserID=4dadba1840df393f01f03bb4251131e7%7C8200f8875fa445f5b01f2fa9e0ce4780%7Cb587297a-ff5c-45fe-b03b-545ac00d4e54&AppEnvironment=datacollector-binary&UploadType=eteventstream, HTTP code: 0, content length: 0, actual payload size: 0
[2025.03.25-05.35.36:270][755]LogHttp: Warning: 000002CB64075600: request failed, libcurl error: 7 (Couldn't connect to server)
[2025.03.25-05.35.36:271][755]LogHttp: Warning: 000002CB64075600: libcurl info message cache 0 (  Trying 127.0.0.1...)
[2025.03.25-05.35.36:271][755]LogHttp: Warning: 000002CB64075600: libcurl info message cache 1 (TCP_NODELAY set)
[2025.03.25-05.35.36:271][755]LogHttp: Warning: 000002CB64075600: libcurl info message cache 2 (connect to 127.0.0.1 port 56472 failed: Connection refused)
[2025.03.25-05.35.36:271][755]LogHttp: Warning: 000002CB64075600: libcurl info message cache 3 (Failed to connect to 127.0.0.1 port 56472: Connection refused)
[2025.03.25-05.35.36:271][755]LogHttp: Warning: 000002CB64075600: libcurl info message cache 4 (Closing connection 161)
[2025.03.25-05.35.36:602][756]LogHttp: Warning: Retry exhausted on https://datarouter.ol.epicgames.com/datarouter/api/v1/public/data?SessionID=%7B52EE5E38-4C3D-8216-5318-08BD2EB56133%7D&AppID=UEEditor.Rocket.Release&AppVersion=4.27.2-18319896%2B%2B%2BUE4%2BRelease-4.27&UserID=4dadba1840df393f01f03bb4251131e7%7C8200f8875fa445f5b01f2fa9e0ce4780%7Cb587297a-ff5c-45fe-b03b-545ac00d4e54&AppEnvironment=datacollector-binary&UploadType=eteventstream
[2025.03.25-05.36.38:277][ 76]LogHttp: Warning: 000002CB64074F00: invalid HTTP response code received. URL: https://datarouter.ol.epicgames.com/datarouter/api/v1/public/data?SessionID=%7B52EE5E38-4C3D-8216-5318-08BD2EB56133%7D&AppID=UEEditor.Rocket.Release&AppVersion=4.27.2-18319896%2B%2B%2BUE4%2BRelease-4.27&UserID=4dadba1840df393f01f03bb4251131e7%7C8200f8875fa445f5b01f2fa9e0ce4780%7Cb587297a-ff5c-45fe-b03b-545ac00d4e54&AppEnvironment=datacollector-binary&UploadType=eteventstream, HTTP code: 0, content length: 0, actual payload size: 0
[2025.03.25-05.36.38:277][ 76]LogHttp: Warning: 000002CB64074F00: request failed, libcurl error: 35 (SSL connect error)
[2025.03.25-05.36.38:277][ 76]LogHttp: Warning: 000002CB64074F00: libcurl info message cache 0 (Hostname in DNS cache was stale, zapped)
[2025.03.25-05.36.38:277][ 76]LogHttp: Warning: 000002CB64074F00: libcurl info message cache 1 (  Trying 127.0.0.1...)
[2025.03.25-05.36.38:277][ 76]LogHttp: Warning: 000002CB64074F00: libcurl info message cache 2 (TCP_NODELAY set)
[2025.03.25-05.36.38:277][ 76]LogHttp: Warning: 000002CB64074F00: libcurl info message cache 3 (Connected to 127.0.0.1 (127.0.0.1) port 56472 (#162))
[2025.03.25-05.36.38:277][ 76]LogHttp: Warning: 000002CB64074F00: libcurl info message cache 4 (allocate connect buffer!)
[2025.03.25-05.36.38:277][ 76]LogHttp: Warning: 000002CB64074F00: libcurl info message cache 5 (Establish HTTP proxy tunnel to datarouter.ol.epicgames.com:443)
[2025.03.25-05.36.38:277][ 76]LogHttp: Warning: 000002CB64074F00: libcurl info message cache 6 (Proxy replied OK to CONNECT request)
[2025.03.25-05.36.38:277][ 76]LogHttp: Warning: 000002CB64074F00: libcurl info message cache 7 (CONNECT phase completed!)
[2025.03.25-05.36.38:277][ 76]LogHttp: Warning: 000002CB64074F00: libcurl info message cache 8 (ALPN, offering http/1.1)
[2025.03.25-05.36.38:277][ 76]LogHttp: Warning: 000002CB64074F00: libcurl info message cache 9 (Cipher selection: ALL:!EXPORT:!EXPORT40:!EXPORT56:!aNULL:!LOW:!RC4:@STRENGTH)
[2025.03.25-05.36.38:277][ 76]LogHttp: Warning: 000002CB64074F00: libcurl info message cache 10 (SSL re-using session ID)
[2025.03.25-05.36.38:277][ 76]LogHttp: Warning: 000002CB64074F00: libcurl info message cache 11 (TLSv1.3 (OUT), TLS handshake, Client hello (1):)
[2025.03.25-05.36.38:277][ 76]LogHttp: Warning: 000002CB64074F00: libcurl info message cache 12 (CONNECT phase completed!)
[2025.03.25-05.36.38:277][ 76]LogHttp: Warning: 000002CB64074F00: libcurl info message cache 13 (CONNECT phase completed!)
[2025.03.25-05.36.38:277][ 76]LogHttp: Warning: 000002CB64074F00: libcurl info message cache 14 (OpenSSL SSL_connect: SSL_ERROR_SYSCALL in connection to datarouter.ol.epicgames.com:443 )
[2025.03.25-05.36.38:277][ 76]LogHttp: Warning: 000002CB64074F00: libcurl info message cache 15 (Closing connection 162)
[2025.03.25-05.36.38:278][ 76]LogHttp: Warning: Retry exhausted on https://datarouter.ol.epicgames.com/datarouter/api/v1/public/data?SessionID=%7B52EE5E38-4C3D-8216-5318-08BD2EB56133%7D&AppID=UEEditor.Rocket.Release&AppVersion=4.27.2-18319896%2B%2B%2BUE4%2BRelease-4.27&UserID=4dadba1840df393f01f03bb4251131e7%7C8200f8875fa445f5b01f2fa9e0ce4780%7Cb587297a-ff5c-45fe-b03b-545ac00d4e54&AppEnvironment=datacollector-binary&UploadType=eteventstream
[2025.03.25-05.41.41:530][452]LogEditorViewport: Clicking on Actor (LMB): StaticMeshActor (Wall13)
[2025.03.25-05.41.44:676][611]LogAssetEditorSubsystem: Opening Asset editor for LevelScriptBlueprint /Game/ThirdPersonBP/Maps/ThirdPersonExampleMap.ThirdPersonExampleMap:PersistentLevel.ThirdPersonExampleMap
[2025.03.25-05.45.47:529][445]LogUObjectHash: Compacting FUObjectHashTables data took   4.61ms
[2025.03.25-05.45.47:575][445]LogSavePackage: Moving '../../../../../../project/UE/room_escape/Saved/ThirdPersonExampleMap_Auto5FD78EA964B864CE05635879EE186DB1F.tmp' to '../../../../../../project/UE/room_escape/Saved/Autosaves/Game/ThirdPersonBP/Maps/ThirdPersonExampleMap_Auto5.umap'
[2025.03.25-05.45.47:576][445]LogFileHelpers: Editor autosave (incl. external actors) for '/Game/ThirdPersonBP/Maps/ThirdPersonExampleMap' took 0.094
[2025.03.25-05.45.47:577][445]LogFileHelpers: Editor autosave (incl. sublevels & external actors) for all levels took 0.094
[2025.03.25-05.55.15:344][240]LogEditorViewport: Clicking on Actor (LMB): StaticMeshActor (Wall21)
[2025.03.25-05.55.16:477][298]LogEditorViewport: Clicking on Actor (LMB): ThirdPersonCharacter_C (ThirdPersonCharacter)
[2025.03.25-05.55.17:974][347]LogEditorViewport: Clicking on Actor (LMB): StaticMeshActor (Wall20)
[2025.03.25-05.55.18:920][392]LogEditorViewport: Clicking on Actor (LMB): ThirdPersonCharacter_C (ThirdPersonCharacter)
[2025.03.25-05.56.43:334][595]LogUObjectHash: Compacting FUObjectHashTables data took   2.17ms
[2025.03.25-05.56.43:370][595]LogSavePackage: Moving '../../../../../../project/UE/room_escape/Saved/ThirdPersonExampleMap_Auto6C0932DF24F3167BB1F8D84B81DDDA8A1.tmp' to '../../../../../../project/UE/room_escape/Saved/Autosaves/Game/ThirdPersonBP/Maps/ThirdPersonExampleMap_Auto6.umap'
[2025.03.25-05.56.43:370][595]LogFileHelpers: Editor autosave (incl. external actors) for '/Game/ThirdPersonBP/Maps/ThirdPersonExampleMap' took 0.067
[2025.03.25-05.56.43:370][595]LogFileHelpers: Editor autosave (incl. sublevels & external actors) for all levels took 0.067
[2025.03.25-05.57.10:859][222]Cmd: CAMERA ALIGN ACTIVEVIEWPORTONLY
[2025.03.25-05.58.02:852][972]BlueprintLog: New page: Compile ThirdPersonExampleMap
[2025.03.25-05.58.02:927][972]LogUObjectHash: Compacting FUObjectHashTables data took   2.28ms
[2025.03.25-05.58.03:711][992]LogTemp: Repeating last play command: Selected Viewport
[2025.03.25-05.58.03:717][992]LogPlayLevel: PlayLevel: No blueprints needed recompiling
[2025.03.25-05.58.03:717][992]PIE: New page: PIE session: ThirdPersonExampleMap (2025年3月25日 下午9:58:03)
[2025.03.25-05.58.03:717][992]LogPlayLevel: Creating play world package: /Game/ThirdPersonBP/Maps/UEDPIE_0_ThirdPersonExampleMap
[2025.03.25-05.58.03:732][992]LogPlayLevel: PIE: StaticDuplicateObject took: (0.014792s)
[2025.03.25-05.58.03:733][992]LogAIModule: Creating AISystem for world ThirdPersonExampleMap
[2025.03.25-05.58.03:733][992]LogPlayLevel: PIE: World Init took: (0.001116s)
[2025.03.25-05.58.03:733][992]LogPlayLevel: PIE: Created PIE world by copying editor world from /Game/ThirdPersonBP/Maps/ThirdPersonExampleMap.ThirdPersonExampleMap to /Game/ThirdPersonBP/Maps/UEDPIE_0_ThirdPersonExampleMap.ThirdPersonExampleMap (0.016074s)
[2025.03.25-05.58.03:757][992]LogUObjectHash: Compacting FUObjectHashTables data took   1.66ms
[2025.03.25-05.58.03:758][992]LogAudio: Display: Creating Audio Device:                 Id: 25, Scope: Unique, Realtime: True
[2025.03.25-05.58.03:758][992]LogAudioMixer: Display: Audio Mixer Platform Settings:
[2025.03.25-05.58.03:758][992]LogAudioMixer: Display: 	Sample Rate:						  48000
[2025.03.25-05.58.03:758][992]LogAudioMixer: Display: 	Callback Buffer Frame Size Requested: 1024
[2025.03.25-05.58.03:758][992]LogAudioMixer: Display: 	Callback Buffer Frame Size To Use:	  1024
[2025.03.25-05.58.03:758][992]LogAudioMixer: Display: 	Number of buffers to queue:			  2
[2025.03.25-05.58.03:758][992]LogAudioMixer: Display: 	Max Channels (voices):				  32
[2025.03.25-05.58.03:758][992]LogAudioMixer: Display: 	Number of Async Source Workers:		  0
[2025.03.25-05.58.03:758][992]LogAudio: Display: AudioDevice MaxSources: 32
[2025.03.25-05.58.03:759][992]LogAudio: Display: Audio Spatialization Plugin: None (built-in).
[2025.03.25-05.58.03:759][992]LogAudio: Display: Audio Reverb Plugin: None (built-in).
[2025.03.25-05.58.03:759][992]LogAudio: Display: Audio Occlusion Plugin: None (built-in).
[2025.03.25-05.58.03:759][992]LogAudioMixer: Display: Initializing audio mixer.
[2025.03.25-05.58.03:762][992]LogAudioMixer: Display: 0: FrontLeft
[2025.03.25-05.58.03:762][992]LogAudioMixer: Display: 1: FrontRight
[2025.03.25-05.58.03:798][992]LogAudioMixer: Display: Using Audio Device 扬声器 (适用于 I2S 音频的英特尔® 智音技术)
[2025.03.25-05.58.03:798][992]LogAudioMixer: Display: Initializing Sound Submixes...
[2025.03.25-05.58.03:798][992]LogAudioMixer: Display: Creating Master Submix 'MasterSubmixDefault'
[2025.03.25-05.58.03:798][992]LogAudioMixer: Display: Creating Master Submix 'MasterReverbSubmixDefault'
[2025.03.25-05.58.03:799][992]LogAudioMixer: Display: Creating Master Submix 'MasterEQSubmixDefault'
[2025.03.25-05.58.03:799][992]LogAudioMixer: FMixerPlatformXAudio2::StartAudioStream() called
[2025.03.25-05.58.03:799][992]LogAudioMixer: Display: Output buffers initialized: Frames=1024, Channels=2, Samples=2048
[2025.03.25-05.58.03:800][992]LogAudioMixer: Display: Starting AudioMixerPlatformInterface::RunInternal()
[2025.03.25-05.58.03:800][992]LogAudioMixer: Display: FMixerPlatformXAudio2::SubmitBuffer() called for the first time
[2025.03.25-05.58.03:800][992]LogInit: FAudioDevice initialized.
[2025.03.25-05.58.03:800][992]LogAudio: Display: Audio Device (ID: 25) registered with world 'ThirdPersonExampleMap'.
[2025.03.25-05.58.03:819][992]LogLoad: Game class is 'ThirdPersonGameMode_C'
[2025.03.25-05.58.03:824][992]LogWorld: Bringing World /Game/ThirdPersonBP/Maps/UEDPIE_0_ThirdPersonExampleMap.ThirdPersonExampleMap up for play (max tick rate 60) at 2025.03.25-13.58.03
[2025.03.25-05.58.03:828][992]LogWorld: Bringing up level for play took: 0.008205
[2025.03.25-05.58.03:828][992]LogOnline: OSS: Creating online subsystem instance for: :Context_43
[2025.03.25-05.58.03:831][992]PIE: Server logged in
[2025.03.25-05.58.03:832][992]PIE: Play in editor total start time 0.117 seconds.
[2025.03.25-05.58.05:454][ 81]LogBlueprintUserMessages: [ThirdPersonExampleMap_C_0] Hello
[2025.03.25-05.58.05:986][112]LogBlueprintUserMessages: [ThirdPersonExampleMap_C_0] Hello
[2025.03.25-05.58.06:156][121]LogBlueprintUserMessages: [ThirdPersonExampleMap_C_0] Hello
[2025.03.25-05.58.06:681][150]LogSlate: Updating window title bar state: overlay mode, drag disabled, window buttons hidden, title bar hidden
[2025.03.25-05.58.06:681][150]LogWorld: BeginTearingDown for /Game/ThirdPersonBP/Maps/UEDPIE_0_ThirdPersonExampleMap
[2025.03.25-05.58.06:682][150]LogWorld: UWorld::CleanupWorld for ThirdPersonExampleMap, bSessionEnded=true, bCleanupResources=true
[2025.03.25-05.58.06:684][150]LogSlate: InvalidateAllWidgets triggered.  All widgets were invalidated
[2025.03.25-05.58.06:702][150]LogPlayLevel: Display: Shutting down PIE online subsystems
[2025.03.25-05.58.06:733][150]LogSlate: InvalidateAllWidgets triggered.  All widgets were invalidated
[2025.03.25-05.58.06:753][150]LogAudio: Display: Audio Device unregistered from world 'None'.
[2025.03.25-05.58.06:754][150]LogAudioMixer: FMixerPlatformXAudio2::StopAudioStream() called
[2025.03.25-05.58.06:755][150]LogAudioMixer: FMixerPlatformXAudio2::StopAudioStream() called
[2025.03.25-05.58.06:758][150]LogSlate: Updating window title bar state: overlay mode, drag disabled, window buttons hidden, title bar hidden
[2025.03.25-05.58.06:763][150]LogUObjectHash: Compacting FUObjectHashTables data took   1.49ms
[2025.03.25-05.58.06:803][151]LogPlayLevel: Display: Destroying online subsystem :Context_43
[2025.03.25-06.00.16:114][ 38]BlueprintLog: New page: Compile ThirdPersonExampleMap
[2025.03.25-06.00.16:192][ 38]LogUObjectHash: Compacting FUObjectHashTables data took   5.17ms
[2025.03.25-06.00.17:422][ 66]LogTemp: Repeating last play command: Selected Viewport
[2025.03.25-06.00.17:431][ 66]LogPlayLevel: PlayLevel: No blueprints needed recompiling
[2025.03.25-06.00.17:431][ 66]PIE: New page: PIE session: ThirdPersonExampleMap (2025年3月25日 下午10:00:17)
[2025.03.25-06.00.17:432][ 66]LogPlayLevel: Creating play world package: /Game/ThirdPersonBP/Maps/UEDPIE_0_ThirdPersonExampleMap
[2025.03.25-06.00.17:460][ 66]LogPlayLevel: PIE: StaticDuplicateObject took: (0.027557s)
[2025.03.25-06.00.17:461][ 66]LogAIModule: Creating AISystem for world ThirdPersonExampleMap
[2025.03.25-06.00.17:462][ 66]LogPlayLevel: PIE: World Init took: (0.002121s)
[2025.03.25-06.00.17:462][ 66]LogPlayLevel: PIE: Created PIE world by copying editor world from /Game/ThirdPersonBP/Maps/ThirdPersonExampleMap.ThirdPersonExampleMap to /Game/ThirdPersonBP/Maps/UEDPIE_0_ThirdPersonExampleMap.ThirdPersonExampleMap (0.030047s)
[2025.03.25-06.00.17:500][ 66]LogUObjectHash: Compacting FUObjectHashTables data took   1.85ms
[2025.03.25-06.00.17:501][ 66]LogAudio: Display: Creating Audio Device:                 Id: 26, Scope: Unique, Realtime: True
[2025.03.25-06.00.17:501][ 66]LogAudioMixer: Display: Audio Mixer Platform Settings:
[2025.03.25-06.00.17:501][ 66]LogAudioMixer: Display: 	Sample Rate:						  48000
[2025.03.25-06.00.17:501][ 66]LogAudioMixer: Display: 	Callback Buffer Frame Size Requested: 1024
[2025.03.25-06.00.17:501][ 66]LogAudioMixer: Display: 	Callback Buffer Frame Size To Use:	  1024
[2025.03.25-06.00.17:501][ 66]LogAudioMixer: Display: 	Number of buffers to queue:			  2
[2025.03.25-06.00.17:501][ 66]LogAudioMixer: Display: 	Max Channels (voices):				  32
[2025.03.25-06.00.17:501][ 66]LogAudioMixer: Display: 	Number of Async Source Workers:		  0
[2025.03.25-06.00.17:501][ 66]LogAudio: Display: AudioDevice MaxSources: 32
[2025.03.25-06.00.17:501][ 66]LogAudio: Display: Audio Spatialization Plugin: None (built-in).
[2025.03.25-06.00.17:501][ 66]LogAudio: Display: Audio Reverb Plugin: None (built-in).
[2025.03.25-06.00.17:501][ 66]LogAudio: Display: Audio Occlusion Plugin: None (built-in).
[2025.03.25-06.00.17:501][ 66]LogAudioMixer: Display: Initializing audio mixer.
[2025.03.25-06.00.17:505][ 66]LogAudioMixer: Display: 0: FrontLeft
[2025.03.25-06.00.17:505][ 66]LogAudioMixer: Display: 1: FrontRight
[2025.03.25-06.00.17:541][ 66]LogAudioMixer: Display: Using Audio Device 扬声器 (适用于 I2S 音频的英特尔® 智音技术)
[2025.03.25-06.00.17:541][ 66]LogAudioMixer: Display: Initializing Sound Submixes...
[2025.03.25-06.00.17:542][ 66]LogAudioMixer: Display: Creating Master Submix 'MasterSubmixDefault'
[2025.03.25-06.00.17:542][ 66]LogAudioMixer: Display: Creating Master Submix 'MasterReverbSubmixDefault'
[2025.03.25-06.00.17:542][ 66]LogAudioMixer: Display: Creating Master Submix 'MasterEQSubmixDefault'
[2025.03.25-06.00.17:542][ 66]LogAudioMixer: FMixerPlatformXAudio2::StartAudioStream() called
[2025.03.25-06.00.17:542][ 66]LogAudioMixer: Display: Output buffers initialized: Frames=1024, Channels=2, Samples=2048
[2025.03.25-06.00.17:543][ 66]LogAudioMixer: Display: Starting AudioMixerPlatformInterface::RunInternal()
[2025.03.25-06.00.17:543][ 66]LogAudioMixer: Display: FMixerPlatformXAudio2::SubmitBuffer() called for the first time
[2025.03.25-06.00.17:543][ 66]LogInit: FAudioDevice initialized.
[2025.03.25-06.00.17:543][ 66]LogAudio: Display: Audio Device (ID: 26) registered with world 'ThirdPersonExampleMap'.
[2025.03.25-06.00.17:561][ 66]LogLoad: Game class is 'ThirdPersonGameMode_C'
[2025.03.25-06.00.17:564][ 66]LogWorld: Bringing World /Game/ThirdPersonBP/Maps/UEDPIE_0_ThirdPersonExampleMap.ThirdPersonExampleMap up for play (max tick rate 60) at 2025.03.25-14.00.17
[2025.03.25-06.00.17:565][ 66]LogWorld: Bringing up level for play took: 0.004140
[2025.03.25-06.00.17:566][ 66]LogOnline: OSS: Creating online subsystem instance for: :Context_44
[2025.03.25-06.00.17:569][ 66]PIE: Server logged in
[2025.03.25-06.00.17:569][ 66]PIE: Play in editor total start time 0.141 seconds.
[2025.03.25-06.00.26:715][587]LogSlate: Updating window title bar state: overlay mode, drag disabled, window buttons hidden, title bar hidden
[2025.03.25-06.00.26:715][587]LogWorld: BeginTearingDown for /Game/ThirdPersonBP/Maps/UEDPIE_0_ThirdPersonExampleMap
[2025.03.25-06.00.26:715][587]LogWorld: UWorld::CleanupWorld for ThirdPersonExampleMap, bSessionEnded=true, bCleanupResources=true
[2025.03.25-06.00.26:715][587]LogSlate: InvalidateAllWidgets triggered.  All widgets were invalidated
[2025.03.25-06.00.26:728][587]LogPlayLevel: Display: Shutting down PIE online subsystems
[2025.03.25-06.00.26:761][587]LogSlate: InvalidateAllWidgets triggered.  All widgets were invalidated
[2025.03.25-06.00.26:785][587]LogAudio: Display: Audio Device unregistered from world 'None'.
[2025.03.25-06.00.26:786][587]LogAudioMixer: FMixerPlatformXAudio2::StopAudioStream() called
[2025.03.25-06.00.26:787][587]LogAudioMixer: FMixerPlatformXAudio2::StopAudioStream() called
[2025.03.25-06.00.26:791][587]LogSlate: Updating window title bar state: overlay mode, drag disabled, window buttons hidden, title bar hidden
[2025.03.25-06.00.26:795][587]LogUObjectHash: Compacting FUObjectHashTables data took   1.67ms
[2025.03.25-06.00.26:837][588]LogPlayLevel: Display: Destroying online subsystem :Context_44
[2025.03.25-06.00.28:544][625]LogEditorViewport: Clicking on Actor (LMB): StaticMeshActor (Wall16)
[2025.03.25-06.00.37:352][967]Cmd: CAMERA ALIGN ACTIVEVIEWPORTONLY
[2025.03.25-06.00.41:864][108]LogEditorViewport: Clicking on Actor (LMB): StaticMeshActor (Wall12)
[2025.03.25-06.00.59:511][906]LogEditorViewport: Clicking on Actor (LMB): ThirdPersonCharacter_C (ThirdPersonCharacter2)
[2025.03.25-06.01.06:911][134]Cmd: TRANSACTION UNDO
[2025.03.25-06.01.06:911][134]LogEditorTransaction: Undo Move Actors
[2025.03.25-06.01.17:865][469]LogEditorViewport: Clicking on Actor (LMB): StaticMeshActor (Floor2)
[2025.03.25-06.01.20:465][577]LogTemp: Repeating last play command: Selected Viewport
[2025.03.25-06.01.20:476][577]LogPlayLevel: PlayLevel: No blueprints needed recompiling
[2025.03.25-06.01.20:477][577]PIE: New page: PIE session: ThirdPersonExampleMap (2025年3月25日 下午10:01:20)
[2025.03.25-06.01.20:477][577]LogPlayLevel: Creating play world package: /Game/ThirdPersonBP/Maps/UEDPIE_0_ThirdPersonExampleMap
[2025.03.25-06.01.20:505][577]LogPlayLevel: PIE: StaticDuplicateObject took: (0.027839s)
[2025.03.25-06.01.20:506][577]LogAIModule: Creating AISystem for world ThirdPersonExampleMap
[2025.03.25-06.01.20:507][577]LogPlayLevel: PIE: World Init took: (0.002144s)
[2025.03.25-06.01.20:507][577]LogPlayLevel: PIE: Created PIE world by copying editor world from /Game/ThirdPersonBP/Maps/ThirdPersonExampleMap.ThirdPersonExampleMap to /Game/ThirdPersonBP/Maps/UEDPIE_0_ThirdPersonExampleMap.ThirdPersonExampleMap (0.030365s)
[2025.03.25-06.01.20:540][577]LogUObjectHash: Compacting FUObjectHashTables data took   1.75ms
[2025.03.25-06.01.20:543][577]LogAudio: Display: Creating Audio Device:                 Id: 27, Scope: Unique, Realtime: True
[2025.03.25-06.01.20:543][577]LogAudioMixer: Display: Audio Mixer Platform Settings:
[2025.03.25-06.01.20:543][577]LogAudioMixer: Display: 	Sample Rate:						  48000
[2025.03.25-06.01.20:543][577]LogAudioMixer: Display: 	Callback Buffer Frame Size Requested: 1024
[2025.03.25-06.01.20:543][577]LogAudioMixer: Display: 	Callback Buffer Frame Size To Use:	  1024
[2025.03.25-06.01.20:543][577]LogAudioMixer: Display: 	Number of buffers to queue:			  2
[2025.03.25-06.01.20:543][577]LogAudioMixer: Display: 	Max Channels (voices):				  32
[2025.03.25-06.01.20:543][577]LogAudioMixer: Display: 	Number of Async Source Workers:		  0
[2025.03.25-06.01.20:543][577]LogAudio: Display: AudioDevice MaxSources: 32
[2025.03.25-06.01.20:543][577]LogAudio: Display: Audio Spatialization Plugin: None (built-in).
[2025.03.25-06.01.20:543][577]LogAudio: Display: Audio Reverb Plugin: None (built-in).
[2025.03.25-06.01.20:543][577]LogAudio: Display: Audio Occlusion Plugin: None (built-in).
[2025.03.25-06.01.20:543][577]LogAudioMixer: Display: Initializing audio mixer.
[2025.03.25-06.01.20:547][577]LogAudioMixer: Display: 0: FrontLeft
[2025.03.25-06.01.20:547][577]LogAudioMixer: Display: 1: FrontRight
[2025.03.25-06.01.20:591][577]LogAudioMixer: Display: Using Audio Device 扬声器 (适用于 I2S 音频的英特尔® 智音技术)
[2025.03.25-06.01.20:591][577]LogAudioMixer: Display: Initializing Sound Submixes...
[2025.03.25-06.01.20:591][577]LogAudioMixer: Display: Creating Master Submix 'MasterSubmixDefault'
[2025.03.25-06.01.20:591][577]LogAudioMixer: Display: Creating Master Submix 'MasterReverbSubmixDefault'
[2025.03.25-06.01.20:592][577]LogAudioMixer: Display: Creating Master Submix 'MasterEQSubmixDefault'
[2025.03.25-06.01.20:592][577]LogAudioMixer: FMixerPlatformXAudio2::StartAudioStream() called
[2025.03.25-06.01.20:592][577]LogAudioMixer: Display: Output buffers initialized: Frames=1024, Channels=2, Samples=2048
[2025.03.25-06.01.20:593][577]LogAudioMixer: Display: Starting AudioMixerPlatformInterface::RunInternal()
[2025.03.25-06.01.20:593][577]LogAudioMixer: Display: FMixerPlatformXAudio2::SubmitBuffer() called for the first time
[2025.03.25-06.01.20:593][577]LogInit: FAudioDevice initialized.
[2025.03.25-06.01.20:593][577]LogAudio: Display: Audio Device (ID: 27) registered with world 'ThirdPersonExampleMap'.
[2025.03.25-06.01.20:600][577]LogLoad: Game class is 'ThirdPersonGameMode_C'
[2025.03.25-06.01.20:604][577]LogWorld: Bringing World /Game/ThirdPersonBP/Maps/UEDPIE_0_ThirdPersonExampleMap.ThirdPersonExampleMap up for play (max tick rate 60) at 2025.03.25-14.01.20
[2025.03.25-06.01.20:605][577]LogWorld: Bringing up level for play took: 0.003159
[2025.03.25-06.01.20:605][577]LogOnline: OSS: Creating online subsystem instance for: :Context_45
[2025.03.25-06.01.20:608][577]PIE: Server logged in
[2025.03.25-06.01.20:609][577]PIE: Play in editor total start time 0.134 seconds.
[2025.03.25-06.01.31:765][228]LogSlate: Updating window title bar state: overlay mode, drag disabled, window buttons hidden, title bar hidden
[2025.03.25-06.01.31:765][228]LogWorld: BeginTearingDown for /Game/ThirdPersonBP/Maps/UEDPIE_0_ThirdPersonExampleMap
[2025.03.25-06.01.31:765][228]LogWorld: UWorld::CleanupWorld for ThirdPersonExampleMap, bSessionEnded=true, bCleanupResources=true
[2025.03.25-06.01.31:766][228]LogSlate: InvalidateAllWidgets triggered.  All widgets were invalidated
[2025.03.25-06.01.31:774][228]LogPlayLevel: Display: Shutting down PIE online subsystems
[2025.03.25-06.01.31:789][228]LogSlate: InvalidateAllWidgets triggered.  All widgets were invalidated
[2025.03.25-06.01.31:814][228]LogAudio: Display: Audio Device unregistered from world 'None'.
[2025.03.25-06.01.31:814][228]LogAudioMixer: FMixerPlatformXAudio2::StopAudioStream() called
[2025.03.25-06.01.31:815][228]LogAudioMixer: FMixerPlatformXAudio2::StopAudioStream() called
[2025.03.25-06.01.31:820][228]LogSlate: Updating window title bar state: overlay mode, drag disabled, window buttons hidden, title bar hidden
[2025.03.25-06.01.31:825][228]LogUObjectHash: Compacting FUObjectHashTables data took   3.67ms
[2025.03.25-06.01.31:861][229]LogPlayLevel: Display: Destroying online subsystem :Context_45
[2025.03.25-06.01.41:033][623]LogEditorViewport: Clicking on Actor (LMB): ThirdPersonCharacter_C (ThirdPersonCharacter2)
[2025.03.25-06.01.45:535][762]LogEditorViewport: Clicking on Actor (context menu): StaticMeshActor (Floor2)
[2025.03.25-06.01.46:193][783]LogEditorViewport: Clicking on Actor (LMB): StaticMeshActor (Floor2)
[2025.03.25-06.01.54:430][132]LogEditorViewport: Clicking on Actor (LMB): ThirdPersonCharacter_C (ThirdPersonCharacter2)
[2025.03.25-06.03.47:069][780]BlueprintLog: New page: Compile ThirdPersonExampleMap
[2025.03.25-06.03.47:147][780]LogUObjectHash: Compacting FUObjectHashTables data took   2.12ms
[2025.03.25-06.03.48:626][838]LogTemp: Repeating last play command: Selected Viewport
[2025.03.25-06.03.48:638][838]LogPlayLevel: PlayLevel: No blueprints needed recompiling
[2025.03.25-06.03.48:638][838]PIE: New page: PIE session: ThirdPersonExampleMap (2025年3月25日 下午10:03:48)
[2025.03.25-06.03.48:639][838]LogPlayLevel: Creating play world package: /Game/ThirdPersonBP/Maps/UEDPIE_0_ThirdPersonExampleMap
[2025.03.25-06.03.48:656][838]LogPlayLevel: PIE: StaticDuplicateObject took: (0.017272s)
[2025.03.25-06.03.48:657][838]LogAIModule: Creating AISystem for world ThirdPersonExampleMap
[2025.03.25-06.03.48:658][838]LogPlayLevel: PIE: World Init took: (0.001347s)
[2025.03.25-06.03.48:658][838]LogPlayLevel: PIE: Created PIE world by copying editor world from /Game/ThirdPersonBP/Maps/ThirdPersonExampleMap.ThirdPersonExampleMap to /Game/ThirdPersonBP/Maps/UEDPIE_0_ThirdPersonExampleMap.ThirdPersonExampleMap (0.018852s)
[2025.03.25-06.03.48:681][838]LogUObjectHash: Compacting FUObjectHashTables data took   1.70ms
[2025.03.25-06.03.48:681][838]LogAudio: Display: Creating Audio Device:                 Id: 28, Scope: Unique, Realtime: True
[2025.03.25-06.03.48:681][838]LogAudioMixer: Display: Audio Mixer Platform Settings:
[2025.03.25-06.03.48:681][838]LogAudioMixer: Display: 	Sample Rate:						  48000
[2025.03.25-06.03.48:681][838]LogAudioMixer: Display: 	Callback Buffer Frame Size Requested: 1024
[2025.03.25-06.03.48:681][838]LogAudioMixer: Display: 	Callback Buffer Frame Size To Use:	  1024
[2025.03.25-06.03.48:681][838]LogAudioMixer: Display: 	Number of buffers to queue:			  2
[2025.03.25-06.03.48:681][838]LogAudioMixer: Display: 	Max Channels (voices):				  32
[2025.03.25-06.03.48:681][838]LogAudioMixer: Display: 	Number of Async Source Workers:		  0
[2025.03.25-06.03.48:681][838]LogAudio: Display: AudioDevice MaxSources: 32
[2025.03.25-06.03.48:682][838]LogAudio: Display: Audio Spatialization Plugin: None (built-in).
[2025.03.25-06.03.48:682][838]LogAudio: Display: Audio Reverb Plugin: None (built-in).
[2025.03.25-06.03.48:682][838]LogAudio: Display: Audio Occlusion Plugin: None (built-in).
[2025.03.25-06.03.48:682][838]LogAudioMixer: Display: Initializing audio mixer.
[2025.03.25-06.03.48:685][838]LogAudioMixer: Display: 0: FrontLeft
[2025.03.25-06.03.48:685][838]LogAudioMixer: Display: 1: FrontRight
[2025.03.25-06.03.48:722][838]LogAudioMixer: Display: Using Audio Device 扬声器 (适用于 I2S 音频的英特尔® 智音技术)
[2025.03.25-06.03.48:722][838]LogAudioMixer: Display: Initializing Sound Submixes...
[2025.03.25-06.03.48:722][838]LogAudioMixer: Display: Creating Master Submix 'MasterSubmixDefault'
[2025.03.25-06.03.48:722][838]LogAudioMixer: Display: Creating Master Submix 'MasterReverbSubmixDefault'
[2025.03.25-06.03.48:723][838]LogAudioMixer: Display: Creating Master Submix 'MasterEQSubmixDefault'
[2025.03.25-06.03.48:723][838]LogAudioMixer: FMixerPlatformXAudio2::StartAudioStream() called
[2025.03.25-06.03.48:723][838]LogAudioMixer: Display: Output buffers initialized: Frames=1024, Channels=2, Samples=2048
[2025.03.25-06.03.48:724][838]LogAudioMixer: Display: Starting AudioMixerPlatformInterface::RunInternal()
[2025.03.25-06.03.48:724][838]LogAudioMixer: Display: FMixerPlatformXAudio2::SubmitBuffer() called for the first time
[2025.03.25-06.03.48:724][838]LogInit: FAudioDevice initialized.
[2025.03.25-06.03.48:724][838]LogAudio: Display: Audio Device (ID: 28) registered with world 'ThirdPersonExampleMap'.
[2025.03.25-06.03.48:735][838]LogLoad: Game class is 'ThirdPersonGameMode_C'
[2025.03.25-06.03.48:738][838]LogWorld: Bringing World /Game/ThirdPersonBP/Maps/UEDPIE_0_ThirdPersonExampleMap.ThirdPersonExampleMap up for play (max tick rate 60) at 2025.03.25-14.03.48
[2025.03.25-06.03.48:738][838]LogWorld: Bringing up level for play took: 0.003581
[2025.03.25-06.03.48:739][838]LogOnline: OSS: Creating online subsystem instance for: :Context_46
[2025.03.25-06.03.48:745][838]PIE: Server logged in
[2025.03.25-06.03.48:745][838]PIE: Play in editor total start time 0.11 seconds.
[2025.03.25-06.04.03:855][686]LogSlate: Updating window title bar state: overlay mode, drag disabled, window buttons hidden, title bar hidden
[2025.03.25-06.04.03:855][686]LogWorld: BeginTearingDown for /Game/ThirdPersonBP/Maps/UEDPIE_0_ThirdPersonExampleMap
[2025.03.25-06.04.03:856][686]LogWorld: UWorld::CleanupWorld for ThirdPersonExampleMap, bSessionEnded=true, bCleanupResources=true
[2025.03.25-06.04.03:856][686]LogSlate: InvalidateAllWidgets triggered.  All widgets were invalidated
[2025.03.25-06.04.03:870][686]LogPlayLevel: Display: Shutting down PIE online subsystems
[2025.03.25-06.04.03:880][686]LogSlate: InvalidateAllWidgets triggered.  All widgets were invalidated
[2025.03.25-06.04.03:901][686]LogAudio: Display: Audio Device unregistered from world 'None'.
[2025.03.25-06.04.03:901][686]LogAudioMixer: FMixerPlatformXAudio2::StopAudioStream() called
[2025.03.25-06.04.03:902][686]LogAudioMixer: FMixerPlatformXAudio2::StopAudioStream() called
[2025.03.25-06.04.03:906][686]LogSlate: Updating window title bar state: overlay mode, drag disabled, window buttons hidden, title bar hidden
[2025.03.25-06.04.03:909][686]LogUObjectHash: Compacting FUObjectHashTables data took   1.53ms
[2025.03.25-06.04.03:942][687]LogPlayLevel: Display: Destroying online subsystem :Context_46
[2025.03.25-06.04.09:488][912]LogTemp: Repeating last play command: Selected Viewport
[2025.03.25-06.04.09:497][912]LogPlayLevel: PlayLevel: No blueprints needed recompiling
[2025.03.25-06.04.09:497][912]PIE: New page: PIE session: ThirdPersonExampleMap (2025年3月25日 下午10:04:09)
[2025.03.25-06.04.09:497][912]LogPlayLevel: Creating play world package: /Game/ThirdPersonBP/Maps/UEDPIE_0_ThirdPersonExampleMap
[2025.03.25-06.04.09:524][912]LogPlayLevel: PIE: StaticDuplicateObject took: (0.027613s)
[2025.03.25-06.04.09:527][912]LogAIModule: Creating AISystem for world ThirdPersonExampleMap
[2025.03.25-06.04.09:528][912]LogPlayLevel: PIE: World Init took: (0.002621s)
[2025.03.25-06.04.09:528][912]LogPlayLevel: PIE: Created PIE world by copying editor world from /Game/ThirdPersonBP/Maps/ThirdPersonExampleMap.ThirdPersonExampleMap to /Game/ThirdPersonBP/Maps/UEDPIE_0_ThirdPersonExampleMap.ThirdPersonExampleMap (0.030460s)
[2025.03.25-06.04.09:559][912]LogUObjectHash: Compacting FUObjectHashTables data took   1.68ms
[2025.03.25-06.04.09:561][912]LogAudio: Display: Creating Audio Device:                 Id: 29, Scope: Unique, Realtime: True
[2025.03.25-06.04.09:561][912]LogAudioMixer: Display: Audio Mixer Platform Settings:
[2025.03.25-06.04.09:561][912]LogAudioMixer: Display: 	Sample Rate:						  48000
[2025.03.25-06.04.09:561][912]LogAudioMixer: Display: 	Callback Buffer Frame Size Requested: 1024
[2025.03.25-06.04.09:561][912]LogAudioMixer: Display: 	Callback Buffer Frame Size To Use:	  1024
[2025.03.25-06.04.09:561][912]LogAudioMixer: Display: 	Number of buffers to queue:			  2
[2025.03.25-06.04.09:561][912]LogAudioMixer: Display: 	Max Channels (voices):				  32
[2025.03.25-06.04.09:561][912]LogAudioMixer: Display: 	Number of Async Source Workers:		  0
[2025.03.25-06.04.09:561][912]LogAudio: Display: AudioDevice MaxSources: 32
[2025.03.25-06.04.09:562][912]LogAudio: Display: Audio Spatialization Plugin: None (built-in).
[2025.03.25-06.04.09:562][912]LogAudio: Display: Audio Reverb Plugin: None (built-in).
[2025.03.25-06.04.09:562][912]LogAudio: Display: Audio Occlusion Plugin: None (built-in).
[2025.03.25-06.04.09:562][912]LogAudioMixer: Display: Initializing audio mixer.
[2025.03.25-06.04.09:565][912]LogAudioMixer: Display: 0: FrontLeft
[2025.03.25-06.04.09:565][912]LogAudioMixer: Display: 1: FrontRight
[2025.03.25-06.04.09:602][912]LogAudioMixer: Display: Using Audio Device 扬声器 (适用于 I2S 音频的英特尔® 智音技术)
[2025.03.25-06.04.09:602][912]LogAudioMixer: Display: Initializing Sound Submixes...
[2025.03.25-06.04.09:602][912]LogAudioMixer: Display: Creating Master Submix 'MasterSubmixDefault'
[2025.03.25-06.04.09:602][912]LogAudioMixer: Display: Creating Master Submix 'MasterReverbSubmixDefault'
[2025.03.25-06.04.09:603][912]LogAudioMixer: Display: Creating Master Submix 'MasterEQSubmixDefault'
[2025.03.25-06.04.09:603][912]LogAudioMixer: FMixerPlatformXAudio2::StartAudioStream() called
[2025.03.25-06.04.09:603][912]LogAudioMixer: Display: Output buffers initialized: Frames=1024, Channels=2, Samples=2048
[2025.03.25-06.04.09:603][912]LogAudioMixer: Display: Starting AudioMixerPlatformInterface::RunInternal()
[2025.03.25-06.04.09:604][912]LogAudioMixer: Display: FMixerPlatformXAudio2::SubmitBuffer() called for the first time
[2025.03.25-06.04.09:604][912]LogInit: FAudioDevice initialized.
[2025.03.25-06.04.09:604][912]LogAudio: Display: Audio Device (ID: 29) registered with world 'ThirdPersonExampleMap'.
[2025.03.25-06.04.09:618][912]LogLoad: Game class is 'ThirdPersonGameMode_C'
[2025.03.25-06.04.09:623][912]LogWorld: Bringing World /Game/ThirdPersonBP/Maps/UEDPIE_0_ThirdPersonExampleMap.ThirdPersonExampleMap up for play (max tick rate 60) at 2025.03.25-14.04.09
[2025.03.25-06.04.09:624][912]LogWorld: Bringing up level for play took: 0.004213
[2025.03.25-06.04.09:624][912]LogOnline: OSS: Creating online subsystem instance for: :Context_47
[2025.03.25-06.04.09:626][912]PIE: Server logged in
[2025.03.25-06.04.09:627][912]PIE: Play in editor total start time 0.132 seconds.
[2025.03.25-06.04.14:726][190]LogSlate: Updating window title bar state: overlay mode, drag disabled, window buttons hidden, title bar hidden
[2025.03.25-06.04.14:726][190]LogWorld: BeginTearingDown for /Game/ThirdPersonBP/Maps/UEDPIE_0_ThirdPersonExampleMap
[2025.03.25-06.04.14:727][190]LogWorld: UWorld::CleanupWorld for ThirdPersonExampleMap, bSessionEnded=true, bCleanupResources=true
[2025.03.25-06.04.14:728][190]LogSlate: InvalidateAllWidgets triggered.  All widgets were invalidated
[2025.03.25-06.04.14:746][190]LogPlayLevel: Display: Shutting down PIE online subsystems
[2025.03.25-06.04.14:763][190]LogSlate: InvalidateAllWidgets triggered.  All widgets were invalidated
[2025.03.25-06.04.14:799][190]LogSlate: Updating window title bar state: overlay mode, drag disabled, window buttons hidden, title bar hidden
[2025.03.25-06.04.14:800][190]LogAudioMixer: FMixerPlatformXAudio2::StopAudioStream() called
[2025.03.25-06.04.14:801][190]LogAudioMixer: FMixerPlatformXAudio2::StopAudioStream() called
[2025.03.25-06.04.14:811][190]LogUObjectHash: Compacting FUObjectHashTables data took   2.58ms
[2025.03.25-06.04.14:838][191]LogPlayLevel: Display: Destroying online subsystem :Context_47
[2025.03.25-06.04.19:430][385]BlueprintLog: New page: Compile ThirdPersonExampleMap
[2025.03.25-06.04.19:486][385]LogUObjectHash: Compacting FUObjectHashTables data took   2.02ms
[2025.03.25-06.04.28:447][795]LogTemp: Repeating last play command: Selected Viewport
[2025.03.25-06.04.28:456][795]LogPlayLevel: PlayLevel: No blueprints needed recompiling
[2025.03.25-06.04.28:456][795]PIE: New page: PIE session: ThirdPersonExampleMap (2025年3月25日 下午10:04:28)
[2025.03.25-06.04.28:459][795]LogPlayLevel: Creating play world package: /Game/ThirdPersonBP/Maps/UEDPIE_0_ThirdPersonExampleMap
[2025.03.25-06.04.28:477][795]LogPlayLevel: PIE: StaticDuplicateObject took: (0.018015s)
[2025.03.25-06.04.28:478][795]LogAIModule: Creating AISystem for world ThirdPersonExampleMap
[2025.03.25-06.04.28:479][795]LogPlayLevel: PIE: World Init took: (0.001531s)
[2025.03.25-06.04.28:479][795]LogPlayLevel: PIE: Created PIE world by copying editor world from /Game/ThirdPersonBP/Maps/ThirdPersonExampleMap.ThirdPersonExampleMap to /Game/ThirdPersonBP/Maps/UEDPIE_0_ThirdPersonExampleMap.ThirdPersonExampleMap (0.019748s)
[2025.03.25-06.04.28:502][795]LogUObjectHash: Compacting FUObjectHashTables data took   1.75ms
[2025.03.25-06.04.28:504][795]LogAudio: Display: Creating Audio Device:                 Id: 30, Scope: Unique, Realtime: True
[2025.03.25-06.04.28:504][795]LogAudioMixer: Display: Audio Mixer Platform Settings:
[2025.03.25-06.04.28:504][795]LogAudioMixer: Display: 	Sample Rate:						  48000
[2025.03.25-06.04.28:504][795]LogAudioMixer: Display: 	Callback Buffer Frame Size Requested: 1024
[2025.03.25-06.04.28:504][795]LogAudioMixer: Display: 	Callback Buffer Frame Size To Use:	  1024
[2025.03.25-06.04.28:504][795]LogAudioMixer: Display: 	Number of buffers to queue:			  2
[2025.03.25-06.04.28:504][795]LogAudioMixer: Display: 	Max Channels (voices):				  32
[2025.03.25-06.04.28:504][795]LogAudioMixer: Display: 	Number of Async Source Workers:		  0
[2025.03.25-06.04.28:504][795]LogAudio: Display: AudioDevice MaxSources: 32
[2025.03.25-06.04.28:505][795]LogAudio: Display: Audio Spatialization Plugin: None (built-in).
[2025.03.25-06.04.28:505][795]LogAudio: Display: Audio Reverb Plugin: None (built-in).
[2025.03.25-06.04.28:505][795]LogAudio: Display: Audio Occlusion Plugin: None (built-in).
[2025.03.25-06.04.28:505][795]LogAudioMixer: Display: Initializing audio mixer.
[2025.03.25-06.04.28:508][795]LogAudioMixer: Display: 0: FrontLeft
[2025.03.25-06.04.28:508][795]LogAudioMixer: Display: 1: FrontRight
[2025.03.25-06.04.28:542][795]LogAudioMixer: Display: Using Audio Device 扬声器 (适用于 I2S 音频的英特尔® 智音技术)
[2025.03.25-06.04.28:542][795]LogAudioMixer: Display: Initializing Sound Submixes...
[2025.03.25-06.04.28:542][795]LogAudioMixer: Display: Creating Master Submix 'MasterSubmixDefault'
[2025.03.25-06.04.28:542][795]LogAudioMixer: Display: Creating Master Submix 'MasterReverbSubmixDefault'
[2025.03.25-06.04.28:542][795]LogAudioMixer: Display: Creating Master Submix 'MasterEQSubmixDefault'
[2025.03.25-06.04.28:542][795]LogAudioMixer: FMixerPlatformXAudio2::StartAudioStream() called
[2025.03.25-06.04.28:542][795]LogAudioMixer: Display: Output buffers initialized: Frames=1024, Channels=2, Samples=2048
[2025.03.25-06.04.28:543][795]LogAudioMixer: Display: Starting AudioMixerPlatformInterface::RunInternal()
[2025.03.25-06.04.28:543][795]LogAudioMixer: Display: FMixerPlatformXAudio2::SubmitBuffer() called for the first time
[2025.03.25-06.04.28:543][795]LogInit: FAudioDevice initialized.
[2025.03.25-06.04.28:543][795]LogAudio: Display: Audio Device (ID: 30) registered with world 'ThirdPersonExampleMap'.
[2025.03.25-06.04.28:554][795]LogLoad: Game class is 'ThirdPersonGameMode_C'
[2025.03.25-06.04.28:557][795]LogWorld: Bringing World /Game/ThirdPersonBP/Maps/UEDPIE_0_ThirdPersonExampleMap.ThirdPersonExampleMap up for play (max tick rate 60) at 2025.03.25-14.04.28
[2025.03.25-06.04.28:559][795]LogWorld: Bringing up level for play took: 0.003229
[2025.03.25-06.04.28:559][795]LogOnline: OSS: Creating online subsystem instance for: :Context_48
[2025.03.25-06.04.28:561][795]PIE: Server logged in
[2025.03.25-06.04.28:562][795]PIE: Play in editor total start time 0.107 seconds.
[2025.03.25-06.04.58:996][535]LogSlate: Updating window title bar state: overlay mode, drag disabled, window buttons hidden, title bar hidden
[2025.03.25-06.04.58:996][535]LogWorld: BeginTearingDown for /Game/ThirdPersonBP/Maps/UEDPIE_0_ThirdPersonExampleMap
[2025.03.25-06.04.58:996][535]LogWorld: UWorld::CleanupWorld for ThirdPersonExampleMap, bSessionEnded=true, bCleanupResources=true
[2025.03.25-06.04.58:997][535]LogSlate: InvalidateAllWidgets triggered.  All widgets were invalidated
[2025.03.25-06.04.59:014][535]LogPlayLevel: Display: Shutting down PIE online subsystems
[2025.03.25-06.04.59:025][535]LogSlate: InvalidateAllWidgets triggered.  All widgets were invalidated
[2025.03.25-06.04.59:053][535]LogAudio: Display: Audio Device unregistered from world 'None'.
[2025.03.25-06.04.59:053][535]LogAudioMixer: FMixerPlatformXAudio2::StopAudioStream() called
[2025.03.25-06.04.59:055][535]LogAudioMixer: FMixerPlatformXAudio2::StopAudioStream() called
[2025.03.25-06.04.59:058][535]LogSlate: Updating window title bar state: overlay mode, drag disabled, window buttons hidden, title bar hidden
[2025.03.25-06.04.59:062][535]LogUObjectHash: Compacting FUObjectHashTables data took   1.66ms
[2025.03.25-06.04.59:099][536]LogPlayLevel: Display: Destroying online subsystem :Context_48
[2025.03.25-06.07.18:111][591]BlueprintLog: New page: Compile ThirdPersonExampleMap
[2025.03.25-06.07.18:174][591]LogUObjectHash: Compacting FUObjectHashTables data took   2.13ms
[2025.03.25-06.07.18:964][621]LogTemp: Repeating last play command: Selected Viewport
[2025.03.25-06.07.18:972][621]LogPlayLevel: PlayLevel: No blueprints needed recompiling
[2025.03.25-06.07.18:972][621]PIE: New page: PIE session: ThirdPersonExampleMap (2025年3月25日 下午10:07:18)
[2025.03.25-06.07.18:974][621]LogPlayLevel: Creating play world package: /Game/ThirdPersonBP/Maps/UEDPIE_0_ThirdPersonExampleMap
[2025.03.25-06.07.18:994][621]LogPlayLevel: PIE: StaticDuplicateObject took: (0.020872s)
[2025.03.25-06.07.18:995][621]LogAIModule: Creating AISystem for world ThirdPersonExampleMap
[2025.03.25-06.07.18:996][621]LogPlayLevel: PIE: World Init took: (0.001498s)
[2025.03.25-06.07.18:996][621]LogPlayLevel: PIE: Created PIE world by copying editor world from /Game/ThirdPersonBP/Maps/ThirdPersonExampleMap.ThirdPersonExampleMap to /Game/ThirdPersonBP/Maps/UEDPIE_0_ThirdPersonExampleMap.ThirdPersonExampleMap (0.022699s)
[2025.03.25-06.07.19:023][621]LogUObjectHash: Compacting FUObjectHashTables data took   3.74ms
[2025.03.25-06.07.19:023][621]LogAudio: Display: Creating Audio Device:                 Id: 31, Scope: Unique, Realtime: True
[2025.03.25-06.07.19:023][621]LogAudioMixer: Display: Audio Mixer Platform Settings:
[2025.03.25-06.07.19:023][621]LogAudioMixer: Display: 	Sample Rate:						  48000
[2025.03.25-06.07.19:023][621]LogAudioMixer: Display: 	Callback Buffer Frame Size Requested: 1024
[2025.03.25-06.07.19:023][621]LogAudioMixer: Display: 	Callback Buffer Frame Size To Use:	  1024
[2025.03.25-06.07.19:023][621]LogAudioMixer: Display: 	Number of buffers to queue:			  2
[2025.03.25-06.07.19:023][621]LogAudioMixer: Display: 	Max Channels (voices):				  32
[2025.03.25-06.07.19:023][621]LogAudioMixer: Display: 	Number of Async Source Workers:		  0
[2025.03.25-06.07.19:023][621]LogAudio: Display: AudioDevice MaxSources: 32
[2025.03.25-06.07.19:024][621]LogAudio: Display: Audio Spatialization Plugin: None (built-in).
[2025.03.25-06.07.19:024][621]LogAudio: Display: Audio Reverb Plugin: None (built-in).
[2025.03.25-06.07.19:024][621]LogAudio: Display: Audio Occlusion Plugin: None (built-in).
[2025.03.25-06.07.19:024][621]LogAudioMixer: Display: Initializing audio mixer.
[2025.03.25-06.07.19:026][621]LogAudioMixer: Display: 0: FrontLeft
[2025.03.25-06.07.19:026][621]LogAudioMixer: Display: 1: FrontRight
[2025.03.25-06.07.19:063][621]LogAudioMixer: Display: Using Audio Device 扬声器 (适用于 I2S 音频的英特尔® 智音技术)
[2025.03.25-06.07.19:063][621]LogAudioMixer: Display: Initializing Sound Submixes...
[2025.03.25-06.07.19:064][621]LogAudioMixer: Display: Creating Master Submix 'MasterSubmixDefault'
[2025.03.25-06.07.19:064][621]LogAudioMixer: Display: Creating Master Submix 'MasterReverbSubmixDefault'
[2025.03.25-06.07.19:064][621]LogAudioMixer: Display: Creating Master Submix 'MasterEQSubmixDefault'
[2025.03.25-06.07.19:064][621]LogAudioMixer: FMixerPlatformXAudio2::StartAudioStream() called
[2025.03.25-06.07.19:064][621]LogAudioMixer: Display: Output buffers initialized: Frames=1024, Channels=2, Samples=2048
[2025.03.25-06.07.19:065][621]LogAudioMixer: Display: Starting AudioMixerPlatformInterface::RunInternal()
[2025.03.25-06.07.19:065][621]LogAudioMixer: Display: FMixerPlatformXAudio2::SubmitBuffer() called for the first time
[2025.03.25-06.07.19:065][621]LogInit: FAudioDevice initialized.
[2025.03.25-06.07.19:065][621]LogAudio: Display: Audio Device (ID: 31) registered with world 'ThirdPersonExampleMap'.
[2025.03.25-06.07.19:081][621]LogLoad: Game class is 'ThirdPersonGameMode_C'
[2025.03.25-06.07.19:085][621]LogWorld: Bringing World /Game/ThirdPersonBP/Maps/UEDPIE_0_ThirdPersonExampleMap.ThirdPersonExampleMap up for play (max tick rate 60) at 2025.03.25-14.07.19
[2025.03.25-06.07.19:086][621]LogWorld: Bringing up level for play took: 0.004060
[2025.03.25-06.07.19:086][621]LogOnline: OSS: Creating online subsystem instance for: :Context_49
[2025.03.25-06.07.19:088][621]PIE: Server logged in
[2025.03.25-06.07.19:089][621]PIE: Play in editor total start time 0.119 seconds.
[2025.03.25-06.07.55:803][660]LogSlate: Updating window title bar state: overlay mode, drag disabled, window buttons hidden, title bar hidden
[2025.03.25-06.07.55:803][660]LogWorld: BeginTearingDown for /Game/ThirdPersonBP/Maps/UEDPIE_0_ThirdPersonExampleMap
[2025.03.25-06.07.55:804][660]LogWorld: UWorld::CleanupWorld for ThirdPersonExampleMap, bSessionEnded=true, bCleanupResources=true
[2025.03.25-06.07.55:804][660]LogSlate: InvalidateAllWidgets triggered.  All widgets were invalidated
[2025.03.25-06.07.55:817][660]LogPlayLevel: Display: Shutting down PIE online subsystems
[2025.03.25-06.07.55:825][660]LogSlate: InvalidateAllWidgets triggered.  All widgets were invalidated
[2025.03.25-06.07.55:847][660]LogAudio: Display: Audio Device unregistered from world 'None'.
[2025.03.25-06.07.55:848][660]LogAudioMixer: FMixerPlatformXAudio2::StopAudioStream() called
[2025.03.25-06.07.55:849][660]LogAudioMixer: FMixerPlatformXAudio2::StopAudioStream() called
[2025.03.25-06.07.55:852][660]LogSlate: Updating window title bar state: overlay mode, drag disabled, window buttons hidden, title bar hidden
[2025.03.25-06.07.55:856][660]LogUObjectHash: Compacting FUObjectHashTables data took   1.55ms
[2025.03.25-06.07.55:897][661]LogPlayLevel: Display: Destroying online subsystem :Context_49
[2025.03.25-06.09.26:132][738]BlueprintLog: New page: Compile ThirdPersonExampleMap
[2025.03.25-06.09.26:196][738]LogUObjectHash: Compacting FUObjectHashTables data took   4.52ms
[2025.03.25-06.09.27:117][776]LogTemp: Repeating last play command: Selected Viewport
[2025.03.25-06.09.27:124][776]LogPlayLevel: PlayLevel: No blueprints needed recompiling
[2025.03.25-06.09.27:124][776]PIE: New page: PIE session: ThirdPersonExampleMap (2025年3月25日 下午10:09:27)
[2025.03.25-06.09.27:124][776]LogPlayLevel: Creating play world package: /Game/ThirdPersonBP/Maps/UEDPIE_0_ThirdPersonExampleMap
[2025.03.25-06.09.27:138][776]LogPlayLevel: PIE: StaticDuplicateObject took: (0.014544s)
[2025.03.25-06.09.27:139][776]LogAIModule: Creating AISystem for world ThirdPersonExampleMap
[2025.03.25-06.09.27:140][776]LogPlayLevel: PIE: World Init took: (0.001305s)
[2025.03.25-06.09.27:140][776]LogPlayLevel: PIE: Created PIE world by copying editor world from /Game/ThirdPersonBP/Maps/ThirdPersonExampleMap.ThirdPersonExampleMap to /Game/ThirdPersonBP/Maps/UEDPIE_0_ThirdPersonExampleMap.ThirdPersonExampleMap (0.016008s)
[2025.03.25-06.09.27:163][776]LogUObjectHash: Compacting FUObjectHashTables data took   1.82ms
[2025.03.25-06.09.27:164][776]LogAudio: Display: Creating Audio Device:                 Id: 32, Scope: Unique, Realtime: True
[2025.03.25-06.09.27:164][776]LogAudioMixer: Display: Audio Mixer Platform Settings:
[2025.03.25-06.09.27:164][776]LogAudioMixer: Display: 	Sample Rate:						  48000
[2025.03.25-06.09.27:164][776]LogAudioMixer: Display: 	Callback Buffer Frame Size Requested: 1024
[2025.03.25-06.09.27:164][776]LogAudioMixer: Display: 	Callback Buffer Frame Size To Use:	  1024
[2025.03.25-06.09.27:164][776]LogAudioMixer: Display: 	Number of buffers to queue:			  2
[2025.03.25-06.09.27:164][776]LogAudioMixer: Display: 	Max Channels (voices):				  32
[2025.03.25-06.09.27:164][776]LogAudioMixer: Display: 	Number of Async Source Workers:		  0
[2025.03.25-06.09.27:164][776]LogAudio: Display: AudioDevice MaxSources: 32
[2025.03.25-06.09.27:165][776]LogAudio: Display: Audio Spatialization Plugin: None (built-in).
[2025.03.25-06.09.27:165][776]LogAudio: Display: Audio Reverb Plugin: None (built-in).
[2025.03.25-06.09.27:165][776]LogAudio: Display: Audio Occlusion Plugin: None (built-in).
[2025.03.25-06.09.27:165][776]LogAudioMixer: Display: Initializing audio mixer.
[2025.03.25-06.09.27:169][776]LogAudioMixer: Display: 0: FrontLeft
[2025.03.25-06.09.27:169][776]LogAudioMixer: Display: 1: FrontRight
[2025.03.25-06.09.27:204][776]LogAudioMixer: Display: Using Audio Device 扬声器 (适用于 I2S 音频的英特尔® 智音技术)
[2025.03.25-06.09.27:204][776]LogAudioMixer: Display: Initializing Sound Submixes...
[2025.03.25-06.09.27:204][776]LogAudioMixer: Display: Creating Master Submix 'MasterSubmixDefault'
[2025.03.25-06.09.27:204][776]LogAudioMixer: Display: Creating Master Submix 'MasterReverbSubmixDefault'
[2025.03.25-06.09.27:205][776]LogAudioMixer: Display: Creating Master Submix 'MasterEQSubmixDefault'
[2025.03.25-06.09.27:205][776]LogAudioMixer: FMixerPlatformXAudio2::StartAudioStream() called
[2025.03.25-06.09.27:205][776]LogAudioMixer: Display: Output buffers initialized: Frames=1024, Channels=2, Samples=2048
[2025.03.25-06.09.27:207][776]LogAudioMixer: Display: Starting AudioMixerPlatformInterface::RunInternal()
[2025.03.25-06.09.27:207][776]LogAudioMixer: Display: FMixerPlatformXAudio2::SubmitBuffer() called for the first time
[2025.03.25-06.09.27:207][776]LogInit: FAudioDevice initialized.
[2025.03.25-06.09.27:207][776]LogAudio: Display: Audio Device (ID: 32) registered with world 'ThirdPersonExampleMap'.
[2025.03.25-06.09.27:220][776]LogLoad: Game class is 'ThirdPersonGameMode_C'
[2025.03.25-06.09.27:224][776]LogWorld: Bringing World /Game/ThirdPersonBP/Maps/UEDPIE_0_ThirdPersonExampleMap.ThirdPersonExampleMap up for play (max tick rate 60) at 2025.03.25-14.09.27
[2025.03.25-06.09.27:225][776]LogWorld: Bringing up level for play took: 0.003966
[2025.03.25-06.09.27:225][776]LogOnline: OSS: Creating online subsystem instance for: :Context_50
[2025.03.25-06.09.27:227][776]PIE: Server logged in
[2025.03.25-06.09.27:228][776]PIE: Play in editor total start time 0.105 seconds.
[2025.03.25-06.09.44:022][640]LogSlate: Updating window title bar state: overlay mode, drag disabled, window buttons hidden, title bar hidden
[2025.03.25-06.09.44:023][640]LogWorld: BeginTearingDown for /Game/ThirdPersonBP/Maps/UEDPIE_0_ThirdPersonExampleMap
[2025.03.25-06.09.44:023][640]LogWorld: UWorld::CleanupWorld for ThirdPersonExampleMap, bSessionEnded=true, bCleanupResources=true
[2025.03.25-06.09.44:023][640]LogSlate: InvalidateAllWidgets triggered.  All widgets were invalidated
[2025.03.25-06.09.44:042][640]LogPlayLevel: Display: Shutting down PIE online subsystems
[2025.03.25-06.09.44:053][640]LogSlate: InvalidateAllWidgets triggered.  All widgets were invalidated
[2025.03.25-06.09.44:076][640]LogAudio: Display: Audio Device unregistered from world 'None'.
[2025.03.25-06.09.44:077][640]LogAudioMixer: FMixerPlatformXAudio2::StopAudioStream() called
[2025.03.25-06.09.44:078][640]LogAudioMixer: FMixerPlatformXAudio2::StopAudioStream() called
[2025.03.25-06.09.44:081][640]LogSlate: Updating window title bar state: overlay mode, drag disabled, window buttons hidden, title bar hidden
[2025.03.25-06.09.44:085][640]LogUObjectHash: Compacting FUObjectHashTables data took   1.53ms
[2025.03.25-06.09.44:138][641]LogPlayLevel: Display: Destroying online subsystem :Context_50
[2025.03.25-06.11.09:630][980]BlueprintLog: New page: Compile ThirdPersonExampleMap
[2025.03.25-06.11.09:702][980]LogUObjectHash: Compacting FUObjectHashTables data took   2.46ms
[2025.03.25-06.11.12:746][101]LogTemp: Repeating last play command: Selected Viewport
[2025.03.25-06.11.12:756][101]LogPlayLevel: PlayLevel: No blueprints needed recompiling
[2025.03.25-06.11.12:757][101]PIE: New page: PIE session: ThirdPersonExampleMap (2025年3月25日 下午10:11:12)
[2025.03.25-06.11.12:757][101]LogPlayLevel: Creating play world package: /Game/ThirdPersonBP/Maps/UEDPIE_0_ThirdPersonExampleMap
[2025.03.25-06.11.12:784][101]LogPlayLevel: PIE: StaticDuplicateObject took: (0.028361s)
[2025.03.25-06.11.12:787][101]LogAIModule: Creating AISystem for world ThirdPersonExampleMap
[2025.03.25-06.11.12:788][101]LogPlayLevel: PIE: World Init took: (0.002578s)
[2025.03.25-06.11.12:788][101]LogPlayLevel: PIE: Created PIE world by copying editor world from /Game/ThirdPersonBP/Maps/ThirdPersonExampleMap.ThirdPersonExampleMap to /Game/ThirdPersonBP/Maps/UEDPIE_0_ThirdPersonExampleMap.ThirdPersonExampleMap (0.031262s)
[2025.03.25-06.11.12:815][101]LogUObjectHash: Compacting FUObjectHashTables data took   1.73ms
[2025.03.25-06.11.12:817][101]LogAudio: Display: Creating Audio Device:                 Id: 33, Scope: Unique, Realtime: True
[2025.03.25-06.11.12:818][101]LogAudioMixer: Display: Audio Mixer Platform Settings:
[2025.03.25-06.11.12:818][101]LogAudioMixer: Display: 	Sample Rate:						  48000
[2025.03.25-06.11.12:818][101]LogAudioMixer: Display: 	Callback Buffer Frame Size Requested: 1024
[2025.03.25-06.11.12:818][101]LogAudioMixer: Display: 	Callback Buffer Frame Size To Use:	  1024
[2025.03.25-06.11.12:818][101]LogAudioMixer: Display: 	Number of buffers to queue:			  2
[2025.03.25-06.11.12:818][101]LogAudioMixer: Display: 	Max Channels (voices):				  32
[2025.03.25-06.11.12:818][101]LogAudioMixer: Display: 	Number of Async Source Workers:		  0
[2025.03.25-06.11.12:818][101]LogAudio: Display: AudioDevice MaxSources: 32
[2025.03.25-06.11.12:818][101]LogAudio: Display: Audio Spatialization Plugin: None (built-in).
[2025.03.25-06.11.12:818][101]LogAudio: Display: Audio Reverb Plugin: None (built-in).
[2025.03.25-06.11.12:818][101]LogAudio: Display: Audio Occlusion Plugin: None (built-in).
[2025.03.25-06.11.12:818][101]LogAudioMixer: Display: Initializing audio mixer.
[2025.03.25-06.11.12:821][101]LogAudioMixer: Display: 0: FrontLeft
[2025.03.25-06.11.12:821][101]LogAudioMixer: Display: 1: FrontRight
[2025.03.25-06.11.12:861][101]LogAudioMixer: Display: Using Audio Device 扬声器 (适用于 I2S 音频的英特尔® 智音技术)
[2025.03.25-06.11.12:862][101]LogAudioMixer: Display: Initializing Sound Submixes...
[2025.03.25-06.11.12:862][101]LogAudioMixer: Display: Creating Master Submix 'MasterSubmixDefault'
[2025.03.25-06.11.12:862][101]LogAudioMixer: Display: Creating Master Submix 'MasterReverbSubmixDefault'
[2025.03.25-06.11.12:862][101]LogAudioMixer: Display: Creating Master Submix 'MasterEQSubmixDefault'
[2025.03.25-06.11.12:862][101]LogAudioMixer: FMixerPlatformXAudio2::StartAudioStream() called
[2025.03.25-06.11.12:863][101]LogAudioMixer: Display: Output buffers initialized: Frames=1024, Channels=2, Samples=2048
[2025.03.25-06.11.12:863][101]LogAudioMixer: Display: Starting AudioMixerPlatformInterface::RunInternal()
[2025.03.25-06.11.12:863][101]LogAudioMixer: Display: FMixerPlatformXAudio2::SubmitBuffer() called for the first time
[2025.03.25-06.11.12:863][101]LogInit: FAudioDevice initialized.
[2025.03.25-06.11.12:863][101]LogAudio: Display: Audio Device (ID: 33) registered with world 'ThirdPersonExampleMap'.
[2025.03.25-06.11.12:881][101]LogLoad: Game class is 'ThirdPersonGameMode_C'
[2025.03.25-06.11.12:885][101]LogWorld: Bringing World /Game/ThirdPersonBP/Maps/UEDPIE_0_ThirdPersonExampleMap.ThirdPersonExampleMap up for play (max tick rate 60) at 2025.03.25-14.11.12
[2025.03.25-06.11.12:886][101]LogWorld: Bringing up level for play took: 0.003576
[2025.03.25-06.11.12:886][101]LogOnline: OSS: Creating online subsystem instance for: :Context_51
[2025.03.25-06.11.12:888][101]PIE: Server logged in
[2025.03.25-06.11.12:889][101]PIE: Play in editor total start time 0.135 seconds.
[2025.03.25-06.11.19:222][450]LogSlate: Updating window title bar state: overlay mode, drag disabled, window buttons hidden, title bar hidden
[2025.03.25-06.11.19:222][450]LogWorld: BeginTearingDown for /Game/ThirdPersonBP/Maps/UEDPIE_0_ThirdPersonExampleMap
[2025.03.25-06.11.19:222][450]LogWorld: UWorld::CleanupWorld for ThirdPersonExampleMap, bSessionEnded=true, bCleanupResources=true
[2025.03.25-06.11.19:223][450]LogSlate: InvalidateAllWidgets triggered.  All widgets were invalidated
[2025.03.25-06.11.19:234][450]LogPlayLevel: Display: Shutting down PIE online subsystems
[2025.03.25-06.11.19:243][450]LogSlate: InvalidateAllWidgets triggered.  All widgets were invalidated
[2025.03.25-06.11.19:268][450]LogSlate: Updating window title bar state: overlay mode, drag disabled, window buttons hidden, title bar hidden
[2025.03.25-06.11.19:269][450]LogAudioMixer: FMixerPlatformXAudio2::StopAudioStream() called
[2025.03.25-06.11.19:270][450]LogAudioMixer: FMixerPlatformXAudio2::StopAudioStream() called
[2025.03.25-06.11.19:275][450]LogUObjectHash: Compacting FUObjectHashTables data took   1.71ms
[2025.03.25-06.11.19:321][451]LogPlayLevel: Display: Destroying online subsystem :Context_51
[2025.03.25-06.11.49:552][666]LogUObjectHash: Compacting FUObjectHashTables data took   1.86ms
[2025.03.25-06.11.49:613][666]LogSavePackage: Moving '../../../../../../project/UE/room_escape/Saved/ThirdPersonExampleMap_Auto7B6C1705C40556642A077738B3A1E2009.tmp' to '../../../../../../project/UE/room_escape/Saved/Autosaves/Game/ThirdPersonBP/Maps/ThirdPersonExampleMap_Auto7.umap'
[2025.03.25-06.11.49:614][666]LogFileHelpers: Editor autosave (incl. external actors) for '/Game/ThirdPersonBP/Maps/ThirdPersonExampleMap' took 0.093
[2025.03.25-06.11.49:614][666]LogFileHelpers: Editor autosave (incl. sublevels & external actors) for all levels took 0.093
[2025.03.25-06.12.36:952][234]BlueprintLog: New page: Compile ThirdPersonExampleMap
[2025.03.25-06.12.37:030][234]LogUObjectHash: Compacting FUObjectHashTables data took   4.57ms
[2025.03.25-06.15.24:637][ 26]BlueprintLog: New page: Compile ThirdPersonExampleMap
[2025.03.25-06.15.24:707][ 26]LogUObjectHash: Compacting FUObjectHashTables data took   2.21ms
[2025.03.25-06.15.34:492][428]Cmd: POLY SELECT MEMORY UNION
[2025.03.25-06.15.36:011][492]Cmd: TRANSACTION UNDO
[2025.03.25-06.15.36:012][492]LogEditorTransaction: Undo Move Node
[2025.03.25-06.16.11:671][957]LogEditorViewport: Clicking on Actor (LMB): StaticMeshActor (Floor2)
[2025.03.25-06.16.13:070][ 15]LogEditorViewport: Clicking on Actor (LMB): StaticMeshActor (Floor2)
[2025.03.25-06.16.13:590][ 37]LogEditorViewport: Clicking on Actor (LMB): StaticMeshActor (Floor2)
[2025.03.25-06.16.36:205][997]LogEditorViewport: Clicking on Actor (LMB): ThirdPersonCharacter_C (ThirdPersonCharacter2)
[2025.03.25-06.16.52:913][606]LogEditorViewport: Clicking on Actor (LMB): StaticMeshActor (Floor2)
[2025.03.25-06.16.53:951][650]LogEditorViewport: Clicking on Actor (LMB): StaticMeshActor (Floor2)
[2025.03.25-06.17.02:349][986]LogEditorViewport: Clicking on Actor (LMB): ThirdPersonCharacter_C (ThirdPersonCharacter2)
[2025.03.25-06.17.19:108][565]LogEditorViewport: Clicking on Actor (LMB): PostProcessVolume (PostProcessVolume)
[2025.03.25-06.17.20:843][637]LogEditorViewport: Clicking on Actor (LMB): ThirdPersonCharacter_C (ThirdPersonCharacter2)
[2025.03.25-06.17.35:052][205]LogEditorViewport: Clicking on Actor (LMB): StaticMeshActor (Floor2)
[2025.03.25-06.17.40:166][390]LogEditorViewport: Clicking on Actor (LMB): ThirdPersonCharacter_C (ThirdPersonCharacter2)
[2025.03.25-06.18.02:102][985]Cmd: TRANSACTION UNDO
[2025.03.25-06.18.02:103][985]LogEditorTransaction: Undo Move Actors
[2025.03.25-06.18.10:618][261]LogEditorViewport: Clicking on Actor (LMB): ThirdPersonCharacter_C (ThirdPersonCharacter2)
[2025.03.25-06.18.17:846][531]LogEditorViewport: Clicking on Actor (LMB): StaticMeshActor (Floor2)
[2025.03.25-06.18.20:155][631]LogEditorViewport: Clicking on Actor (LMB): ThirdPersonCharacter_C (ThirdPersonCharacter2)
[2025.03.25-06.18.43:616][558]BlueprintLog: New page: Compile ThirdPersonExampleMap
[2025.03.25-06.18.43:697][558]LogUObjectHash: Compacting FUObjectHashTables data took   2.48ms
[2025.03.25-06.20.46:157][166]LogAssetEditorSubsystem: Opening Asset editor for Blueprint /Game/BP/First/BP_Light.BP_Light
[2025.03.25-06.21.15:413][867]LogWorld: UWorld::CleanupWorld for World_19, bSessionEnded=true, bCleanupResources=true
[2025.03.25-06.21.15:413][867]LogSlate: InvalidateAllWidgets triggered.  All widgets were invalidated
[2025.03.25-06.21.41:749][367]LogAssetEditorSubsystem: Opening Asset editor for Blueprint /Game/BP/First/BP_Light.BP_Light
[2025.03.25-06.21.47:449][679]BlueprintLog: New page: Compile BP_MagicWall
[2025.03.25-06.21.47:508][679]LogUObjectHash: Compacting FUObjectHashTables data took   2.13ms
[2025.03.25-06.21.54:402][ 89]LogTemp: Repeating last play command: Selected Viewport
[2025.03.25-06.21.54:407][ 89]BlueprintLog: New page: Pre-Play auto-recompile
[2025.03.25-06.21.54:407][ 89]LogPlayLevel: [PlayLevel] Compiling ThirdPersonExampleMap before play...
[2025.03.25-06.21.54:463][ 89]LogUObjectHash: Compacting FUObjectHashTables data took   1.91ms
[2025.03.25-06.21.54:467][ 89]LogPlayLevel: PlayLevel: Blueprint regeneration took 59 ms (1 blueprints)
[2025.03.25-06.21.54:467][ 89]PIE: New page: PIE session: ThirdPersonExampleMap (2025年3月25日 下午10:21:54)
[2025.03.25-06.21.54:467][ 89]LogPlayLevel: Creating play world package: /Game/ThirdPersonBP/Maps/UEDPIE_0_ThirdPersonExampleMap
[2025.03.25-06.21.54:479][ 89]LogPlayLevel: PIE: StaticDuplicateObject took: (0.012111s)
[2025.03.25-06.21.54:480][ 89]LogAIModule: Creating AISystem for world ThirdPersonExampleMap
[2025.03.25-06.21.54:480][ 89]LogPlayLevel: PIE: World Init took: (0.000928s)
[2025.03.25-06.21.54:480][ 89]LogPlayLevel: PIE: Created PIE world by copying editor world from /Game/ThirdPersonBP/Maps/ThirdPersonExampleMap.ThirdPersonExampleMap to /Game/ThirdPersonBP/Maps/UEDPIE_0_ThirdPersonExampleMap.ThirdPersonExampleMap (0.013225s)
[2025.03.25-06.21.54:503][ 89]LogUObjectHash: Compacting FUObjectHashTables data took   1.23ms
[2025.03.25-06.21.54:503][ 89]LogAudio: Display: Creating Audio Device:                 Id: 34, Scope: Unique, Realtime: True
[2025.03.25-06.21.54:503][ 89]LogAudioMixer: Display: Audio Mixer Platform Settings:
[2025.03.25-06.21.54:503][ 89]LogAudioMixer: Display: 	Sample Rate:						  48000
[2025.03.25-06.21.54:503][ 89]LogAudioMixer: Display: 	Callback Buffer Frame Size Requested: 1024
[2025.03.25-06.21.54:503][ 89]LogAudioMixer: Display: 	Callback Buffer Frame Size To Use:	  1024
[2025.03.25-06.21.54:503][ 89]LogAudioMixer: Display: 	Number of buffers to queue:			  2
[2025.03.25-06.21.54:503][ 89]LogAudioMixer: Display: 	Max Channels (voices):				  32
[2025.03.25-06.21.54:504][ 89]LogAudioMixer: Display: 	Number of Async Source Workers:		  0
[2025.03.25-06.21.54:504][ 89]LogAudio: Display: AudioDevice MaxSources: 32
[2025.03.25-06.21.54:504][ 89]LogAudio: Display: Audio Spatialization Plugin: None (built-in).
[2025.03.25-06.21.54:504][ 89]LogAudio: Display: Audio Reverb Plugin: None (built-in).
[2025.03.25-06.21.54:504][ 89]LogAudio: Display: Audio Occlusion Plugin: None (built-in).
[2025.03.25-06.21.54:504][ 89]LogAudioMixer: Display: Initializing audio mixer.
[2025.03.25-06.21.54:507][ 89]LogAudioMixer: Display: 0: FrontLeft
[2025.03.25-06.21.54:507][ 89]LogAudioMixer: Display: 1: FrontRight
[2025.03.25-06.21.54:536][ 89]LogAudioMixer: Display: Using Audio Device 扬声器 (适用于 I2S 音频的英特尔® 智音技术)
[2025.03.25-06.21.54:538][ 89]LogAudioMixer: Display: Initializing Sound Submixes...
[2025.03.25-06.21.54:538][ 89]LogAudioMixer: Display: Creating Master Submix 'MasterSubmixDefault'
[2025.03.25-06.21.54:538][ 89]LogAudioMixer: Display: Creating Master Submix 'MasterReverbSubmixDefault'
[2025.03.25-06.21.54:538][ 89]LogAudioMixer: Display: Creating Master Submix 'MasterEQSubmixDefault'
[2025.03.25-06.21.54:538][ 89]LogAudioMixer: FMixerPlatformXAudio2::StartAudioStream() called
[2025.03.25-06.21.54:538][ 89]LogAudioMixer: Display: Output buffers initialized: Frames=1024, Channels=2, Samples=2048
[2025.03.25-06.21.54:539][ 89]LogAudioMixer: Display: Starting AudioMixerPlatformInterface::RunInternal()
[2025.03.25-06.21.54:539][ 89]LogAudioMixer: Display: FMixerPlatformXAudio2::SubmitBuffer() called for the first time
[2025.03.25-06.21.54:539][ 89]LogInit: FAudioDevice initialized.
[2025.03.25-06.21.54:539][ 89]LogAudio: Display: Audio Device (ID: 34) registered with world 'ThirdPersonExampleMap'.
[2025.03.25-06.21.54:585][ 89]LogSlate: Updating window title bar state: overlay mode, drag disabled, window buttons hidden, title bar hidden
[2025.03.25-06.21.54:585][ 89]LogLoad: Game class is 'ThirdPersonGameMode_C'
[2025.03.25-06.21.54:590][ 89]LogWorld: Bringing World /Game/ThirdPersonBP/Maps/UEDPIE_0_ThirdPersonExampleMap.ThirdPersonExampleMap up for play (max tick rate 60) at 2025.03.25-14.21.54
[2025.03.25-06.21.54:590][ 89]LogWorld: Bringing up level for play took: 0.003931
[2025.03.25-06.21.54:590][ 89]LogOnline: OSS: Creating online subsystem instance for: :Context_54
[2025.03.25-06.21.54:592][ 89]LogGameMode: FindPlayerStart: PATHS NOT DEFINED or NO PLAYERSTART with positive rating
[2025.03.25-06.21.54:594][ 89]PIE: Server logged in
[2025.03.25-06.21.54:594][ 89]PIE: Play in editor total start time 0.189 seconds.
[2025.03.25-06.21.57:849][185]LogSlate: Updating window title bar state: overlay mode, drag disabled, window buttons hidden, title bar hidden
[2025.03.25-06.21.57:849][185]LogWorld: BeginTearingDown for /Game/ThirdPersonBP/Maps/UEDPIE_0_ThirdPersonExampleMap
[2025.03.25-06.21.57:851][185]LogSlate: Window 'room_escape Preview [NetMode: Standalone]  (64-bit/Windows) ' being destroyed
[2025.03.25-06.21.57:880][185]LogWorld: UWorld::CleanupWorld for ThirdPersonExampleMap, bSessionEnded=true, bCleanupResources=true
[2025.03.25-06.21.57:882][185]LogSlate: InvalidateAllWidgets triggered.  All widgets were invalidated
[2025.03.25-06.21.57:910][185]LogPlayLevel: Display: Shutting down PIE online subsystems
[2025.03.25-06.21.57:919][185]LogSlate: InvalidateAllWidgets triggered.  All widgets were invalidated
[2025.03.25-06.21.57:948][185]LogAudio: Display: Audio Device unregistered from world 'None'.
[2025.03.25-06.21.57:948][185]LogAudioMixer: FMixerPlatformXAudio2::StopAudioStream() called
[2025.03.25-06.21.57:949][185]LogAudioMixer: FMixerPlatformXAudio2::StopAudioStream() called
[2025.03.25-06.21.57:957][185]LogUObjectHash: Compacting FUObjectHashTables data took   1.58ms
[2025.03.25-06.21.57:995][186]LogPlayLevel: Display: Destroying online subsystem :Context_54
[2025.03.25-06.22.01:869][384]LogTemp: Repeating last play command: Selected Viewport
[2025.03.25-06.22.01:877][384]LogPlayLevel: PlayLevel: No blueprints needed recompiling
[2025.03.25-06.22.01:877][384]PIE: New page: PIE session: ThirdPersonExampleMap (2025年3月25日 下午10:22:01)
[2025.03.25-06.22.01:878][384]LogPlayLevel: Creating play world package: /Game/ThirdPersonBP/Maps/UEDPIE_0_ThirdPersonExampleMap
[2025.03.25-06.22.01:910][384]LogPlayLevel: PIE: StaticDuplicateObject took: (0.031875s)
[2025.03.25-06.22.01:912][384]LogAIModule: Creating AISystem for world ThirdPersonExampleMap
[2025.03.25-06.22.01:912][384]LogPlayLevel: PIE: World Init took: (0.001419s)
[2025.03.25-06.22.01:912][384]LogPlayLevel: PIE: Created PIE world by copying editor world from /Game/ThirdPersonBP/Maps/ThirdPersonExampleMap.ThirdPersonExampleMap to /Game/ThirdPersonBP/Maps/UEDPIE_0_ThirdPersonExampleMap.ThirdPersonExampleMap (0.033598s)
[2025.03.25-06.22.01:943][384]LogUObjectHash: Compacting FUObjectHashTables data took   3.67ms
[2025.03.25-06.22.01:945][384]LogAudio: Display: Creating Audio Device:                 Id: 35, Scope: Unique, Realtime: True
[2025.03.25-06.22.01:945][384]LogAudioMixer: Display: Audio Mixer Platform Settings:
[2025.03.25-06.22.01:945][384]LogAudioMixer: Display: 	Sample Rate:						  48000
[2025.03.25-06.22.01:945][384]LogAudioMixer: Display: 	Callback Buffer Frame Size Requested: 1024
[2025.03.25-06.22.01:945][384]LogAudioMixer: Display: 	Callback Buffer Frame Size To Use:	  1024
[2025.03.25-06.22.01:945][384]LogAudioMixer: Display: 	Number of buffers to queue:			  2
[2025.03.25-06.22.01:945][384]LogAudioMixer: Display: 	Max Channels (voices):				  32
[2025.03.25-06.22.01:945][384]LogAudioMixer: Display: 	Number of Async Source Workers:		  0
[2025.03.25-06.22.01:945][384]LogAudio: Display: AudioDevice MaxSources: 32
[2025.03.25-06.22.01:946][384]LogAudio: Display: Audio Spatialization Plugin: None (built-in).
[2025.03.25-06.22.01:946][384]LogAudio: Display: Audio Reverb Plugin: None (built-in).
[2025.03.25-06.22.01:946][384]LogAudio: Display: Audio Occlusion Plugin: None (built-in).
[2025.03.25-06.22.01:946][384]LogAudioMixer: Display: Initializing audio mixer.
[2025.03.25-06.22.01:949][384]LogAudioMixer: Display: 0: FrontLeft
[2025.03.25-06.22.01:949][384]LogAudioMixer: Display: 1: FrontRight
[2025.03.25-06.22.01:989][384]LogAudioMixer: Display: Using Audio Device 扬声器 (适用于 I2S 音频的英特尔® 智音技术)
[2025.03.25-06.22.01:989][384]LogAudioMixer: Display: Initializing Sound Submixes...
[2025.03.25-06.22.01:989][384]LogAudioMixer: Display: Creating Master Submix 'MasterSubmixDefault'
[2025.03.25-06.22.01:989][384]LogAudioMixer: Display: Creating Master Submix 'MasterReverbSubmixDefault'
[2025.03.25-06.22.01:989][384]LogAudioMixer: Display: Creating Master Submix 'MasterEQSubmixDefault'
[2025.03.25-06.22.01:989][384]LogAudioMixer: FMixerPlatformXAudio2::StartAudioStream() called
[2025.03.25-06.22.01:989][384]LogAudioMixer: Display: Output buffers initialized: Frames=1024, Channels=2, Samples=2048
[2025.03.25-06.22.01:991][384]LogAudioMixer: Display: Starting AudioMixerPlatformInterface::RunInternal()
[2025.03.25-06.22.01:991][384]LogAudioMixer: Display: FMixerPlatformXAudio2::SubmitBuffer() called for the first time
[2025.03.25-06.22.01:991][384]LogInit: FAudioDevice initialized.
[2025.03.25-06.22.01:991][384]LogAudio: Display: Audio Device (ID: 35) registered with world 'ThirdPersonExampleMap'.
[2025.03.25-06.22.02:000][384]LogLoad: Game class is 'ThirdPersonGameMode_C'
[2025.03.25-06.22.02:004][384]LogWorld: Bringing World /Game/ThirdPersonBP/Maps/UEDPIE_0_ThirdPersonExampleMap.ThirdPersonExampleMap up for play (max tick rate 60) at 2025.03.25-14.22.02
[2025.03.25-06.22.02:004][384]LogWorld: Bringing up level for play took: 0.003212
[2025.03.25-06.22.02:004][384]LogOnline: OSS: Creating online subsystem instance for: :Context_55
[2025.03.25-06.22.02:006][384]PIE: Server logged in
[2025.03.25-06.22.02:007][384]PIE: Play in editor total start time 0.132 seconds.
[2025.03.25-06.22.10:533][872]LogBlueprintUserMessages: [BP_Table_2] Press "F"
[2025.03.25-06.22.13:600][ 51]LogBlueprintUserMessages: [BP_Button_2] Click It
[2025.03.25-06.22.24:937][701]LogBlueprintUserMessages: [BP_MagicWall_5] 进入下一关
[2025.03.25-06.22.24:938][701]Cmd: ce PossessCharactor
[2025.03.25-06.22.36:638][381]LogSlate: Updating window title bar state: overlay mode, drag disabled, window buttons hidden, title bar hidden
[2025.03.25-06.22.36:638][381]LogWorld: BeginTearingDown for /Game/ThirdPersonBP/Maps/UEDPIE_0_ThirdPersonExampleMap
[2025.03.25-06.22.36:638][381]LogWorld: UWorld::CleanupWorld for ThirdPersonExampleMap, bSessionEnded=true, bCleanupResources=true
[2025.03.25-06.22.36:639][381]LogSlate: InvalidateAllWidgets triggered.  All widgets were invalidated
[2025.03.25-06.22.36:659][381]LogPlayLevel: Display: Shutting down PIE online subsystems
[2025.03.25-06.22.36:667][381]LogSlate: InvalidateAllWidgets triggered.  All widgets were invalidated
[2025.03.25-06.22.36:692][381]LogSlate: Updating window title bar state: overlay mode, drag disabled, window buttons hidden, title bar hidden
[2025.03.25-06.22.36:692][381]LogAudioMixer: FMixerPlatformXAudio2::StopAudioStream() called
[2025.03.25-06.22.36:693][381]LogAudioMixer: FMixerPlatformXAudio2::StopAudioStream() called
[2025.03.25-06.22.36:699][381]LogUObjectHash: Compacting FUObjectHashTables data took   1.55ms
[2025.03.25-06.22.36:735][382]LogPlayLevel: Display: Destroying online subsystem :Context_55
[2025.03.25-06.22.57:650][332]Cmd: CAMERA ALIGN ACTIVEVIEWPORTONLY
[2025.03.25-06.23.43:459][359]LogEditorViewport: Clicking on Actor (LMB): BP_MagicWall_C (BP_MagicWall2)
[2025.03.25-06.23.47:197][514]LogEditorViewport: Clicking on Actor (LMB): StaticMeshActor (Floor2)
[2025.03.25-06.23.52:714][741]Cmd: TRANSACTION UNDO
[2025.03.25-06.23.52:714][741]LogEditorTransaction: Undo Move Actors
[2025.03.25-06.23.55:682][851]Cmd: TRANSACTION UNDO
[2025.03.25-06.23.55:682][851]LogEditorTransaction: Undo Move Actors
[2025.03.25-06.23.56:868][897]LogEditorViewport: Clicking on Actor (LMB): BP_MagicWall_C (BP_MagicWall2)
[2025.03.25-06.24.21:331][961]LogEditorViewport: Clicking on Actor (LMB): StaticMeshActor (Floor2)
[2025.03.25-06.24.22:516][ 12]LogEditorViewport: Clicking on Actor (LMB): BP_MagicWall_C (BP_MagicWall2)
[2025.03.25-06.24.54:596][454]LogEditorViewport: Clicking on Actor (LMB): StaticMeshActor (Floor2)
[2025.03.25-06.24.55:635][498]Cmd: EDIT CUT
[2025.03.25-06.24.55:657][498]LogEditorActor: Deleted Actor: StaticMeshActor
[2025.03.25-06.24.55:705][498]LogUObjectHash: Compacting FUObjectHashTables data took   2.45ms
[2025.03.25-06.24.55:707][498]LogEditorActor: Deleted 1 Actors (0.067 secs)
[2025.03.25-06.24.58:406][623]Cmd: TRANSACTION UNDO
[2025.03.25-06.24.58:406][623]LogEditorTransaction: Undo Cut
[2025.03.25-06.24.59:389][654]Cmd: TRANSACTION UNDO
[2025.03.25-06.24.59:390][654]LogEditorTransaction: Undo Clicking on Actors
[2025.03.25-06.24.59:961][677]Cmd: TRANSACTION UNDO
[2025.03.25-06.24.59:961][677]LogEditorTransaction: Undo Clicking on Actors
[2025.03.25-06.25.00:542][701]Cmd: TRANSACTION UNDO
[2025.03.25-06.25.00:542][701]LogEditorTransaction: Undo Set Location
[2025.03.25-06.25.01:253][730]Cmd: TRANSACTION UNDO
[2025.03.25-06.25.01:253][730]LogEditorTransaction: Undo Clicking on Actors
[2025.03.25-06.25.01:868][757]Cmd: TRANSACTION UNDO
[2025.03.25-06.25.01:868][757]LogEditorTransaction: Undo Set Location
[2025.03.25-06.25.03:983][845]LogEditorViewport: Clicking on Actor (LMB): BP_MagicWall_C (BP_MagicWall2)
[2025.03.25-06.25.30:829][992]LogEditorViewport: Clicking on Actor (LMB): ThirdPersonCharacter_C (ThirdPersonCharacter2)
[2025.03.25-06.25.49:860][675]LogTemp: Repeating last play command: Selected Viewport
[2025.03.25-06.25.49:869][675]LogPlayLevel: PlayLevel: No blueprints needed recompiling
[2025.03.25-06.25.49:869][675]PIE: New page: PIE session: ThirdPersonExampleMap (2025年3月25日 下午10:25:49)
[2025.03.25-06.25.49:870][675]LogPlayLevel: Creating play world package: /Game/ThirdPersonBP/Maps/UEDPIE_0_ThirdPersonExampleMap
[2025.03.25-06.25.49:895][675]LogPlayLevel: PIE: StaticDuplicateObject took: (0.025147s)
[2025.03.25-06.25.49:897][675]LogAIModule: Creating AISystem for world ThirdPersonExampleMap
[2025.03.25-06.25.49:897][675]LogPlayLevel: PIE: World Init took: (0.002669s)
[2025.03.25-06.25.49:897][675]LogPlayLevel: PIE: Created PIE world by copying editor world from /Game/ThirdPersonBP/Maps/ThirdPersonExampleMap.ThirdPersonExampleMap to /Game/ThirdPersonBP/Maps/UEDPIE_0_ThirdPersonExampleMap.ThirdPersonExampleMap (0.028160s)
[2025.03.25-06.25.49:936][675]LogUObjectHash: Compacting FUObjectHashTables data took   4.14ms
[2025.03.25-06.25.49:941][675]LogAudio: Display: Creating Audio Device:                 Id: 36, Scope: Unique, Realtime: True
[2025.03.25-06.25.49:941][675]LogAudioMixer: Display: Audio Mixer Platform Settings:
[2025.03.25-06.25.49:942][675]LogAudioMixer: Display: 	Sample Rate:						  48000
[2025.03.25-06.25.49:942][675]LogAudioMixer: Display: 	Callback Buffer Frame Size Requested: 1024
[2025.03.25-06.25.49:942][675]LogAudioMixer: Display: 	Callback Buffer Frame Size To Use:	  1024
[2025.03.25-06.25.49:942][675]LogAudioMixer: Display: 	Number of buffers to queue:			  2
[2025.03.25-06.25.49:942][675]LogAudioMixer: Display: 	Max Channels (voices):				  32
[2025.03.25-06.25.49:942][675]LogAudioMixer: Display: 	Number of Async Source Workers:		  0
[2025.03.25-06.25.49:942][675]LogAudio: Display: AudioDevice MaxSources: 32
[2025.03.25-06.25.49:942][675]LogAudio: Display: Audio Spatialization Plugin: None (built-in).
[2025.03.25-06.25.49:942][675]LogAudio: Display: Audio Reverb Plugin: None (built-in).
[2025.03.25-06.25.49:942][675]LogAudio: Display: Audio Occlusion Plugin: None (built-in).
[2025.03.25-06.25.49:942][675]LogAudioMixer: Display: Initializing audio mixer.
[2025.03.25-06.25.49:947][675]LogAudioMixer: Display: 0: FrontLeft
[2025.03.25-06.25.49:947][675]LogAudioMixer: Display: 1: FrontRight
[2025.03.25-06.25.49:991][675]LogAudioMixer: Display: Using Audio Device 扬声器 (适用于 I2S 音频的英特尔® 智音技术)
[2025.03.25-06.25.49:991][675]LogAudioMixer: Display: Initializing Sound Submixes...
[2025.03.25-06.25.49:991][675]LogAudioMixer: Display: Creating Master Submix 'MasterSubmixDefault'
[2025.03.25-06.25.49:991][675]LogAudioMixer: Display: Creating Master Submix 'MasterReverbSubmixDefault'
[2025.03.25-06.25.49:992][675]LogAudioMixer: Display: Creating Master Submix 'MasterEQSubmixDefault'
[2025.03.25-06.25.49:992][675]LogAudioMixer: FMixerPlatformXAudio2::StartAudioStream() called
[2025.03.25-06.25.49:992][675]LogAudioMixer: Display: Output buffers initialized: Frames=1024, Channels=2, Samples=2048
[2025.03.25-06.25.49:993][675]LogAudioMixer: Display: Starting AudioMixerPlatformInterface::RunInternal()
[2025.03.25-06.25.49:993][675]LogAudioMixer: Display: FMixerPlatformXAudio2::SubmitBuffer() called for the first time
[2025.03.25-06.25.49:993][675]LogInit: FAudioDevice initialized.
[2025.03.25-06.25.49:993][675]LogAudio: Display: Audio Device (ID: 36) registered with world 'ThirdPersonExampleMap'.
[2025.03.25-06.25.50:001][675]LogLoad: Game class is 'ThirdPersonGameMode_C'
[2025.03.25-06.25.50:004][675]LogWorld: Bringing World /Game/ThirdPersonBP/Maps/UEDPIE_0_ThirdPersonExampleMap.ThirdPersonExampleMap up for play (max tick rate 60) at 2025.03.25-14.25.50
[2025.03.25-06.25.50:005][675]LogWorld: Bringing up level for play took: 0.003074
[2025.03.25-06.25.50:005][675]LogOnline: OSS: Creating online subsystem instance for: :Context_56
[2025.03.25-06.25.50:007][675]PIE: Server logged in
[2025.03.25-06.25.50:009][675]PIE: Play in editor total start time 0.141 seconds.
[2025.03.25-06.25.56:114][ 26]LogBlueprintUserMessages: [BP_Table_2] Press "F"
[2025.03.25-06.25.58:028][138]LogBlueprintUserMessages: [BP_Button_2] Click It
[2025.03.25-06.26.18:061][301]LogBlueprintUserMessages: [BP_MagicWall_5] 进入下一关
[2025.03.25-06.26.18:061][301]Cmd: ce PossessCharactor
[2025.03.25-06.26.31:703][ 83]LogBlueprintUserMessages: [BP_MagicWall2] 进入下一关
[2025.03.25-06.26.31:703][ 83]Cmd: ce PossessCharactor
[2025.03.25-06.26.35:501][300]LogBlueprintUserMessages: [BP_Table_2] Press "F"
[2025.03.25-06.26.35:707][311]LogBlueprintUserMessages: [BP_Table_2] Press "F"
[2025.03.25-06.26.39:862][542]LogBlueprintUserMessages: [BP_MagicWall_5] 进入下一关
[2025.03.25-06.26.39:863][542]Cmd: ce PossessCharactor
[2025.03.25-06.26.44:157][785]LogBlueprintUserMessages: [BP_MagicWall2] 进入下一关
[2025.03.25-06.26.44:157][785]Cmd: ce PossessCharactor
[2025.03.25-06.26.48:109][  9]LogBlueprintUserMessages: [BP_Table_2] Press "F"
[2025.03.25-06.26.50:885][164]LogBlueprintUserMessages: [BP_MagicWall_5] 进入下一关
[2025.03.25-06.26.50:885][164]Cmd: ce PossessCharactor
[2025.03.25-06.27.12:557][387]LogBlueprintUserMessages: [BP_MagicWall2] 进入下一关
[2025.03.25-06.27.12:557][387]Cmd: ce PossessCharactor
[2025.03.25-06.27.16:242][588]LogBlueprintUserMessages: [BP_MagicWall_5] 进入下一关
[2025.03.25-06.27.16:242][588]Cmd: ce PossessCharactor
[2025.03.25-06.27.18:969][741]LogBlueprintUserMessages: [BP_MagicWall2] 进入下一关
[2025.03.25-06.27.18:969][741]Cmd: ce PossessCharactor
[2025.03.25-06.27.22:505][942]LogBlueprintUserMessages: [BP_MagicWall_5] 进入下一关
[2025.03.25-06.27.22:505][942]Cmd: ce PossessCharactor
[2025.03.25-06.27.29:487][332]LogSlate: Updating window title bar state: overlay mode, drag disabled, window buttons hidden, title bar hidden
[2025.03.25-06.27.29:487][332]LogWorld: BeginTearingDown for /Game/ThirdPersonBP/Maps/UEDPIE_0_ThirdPersonExampleMap
[2025.03.25-06.27.29:487][332]LogWorld: UWorld::CleanupWorld for ThirdPersonExampleMap, bSessionEnded=true, bCleanupResources=true
[2025.03.25-06.27.29:488][332]LogSlate: InvalidateAllWidgets triggered.  All widgets were invalidated
[2025.03.25-06.27.29:508][332]LogPlayLevel: Display: Shutting down PIE online subsystems
[2025.03.25-06.27.29:519][332]LogSlate: InvalidateAllWidgets triggered.  All widgets were invalidated
[2025.03.25-06.27.29:543][332]LogAudio: Display: Audio Device unregistered from world 'None'.
[2025.03.25-06.27.29:543][332]LogAudioMixer: FMixerPlatformXAudio2::StopAudioStream() called
[2025.03.25-06.27.29:545][332]LogAudioMixer: FMixerPlatformXAudio2::StopAudioStream() called
[2025.03.25-06.27.29:549][332]LogSlate: Updating window title bar state: overlay mode, drag disabled, window buttons hidden, title bar hidden
[2025.03.25-06.27.29:552][332]LogUObjectHash: Compacting FUObjectHashTables data took   1.66ms
[2025.03.25-06.27.29:583][333]LogPlayLevel: Display: Destroying online subsystem :Context_56
[2025.03.25-06.27.32:255][438]LogEditorViewport: Clicking on Actor (LMB): ThirdPersonCharacter_C (ThirdPersonCharacter2)
[2025.03.25-06.27.40:344][677]LogEditorViewport: Clicking on Actor (LMB): BP_MagicWall_C (BP_MagicWall2)
[2025.03.25-06.27.41:426][720]LogEditorViewport: Clicking on Actor (LMB): BP_MagicWall_C (BP_MagicWall2)
[2025.03.25-06.27.47:095][952]LogTemp: Repeating last play command: Selected Viewport
[2025.03.25-06.27.47:102][952]LogPlayLevel: PlayLevel: No blueprints needed recompiling
[2025.03.25-06.27.47:102][952]PIE: New page: PIE session: ThirdPersonExampleMap (2025年3月25日 下午10:27:47)
[2025.03.25-06.27.47:102][952]LogPlayLevel: Creating play world package: /Game/ThirdPersonBP/Maps/UEDPIE_0_ThirdPersonExampleMap
[2025.03.25-06.27.47:132][952]LogPlayLevel: PIE: StaticDuplicateObject took: (0.028484s)
[2025.03.25-06.27.47:133][952]LogAIModule: Creating AISystem for world ThirdPersonExampleMap
[2025.03.25-06.27.47:133][952]LogPlayLevel: PIE: World Init took: (0.002098s)
[2025.03.25-06.27.47:134][952]LogPlayLevel: PIE: Created PIE world by copying editor world from /Game/ThirdPersonBP/Maps/ThirdPersonExampleMap.ThirdPersonExampleMap to /Game/ThirdPersonBP/Maps/UEDPIE_0_ThirdPersonExampleMap.ThirdPersonExampleMap (0.031158s)
[2025.03.25-06.27.47:169][952]LogUObjectHash: Compacting FUObjectHashTables data took   3.59ms
[2025.03.25-06.27.47:171][952]LogAudio: Display: Creating Audio Device:                 Id: 37, Scope: Unique, Realtime: True
[2025.03.25-06.27.47:171][952]LogAudioMixer: Display: Audio Mixer Platform Settings:
[2025.03.25-06.27.47:171][952]LogAudioMixer: Display: 	Sample Rate:						  48000
[2025.03.25-06.27.47:171][952]LogAudioMixer: Display: 	Callback Buffer Frame Size Requested: 1024
[2025.03.25-06.27.47:171][952]LogAudioMixer: Display: 	Callback Buffer Frame Size To Use:	  1024
[2025.03.25-06.27.47:171][952]LogAudioMixer: Display: 	Number of buffers to queue:			  2
[2025.03.25-06.27.47:171][952]LogAudioMixer: Display: 	Max Channels (voices):				  32
[2025.03.25-06.27.47:171][952]LogAudioMixer: Display: 	Number of Async Source Workers:		  0
[2025.03.25-06.27.47:171][952]LogAudio: Display: AudioDevice MaxSources: 32
[2025.03.25-06.27.47:172][952]LogAudio: Display: Audio Spatialization Plugin: None (built-in).
[2025.03.25-06.27.47:172][952]LogAudio: Display: Audio Reverb Plugin: None (built-in).
[2025.03.25-06.27.47:172][952]LogAudio: Display: Audio Occlusion Plugin: None (built-in).
[2025.03.25-06.27.47:172][952]LogAudioMixer: Display: Initializing audio mixer.
[2025.03.25-06.27.47:175][952]LogAudioMixer: Display: 0: FrontLeft
[2025.03.25-06.27.47:176][952]LogAudioMixer: Display: 1: FrontRight
[2025.03.25-06.27.47:212][952]LogAudioMixer: Display: Using Audio Device 扬声器 (适用于 I2S 音频的英特尔® 智音技术)
[2025.03.25-06.27.47:213][952]LogAudioMixer: Display: Initializing Sound Submixes...
[2025.03.25-06.27.47:213][952]LogAudioMixer: Display: Creating Master Submix 'MasterSubmixDefault'
[2025.03.25-06.27.47:213][952]LogAudioMixer: Display: Creating Master Submix 'MasterReverbSubmixDefault'
[2025.03.25-06.27.47:213][952]LogAudioMixer: Display: Creating Master Submix 'MasterEQSubmixDefault'
[2025.03.25-06.27.47:213][952]LogAudioMixer: FMixerPlatformXAudio2::StartAudioStream() called
[2025.03.25-06.27.47:213][952]LogAudioMixer: Display: Output buffers initialized: Frames=1024, Channels=2, Samples=2048
[2025.03.25-06.27.47:214][952]LogAudioMixer: Display: Starting AudioMixerPlatformInterface::RunInternal()
[2025.03.25-06.27.47:214][952]LogAudioMixer: Display: FMixerPlatformXAudio2::SubmitBuffer() called for the first time
[2025.03.25-06.27.47:214][952]LogInit: FAudioDevice initialized.
[2025.03.25-06.27.47:214][952]LogAudio: Display: Audio Device (ID: 37) registered with world 'ThirdPersonExampleMap'.
[2025.03.25-06.27.47:225][952]LogLoad: Game class is 'ThirdPersonGameMode_C'
[2025.03.25-06.27.47:229][952]LogWorld: Bringing World /Game/ThirdPersonBP/Maps/UEDPIE_0_ThirdPersonExampleMap.ThirdPersonExampleMap up for play (max tick rate 60) at 2025.03.25-14.27.47
[2025.03.25-06.27.47:229][952]LogWorld: Bringing up level for play took: 0.003079
[2025.03.25-06.27.47:229][952]LogOnline: OSS: Creating online subsystem instance for: :Context_57
[2025.03.25-06.27.47:232][952]PIE: Server logged in
[2025.03.25-06.27.47:233][952]PIE: Play in editor total start time 0.132 seconds.
[2025.03.25-06.27.53:629][297]LogWorld: UWorld::CleanupWorld for World_20, bSessionEnded=true, bCleanupResources=true
[2025.03.25-06.27.53:629][297]LogSlate: InvalidateAllWidgets triggered.  All widgets were invalidated
[2025.03.25-06.28.42:415][  6]LogAssetEditorSubsystem: Opening Asset editor for Blueprint /Game/BP/Second/BP_Table.BP_Table
[2025.03.25-06.28.48:009][288]LogSelectionDetails: Warning: NavigateToFunctionSource:  Unable to find symbols for 'UKismetMathLibrary::Lerp' [找不到指定的模块。]
[2025.03.25-06.28.48:740][312]LogSelectionDetails: Warning: NavigateToFunctionSource:  Unable to find symbols for 'UKismetMathLibrary::Lerp' [找不到元素。]
[2025.03.25-06.28.49:757][348]LogSlate: Updating window title bar state: overlay mode, drag disabled, window buttons hidden, title bar hidden
[2025.03.25-06.28.49:757][348]LogWorld: BeginTearingDown for /Game/ThirdPersonBP/Maps/UEDPIE_0_ThirdPersonExampleMap
[2025.03.25-06.28.49:757][348]LogWorld: UWorld::CleanupWorld for ThirdPersonExampleMap, bSessionEnded=true, bCleanupResources=true
[2025.03.25-06.28.49:758][348]LogSlate: InvalidateAllWidgets triggered.  All widgets were invalidated
[2025.03.25-06.28.49:777][348]LogPlayLevel: Display: Shutting down PIE online subsystems
[2025.03.25-06.28.49:784][348]LogSlate: InvalidateAllWidgets triggered.  All widgets were invalidated
[2025.03.25-06.28.49:807][348]LogAudio: Display: Audio Device unregistered from world 'None'.
[2025.03.25-06.28.49:807][348]LogAudioMixer: FMixerPlatformXAudio2::StopAudioStream() called
[2025.03.25-06.28.49:808][348]LogAudioMixer: FMixerPlatformXAudio2::StopAudioStream() called
[2025.03.25-06.28.49:812][348]LogSlate: Updating window title bar state: overlay mode, drag disabled, window buttons hidden, title bar hidden
[2025.03.25-06.28.49:815][348]LogUObjectHash: Compacting FUObjectHashTables data took   1.62ms
[2025.03.25-06.28.49:837][349]LogPlayLevel: Display: Destroying online subsystem :Context_57
[2025.03.25-06.28.56:330][731]BlueprintLog: New page: Compile BP_Table
[2025.03.25-06.28.56:395][731]LogUObjectHash: Compacting FUObjectHashTables data took   2.28ms
[2025.03.25-06.29.39:999][901]LogUObjectHash: Compacting FUObjectHashTables data took   1.58ms
[2025.03.25-06.29.40:032][901]LogSavePackage: Moving '../../../../../../project/UE/room_escape/Saved/ThirdPersonExampleMap_Auto88AD391264B1A06088AEC30AA145AFCCB.tmp' to '../../../../../../project/UE/room_escape/Saved/Autosaves/Game/ThirdPersonBP/Maps/ThirdPersonExampleMap_Auto8.umap'
[2025.03.25-06.29.40:034][901]LogFileHelpers: Editor autosave (incl. external actors) for '/Game/ThirdPersonBP/Maps/ThirdPersonExampleMap' took 0.063
[2025.03.25-06.29.40:034][901]LogFileHelpers: Editor autosave (incl. sublevels & external actors) for all levels took 0.063
[2025.03.25-06.29.40:036][901]OBJ SavePackage: Generating thumbnails for [2] asset(s) in package [/Game/BP/Second/BP_MagicWall] ([4] browsable assets)...
[2025.03.25-06.29.40:058][901]OBJ SavePackage:     Rendered thumbnail for [Blueprint /Game/BP/Second/BP_MagicWall.BP_MagicWall]
[2025.03.25-06.29.40:076][901]OBJ SavePackage:     Rendered thumbnail for [Blueprint /Game/BP/Second/BP_MagicWall.BP_MagicWall]
[2025.03.25-06.29.40:076][901]OBJ SavePackage: Finished generating thumbnails for package [/Game/BP/Second/BP_MagicWall]
[2025.03.25-06.29.40:076][901]Cmd: OBJ SAVEPACKAGE PACKAGE="/Game/BP/Second/BP_MagicWall" FILE="../../../../../../project/UE/room_escape/Saved/Autosaves/Game/BP/Second/BP_MagicWall_Auto8.uasset" SILENT=false AUTOSAVING=true
[2025.03.25-06.29.40:090][901]LogSavePackage: Moving '../../../../../../project/UE/room_escape/Saved/BP_MagicWall_Auto8EA1A515F437A5F4CE5FCA7BAE75240FB.tmp' to '../../../../../../project/UE/room_escape/Saved/Autosaves/Game/BP/Second/BP_MagicWall_Auto8.uasset'
[2025.03.25-06.29.40:091][901]OBJ SavePackage: Generating thumbnails for [2] asset(s) in package [/Game/BP/Second/BP_Table] ([2] browsable assets)...
[2025.03.25-06.29.40:108][901]OBJ SavePackage:     Rendered thumbnail for [Blueprint /Game/BP/Second/BP_Table.BP_Table]
[2025.03.25-06.29.40:108][901]OBJ SavePackage: Finished generating thumbnails for package [/Game/BP/Second/BP_Table]
[2025.03.25-06.29.40:108][901]Cmd: OBJ SAVEPACKAGE PACKAGE="/Game/BP/Second/BP_Table" FILE="../../../../../../project/UE/room_escape/Saved/Autosaves/Game/BP/Second/BP_Table_Auto8.uasset" SILENT=false AUTOSAVING=true
[2025.03.25-06.29.40:125][901]LogSavePackage: Moving '../../../../../../project/UE/room_escape/Saved/BP_Table_Auto884C0D3574E0810DDA4F717A027BC423F.tmp' to '../../../../../../project/UE/room_escape/Saved/Autosaves/Game/BP/Second/BP_Table_Auto8.uasset'
[2025.03.25-06.29.40:126][901]LogFileHelpers: Auto-saving content packages took 0.091
[2025.03.25-06.30.47:107][490]BlueprintLog: New page: Compile BP_MagicWall
[2025.03.25-06.30.47:171][490]LogUObjectHash: Compacting FUObjectHashTables data took   5.62ms
[2025.03.25-06.30.48:010][536]LogTemp: Repeating last play command: Selected Viewport
[2025.03.25-06.30.48:014][536]LogPlayLevel: PlayLevel: No blueprints needed recompiling
[2025.03.25-06.30.48:014][536]PIE: New page: PIE session: ThirdPersonExampleMap (2025年3月25日 下午10:30:48)
[2025.03.25-06.30.48:014][536]LogPlayLevel: Creating play world package: /Game/ThirdPersonBP/Maps/UEDPIE_0_ThirdPersonExampleMap
[2025.03.25-06.30.48:029][536]LogPlayLevel: PIE: StaticDuplicateObject took: (0.014217s)
[2025.03.25-06.30.48:030][536]LogAIModule: Creating AISystem for world ThirdPersonExampleMap
[2025.03.25-06.30.48:030][536]LogPlayLevel: PIE: World Init took: (0.001020s)
[2025.03.25-06.30.48:030][536]LogPlayLevel: PIE: Created PIE world by copying editor world from /Game/ThirdPersonBP/Maps/ThirdPersonExampleMap.ThirdPersonExampleMap to /Game/ThirdPersonBP/Maps/UEDPIE_0_ThirdPersonExampleMap.ThirdPersonExampleMap (0.015383s)
[2025.03.25-06.30.48:063][536]LogUObjectHash: Compacting FUObjectHashTables data took   4.32ms
[2025.03.25-06.30.48:063][536]LogAudio: Display: Creating Audio Device:                 Id: 38, Scope: Unique, Realtime: True
[2025.03.25-06.30.48:063][536]LogAudioMixer: Display: Audio Mixer Platform Settings:
[2025.03.25-06.30.48:063][536]LogAudioMixer: Display: 	Sample Rate:						  48000
[2025.03.25-06.30.48:063][536]LogAudioMixer: Display: 	Callback Buffer Frame Size Requested: 1024
[2025.03.25-06.30.48:063][536]LogAudioMixer: Display: 	Callback Buffer Frame Size To Use:	  1024
[2025.03.25-06.30.48:063][536]LogAudioMixer: Display: 	Number of buffers to queue:			  2
[2025.03.25-06.30.48:063][536]LogAudioMixer: Display: 	Max Channels (voices):				  32
[2025.03.25-06.30.48:063][536]LogAudioMixer: Display: 	Number of Async Source Workers:		  0
[2025.03.25-06.30.48:063][536]LogAudio: Display: AudioDevice MaxSources: 32
[2025.03.25-06.30.48:064][536]LogAudio: Display: Audio Spatialization Plugin: None (built-in).
[2025.03.25-06.30.48:064][536]LogAudio: Display: Audio Reverb Plugin: None (built-in).
[2025.03.25-06.30.48:064][536]LogAudio: Display: Audio Occlusion Plugin: None (built-in).
[2025.03.25-06.30.48:064][536]LogAudioMixer: Display: Initializing audio mixer.
[2025.03.25-06.30.48:066][536]LogAudioMixer: Display: 0: FrontLeft
[2025.03.25-06.30.48:066][536]LogAudioMixer: Display: 1: FrontRight
[2025.03.25-06.30.48:106][536]LogAudioMixer: Display: Using Audio Device 扬声器 (适用于 I2S 音频的英特尔® 智音技术)
[2025.03.25-06.30.48:106][536]LogAudioMixer: Display: Initializing Sound Submixes...
[2025.03.25-06.30.48:108][536]LogAudioMixer: Display: Creating Master Submix 'MasterSubmixDefault'
[2025.03.25-06.30.48:108][536]LogAudioMixer: Display: Creating Master Submix 'MasterReverbSubmixDefault'
[2025.03.25-06.30.48:108][536]LogAudioMixer: Display: Creating Master Submix 'MasterEQSubmixDefault'
[2025.03.25-06.30.48:108][536]LogAudioMixer: FMixerPlatformXAudio2::StartAudioStream() called
[2025.03.25-06.30.48:108][536]LogAudioMixer: Display: Output buffers initialized: Frames=1024, Channels=2, Samples=2048
[2025.03.25-06.30.48:109][536]LogAudioMixer: Display: Starting AudioMixerPlatformInterface::RunInternal()
[2025.03.25-06.30.48:109][536]LogAudioMixer: Display: FMixerPlatformXAudio2::SubmitBuffer() called for the first time
[2025.03.25-06.30.48:109][536]LogInit: FAudioDevice initialized.
[2025.03.25-06.30.48:109][536]LogAudio: Display: Audio Device (ID: 38) registered with world 'ThirdPersonExampleMap'.
[2025.03.25-06.30.48:156][536]LogSlate: Updating window title bar state: overlay mode, drag disabled, window buttons hidden, title bar hidden
[2025.03.25-06.30.48:156][536]LogLoad: Game class is 'ThirdPersonGameMode_C'
[2025.03.25-06.30.48:161][536]LogWorld: Bringing World /Game/ThirdPersonBP/Maps/UEDPIE_0_ThirdPersonExampleMap.ThirdPersonExampleMap up for play (max tick rate 60) at 2025.03.25-14.30.48
[2025.03.25-06.30.48:161][536]LogWorld: Bringing up level for play took: 0.004774
[2025.03.25-06.30.48:161][536]LogOnline: OSS: Creating online subsystem instance for: :Context_59
[2025.03.25-06.30.48:164][536]LogGameMode: FindPlayerStart: PATHS NOT DEFINED or NO PLAYERSTART with positive rating
[2025.03.25-06.30.48:167][536]PIE: Server logged in
[2025.03.25-06.30.48:169][536]PIE: Play in editor total start time 0.155 seconds.
[2025.03.25-06.30.51:117][624]LogSlate: Updating window title bar state: overlay mode, drag disabled, window buttons hidden, title bar hidden
[2025.03.25-06.30.51:117][624]LogWorld: BeginTearingDown for /Game/ThirdPersonBP/Maps/UEDPIE_0_ThirdPersonExampleMap
[2025.03.25-06.30.51:118][624]LogSlate: Window 'room_escape Preview [NetMode: Standalone]  (64-bit/Windows) ' being destroyed
[2025.03.25-06.30.51:158][624]LogWorld: UWorld::CleanupWorld for ThirdPersonExampleMap, bSessionEnded=true, bCleanupResources=true
[2025.03.25-06.30.51:159][624]LogSlate: InvalidateAllWidgets triggered.  All widgets were invalidated
[2025.03.25-06.30.51:190][624]LogPlayLevel: Display: Shutting down PIE online subsystems
[2025.03.25-06.30.51:200][624]LogSlate: InvalidateAllWidgets triggered.  All widgets were invalidated
[2025.03.25-06.30.51:228][624]LogAudio: Display: Audio Device unregistered from world 'None'.
[2025.03.25-06.30.51:228][624]LogAudioMixer: FMixerPlatformXAudio2::StopAudioStream() called
[2025.03.25-06.30.51:229][624]LogAudioMixer: FMixerPlatformXAudio2::StopAudioStream() called
[2025.03.25-06.30.51:237][624]LogUObjectHash: Compacting FUObjectHashTables data took   1.93ms
[2025.03.25-06.30.51:282][625]LogPlayLevel: Display: Destroying online subsystem :Context_59
[2025.03.25-06.31.38:798][424]BlueprintLog: New page: Compile BP_MagicWall
[2025.03.25-06.31.38:852][424]LogUObjectHash: Compacting FUObjectHashTables data took   3.80ms
[2025.03.25-06.32.23:113][ 47]BlueprintLog: New page: Compile BP_Button
[2025.03.25-06.32.23:161][ 47]LogUObjectHash: Compacting FUObjectHashTables data took   1.93ms
[2025.03.25-06.36.11:701][793]LogEditorViewport: Clicking on Actor (context menu): StaticMeshActor (Floor2)
[2025.03.25-06.36.12:920][856]LogEditorViewport: Clicking on Actor (LMB): StaticMeshActor (Floor2)
[2025.03.25-06.36.47:264][283]LogEditorViewport: Clicking on Actor (LMB): StaticMeshActor (Floor2)
[2025.03.25-06.38.36:079][ 78]LogEditorViewport: Clicking on Actor (LMB): ThirdPersonCharacter_C (ThirdPersonCharacter2)
[2025.03.25-06.39.37:471][961]Cmd: CAMERA ALIGN ACTIVEVIEWPORTONLY
[2025.03.25-06.39.51:416][410]Cmd: CAMERA ALIGN ACTIVEVIEWPORTONLY
[2025.03.25-06.39.53:343][492]Cmd: CAMERA ALIGN ACTIVEVIEWPORTONLY
[2025.03.25-06.39.54:363][535]LogEditorViewport: Clicking on Actor (LMB): StaticMeshActor (Floor2)
[2025.03.25-06.40.04:004][961]LogEditorViewport: Clicking on Actor (LMB): StaticMeshActor (Floor2)
[2025.03.25-06.40.04:799][998]LogEditorViewport: Clicking on Actor (LMB): BP_MagicWall_C (BP_MagicWall2)
[2025.03.25-06.40.16:311][517]LogEditorViewport: Clicking on Actor (LMB): StaticMeshActor (Floor2)
[2025.03.25-06.40.42:204][620]LogUObjectHash: Compacting FUObjectHashTables data took   2.84ms
[2025.03.25-06.40.42:248][620]LogSavePackage: Moving '../../../../../../project/UE/room_escape/Saved/ThirdPersonExampleMap_Auto95A82E0654284C5435103409A7DF06E5C.tmp' to '../../../../../../project/UE/room_escape/Saved/Autosaves/Game/ThirdPersonBP/Maps/ThirdPersonExampleMap_Auto9.umap'
[2025.03.25-06.40.42:249][620]LogFileHelpers: Editor autosave (incl. external actors) for '/Game/ThirdPersonBP/Maps/ThirdPersonExampleMap' took 0.100
[2025.03.25-06.40.42:249][620]LogFileHelpers: Editor autosave (incl. sublevels & external actors) for all levels took 0.100
[2025.03.25-06.40.42:250][620]OBJ SavePackage: Generating thumbnails for [0] asset(s) in package [/Game/BP/Second/BP_Button] ([2] browsable assets)...
[2025.03.25-06.40.42:250][620]OBJ SavePackage: Finished generating thumbnails for package [/Game/BP/Second/BP_Button]
[2025.03.25-06.40.42:250][620]Cmd: OBJ SAVEPACKAGE PACKAGE="/Game/BP/Second/BP_Button" FILE="../../../../../../project/UE/room_escape/Saved/Autosaves/Game/BP/Second/BP_Button_Auto9.uasset" SILENT=false AUTOSAVING=true
[2025.03.25-06.40.42:269][620]LogSavePackage: Moving '../../../../../../project/UE/room_escape/Saved/BP_Button_Auto92067B0A5429DC566C84B6083356812AE.tmp' to '../../../../../../project/UE/room_escape/Saved/Autosaves/Game/BP/Second/BP_Button_Auto9.uasset'
[2025.03.25-06.40.42:269][620]OBJ SavePackage: Generating thumbnails for [2] asset(s) in package [/Game/BP/Second/BP_MagicWall] ([4] browsable assets)...
[2025.03.25-06.40.42:288][620]OBJ SavePackage:     Rendered thumbnail for [Blueprint /Game/BP/Second/BP_MagicWall.BP_MagicWall]
[2025.03.25-06.40.42:305][620]OBJ SavePackage:     Rendered thumbnail for [Blueprint /Game/BP/Second/BP_MagicWall.BP_MagicWall]
[2025.03.25-06.40.42:306][620]OBJ SavePackage: Finished generating thumbnails for package [/Game/BP/Second/BP_MagicWall]
[2025.03.25-06.40.42:306][620]Cmd: OBJ SAVEPACKAGE PACKAGE="/Game/BP/Second/BP_MagicWall" FILE="../../../../../../project/UE/room_escape/Saved/Autosaves/Game/BP/Second/BP_MagicWall_Auto9.uasset" SILENT=false AUTOSAVING=true
[2025.03.25-06.40.42:318][620]LogSavePackage: Moving '../../../../../../project/UE/room_escape/Saved/BP_MagicWall_Auto9D15CD08B454EB7F27C9920A145C4A23C.tmp' to '../../../../../../project/UE/room_escape/Saved/Autosaves/Game/BP/Second/BP_MagicWall_Auto9.uasset'
[2025.03.25-06.40.42:318][620]LogFileHelpers: Auto-saving content packages took 0.069
[2025.03.25-06.43.02:135][931]LogEditorViewport: Clicking on Actor (LMB): BP_MagicWall_C (BP_MagicWall2)
[2025.03.25-06.43.03:102][972]LogEditorViewport: Clicking on Actor (LMB): StaticMeshActor (Floor2)
[2025.03.25-06.43.03:995][  5]LogEditorViewport: Clicking on Actor (LMB): StaticMeshActor (Floor2)
[2025.03.25-06.45.24:052][228]LogEditorViewport: Clicking on Actor (LMB): StaticMeshActor (Wall21)
[2025.03.25-06.45.25:391][280]LogEditorViewport: Clicking on Actor (LMB): ThirdPersonCharacter_C (ThirdPersonCharacter)
[2025.03.25-06.50.42:479][839]LogUObjectHash: Compacting FUObjectHashTables data took   2.74ms
[2025.03.25-06.50.42:520][839]LogSavePackage: Moving '../../../../../../project/UE/room_escape/Saved/ThirdPersonExampleMap_Auto0D88BA4DF44FF979435BFC5BEA227B348.tmp' to '../../../../../../project/UE/room_escape/Saved/Autosaves/Game/ThirdPersonBP/Maps/ThirdPersonExampleMap_Auto0.umap'
[2025.03.25-06.50.42:521][839]LogFileHelpers: Editor autosave (incl. external actors) for '/Game/ThirdPersonBP/Maps/ThirdPersonExampleMap' took 0.083
[2025.03.25-06.50.42:521][839]LogFileHelpers: Editor autosave (incl. sublevels & external actors) for all levels took 0.083
[2025.03.25-06.55.38:580][908]LogAudioMixer: Warning: Changing default audio render device to new device: {0.0.0.00000000}.{28889e13-a039-4157-b81b-f8eed91d53ed}.
[2025.03.25-06.55.38:580][908]LogAudioMixer: Resetting audio stream to device id 
[2025.03.25-06.55.38:624][908]LogAudioMixer: Display: 0: FrontLeft
[2025.03.25-06.55.38:624][908]LogAudioMixer: Display: 1: FrontRight
[2025.03.25-06.55.46:957][117]LogD3D11RHI: Timed out while waiting for GPU to catch up. (0.5 s) (ErrorCode 00000001) (00000000)
[2025.03.25-06.55.54:814][138]LogD3D11RHI: Timed out while waiting for GPU to catch up. (0.5 s) (ErrorCode 00000001) (00000000)
[2025.03.25-06.56.16:582][203]LogD3D11RHI: Timed out while waiting for GPU to catch up. (0.5 s) (ErrorCode 00000001) (00000000)
[2025.03.25-06.56.44:643][278]LogAudioMixer: Warning: Changing default audio render device to new device: {0.0.0.00000000}.{9cd014f6-e44b-4026-ac05-e666d50ce081}.
[2025.03.25-06.56.44:643][278]LogAudioMixer: Resetting audio stream to device id 
[2025.03.25-06.56.44:991][278]LogAudioMixer: Display: 0: FrontLeft
[2025.03.25-06.56.44:991][278]LogAudioMixer: Display: 1: FrontRight
[2025.03.25-06.57.21:603][415]LogEditorViewport: Clicking on Actor (LMB): StaticMeshActor (Floor2)
[2025.03.25-06.57.25:323][536]LogEditorViewport: Clicking on Actor (LMB): ThirdPersonCharacter_C (ThirdPersonCharacter)
[2025.03.25-06.58.25:731][474]LogEditorViewport: Clicking on Actor (LMB): ThirdPersonCharacter_C (ThirdPersonCharacter)
[2025.03.25-07.01.19:367][600]LogUObjectHash: Compacting FUObjectHashTables data took   2.74ms
[2025.03.25-07.01.19:419][600]LogSavePackage: Moving '../../../../../../project/UE/room_escape/Saved/ThirdPersonExampleMap_Auto1A5227D774AAD39A6CF22CF967FF519D1.tmp' to '../../../../../../project/UE/room_escape/Saved/Autosaves/Game/ThirdPersonBP/Maps/ThirdPersonExampleMap_Auto1.umap'
[2025.03.25-07.01.19:420][600]LogFileHelpers: Editor autosave (incl. external actors) for '/Game/ThirdPersonBP/Maps/ThirdPersonExampleMap' took 0.094
[2025.03.25-07.01.19:420][600]LogFileHelpers: Editor autosave (incl. sublevels & external actors) for all levels took 0.094
[2025.03.25-07.01.44:953][446]LogTemp: Repeating last play command: Selected Viewport
[2025.03.25-07.01.44:959][446]BlueprintLog: New page: Pre-Play auto-recompile
[2025.03.25-07.01.44:960][446]LogPlayLevel: [PlayLevel] Compiling ThirdPersonExampleMap before play...
[2025.03.25-07.01.45:025][446]LogUObjectHash: Compacting FUObjectHashTables data took   2.13ms
[2025.03.25-07.01.45:029][446]LogPlayLevel: PlayLevel: Blueprint regeneration took 69 ms (1 blueprints)
[2025.03.25-07.01.45:029][446]PIE: New page: PIE session: ThirdPersonExampleMap (2025年3月25日 下午11:01:45)
[2025.03.25-07.01.45:029][446]LogPlayLevel: Creating play world package: /Game/ThirdPersonBP/Maps/UEDPIE_0_ThirdPersonExampleMap
[2025.03.25-07.01.45:043][446]LogPlayLevel: PIE: StaticDuplicateObject took: (0.013391s)
[2025.03.25-07.01.45:044][446]LogAIModule: Creating AISystem for world ThirdPersonExampleMap
[2025.03.25-07.01.45:044][446]LogPlayLevel: PIE: World Init took: (0.001042s)
[2025.03.25-07.01.45:044][446]LogPlayLevel: PIE: Created PIE world by copying editor world from /Game/ThirdPersonBP/Maps/ThirdPersonExampleMap.ThirdPersonExampleMap to /Game/ThirdPersonBP/Maps/UEDPIE_0_ThirdPersonExampleMap.ThirdPersonExampleMap (0.014624s)
[2025.03.25-07.01.45:069][446]LogUObjectHash: Compacting FUObjectHashTables data took   1.46ms
[2025.03.25-07.01.45:069][446]LogAudio: Display: Creating Audio Device:                 Id: 39, Scope: Unique, Realtime: True
[2025.03.25-07.01.45:069][446]LogAudioMixer: Display: Audio Mixer Platform Settings:
[2025.03.25-07.01.45:069][446]LogAudioMixer: Display: 	Sample Rate:						  48000
[2025.03.25-07.01.45:069][446]LogAudioMixer: Display: 	Callback Buffer Frame Size Requested: 1024
[2025.03.25-07.01.45:069][446]LogAudioMixer: Display: 	Callback Buffer Frame Size To Use:	  1024
[2025.03.25-07.01.45:069][446]LogAudioMixer: Display: 	Number of buffers to queue:			  2
[2025.03.25-07.01.45:069][446]LogAudioMixer: Display: 	Max Channels (voices):				  32
[2025.03.25-07.01.45:069][446]LogAudioMixer: Display: 	Number of Async Source Workers:		  0
[2025.03.25-07.01.45:069][446]LogAudio: Display: AudioDevice MaxSources: 32
[2025.03.25-07.01.45:070][446]LogAudio: Display: Audio Spatialization Plugin: None (built-in).
[2025.03.25-07.01.45:070][446]LogAudio: Display: Audio Reverb Plugin: None (built-in).
[2025.03.25-07.01.45:070][446]LogAudio: Display: Audio Occlusion Plugin: None (built-in).
[2025.03.25-07.01.45:070][446]LogAudioMixer: Display: Initializing audio mixer.
[2025.03.25-07.01.45:073][446]LogAudioMixer: Display: 0: FrontLeft
[2025.03.25-07.01.45:073][446]LogAudioMixer: Display: 1: FrontRight
[2025.03.25-07.01.45:108][446]LogAudioMixer: Display: Using Audio Device 扬声器 (适用于 I2S 音频的英特尔® 智音技术)
[2025.03.25-07.01.45:108][446]LogAudioMixer: Display: Initializing Sound Submixes...
[2025.03.25-07.01.45:108][446]LogAudioMixer: Display: Creating Master Submix 'MasterSubmixDefault'
[2025.03.25-07.01.45:108][446]LogAudioMixer: Display: Creating Master Submix 'MasterReverbSubmixDefault'
[2025.03.25-07.01.45:109][446]LogAudioMixer: Display: Creating Master Submix 'MasterEQSubmixDefault'
[2025.03.25-07.01.45:109][446]LogAudioMixer: FMixerPlatformXAudio2::StartAudioStream() called
[2025.03.25-07.01.45:109][446]LogAudioMixer: Display: Output buffers initialized: Frames=1024, Channels=2, Samples=2048
[2025.03.25-07.01.45:110][446]LogAudioMixer: Display: Starting AudioMixerPlatformInterface::RunInternal()
[2025.03.25-07.01.45:110][446]LogAudioMixer: Display: FMixerPlatformXAudio2::SubmitBuffer() called for the first time
[2025.03.25-07.01.45:110][446]LogInit: FAudioDevice initialized.
[2025.03.25-07.01.45:110][446]LogAudio: Display: Audio Device (ID: 39) registered with world 'ThirdPersonExampleMap'.
[2025.03.25-07.01.45:119][446]LogLoad: Game class is 'ThirdPersonGameMode_C'
[2025.03.25-07.01.45:122][446]LogWorld: Bringing World /Game/ThirdPersonBP/Maps/UEDPIE_0_ThirdPersonExampleMap.ThirdPersonExampleMap up for play (max tick rate 60) at 2025.03.25-15.01.45
[2025.03.25-07.01.45:123][446]LogWorld: Bringing up level for play took: 0.002758
[2025.03.25-07.01.45:123][446]LogOnline: OSS: Creating online subsystem instance for: :Context_60
[2025.03.25-07.01.45:126][446]PIE: Server logged in
[2025.03.25-07.01.45:126][446]PIE: Play in editor total start time 0.168 seconds.
[2025.03.25-07.01.52:648][844]LogSlate: Updating window title bar state: overlay mode, drag disabled, window buttons hidden, title bar hidden
[2025.03.25-07.01.52:648][844]LogWorld: BeginTearingDown for /Game/ThirdPersonBP/Maps/UEDPIE_0_ThirdPersonExampleMap
[2025.03.25-07.01.52:649][844]LogWorld: UWorld::CleanupWorld for ThirdPersonExampleMap, bSessionEnded=true, bCleanupResources=true
[2025.03.25-07.01.52:650][844]LogSlate: InvalidateAllWidgets triggered.  All widgets were invalidated
[2025.03.25-07.01.52:677][844]LogPlayLevel: Display: Shutting down PIE online subsystems
[2025.03.25-07.01.52:707][844]LogSlate: InvalidateAllWidgets triggered.  All widgets were invalidated
[2025.03.25-07.01.52:730][844]LogSlate: Updating window title bar state: overlay mode, drag disabled, window buttons hidden, title bar hidden
[2025.03.25-07.01.52:731][844]LogAudioMixer: FMixerPlatformXAudio2::StopAudioStream() called
[2025.03.25-07.01.52:732][844]LogAudioMixer: FMixerPlatformXAudio2::StopAudioStream() called
[2025.03.25-07.01.52:738][844]LogUObjectHash: Compacting FUObjectHashTables data took   1.33ms
[2025.03.25-07.01.52:790][845]LogPlayLevel: Display: Destroying online subsystem :Context_60
[2025.03.25-07.03.45:871][ 38]BlueprintLog: New page: Compile ThirdPersonExampleMap
[2025.03.25-07.03.45:956][ 38]LogUObjectHash: Compacting FUObjectHashTables data took   2.65ms
[2025.03.25-07.03.58:982][415]BlueprintLog: New page: Compile ThirdPersonExampleMap
[2025.03.25-07.03.59:062][415]LogUObjectHash: Compacting FUObjectHashTables data took   2.15ms
[2025.03.25-07.04.00:784][465]LogTemp: Repeating last play command: Selected Viewport
[2025.03.25-07.04.00:795][465]LogPlayLevel: PlayLevel: No blueprints needed recompiling
[2025.03.25-07.04.00:795][465]PIE: New page: PIE session: ThirdPersonExampleMap (2025年3月25日 下午11:04:00)
[2025.03.25-07.04.00:796][465]LogPlayLevel: Creating play world package: /Game/ThirdPersonBP/Maps/UEDPIE_0_ThirdPersonExampleMap
[2025.03.25-07.04.00:825][465]LogPlayLevel: PIE: StaticDuplicateObject took: (0.028205s)
[2025.03.25-07.04.00:827][465]LogAIModule: Creating AISystem for world ThirdPersonExampleMap
[2025.03.25-07.04.00:828][465]LogPlayLevel: PIE: World Init took: (0.003918s)
[2025.03.25-07.04.00:828][465]LogPlayLevel: PIE: Created PIE world by copying editor world from /Game/ThirdPersonBP/Maps/ThirdPersonExampleMap.ThirdPersonExampleMap to /Game/ThirdPersonBP/Maps/UEDPIE_0_ThirdPersonExampleMap.ThirdPersonExampleMap (0.032685s)
[2025.03.25-07.04.00:861][465]LogUObjectHash: Compacting FUObjectHashTables data took   1.84ms
[2025.03.25-07.04.00:862][465]LogAudio: Display: Creating Audio Device:                 Id: 40, Scope: Unique, Realtime: True
[2025.03.25-07.04.00:862][465]LogAudioMixer: Display: Audio Mixer Platform Settings:
[2025.03.25-07.04.00:862][465]LogAudioMixer: Display: 	Sample Rate:						  48000
[2025.03.25-07.04.00:862][465]LogAudioMixer: Display: 	Callback Buffer Frame Size Requested: 1024
[2025.03.25-07.04.00:862][465]LogAudioMixer: Display: 	Callback Buffer Frame Size To Use:	  1024
[2025.03.25-07.04.00:862][465]LogAudioMixer: Display: 	Number of buffers to queue:			  2
[2025.03.25-07.04.00:862][465]LogAudioMixer: Display: 	Max Channels (voices):				  32
[2025.03.25-07.04.00:862][465]LogAudioMixer: Display: 	Number of Async Source Workers:		  0
[2025.03.25-07.04.00:862][465]LogAudio: Display: AudioDevice MaxSources: 32
[2025.03.25-07.04.00:862][465]LogAudio: Display: Audio Spatialization Plugin: None (built-in).
[2025.03.25-07.04.00:862][465]LogAudio: Display: Audio Reverb Plugin: None (built-in).
[2025.03.25-07.04.00:862][465]LogAudio: Display: Audio Occlusion Plugin: None (built-in).
[2025.03.25-07.04.00:862][465]LogAudioMixer: Display: Initializing audio mixer.
[2025.03.25-07.04.00:867][465]LogAudioMixer: Display: 0: FrontLeft
[2025.03.25-07.04.00:867][465]LogAudioMixer: Display: 1: FrontRight
[2025.03.25-07.04.00:906][465]LogAudioMixer: Display: Using Audio Device 扬声器 (适用于 I2S 音频的英特尔® 智音技术)
[2025.03.25-07.04.00:906][465]LogAudioMixer: Display: Initializing Sound Submixes...
[2025.03.25-07.04.00:906][465]LogAudioMixer: Display: Creating Master Submix 'MasterSubmixDefault'
[2025.03.25-07.04.00:906][465]LogAudioMixer: Display: Creating Master Submix 'MasterReverbSubmixDefault'
[2025.03.25-07.04.00:906][465]LogAudioMixer: Display: Creating Master Submix 'MasterEQSubmixDefault'
[2025.03.25-07.04.00:906][465]LogAudioMixer: FMixerPlatformXAudio2::StartAudioStream() called
[2025.03.25-07.04.00:906][465]LogAudioMixer: Display: Output buffers initialized: Frames=1024, Channels=2, Samples=2048
[2025.03.25-07.04.00:907][465]LogAudioMixer: Display: Starting AudioMixerPlatformInterface::RunInternal()
[2025.03.25-07.04.00:907][465]LogAudioMixer: Display: FMixerPlatformXAudio2::SubmitBuffer() called for the first time
[2025.03.25-07.04.00:907][465]LogInit: FAudioDevice initialized.
[2025.03.25-07.04.00:907][465]LogAudio: Display: Audio Device (ID: 40) registered with world 'ThirdPersonExampleMap'.
[2025.03.25-07.04.00:922][465]LogLoad: Game class is 'ThirdPersonGameMode_C'
[2025.03.25-07.04.00:926][465]LogWorld: Bringing World /Game/ThirdPersonBP/Maps/UEDPIE_0_ThirdPersonExampleMap.ThirdPersonExampleMap up for play (max tick rate 60) at 2025.03.25-15.04.00
[2025.03.25-07.04.00:926][465]LogWorld: Bringing up level for play took: 0.003704
[2025.03.25-07.04.00:926][465]LogOnline: OSS: Creating online subsystem instance for: :Context_61
[2025.03.25-07.04.00:929][465]PIE: Server logged in
[2025.03.25-07.04.00:929][465]PIE: Play in editor total start time 0.137 seconds.
[2025.03.25-07.04.21:196][529]LogSlate: Updating window title bar state: overlay mode, drag disabled, window buttons hidden, title bar hidden
[2025.03.25-07.04.21:196][529]LogWorld: BeginTearingDown for /Game/ThirdPersonBP/Maps/UEDPIE_0_ThirdPersonExampleMap
[2025.03.25-07.04.21:196][529]LogWorld: UWorld::CleanupWorld for ThirdPersonExampleMap, bSessionEnded=true, bCleanupResources=true
[2025.03.25-07.04.21:196][529]LogSlate: InvalidateAllWidgets triggered.  All widgets were invalidated
[2025.03.25-07.04.21:211][529]LogPlayLevel: Display: Shutting down PIE online subsystems
[2025.03.25-07.04.21:246][529]LogSlate: InvalidateAllWidgets triggered.  All widgets were invalidated
[2025.03.25-07.04.21:270][529]LogAudio: Display: Audio Device unregistered from world 'None'.
[2025.03.25-07.04.21:270][529]LogAudioMixer: FMixerPlatformXAudio2::StopAudioStream() called
[2025.03.25-07.04.21:272][529]LogAudioMixer: FMixerPlatformXAudio2::StopAudioStream() called
[2025.03.25-07.04.21:275][529]LogSlate: Updating window title bar state: overlay mode, drag disabled, window buttons hidden, title bar hidden
[2025.03.25-07.04.21:279][529]LogUObjectHash: Compacting FUObjectHashTables data took   1.50ms
[2025.03.25-07.04.21:335][530]LogPlayLevel: Display: Destroying online subsystem :Context_61
[2025.03.25-07.09.38:612][758]LogSlate: Window 'ThirdPersonExampleMap' being destroyed
[2025.03.25-07.10.16:221][996]BlueprintLog: New page: Compile ThirdPersonExampleMap
[2025.03.25-07.10.16:276][996]LogUObjectHash: Compacting FUObjectHashTables data took   3.51ms
[2025.03.25-07.10.17:053][ 41]LogTemp: Repeating last play command: Selected Viewport
[2025.03.25-07.10.17:060][ 41]LogPlayLevel: PlayLevel: No blueprints needed recompiling
[2025.03.25-07.10.17:060][ 41]PIE: New page: PIE session: ThirdPersonExampleMap (2025年3月25日 下午11:10:17)
[2025.03.25-07.10.17:060][ 41]LogPlayLevel: Creating play world package: /Game/ThirdPersonBP/Maps/UEDPIE_0_ThirdPersonExampleMap
[2025.03.25-07.10.17:082][ 41]LogPlayLevel: PIE: StaticDuplicateObject took: (0.021705s)
[2025.03.25-07.10.17:084][ 41]LogAIModule: Creating AISystem for world ThirdPersonExampleMap
[2025.03.25-07.10.17:084][ 41]LogPlayLevel: PIE: World Init took: (0.001971s)
[2025.03.25-07.10.17:084][ 41]LogPlayLevel: PIE: Created PIE world by copying editor world from /Game/ThirdPersonBP/Maps/ThirdPersonExampleMap.ThirdPersonExampleMap to /Game/ThirdPersonBP/Maps/UEDPIE_0_ThirdPersonExampleMap.ThirdPersonExampleMap (0.023894s)
[2025.03.25-07.10.17:116][ 41]LogUObjectHash: Compacting FUObjectHashTables data took   4.20ms
[2025.03.25-07.10.17:117][ 41]LogAudio: Display: Creating Audio Device:                 Id: 41, Scope: Unique, Realtime: True
[2025.03.25-07.10.17:117][ 41]LogAudioMixer: Display: Audio Mixer Platform Settings:
[2025.03.25-07.10.17:117][ 41]LogAudioMixer: Display: 	Sample Rate:						  48000
[2025.03.25-07.10.17:117][ 41]LogAudioMixer: Display: 	Callback Buffer Frame Size Requested: 1024
[2025.03.25-07.10.17:117][ 41]LogAudioMixer: Display: 	Callback Buffer Frame Size To Use:	  1024
[2025.03.25-07.10.17:117][ 41]LogAudioMixer: Display: 	Number of buffers to queue:			  2
[2025.03.25-07.10.17:117][ 41]LogAudioMixer: Display: 	Max Channels (voices):				  32
[2025.03.25-07.10.17:117][ 41]LogAudioMixer: Display: 	Number of Async Source Workers:		  0
[2025.03.25-07.10.17:117][ 41]LogAudio: Display: AudioDevice MaxSources: 32
[2025.03.25-07.10.17:117][ 41]LogAudio: Display: Audio Spatialization Plugin: None (built-in).
[2025.03.25-07.10.17:117][ 41]LogAudio: Display: Audio Reverb Plugin: None (built-in).
[2025.03.25-07.10.17:117][ 41]LogAudio: Display: Audio Occlusion Plugin: None (built-in).
[2025.03.25-07.10.17:117][ 41]LogAudioMixer: Display: Initializing audio mixer.
[2025.03.25-07.10.17:121][ 41]LogAudioMixer: Display: 0: FrontLeft
[2025.03.25-07.10.17:121][ 41]LogAudioMixer: Display: 1: FrontRight
[2025.03.25-07.10.17:156][ 41]LogAudioMixer: Display: Using Audio Device 扬声器 (适用于 I2S 音频的英特尔® 智音技术)
[2025.03.25-07.10.17:157][ 41]LogAudioMixer: Display: Initializing Sound Submixes...
[2025.03.25-07.10.17:157][ 41]LogAudioMixer: Display: Creating Master Submix 'MasterSubmixDefault'
[2025.03.25-07.10.17:157][ 41]LogAudioMixer: Display: Creating Master Submix 'MasterReverbSubmixDefault'
[2025.03.25-07.10.17:157][ 41]LogAudioMixer: Display: Creating Master Submix 'MasterEQSubmixDefault'
[2025.03.25-07.10.17:157][ 41]LogAudioMixer: FMixerPlatformXAudio2::StartAudioStream() called
[2025.03.25-07.10.17:157][ 41]LogAudioMixer: Display: Output buffers initialized: Frames=1024, Channels=2, Samples=2048
[2025.03.25-07.10.17:159][ 41]LogAudioMixer: Display: Starting AudioMixerPlatformInterface::RunInternal()
[2025.03.25-07.10.17:159][ 41]LogAudioMixer: Display: FMixerPlatformXAudio2::SubmitBuffer() called for the first time
[2025.03.25-07.10.17:159][ 41]LogInit: FAudioDevice initialized.
[2025.03.25-07.10.17:159][ 41]LogAudio: Display: Audio Device (ID: 41) registered with world 'ThirdPersonExampleMap'.
[2025.03.25-07.10.17:209][ 41]LogSlate: Updating window title bar state: overlay mode, drag disabled, window buttons hidden, title bar hidden
[2025.03.25-07.10.17:209][ 41]LogLoad: Game class is 'ThirdPersonGameMode_C'
[2025.03.25-07.10.17:213][ 41]LogWorld: Bringing World /Game/ThirdPersonBP/Maps/UEDPIE_0_ThirdPersonExampleMap.ThirdPersonExampleMap up for play (max tick rate 60) at 2025.03.25-15.10.17
[2025.03.25-07.10.17:214][ 41]LogWorld: Bringing up level for play took: 0.003522
[2025.03.25-07.10.17:214][ 41]LogOnline: OSS: Creating online subsystem instance for: :Context_62
[2025.03.25-07.10.17:215][ 41]LogGameMode: FindPlayerStart: PATHS NOT DEFINED or NO PLAYERSTART with positive rating
[2025.03.25-07.10.17:217][ 41]PIE: Server logged in
[2025.03.25-07.10.17:218][ 41]PIE: Play in editor total start time 0.16 seconds.
[2025.03.25-07.10.34:784][611]LogSlate: Updating window title bar state: overlay mode, drag disabled, window buttons hidden, title bar hidden
[2025.03.25-07.10.34:784][611]LogWorld: BeginTearingDown for /Game/ThirdPersonBP/Maps/UEDPIE_0_ThirdPersonExampleMap
[2025.03.25-07.10.34:785][611]LogSlate: Window 'room_escape Preview [NetMode: Standalone]  (64-bit/Windows) ' being destroyed
[2025.03.25-07.10.34:800][611]LogWorld: UWorld::CleanupWorld for ThirdPersonExampleMap, bSessionEnded=true, bCleanupResources=true
[2025.03.25-07.10.34:802][611]LogSlate: InvalidateAllWidgets triggered.  All widgets were invalidated
[2025.03.25-07.10.34:822][611]LogPlayLevel: Display: Shutting down PIE online subsystems
[2025.03.25-07.10.34:861][611]LogSlate: InvalidateAllWidgets triggered.  All widgets were invalidated
[2025.03.25-07.10.34:886][611]LogAudioMixer: FMixerPlatformXAudio2::StopAudioStream() called
[2025.03.25-07.10.34:888][611]LogAudioMixer: FMixerPlatformXAudio2::StopAudioStream() called
[2025.03.25-07.10.34:896][611]LogUObjectHash: Compacting FUObjectHashTables data took   1.52ms
[2025.03.25-07.10.34:929][612]LogPlayLevel: Display: Destroying online subsystem :Context_62
[2025.03.25-07.10.41:381][996]LogSelectionDetails: Warning: NavigateToFunctionSource:  Unable to find symbols for 'APlayerController::SetViewTargetWithBlend' [找不到元素。]
[2025.03.25-07.10.44:876][192]BlueprintLog: New page: Compile ThirdPersonExampleMap
[2025.03.25-07.10.44:928][192]LogUObjectHash: Compacting FUObjectHashTables data took   3.47ms
[2025.03.25-07.10.46:639][257]LogTemp: Repeating last play command: Selected Viewport
[2025.03.25-07.10.46:650][257]LogPlayLevel: PlayLevel: No blueprints needed recompiling
[2025.03.25-07.10.46:650][257]PIE: New page: PIE session: ThirdPersonExampleMap (2025年3月25日 下午11:10:46)
[2025.03.25-07.10.46:651][257]LogPlayLevel: Creating play world package: /Game/ThirdPersonBP/Maps/UEDPIE_0_ThirdPersonExampleMap
[2025.03.25-07.10.46:683][257]LogPlayLevel: PIE: StaticDuplicateObject took: (0.031258s)
[2025.03.25-07.10.46:684][257]LogAIModule: Creating AISystem for world ThirdPersonExampleMap
[2025.03.25-07.10.46:685][257]LogPlayLevel: PIE: World Init took: (0.002662s)
[2025.03.25-07.10.46:685][257]LogPlayLevel: PIE: Created PIE world by copying editor world from /Game/ThirdPersonBP/Maps/ThirdPersonExampleMap.ThirdPersonExampleMap to /Game/ThirdPersonBP/Maps/UEDPIE_0_ThirdPersonExampleMap.ThirdPersonExampleMap (0.034224s)
[2025.03.25-07.10.46:713][257]LogUObjectHash: Compacting FUObjectHashTables data took   2.58ms
[2025.03.25-07.10.46:715][257]LogAudio: Display: Creating Audio Device:                 Id: 42, Scope: Unique, Realtime: True
[2025.03.25-07.10.46:715][257]LogAudioMixer: Display: Audio Mixer Platform Settings:
[2025.03.25-07.10.46:715][257]LogAudioMixer: Display: 	Sample Rate:						  48000
[2025.03.25-07.10.46:715][257]LogAudioMixer: Display: 	Callback Buffer Frame Size Requested: 1024
[2025.03.25-07.10.46:715][257]LogAudioMixer: Display: 	Callback Buffer Frame Size To Use:	  1024
[2025.03.25-07.10.46:715][257]LogAudioMixer: Display: 	Number of buffers to queue:			  2
[2025.03.25-07.10.46:715][257]LogAudioMixer: Display: 	Max Channels (voices):				  32
[2025.03.25-07.10.46:715][257]LogAudioMixer: Display: 	Number of Async Source Workers:		  0
[2025.03.25-07.10.46:715][257]LogAudio: Display: AudioDevice MaxSources: 32
[2025.03.25-07.10.46:716][257]LogAudio: Display: Audio Spatialization Plugin: None (built-in).
[2025.03.25-07.10.46:716][257]LogAudio: Display: Audio Reverb Plugin: None (built-in).
[2025.03.25-07.10.46:716][257]LogAudio: Display: Audio Occlusion Plugin: None (built-in).
[2025.03.25-07.10.46:716][257]LogAudioMixer: Display: Initializing audio mixer.
[2025.03.25-07.10.46:719][257]LogAudioMixer: Display: 0: FrontLeft
[2025.03.25-07.10.46:719][257]LogAudioMixer: Display: 1: FrontRight
[2025.03.25-07.10.46:755][257]LogAudioMixer: Display: Using Audio Device 扬声器 (适用于 I2S 音频的英特尔® 智音技术)
[2025.03.25-07.10.46:755][257]LogAudioMixer: Display: Initializing Sound Submixes...
[2025.03.25-07.10.46:755][257]LogAudioMixer: Display: Creating Master Submix 'MasterSubmixDefault'
[2025.03.25-07.10.46:755][257]LogAudioMixer: Display: Creating Master Submix 'MasterReverbSubmixDefault'
[2025.03.25-07.10.46:756][257]LogAudioMixer: Display: Creating Master Submix 'MasterEQSubmixDefault'
[2025.03.25-07.10.46:756][257]LogAudioMixer: FMixerPlatformXAudio2::StartAudioStream() called
[2025.03.25-07.10.46:756][257]LogAudioMixer: Display: Output buffers initialized: Frames=1024, Channels=2, Samples=2048
[2025.03.25-07.10.46:757][257]LogAudioMixer: Display: Starting AudioMixerPlatformInterface::RunInternal()
[2025.03.25-07.10.46:757][257]LogAudioMixer: Display: FMixerPlatformXAudio2::SubmitBuffer() called for the first time
[2025.03.25-07.10.46:757][257]LogInit: FAudioDevice initialized.
[2025.03.25-07.10.46:757][257]LogAudio: Display: Audio Device (ID: 42) registered with world 'ThirdPersonExampleMap'.
[2025.03.25-07.10.46:764][257]LogLoad: Game class is 'ThirdPersonGameMode_C'
[2025.03.25-07.10.46:767][257]LogWorld: Bringing World /Game/ThirdPersonBP/Maps/UEDPIE_0_ThirdPersonExampleMap.ThirdPersonExampleMap up for play (max tick rate 60) at 2025.03.25-15.10.46
[2025.03.25-07.10.46:767][257]LogWorld: Bringing up level for play took: 0.002868
[2025.03.25-07.10.46:767][257]LogOnline: OSS: Creating online subsystem instance for: :Context_63
[2025.03.25-07.10.46:769][257]PIE: Server logged in
[2025.03.25-07.10.46:770][257]PIE: Play in editor total start time 0.121 seconds.
[2025.03.25-07.10.53:603][663]LogSlate: Updating window title bar state: overlay mode, drag disabled, window buttons hidden, title bar hidden
[2025.03.25-07.10.53:603][663]LogWorld: BeginTearingDown for /Game/ThirdPersonBP/Maps/UEDPIE_0_ThirdPersonExampleMap
[2025.03.25-07.10.53:603][663]LogWorld: UWorld::CleanupWorld for ThirdPersonExampleMap, bSessionEnded=true, bCleanupResources=true
[2025.03.25-07.10.53:604][663]LogSlate: InvalidateAllWidgets triggered.  All widgets were invalidated
[2025.03.25-07.10.53:619][663]LogPlayLevel: Display: Shutting down PIE online subsystems
[2025.03.25-07.10.53:650][663]LogSlate: InvalidateAllWidgets triggered.  All widgets were invalidated
[2025.03.25-07.10.53:675][663]LogSlate: Updating window title bar state: overlay mode, drag disabled, window buttons hidden, title bar hidden
[2025.03.25-07.10.53:676][663]LogAudioMixer: FMixerPlatformXAudio2::StopAudioStream() called
[2025.03.25-07.10.53:677][663]LogAudioMixer: FMixerPlatformXAudio2::StopAudioStream() called
[2025.03.25-07.10.53:684][663]LogUObjectHash: Compacting FUObjectHashTables data took   1.50ms
[2025.03.25-07.10.53:725][664]LogPlayLevel: Display: Destroying online subsystem :Context_63
[2025.03.25-07.11.40:191][355]BlueprintLog: New page: Compile ThirdPersonExampleMap
[2025.03.25-07.11.40:245][355]LogUObjectHash: Compacting FUObjectHashTables data took   2.44ms
[2025.03.25-07.11.41:279][415]LogTemp: Repeating last play command: Selected Viewport
[2025.03.25-07.11.41:286][415]LogPlayLevel: PlayLevel: No blueprints needed recompiling
[2025.03.25-07.11.41:286][415]PIE: New page: PIE session: ThirdPersonExampleMap (2025年3月25日 下午11:11:41)
[2025.03.25-07.11.41:286][415]LogPlayLevel: Creating play world package: /Game/ThirdPersonBP/Maps/UEDPIE_0_ThirdPersonExampleMap
[2025.03.25-07.11.41:300][415]LogPlayLevel: PIE: StaticDuplicateObject took: (0.013904s)
[2025.03.25-07.11.41:301][415]LogAIModule: Creating AISystem for world ThirdPersonExampleMap
[2025.03.25-07.11.41:301][415]LogPlayLevel: PIE: World Init took: (0.001016s)
[2025.03.25-07.11.41:301][415]LogPlayLevel: PIE: Created PIE world by copying editor world from /Game/ThirdPersonBP/Maps/ThirdPersonExampleMap.ThirdPersonExampleMap to /Game/ThirdPersonBP/Maps/UEDPIE_0_ThirdPersonExampleMap.ThirdPersonExampleMap (0.015056s)
[2025.03.25-07.11.41:324][415]LogUObjectHash: Compacting FUObjectHashTables data took   1.37ms
[2025.03.25-07.11.41:325][415]LogAudio: Display: Creating Audio Device:                 Id: 43, Scope: Unique, Realtime: True
[2025.03.25-07.11.41:325][415]LogAudioMixer: Display: Audio Mixer Platform Settings:
[2025.03.25-07.11.41:325][415]LogAudioMixer: Display: 	Sample Rate:						  48000
[2025.03.25-07.11.41:325][415]LogAudioMixer: Display: 	Callback Buffer Frame Size Requested: 1024
[2025.03.25-07.11.41:325][415]LogAudioMixer: Display: 	Callback Buffer Frame Size To Use:	  1024
[2025.03.25-07.11.41:325][415]LogAudioMixer: Display: 	Number of buffers to queue:			  2
[2025.03.25-07.11.41:325][415]LogAudioMixer: Display: 	Max Channels (voices):				  32
[2025.03.25-07.11.41:325][415]LogAudioMixer: Display: 	Number of Async Source Workers:		  0
[2025.03.25-07.11.41:325][415]LogAudio: Display: AudioDevice MaxSources: 32
[2025.03.25-07.11.41:326][415]LogAudio: Display: Audio Spatialization Plugin: None (built-in).
[2025.03.25-07.11.41:326][415]LogAudio: Display: Audio Reverb Plugin: None (built-in).
[2025.03.25-07.11.41:326][415]LogAudio: Display: Audio Occlusion Plugin: None (built-in).
[2025.03.25-07.11.41:326][415]LogAudioMixer: Display: Initializing audio mixer.
[2025.03.25-07.11.41:328][415]LogAudioMixer: Display: 0: FrontLeft
[2025.03.25-07.11.41:328][415]LogAudioMixer: Display: 1: FrontRight
[2025.03.25-07.11.41:356][415]LogAudioMixer: Display: Using Audio Device 扬声器 (适用于 I2S 音频的英特尔® 智音技术)
[2025.03.25-07.11.41:357][415]LogAudioMixer: Display: Initializing Sound Submixes...
[2025.03.25-07.11.41:357][415]LogAudioMixer: Display: Creating Master Submix 'MasterSubmixDefault'
[2025.03.25-07.11.41:357][415]LogAudioMixer: Display: Creating Master Submix 'MasterReverbSubmixDefault'
[2025.03.25-07.11.41:357][415]LogAudioMixer: Display: Creating Master Submix 'MasterEQSubmixDefault'
[2025.03.25-07.11.41:357][415]LogAudioMixer: FMixerPlatformXAudio2::StartAudioStream() called
[2025.03.25-07.11.41:357][415]LogAudioMixer: Display: Output buffers initialized: Frames=1024, Channels=2, Samples=2048
[2025.03.25-07.11.41:358][415]LogAudioMixer: Display: Starting AudioMixerPlatformInterface::RunInternal()
[2025.03.25-07.11.41:358][415]LogAudioMixer: Display: FMixerPlatformXAudio2::SubmitBuffer() called for the first time
[2025.03.25-07.11.41:358][415]LogInit: FAudioDevice initialized.
[2025.03.25-07.11.41:358][415]LogAudio: Display: Audio Device (ID: 43) registered with world 'ThirdPersonExampleMap'.
[2025.03.25-07.11.41:412][415]LogSlate: Updating window title bar state: overlay mode, drag disabled, window buttons hidden, title bar hidden
[2025.03.25-07.11.41:413][415]LogLoad: Game class is 'ThirdPersonGameMode_C'
[2025.03.25-07.11.41:417][415]LogWorld: Bringing World /Game/ThirdPersonBP/Maps/UEDPIE_0_ThirdPersonExampleMap.ThirdPersonExampleMap up for play (max tick rate 60) at 2025.03.25-15.11.41
[2025.03.25-07.11.41:417][415]LogWorld: Bringing up level for play took: 0.004391
[2025.03.25-07.11.41:418][415]LogOnline: OSS: Creating online subsystem instance for: :Context_64
[2025.03.25-07.11.41:419][415]LogGameMode: FindPlayerStart: PATHS NOT DEFINED or NO PLAYERSTART with positive rating
[2025.03.25-07.11.41:422][415]PIE: Server logged in
[2025.03.25-07.11.41:424][415]PIE: Play in editor total start time 0.139 seconds.
[2025.03.25-07.11.57:144][940]LogSlate: Updating window title bar state: overlay mode, drag disabled, window buttons hidden, title bar hidden
[2025.03.25-07.11.57:144][940]LogWorld: BeginTearingDown for /Game/ThirdPersonBP/Maps/UEDPIE_0_ThirdPersonExampleMap
[2025.03.25-07.11.57:146][940]LogSlate: Window 'room_escape Preview [NetMode: Standalone]  (64-bit/Windows) ' being destroyed
[2025.03.25-07.11.57:184][940]LogWorld: UWorld::CleanupWorld for ThirdPersonExampleMap, bSessionEnded=true, bCleanupResources=true
[2025.03.25-07.11.57:185][940]LogSlate: InvalidateAllWidgets triggered.  All widgets were invalidated
[2025.03.25-07.11.57:205][940]LogPlayLevel: Display: Shutting down PIE online subsystems
[2025.03.25-07.11.57:242][940]LogSlate: InvalidateAllWidgets triggered.  All widgets were invalidated
[2025.03.25-07.11.57:269][940]LogAudio: Display: Audio Device unregistered from world 'None'.
[2025.03.25-07.11.57:269][940]LogAudioMixer: FMixerPlatformXAudio2::StopAudioStream() called
[2025.03.25-07.11.57:271][940]LogAudioMixer: FMixerPlatformXAudio2::StopAudioStream() called
[2025.03.25-07.11.57:277][940]LogUObjectHash: Compacting FUObjectHashTables data took   1.68ms
[2025.03.25-07.11.57:309][941]LogPlayLevel: Display: Destroying online subsystem :Context_64
[2025.03.25-07.12.28:133][637]LogUObjectHash: Compacting FUObjectHashTables data took   1.47ms
[2025.03.25-07.12.28:170][637]LogSavePackage: Moving '../../../../../../project/UE/room_escape/Saved/ThirdPersonExampleMap_Auto21267FA9E49D850CE93F706B9D34C8C38.tmp' to '../../../../../../project/UE/room_escape/Saved/Autosaves/Game/ThirdPersonBP/Maps/ThirdPersonExampleMap_Auto2.umap'
[2025.03.25-07.12.28:171][637]LogFileHelpers: Editor autosave (incl. external actors) for '/Game/ThirdPersonBP/Maps/ThirdPersonExampleMap' took 0.067
[2025.03.25-07.12.28:171][637]LogFileHelpers: Editor autosave (incl. sublevels & external actors) for all levels took 0.067
[2025.03.25-07.13.58:529][  7]BlueprintLog: New page: Compile ThirdPersonExampleMap
[2025.03.25-07.13.58:581][  7]LogUObjectHash: Compacting FUObjectHashTables data took   3.36ms
[2025.03.25-07.13.59:764][ 76]LogTemp: Repeating last play command: Selected Viewport
[2025.03.25-07.13.59:769][ 76]LogPlayLevel: PlayLevel: No blueprints needed recompiling
[2025.03.25-07.13.59:769][ 76]PIE: New page: PIE session: ThirdPersonExampleMap (2025年3月25日 下午11:13:59)
[2025.03.25-07.13.59:769][ 76]LogPlayLevel: Creating play world package: /Game/ThirdPersonBP/Maps/UEDPIE_0_ThirdPersonExampleMap
[2025.03.25-07.13.59:781][ 76]LogPlayLevel: PIE: StaticDuplicateObject took: (0.012189s)
[2025.03.25-07.13.59:782][ 76]LogAIModule: Creating AISystem for world ThirdPersonExampleMap
[2025.03.25-07.13.59:782][ 76]LogPlayLevel: PIE: World Init took: (0.000913s)
[2025.03.25-07.13.59:782][ 76]LogPlayLevel: PIE: Created PIE world by copying editor world from /Game/ThirdPersonBP/Maps/ThirdPersonExampleMap.ThirdPersonExampleMap to /Game/ThirdPersonBP/Maps/UEDPIE_0_ThirdPersonExampleMap.ThirdPersonExampleMap (0.013249s)
[2025.03.25-07.13.59:807][ 76]LogUObjectHash: Compacting FUObjectHashTables data took   2.70ms
[2025.03.25-07.13.59:807][ 76]LogAudio: Display: Creating Audio Device:                 Id: 44, Scope: Unique, Realtime: True
[2025.03.25-07.13.59:807][ 76]LogAudioMixer: Display: Audio Mixer Platform Settings:
[2025.03.25-07.13.59:807][ 76]LogAudioMixer: Display: 	Sample Rate:						  48000
[2025.03.25-07.13.59:807][ 76]LogAudioMixer: Display: 	Callback Buffer Frame Size Requested: 1024
[2025.03.25-07.13.59:807][ 76]LogAudioMixer: Display: 	Callback Buffer Frame Size To Use:	  1024
[2025.03.25-07.13.59:807][ 76]LogAudioMixer: Display: 	Number of buffers to queue:			  2
[2025.03.25-07.13.59:807][ 76]LogAudioMixer: Display: 	Max Channels (voices):				  32
[2025.03.25-07.13.59:807][ 76]LogAudioMixer: Display: 	Number of Async Source Workers:		  0
[2025.03.25-07.13.59:807][ 76]LogAudio: Display: AudioDevice MaxSources: 32
[2025.03.25-07.13.59:808][ 76]LogAudio: Display: Audio Spatialization Plugin: None (built-in).
[2025.03.25-07.13.59:808][ 76]LogAudio: Display: Audio Reverb Plugin: None (built-in).
[2025.03.25-07.13.59:808][ 76]LogAudio: Display: Audio Occlusion Plugin: None (built-in).
[2025.03.25-07.13.59:808][ 76]LogAudioMixer: Display: Initializing audio mixer.
[2025.03.25-07.13.59:810][ 76]LogAudioMixer: Display: 0: FrontLeft
[2025.03.25-07.13.59:810][ 76]LogAudioMixer: Display: 1: FrontRight
[2025.03.25-07.13.59:839][ 76]LogAudioMixer: Display: Using Audio Device 扬声器 (适用于 I2S 音频的英特尔® 智音技术)
[2025.03.25-07.13.59:839][ 76]LogAudioMixer: Display: Initializing Sound Submixes...
[2025.03.25-07.13.59:839][ 76]LogAudioMixer: Display: Creating Master Submix 'MasterSubmixDefault'
[2025.03.25-07.13.59:839][ 76]LogAudioMixer: Display: Creating Master Submix 'MasterReverbSubmixDefault'
[2025.03.25-07.13.59:839][ 76]LogAudioMixer: Display: Creating Master Submix 'MasterEQSubmixDefault'
[2025.03.25-07.13.59:839][ 76]LogAudioMixer: FMixerPlatformXAudio2::StartAudioStream() called
[2025.03.25-07.13.59:839][ 76]LogAudioMixer: Display: Output buffers initialized: Frames=1024, Channels=2, Samples=2048
[2025.03.25-07.13.59:840][ 76]LogAudioMixer: Display: Starting AudioMixerPlatformInterface::RunInternal()
[2025.03.25-07.13.59:840][ 76]LogAudioMixer: Display: FMixerPlatformXAudio2::SubmitBuffer() called for the first time
[2025.03.25-07.13.59:840][ 76]LogInit: FAudioDevice initialized.
[2025.03.25-07.13.59:840][ 76]LogAudio: Display: Audio Device (ID: 44) registered with world 'ThirdPersonExampleMap'.
[2025.03.25-07.13.59:900][ 76]LogSlate: Updating window title bar state: overlay mode, drag disabled, window buttons hidden, title bar hidden
[2025.03.25-07.13.59:900][ 76]LogLoad: Game class is 'ThirdPersonGameMode_C'
[2025.03.25-07.13.59:905][ 76]LogWorld: Bringing World /Game/ThirdPersonBP/Maps/UEDPIE_0_ThirdPersonExampleMap.ThirdPersonExampleMap up for play (max tick rate 60) at 2025.03.25-15.13.59
[2025.03.25-07.13.59:905][ 76]LogWorld: Bringing up level for play took: 0.003352
[2025.03.25-07.13.59:906][ 76]LogOnline: OSS: Creating online subsystem instance for: :Context_65
[2025.03.25-07.13.59:907][ 76]LogGameMode: FindPlayerStart: PATHS NOT DEFINED or NO PLAYERSTART with positive rating
[2025.03.25-07.13.59:909][ 76]PIE: Server logged in
[2025.03.25-07.13.59:910][ 76]PIE: Play in editor total start time 0.142 seconds.
[2025.03.25-07.14.04:363][208]LogSlate: Updating window title bar state: overlay mode, drag disabled, window buttons hidden, title bar hidden
[2025.03.25-07.14.04:363][208]LogWorld: BeginTearingDown for /Game/ThirdPersonBP/Maps/UEDPIE_0_ThirdPersonExampleMap
[2025.03.25-07.14.04:365][208]LogSlate: Window 'room_escape Preview [NetMode: Standalone]  (64-bit/Windows) ' being destroyed
[2025.03.25-07.14.04:396][208]LogWorld: UWorld::CleanupWorld for ThirdPersonExampleMap, bSessionEnded=true, bCleanupResources=true
[2025.03.25-07.14.04:398][208]LogSlate: InvalidateAllWidgets triggered.  All widgets were invalidated
[2025.03.25-07.14.04:422][208]LogPlayLevel: Display: Shutting down PIE online subsystems
[2025.03.25-07.14.04:455][208]LogSlate: InvalidateAllWidgets triggered.  All widgets were invalidated
[2025.03.25-07.14.04:478][208]LogAudio: Display: Audio Device unregistered from world 'None'.
[2025.03.25-07.14.04:479][208]LogAudioMixer: FMixerPlatformXAudio2::StopAudioStream() called
[2025.03.25-07.14.04:479][208]LogAudioMixer: FMixerPlatformXAudio2::StopAudioStream() called
[2025.03.25-07.14.04:487][208]LogUObjectHash: Compacting FUObjectHashTables data took   1.42ms
[2025.03.25-07.14.04:515][209]LogPlayLevel: Display: Destroying online subsystem :Context_65
[2025.03.25-07.14.18:025][812]LogEditorBookmarks: Warning: FBookmarkTypeToolsImpl::JumpToBookmark - Null Bookmark at index 3
[2025.03.25-07.14.18:595][828]LogEditorBookmarks: Warning: FBookmarkTypeToolsImpl::JumpToBookmark - Null Bookmark at index 3
[2025.03.25-07.14.18:855][835]LogEditorBookmarks: Warning: FBookmarkTypeToolsImpl::JumpToBookmark - Null Bookmark at index 3
[2025.03.25-07.14.19:064][841]LogEditorBookmarks: Warning: FBookmarkTypeToolsImpl::JumpToBookmark - Null Bookmark at index 3
[2025.03.25-07.14.19:665][858]LogEditorBookmarks: Warning: FBookmarkTypeToolsImpl::JumpToBookmark - Null Bookmark at index 3
[2025.03.25-07.14.19:836][862]LogEditorBookmarks: Warning: FBookmarkTypeToolsImpl::JumpToBookmark - Null Bookmark at index 3
[2025.03.25-07.14.19:999][867]LogEditorBookmarks: Warning: FBookmarkTypeToolsImpl::JumpToBookmark - Null Bookmark at index 3
[2025.03.25-07.14.22:399][935]LogEditorBookmarks: Warning: FBookmarkTypeToolsImpl::JumpToBookmark - Null Bookmark at index 3
[2025.03.25-07.14.31:122][176]BlueprintLog: New page: Compile ThirdPersonExampleMap
[2025.03.25-07.14.31:206][176]LogUObjectHash: Compacting FUObjectHashTables data took   2.05ms
[2025.03.25-07.14.32:526][214]LogTemp: Repeating last play command: Selected Viewport
[2025.03.25-07.14.32:537][214]LogPlayLevel: PlayLevel: No blueprints needed recompiling
[2025.03.25-07.14.32:537][214]PIE: New page: PIE session: ThirdPersonExampleMap (2025年3月25日 下午11:14:32)
[2025.03.25-07.14.32:538][214]LogPlayLevel: Creating play world package: /Game/ThirdPersonBP/Maps/UEDPIE_0_ThirdPersonExampleMap
[2025.03.25-07.14.32:570][214]LogPlayLevel: PIE: StaticDuplicateObject took: (0.031431s)
[2025.03.25-07.14.32:573][214]LogAIModule: Creating AISystem for world ThirdPersonExampleMap
[2025.03.25-07.14.32:574][214]LogPlayLevel: PIE: World Init took: (0.003012s)
[2025.03.25-07.14.32:574][214]LogPlayLevel: PIE: Created PIE world by copying editor world from /Game/ThirdPersonBP/Maps/ThirdPersonExampleMap.ThirdPersonExampleMap to /Game/ThirdPersonBP/Maps/UEDPIE_0_ThirdPersonExampleMap.ThirdPersonExampleMap (0.034872s)
[2025.03.25-07.14.32:610][214]LogUObjectHash: Compacting FUObjectHashTables data took   4.52ms
[2025.03.25-07.14.32:611][214]LogAudio: Display: Creating Audio Device:                 Id: 45, Scope: Unique, Realtime: True
[2025.03.25-07.14.32:611][214]LogAudioMixer: Display: Audio Mixer Platform Settings:
[2025.03.25-07.14.32:611][214]LogAudioMixer: Display: 	Sample Rate:						  48000
[2025.03.25-07.14.32:611][214]LogAudioMixer: Display: 	Callback Buffer Frame Size Requested: 1024
[2025.03.25-07.14.32:611][214]LogAudioMixer: Display: 	Callback Buffer Frame Size To Use:	  1024
[2025.03.25-07.14.32:611][214]LogAudioMixer: Display: 	Number of buffers to queue:			  2
[2025.03.25-07.14.32:611][214]LogAudioMixer: Display: 	Max Channels (voices):				  32
[2025.03.25-07.14.32:611][214]LogAudioMixer: Display: 	Number of Async Source Workers:		  0
[2025.03.25-07.14.32:611][214]LogAudio: Display: AudioDevice MaxSources: 32
[2025.03.25-07.14.32:612][214]LogAudio: Display: Audio Spatialization Plugin: None (built-in).
[2025.03.25-07.14.32:612][214]LogAudio: Display: Audio Reverb Plugin: None (built-in).
[2025.03.25-07.14.32:612][214]LogAudio: Display: Audio Occlusion Plugin: None (built-in).
[2025.03.25-07.14.32:612][214]LogAudioMixer: Display: Initializing audio mixer.
[2025.03.25-07.14.32:614][214]LogAudioMixer: Display: 0: FrontLeft
[2025.03.25-07.14.32:614][214]LogAudioMixer: Display: 1: FrontRight
[2025.03.25-07.14.32:652][214]LogAudioMixer: Display: Using Audio Device 扬声器 (适用于 I2S 音频的英特尔® 智音技术)
[2025.03.25-07.14.32:653][214]LogAudioMixer: Display: Initializing Sound Submixes...
[2025.03.25-07.14.32:653][214]LogAudioMixer: Display: Creating Master Submix 'MasterSubmixDefault'
[2025.03.25-07.14.32:653][214]LogAudioMixer: Display: Creating Master Submix 'MasterReverbSubmixDefault'
[2025.03.25-07.14.32:653][214]LogAudioMixer: Display: Creating Master Submix 'MasterEQSubmixDefault'
[2025.03.25-07.14.32:653][214]LogAudioMixer: FMixerPlatformXAudio2::StartAudioStream() called
[2025.03.25-07.14.32:653][214]LogAudioMixer: Display: Output buffers initialized: Frames=1024, Channels=2, Samples=2048
[2025.03.25-07.14.32:654][214]LogAudioMixer: Display: Starting AudioMixerPlatformInterface::RunInternal()
[2025.03.25-07.14.32:654][214]LogAudioMixer: Display: FMixerPlatformXAudio2::SubmitBuffer() called for the first time
[2025.03.25-07.14.32:654][214]LogInit: FAudioDevice initialized.
[2025.03.25-07.14.32:654][214]LogAudio: Display: Audio Device (ID: 45) registered with world 'ThirdPersonExampleMap'.
[2025.03.25-07.14.32:671][214]LogLoad: Game class is 'ThirdPersonGameMode_C'
[2025.03.25-07.14.32:675][214]LogWorld: Bringing World /Game/ThirdPersonBP/Maps/UEDPIE_0_ThirdPersonExampleMap.ThirdPersonExampleMap up for play (max tick rate 60) at 2025.03.25-15.14.32
[2025.03.25-07.14.32:676][214]LogWorld: Bringing up level for play took: 0.004059
[2025.03.25-07.14.32:676][214]LogOnline: OSS: Creating online subsystem instance for: :Context_66
[2025.03.25-07.14.32:679][214]PIE: Server logged in
[2025.03.25-07.14.32:680][214]PIE: Play in editor total start time 0.145 seconds.
[2025.03.25-07.14.54:783][432]LogSlate: Updating window title bar state: overlay mode, drag disabled, window buttons hidden, title bar hidden
[2025.03.25-07.14.54:783][432]LogWorld: BeginTearingDown for /Game/ThirdPersonBP/Maps/UEDPIE_0_ThirdPersonExampleMap
[2025.03.25-07.14.54:784][432]LogWorld: UWorld::CleanupWorld for ThirdPersonExampleMap, bSessionEnded=true, bCleanupResources=true
[2025.03.25-07.14.54:785][432]LogSlate: InvalidateAllWidgets triggered.  All widgets were invalidated
[2025.03.25-07.14.54:803][432]LogPlayLevel: Display: Shutting down PIE online subsystems
[2025.03.25-07.14.54:835][432]LogSlate: InvalidateAllWidgets triggered.  All widgets were invalidated
[2025.03.25-07.14.54:857][432]LogAudio: Display: Audio Device unregistered from world 'None'.
[2025.03.25-07.14.54:859][432]LogAudioMixer: FMixerPlatformXAudio2::StopAudioStream() called
[2025.03.25-07.14.54:860][432]LogAudioMixer: FMixerPlatformXAudio2::StopAudioStream() called
[2025.03.25-07.14.54:863][432]LogSlate: Updating window title bar state: overlay mode, drag disabled, window buttons hidden, title bar hidden
[2025.03.25-07.14.54:867][432]LogUObjectHash: Compacting FUObjectHashTables data took   1.38ms
[2025.03.25-07.14.54:921][433]LogPlayLevel: Display: Destroying online subsystem :Context_66
[2025.03.25-07.14.58:698][542]LogTemp: Repeating last play command: Selected Viewport
[2025.03.25-07.14.58:707][542]LogPlayLevel: PlayLevel: No blueprints needed recompiling
[2025.03.25-07.14.58:708][542]PIE: New page: PIE session: ThirdPersonExampleMap (2025年3月25日 下午11:14:58)
[2025.03.25-07.14.58:708][542]LogPlayLevel: Creating play world package: /Game/ThirdPersonBP/Maps/UEDPIE_0_ThirdPersonExampleMap
[2025.03.25-07.14.58:738][542]LogPlayLevel: PIE: StaticDuplicateObject took: (0.029892s)
[2025.03.25-07.14.58:740][542]LogAIModule: Creating AISystem for world ThirdPersonExampleMap
[2025.03.25-07.14.58:741][542]LogPlayLevel: PIE: World Init took: (0.003173s)
[2025.03.25-07.14.58:741][542]LogPlayLevel: PIE: Created PIE world by copying editor world from /Game/ThirdPersonBP/Maps/ThirdPersonExampleMap.ThirdPersonExampleMap to /Game/ThirdPersonBP/Maps/UEDPIE_0_ThirdPersonExampleMap.ThirdPersonExampleMap (0.033431s)
[2025.03.25-07.14.58:780][542]LogUObjectHash: Compacting FUObjectHashTables data took   1.84ms
[2025.03.25-07.14.58:781][542]LogAudio: Display: Creating Audio Device:                 Id: 46, Scope: Unique, Realtime: True
[2025.03.25-07.14.58:781][542]LogAudioMixer: Display: Audio Mixer Platform Settings:
[2025.03.25-07.14.58:781][542]LogAudioMixer: Display: 	Sample Rate:						  48000
[2025.03.25-07.14.58:781][542]LogAudioMixer: Display: 	Callback Buffer Frame Size Requested: 1024
[2025.03.25-07.14.58:781][542]LogAudioMixer: Display: 	Callback Buffer Frame Size To Use:	  1024
[2025.03.25-07.14.58:781][542]LogAudioMixer: Display: 	Number of buffers to queue:			  2
[2025.03.25-07.14.58:781][542]LogAudioMixer: Display: 	Max Channels (voices):				  32
[2025.03.25-07.14.58:781][542]LogAudioMixer: Display: 	Number of Async Source Workers:		  0
[2025.03.25-07.14.58:781][542]LogAudio: Display: AudioDevice MaxSources: 32
[2025.03.25-07.14.58:781][542]LogAudio: Display: Audio Spatialization Plugin: None (built-in).
[2025.03.25-07.14.58:782][542]LogAudio: Display: Audio Reverb Plugin: None (built-in).
[2025.03.25-07.14.58:782][542]LogAudio: Display: Audio Occlusion Plugin: None (built-in).
[2025.03.25-07.14.58:782][542]LogAudioMixer: Display: Initializing audio mixer.
[2025.03.25-07.14.58:785][542]LogAudioMixer: Display: 0: FrontLeft
[2025.03.25-07.14.58:785][542]LogAudioMixer: Display: 1: FrontRight
[2025.03.25-07.14.58:825][542]LogAudioMixer: Display: Using Audio Device 扬声器 (适用于 I2S 音频的英特尔® 智音技术)
[2025.03.25-07.14.58:826][542]LogAudioMixer: Display: Initializing Sound Submixes...
[2025.03.25-07.14.58:826][542]LogAudioMixer: Display: Creating Master Submix 'MasterSubmixDefault'
[2025.03.25-07.14.58:826][542]LogAudioMixer: Display: Creating Master Submix 'MasterReverbSubmixDefault'
[2025.03.25-07.14.58:826][542]LogAudioMixer: Display: Creating Master Submix 'MasterEQSubmixDefault'
[2025.03.25-07.14.58:826][542]LogAudioMixer: FMixerPlatformXAudio2::StartAudioStream() called
[2025.03.25-07.14.58:826][542]LogAudioMixer: Display: Output buffers initialized: Frames=1024, Channels=2, Samples=2048
[2025.03.25-07.14.58:827][542]LogAudioMixer: Display: Starting AudioMixerPlatformInterface::RunInternal()
[2025.03.25-07.14.58:827][542]LogAudioMixer: Display: FMixerPlatformXAudio2::SubmitBuffer() called for the first time
[2025.03.25-07.14.58:827][542]LogInit: FAudioDevice initialized.
[2025.03.25-07.14.58:827][542]LogAudio: Display: Audio Device (ID: 46) registered with world 'ThirdPersonExampleMap'.
[2025.03.25-07.14.58:847][542]LogLoad: Game class is 'ThirdPersonGameMode_C'
[2025.03.25-07.14.58:851][542]LogWorld: Bringing World /Game/ThirdPersonBP/Maps/UEDPIE_0_ThirdPersonExampleMap.ThirdPersonExampleMap up for play (max tick rate 60) at 2025.03.25-15.14.58
[2025.03.25-07.14.58:852][542]LogWorld: Bringing up level for play took: 0.004431
[2025.03.25-07.14.58:852][542]LogOnline: OSS: Creating online subsystem instance for: :Context_67
[2025.03.25-07.14.58:854][542]PIE: Server logged in
[2025.03.25-07.14.58:855][542]PIE: Play in editor total start time 0.151 seconds.
[2025.03.25-07.15.21:443][769]LogSlate: Updating window title bar state: overlay mode, drag disabled, window buttons hidden, title bar hidden
[2025.03.25-07.15.21:444][769]LogWorld: BeginTearingDown for /Game/ThirdPersonBP/Maps/UEDPIE_0_ThirdPersonExampleMap
[2025.03.25-07.15.21:444][769]LogWorld: UWorld::CleanupWorld for ThirdPersonExampleMap, bSessionEnded=true, bCleanupResources=true
[2025.03.25-07.15.21:445][769]LogSlate: InvalidateAllWidgets triggered.  All widgets were invalidated
[2025.03.25-07.15.21:474][769]LogPlayLevel: Display: Shutting down PIE online subsystems
[2025.03.25-07.15.21:506][769]LogSlate: InvalidateAllWidgets triggered.  All widgets were invalidated
[2025.03.25-07.15.21:528][769]LogSlate: Updating window title bar state: overlay mode, drag disabled, window buttons hidden, title bar hidden
[2025.03.25-07.15.21:528][769]LogAudioMixer: FMixerPlatformXAudio2::StopAudioStream() called
[2025.03.25-07.15.21:530][769]LogAudioMixer: FMixerPlatformXAudio2::StopAudioStream() called
[2025.03.25-07.15.21:536][769]LogUObjectHash: Compacting FUObjectHashTables data took   1.41ms
[2025.03.25-07.15.21:588][770]LogPlayLevel: Display: Destroying online subsystem :Context_67
[2025.03.25-07.18.58:789][720]BlueprintLog: New page: Compile ThirdPersonExampleMap
[2025.03.25-07.18.58:882][720]LogUObjectHash: Compacting FUObjectHashTables data took   4.87ms
[2025.03.25-07.19.00:662][769]LogTemp: Repeating last play command: Selected Viewport
[2025.03.25-07.19.00:671][769]LogPlayLevel: PlayLevel: No blueprints needed recompiling
[2025.03.25-07.19.00:671][769]PIE: New page: PIE session: ThirdPersonExampleMap (2025年3月25日 下午11:19:00)
[2025.03.25-07.19.00:671][769]LogPlayLevel: Creating play world package: /Game/ThirdPersonBP/Maps/UEDPIE_0_ThirdPersonExampleMap
[2025.03.25-07.19.00:702][769]LogPlayLevel: PIE: StaticDuplicateObject took: (0.030490s)
[2025.03.25-07.19.00:703][769]LogAIModule: Creating AISystem for world ThirdPersonExampleMap
[2025.03.25-07.19.00:704][769]LogPlayLevel: PIE: World Init took: (0.001623s)
[2025.03.25-07.19.00:704][769]LogPlayLevel: PIE: Created PIE world by copying editor world from /Game/ThirdPersonBP/Maps/ThirdPersonExampleMap.ThirdPersonExampleMap to /Game/ThirdPersonBP/Maps/UEDPIE_0_ThirdPersonExampleMap.ThirdPersonExampleMap (0.032458s)
[2025.03.25-07.19.00:742][769]LogUObjectHash: Compacting FUObjectHashTables data took   4.04ms
[2025.03.25-07.19.00:743][769]LogAudio: Display: Creating Audio Device:                 Id: 47, Scope: Unique, Realtime: True
[2025.03.25-07.19.00:743][769]LogAudioMixer: Display: Audio Mixer Platform Settings:
[2025.03.25-07.19.00:743][769]LogAudioMixer: Display: 	Sample Rate:						  48000
[2025.03.25-07.19.00:743][769]LogAudioMixer: Display: 	Callback Buffer Frame Size Requested: 1024
[2025.03.25-07.19.00:743][769]LogAudioMixer: Display: 	Callback Buffer Frame Size To Use:	  1024
[2025.03.25-07.19.00:743][769]LogAudioMixer: Display: 	Number of buffers to queue:			  2
[2025.03.25-07.19.00:743][769]LogAudioMixer: Display: 	Max Channels (voices):				  32
[2025.03.25-07.19.00:743][769]LogAudioMixer: Display: 	Number of Async Source Workers:		  0
[2025.03.25-07.19.00:743][769]LogAudio: Display: AudioDevice MaxSources: 32
[2025.03.25-07.19.00:743][769]LogAudio: Display: Audio Spatialization Plugin: None (built-in).
[2025.03.25-07.19.00:743][769]LogAudio: Display: Audio Reverb Plugin: None (built-in).
[2025.03.25-07.19.00:743][769]LogAudio: Display: Audio Occlusion Plugin: None (built-in).
[2025.03.25-07.19.00:743][769]LogAudioMixer: Display: Initializing audio mixer.
[2025.03.25-07.19.00:747][769]LogAudioMixer: Display: 0: FrontLeft
[2025.03.25-07.19.00:747][769]LogAudioMixer: Display: 1: FrontRight
[2025.03.25-07.19.00:786][769]LogAudioMixer: Display: Using Audio Device 扬声器 (适用于 I2S 音频的英特尔® 智音技术)
[2025.03.25-07.19.00:786][769]LogAudioMixer: Display: Initializing Sound Submixes...
[2025.03.25-07.19.00:786][769]LogAudioMixer: Display: Creating Master Submix 'MasterSubmixDefault'
[2025.03.25-07.19.00:786][769]LogAudioMixer: Display: Creating Master Submix 'MasterReverbSubmixDefault'
[2025.03.25-07.19.00:787][769]LogAudioMixer: Display: Creating Master Submix 'MasterEQSubmixDefault'
[2025.03.25-07.19.00:787][769]LogAudioMixer: FMixerPlatformXAudio2::StartAudioStream() called
[2025.03.25-07.19.00:787][769]LogAudioMixer: Display: Output buffers initialized: Frames=1024, Channels=2, Samples=2048
[2025.03.25-07.19.00:787][769]LogAudioMixer: Display: Starting AudioMixerPlatformInterface::RunInternal()
[2025.03.25-07.19.00:787][769]LogAudioMixer: Display: FMixerPlatformXAudio2::SubmitBuffer() called for the first time
[2025.03.25-07.19.00:787][769]LogInit: FAudioDevice initialized.
[2025.03.25-07.19.00:787][769]LogAudio: Display: Audio Device (ID: 47) registered with world 'ThirdPersonExampleMap'.
[2025.03.25-07.19.00:802][769]LogLoad: Game class is 'ThirdPersonGameMode_C'
[2025.03.25-07.19.00:808][769]LogWorld: Bringing World /Game/ThirdPersonBP/Maps/UEDPIE_0_ThirdPersonExampleMap.ThirdPersonExampleMap up for play (max tick rate 60) at 2025.03.25-15.19.00
[2025.03.25-07.19.00:808][769]LogWorld: Bringing up level for play took: 0.004581
[2025.03.25-07.19.00:808][769]LogOnline: OSS: Creating online subsystem instance for: :Context_68
[2025.03.25-07.19.00:812][769]PIE: Server logged in
[2025.03.25-07.19.00:813][769]PIE: Play in editor total start time 0.144 seconds.
[2025.03.25-07.19.34:382][553]LogSlate: Updating window title bar state: overlay mode, drag disabled, window buttons hidden, title bar hidden
[2025.03.25-07.19.34:382][553]LogWorld: BeginTearingDown for /Game/ThirdPersonBP/Maps/UEDPIE_0_ThirdPersonExampleMap
[2025.03.25-07.19.34:383][553]LogWorld: UWorld::CleanupWorld for ThirdPersonExampleMap, bSessionEnded=true, bCleanupResources=true
[2025.03.25-07.19.34:384][553]LogSlate: InvalidateAllWidgets triggered.  All widgets were invalidated
[2025.03.25-07.19.34:406][553]LogPlayLevel: Display: Shutting down PIE online subsystems
[2025.03.25-07.19.34:437][553]LogSlate: InvalidateAllWidgets triggered.  All widgets were invalidated
[2025.03.25-07.19.34:463][553]LogAudio: Display: Audio Device unregistered from world 'None'.
[2025.03.25-07.19.34:463][553]LogAudioMixer: FMixerPlatformXAudio2::StopAudioStream() called
[2025.03.25-07.19.34:464][553]LogAudioMixer: FMixerPlatformXAudio2::StopAudioStream() called
[2025.03.25-07.19.34:467][553]LogSlate: Updating window title bar state: overlay mode, drag disabled, window buttons hidden, title bar hidden
[2025.03.25-07.19.34:474][553]LogUObjectHash: Compacting FUObjectHashTables data took   3.05ms
[2025.03.25-07.19.34:532][554]LogPlayLevel: Display: Destroying online subsystem :Context_68
[2025.03.25-07.19.42:553][752]BlueprintLog: New page: Compile ThirdPersonExampleMap
[2025.03.25-07.19.42:637][752]LogUObjectHash: Compacting FUObjectHashTables data took   5.04ms
[2025.03.25-07.19.43:493][777]LogTemp: Repeating last play command: Selected Viewport
[2025.03.25-07.19.43:503][777]LogPlayLevel: PlayLevel: No blueprints needed recompiling
[2025.03.25-07.19.43:504][777]PIE: New page: PIE session: ThirdPersonExampleMap (2025年3月25日 下午11:19:43)
[2025.03.25-07.19.43:504][777]LogPlayLevel: Creating play world package: /Game/ThirdPersonBP/Maps/UEDPIE_0_ThirdPersonExampleMap
[2025.03.25-07.19.43:538][777]LogPlayLevel: PIE: StaticDuplicateObject took: (0.033981s)
[2025.03.25-07.19.43:540][777]LogAIModule: Creating AISystem for world ThirdPersonExampleMap
[2025.03.25-07.19.43:541][777]LogPlayLevel: PIE: World Init took: (0.002668s)
[2025.03.25-07.19.43:541][777]LogPlayLevel: PIE: Created PIE world by copying editor world from /Game/ThirdPersonBP/Maps/ThirdPersonExampleMap.ThirdPersonExampleMap to /Game/ThirdPersonBP/Maps/UEDPIE_0_ThirdPersonExampleMap.ThirdPersonExampleMap (0.037018s)
[2025.03.25-07.19.43:573][777]LogUObjectHash: Compacting FUObjectHashTables data took   2.25ms
[2025.03.25-07.19.43:574][777]LogAudio: Display: Creating Audio Device:                 Id: 48, Scope: Unique, Realtime: True
[2025.03.25-07.19.43:574][777]LogAudioMixer: Display: Audio Mixer Platform Settings:
[2025.03.25-07.19.43:574][777]LogAudioMixer: Display: 	Sample Rate:						  48000
[2025.03.25-07.19.43:574][777]LogAudioMixer: Display: 	Callback Buffer Frame Size Requested: 1024
[2025.03.25-07.19.43:574][777]LogAudioMixer: Display: 	Callback Buffer Frame Size To Use:	  1024
[2025.03.25-07.19.43:574][777]LogAudioMixer: Display: 	Number of buffers to queue:			  2
[2025.03.25-07.19.43:574][777]LogAudioMixer: Display: 	Max Channels (voices):				  32
[2025.03.25-07.19.43:574][777]LogAudioMixer: Display: 	Number of Async Source Workers:		  0
[2025.03.25-07.19.43:574][777]LogAudio: Display: AudioDevice MaxSources: 32
[2025.03.25-07.19.43:575][777]LogAudio: Display: Audio Spatialization Plugin: None (built-in).
[2025.03.25-07.19.43:575][777]LogAudio: Display: Audio Reverb Plugin: None (built-in).
[2025.03.25-07.19.43:575][777]LogAudio: Display: Audio Occlusion Plugin: None (built-in).
[2025.03.25-07.19.43:575][777]LogAudioMixer: Display: Initializing audio mixer.
[2025.03.25-07.19.43:577][777]LogAudioMixer: Display: 0: FrontLeft
[2025.03.25-07.19.43:577][777]LogAudioMixer: Display: 1: FrontRight
[2025.03.25-07.19.43:615][777]LogAudioMixer: Display: Using Audio Device 扬声器 (适用于 I2S 音频的英特尔® 智音技术)
[2025.03.25-07.19.43:615][777]LogAudioMixer: Display: Initializing Sound Submixes...
[2025.03.25-07.19.43:615][777]LogAudioMixer: Display: Creating Master Submix 'MasterSubmixDefault'
[2025.03.25-07.19.43:615][777]LogAudioMixer: Display: Creating Master Submix 'MasterReverbSubmixDefault'
[2025.03.25-07.19.43:615][777]LogAudioMixer: Display: Creating Master Submix 'MasterEQSubmixDefault'
[2025.03.25-07.19.43:615][777]LogAudioMixer: FMixerPlatformXAudio2::StartAudioStream() called
[2025.03.25-07.19.43:615][777]LogAudioMixer: Display: Output buffers initialized: Frames=1024, Channels=2, Samples=2048
[2025.03.25-07.19.43:616][777]LogAudioMixer: Display: Starting AudioMixerPlatformInterface::RunInternal()
[2025.03.25-07.19.43:616][777]LogAudioMixer: Display: FMixerPlatformXAudio2::SubmitBuffer() called for the first time
[2025.03.25-07.19.43:616][777]LogInit: FAudioDevice initialized.
[2025.03.25-07.19.43:616][777]LogAudio: Display: Audio Device (ID: 48) registered with world 'ThirdPersonExampleMap'.
[2025.03.25-07.19.43:637][777]LogLoad: Game class is 'ThirdPersonGameMode_C'
[2025.03.25-07.19.43:641][777]LogWorld: Bringing World /Game/ThirdPersonBP/Maps/UEDPIE_0_ThirdPersonExampleMap.ThirdPersonExampleMap up for play (max tick rate 60) at 2025.03.25-15.19.43
[2025.03.25-07.19.43:642][777]LogWorld: Bringing up level for play took: 0.004061
[2025.03.25-07.19.43:642][777]LogOnline: OSS: Creating online subsystem instance for: :Context_69
[2025.03.25-07.19.43:644][777]PIE: Server logged in
[2025.03.25-07.19.43:646][777]PIE: Play in editor total start time 0.144 seconds.
[2025.03.25-07.19.54:431][334]LogSlate: Updating window title bar state: overlay mode, drag disabled, window buttons hidden, title bar hidden
[2025.03.25-07.19.54:431][334]LogWorld: BeginTearingDown for /Game/ThirdPersonBP/Maps/UEDPIE_0_ThirdPersonExampleMap
[2025.03.25-07.19.54:431][334]LogWorld: UWorld::CleanupWorld for ThirdPersonExampleMap, bSessionEnded=true, bCleanupResources=true
[2025.03.25-07.19.54:432][334]LogSlate: InvalidateAllWidgets triggered.  All widgets were invalidated
[2025.03.25-07.19.54:454][334]LogPlayLevel: Display: Shutting down PIE online subsystems
[2025.03.25-07.19.54:489][334]LogSlate: InvalidateAllWidgets triggered.  All widgets were invalidated
[2025.03.25-07.19.54:515][334]LogAudio: Display: Audio Device unregistered from world 'None'.
[2025.03.25-07.19.54:515][334]LogAudioMixer: FMixerPlatformXAudio2::StopAudioStream() called
[2025.03.25-07.19.54:516][334]LogAudioMixer: FMixerPlatformXAudio2::StopAudioStream() called
[2025.03.25-07.19.54:520][334]LogSlate: Updating window title bar state: overlay mode, drag disabled, window buttons hidden, title bar hidden
[2025.03.25-07.19.54:526][334]LogUObjectHash: Compacting FUObjectHashTables data took   3.59ms
[2025.03.25-07.19.54:593][335]LogPlayLevel: Display: Destroying online subsystem :Context_69
[2025.03.25-07.19.58:741][435]BlueprintLog: New page: Compile ThirdPersonExampleMap
[2025.03.25-07.19.58:821][435]LogUObjectHash: Compacting FUObjectHashTables data took   4.31ms
[2025.03.25-07.20.00:947][491]LogTemp: Repeating last play command: Selected Viewport
[2025.03.25-07.20.00:957][491]LogPlayLevel: PlayLevel: No blueprints needed recompiling
[2025.03.25-07.20.00:957][491]PIE: New page: PIE session: ThirdPersonExampleMap (2025年3月25日 下午11:20:00)
[2025.03.25-07.20.00:958][491]LogPlayLevel: Creating play world package: /Game/ThirdPersonBP/Maps/UEDPIE_0_ThirdPersonExampleMap
[2025.03.25-07.20.00:988][491]LogPlayLevel: PIE: StaticDuplicateObject took: (0.030344s)
[2025.03.25-07.20.00:990][491]LogAIModule: Creating AISystem for world ThirdPersonExampleMap
[2025.03.25-07.20.00:990][491]LogPlayLevel: PIE: World Init took: (0.002026s)
[2025.03.25-07.20.00:991][491]LogPlayLevel: PIE: Created PIE world by copying editor world from /Game/ThirdPersonBP/Maps/ThirdPersonExampleMap.ThirdPersonExampleMap to /Game/ThirdPersonBP/Maps/UEDPIE_0_ThirdPersonExampleMap.ThirdPersonExampleMap (0.032679s)
[2025.03.25-07.20.01:030][491]LogUObjectHash: Compacting FUObjectHashTables data took   2.30ms
[2025.03.25-07.20.01:030][491]LogAudio: Display: Creating Audio Device:                 Id: 49, Scope: Unique, Realtime: True
[2025.03.25-07.20.01:030][491]LogAudioMixer: Display: Audio Mixer Platform Settings:
[2025.03.25-07.20.01:030][491]LogAudioMixer: Display: 	Sample Rate:						  48000
[2025.03.25-07.20.01:030][491]LogAudioMixer: Display: 	Callback Buffer Frame Size Requested: 1024
[2025.03.25-07.20.01:030][491]LogAudioMixer: Display: 	Callback Buffer Frame Size To Use:	  1024
[2025.03.25-07.20.01:031][491]LogAudioMixer: Display: 	Number of buffers to queue:			  2
[2025.03.25-07.20.01:031][491]LogAudioMixer: Display: 	Max Channels (voices):				  32
[2025.03.25-07.20.01:031][491]LogAudioMixer: Display: 	Number of Async Source Workers:		  0
[2025.03.25-07.20.01:031][491]LogAudio: Display: AudioDevice MaxSources: 32
[2025.03.25-07.20.01:031][491]LogAudio: Display: Audio Spatialization Plugin: None (built-in).
[2025.03.25-07.20.01:031][491]LogAudio: Display: Audio Reverb Plugin: None (built-in).
[2025.03.25-07.20.01:032][491]LogAudio: Display: Audio Occlusion Plugin: None (built-in).
[2025.03.25-07.20.01:032][491]LogAudioMixer: Display: Initializing audio mixer.
[2025.03.25-07.20.01:034][491]LogAudioMixer: Display: 0: FrontLeft
[2025.03.25-07.20.01:035][491]LogAudioMixer: Display: 1: FrontRight
[2025.03.25-07.20.01:082][491]LogAudioMixer: Display: Using Audio Device 扬声器 (适用于 I2S 音频的英特尔® 智音技术)
[2025.03.25-07.20.01:082][491]LogAudioMixer: Display: Initializing Sound Submixes...
[2025.03.25-07.20.01:082][491]LogAudioMixer: Display: Creating Master Submix 'MasterSubmixDefault'
[2025.03.25-07.20.01:082][491]LogAudioMixer: Display: Creating Master Submix 'MasterReverbSubmixDefault'
[2025.03.25-07.20.01:082][491]LogAudioMixer: Display: Creating Master Submix 'MasterEQSubmixDefault'
[2025.03.25-07.20.01:083][491]LogAudioMixer: FMixerPlatformXAudio2::StartAudioStream() called
[2025.03.25-07.20.01:083][491]LogAudioMixer: Display: Output buffers initialized: Frames=1024, Channels=2, Samples=2048
[2025.03.25-07.20.01:083][491]LogAudioMixer: Display: Starting AudioMixerPlatformInterface::RunInternal()
[2025.03.25-07.20.01:083][491]LogAudioMixer: Display: FMixerPlatformXAudio2::SubmitBuffer() called for the first time
[2025.03.25-07.20.01:083][491]LogInit: FAudioDevice initialized.
[2025.03.25-07.20.01:083][491]LogAudio: Display: Audio Device (ID: 49) registered with world 'ThirdPersonExampleMap'.
[2025.03.25-07.20.01:094][491]LogLoad: Game class is 'ThirdPersonGameMode_C'
[2025.03.25-07.20.01:097][491]LogWorld: Bringing World /Game/ThirdPersonBP/Maps/UEDPIE_0_ThirdPersonExampleMap.ThirdPersonExampleMap up for play (max tick rate 60) at 2025.03.25-15.20.01
[2025.03.25-07.20.01:098][491]LogWorld: Bringing up level for play took: 0.003270
[2025.03.25-07.20.01:098][491]LogOnline: OSS: Creating online subsystem instance for: :Context_70
[2025.03.25-07.20.01:100][491]PIE: Server logged in
[2025.03.25-07.20.01:101][491]PIE: Play in editor total start time 0.146 seconds.
[2025.03.25-07.20.07:701][833]LogSlate: Updating window title bar state: overlay mode, drag disabled, window buttons hidden, title bar hidden
[2025.03.25-07.20.07:701][833]LogWorld: BeginTearingDown for /Game/ThirdPersonBP/Maps/UEDPIE_0_ThirdPersonExampleMap
[2025.03.25-07.20.07:701][833]LogWorld: UWorld::CleanupWorld for ThirdPersonExampleMap, bSessionEnded=true, bCleanupResources=true
[2025.03.25-07.20.07:702][833]LogSlate: InvalidateAllWidgets triggered.  All widgets were invalidated
[2025.03.25-07.20.07:731][833]LogPlayLevel: Display: Shutting down PIE online subsystems
[2025.03.25-07.20.07:766][833]LogSlate: InvalidateAllWidgets triggered.  All widgets were invalidated
[2025.03.25-07.20.07:790][833]LogAudio: Display: Audio Device unregistered from world 'None'.
[2025.03.25-07.20.07:790][833]LogAudioMixer: FMixerPlatformXAudio2::StopAudioStream() called
[2025.03.25-07.20.07:790][833]LogAudioMixer: FMixerPlatformXAudio2::StopAudioStream() called
[2025.03.25-07.20.07:794][833]LogSlate: Updating window title bar state: overlay mode, drag disabled, window buttons hidden, title bar hidden
[2025.03.25-07.20.07:797][833]LogUObjectHash: Compacting FUObjectHashTables data took   1.44ms
[2025.03.25-07.20.07:850][834]LogPlayLevel: Display: Destroying online subsystem :Context_70
[2025.03.25-07.23.02:377][457]LogTemp: Repeating last play command: Selected Viewport
[2025.03.25-07.23.02:389][457]LogPlayLevel: PlayLevel: No blueprints needed recompiling
[2025.03.25-07.23.02:389][457]PIE: New page: PIE session: ThirdPersonExampleMap (2025年3月25日 下午11:23:02)
[2025.03.25-07.23.02:390][457]LogPlayLevel: Creating play world package: /Game/ThirdPersonBP/Maps/UEDPIE_0_ThirdPersonExampleMap
[2025.03.25-07.23.02:427][457]LogPlayLevel: PIE: StaticDuplicateObject took: (0.036825s)
[2025.03.25-07.23.02:429][457]LogAIModule: Creating AISystem for world ThirdPersonExampleMap
[2025.03.25-07.23.02:430][457]LogPlayLevel: PIE: World Init took: (0.003062s)
[2025.03.25-07.23.02:430][457]LogPlayLevel: PIE: Created PIE world by copying editor world from /Game/ThirdPersonBP/Maps/ThirdPersonExampleMap.ThirdPersonExampleMap to /Game/ThirdPersonBP/Maps/UEDPIE_0_ThirdPersonExampleMap.ThirdPersonExampleMap (0.040202s)
[2025.03.25-07.23.02:464][457]LogUObjectHash: Compacting FUObjectHashTables data took   1.81ms
[2025.03.25-07.23.02:466][457]LogAudio: Display: Creating Audio Device:                 Id: 50, Scope: Unique, Realtime: True
[2025.03.25-07.23.02:466][457]LogAudioMixer: Display: Audio Mixer Platform Settings:
[2025.03.25-07.23.02:466][457]LogAudioMixer: Display: 	Sample Rate:						  48000
[2025.03.25-07.23.02:466][457]LogAudioMixer: Display: 	Callback Buffer Frame Size Requested: 1024
[2025.03.25-07.23.02:466][457]LogAudioMixer: Display: 	Callback Buffer Frame Size To Use:	  1024
[2025.03.25-07.23.02:466][457]LogAudioMixer: Display: 	Number of buffers to queue:			  2
[2025.03.25-07.23.02:466][457]LogAudioMixer: Display: 	Max Channels (voices):				  32
[2025.03.25-07.23.02:467][457]LogAudioMixer: Display: 	Number of Async Source Workers:		  0
[2025.03.25-07.23.02:467][457]LogAudio: Display: AudioDevice MaxSources: 32
[2025.03.25-07.23.02:467][457]LogAudio: Display: Audio Spatialization Plugin: None (built-in).
[2025.03.25-07.23.02:467][457]LogAudio: Display: Audio Reverb Plugin: None (built-in).
[2025.03.25-07.23.02:467][457]LogAudio: Display: Audio Occlusion Plugin: None (built-in).
[2025.03.25-07.23.02:467][457]LogAudioMixer: Display: Initializing audio mixer.
[2025.03.25-07.23.02:470][457]LogAudioMixer: Display: 0: FrontLeft
[2025.03.25-07.23.02:470][457]LogAudioMixer: Display: 1: FrontRight
[2025.03.25-07.23.02:508][457]LogAudioMixer: Display: Using Audio Device 扬声器 (适用于 I2S 音频的英特尔® 智音技术)
[2025.03.25-07.23.02:509][457]LogAudioMixer: Display: Initializing Sound Submixes...
[2025.03.25-07.23.02:509][457]LogAudioMixer: Display: Creating Master Submix 'MasterSubmixDefault'
[2025.03.25-07.23.02:509][457]LogAudioMixer: Display: Creating Master Submix 'MasterReverbSubmixDefault'
[2025.03.25-07.23.02:509][457]LogAudioMixer: Display: Creating Master Submix 'MasterEQSubmixDefault'
[2025.03.25-07.23.02:509][457]LogAudioMixer: FMixerPlatformXAudio2::StartAudioStream() called
[2025.03.25-07.23.02:509][457]LogAudioMixer: Display: Output buffers initialized: Frames=1024, Channels=2, Samples=2048
[2025.03.25-07.23.02:511][457]LogAudioMixer: Display: Starting AudioMixerPlatformInterface::RunInternal()
[2025.03.25-07.23.02:511][457]LogAudioMixer: Display: FMixerPlatformXAudio2::SubmitBuffer() called for the first time
[2025.03.25-07.23.02:511][457]LogInit: FAudioDevice initialized.
[2025.03.25-07.23.02:511][457]LogAudio: Display: Audio Device (ID: 50) registered with world 'ThirdPersonExampleMap'.
[2025.03.25-07.23.02:519][457]LogLoad: Game class is 'ThirdPersonGameMode_C'
[2025.03.25-07.23.02:523][457]LogWorld: Bringing World /Game/ThirdPersonBP/Maps/UEDPIE_0_ThirdPersonExampleMap.ThirdPersonExampleMap up for play (max tick rate 60) at 2025.03.25-15.23.02
[2025.03.25-07.23.02:523][457]LogWorld: Bringing up level for play took: 0.003410
[2025.03.25-07.23.02:523][457]LogOnline: OSS: Creating online subsystem instance for: :Context_71
[2025.03.25-07.23.02:525][457]PIE: Server logged in
[2025.03.25-07.23.02:526][457]PIE: Play in editor total start time 0.14 seconds.
[2025.03.25-07.23.04:480][549]LogSlate: Updating window title bar state: overlay mode, drag disabled, window buttons hidden, title bar hidden
[2025.03.25-07.23.04:480][549]LogWorld: BeginTearingDown for /Game/ThirdPersonBP/Maps/UEDPIE_0_ThirdPersonExampleMap
[2025.03.25-07.23.04:480][549]LogWorld: UWorld::CleanupWorld for ThirdPersonExampleMap, bSessionEnded=true, bCleanupResources=true
[2025.03.25-07.23.04:481][549]LogSlate: InvalidateAllWidgets triggered.  All widgets were invalidated
[2025.03.25-07.23.04:496][549]LogPlayLevel: Display: Shutting down PIE online subsystems
[2025.03.25-07.23.04:531][549]LogSlate: InvalidateAllWidgets triggered.  All widgets were invalidated
[2025.03.25-07.23.04:557][549]LogSlate: Updating window title bar state: overlay mode, drag disabled, window buttons hidden, title bar hidden
[2025.03.25-07.23.04:557][549]LogAudioMixer: FMixerPlatformXAudio2::StopAudioStream() called
[2025.03.25-07.23.04:558][549]LogAudioMixer: FMixerPlatformXAudio2::StopAudioStream() called
[2025.03.25-07.23.04:566][549]LogUObjectHash: Compacting FUObjectHashTables data took   1.58ms
[2025.03.25-07.23.04:621][550]LogPlayLevel: Display: Destroying online subsystem :Context_71
[2025.03.25-07.23.15:013][805]LogEditorViewport: Clicking on Actor (LMB): ThirdPersonCharacter_C (ThirdPersonCharacter)
[2025.03.25-07.23.40:048][503]LogSlate: Window 'ThirdPersonExampleMap' being destroyed
[2025.03.25-07.25.37:237][332]LogEditorViewport: Clicking on Actor (LMB): ThirdPersonCharacter_C (ThirdPersonCharacter)
[2025.03.25-07.28.23:223][395]LogUObjectHash: Compacting FUObjectHashTables data took   3.74ms
[2025.03.25-07.28.23:259][395]LogSavePackage: Moving '../../../../../../project/UE/room_escape/Saved/ThirdPersonExampleMap_Auto39268C5944FC54AAC09C501B337546126.tmp' to '../../../../../../project/UE/room_escape/Saved/Autosaves/Game/ThirdPersonBP/Maps/ThirdPersonExampleMap_Auto3.umap'
[2025.03.25-07.28.23:260][395]LogFileHelpers: Editor autosave (incl. external actors) for '/Game/ThirdPersonBP/Maps/ThirdPersonExampleMap' took 0.071
[2025.03.25-07.28.23:260][395]LogFileHelpers: Editor autosave (incl. sublevels & external actors) for all levels took 0.071
[2025.03.25-07.30.24:225][205]BlueprintLog: New page: Compile ThirdPersonExampleMap
[2025.03.25-07.30.24:277][205]LogUObjectHash: Compacting FUObjectHashTables data took   3.36ms
[2025.03.25-07.30.25:493][276]LogTemp: Repeating last play command: Selected Viewport
[2025.03.25-07.30.25:497][276]LogPlayLevel: PlayLevel: No blueprints needed recompiling
[2025.03.25-07.30.25:497][276]PIE: New page: PIE session: ThirdPersonExampleMap (2025年3月25日 下午11:30:25)
[2025.03.25-07.30.25:498][276]LogPlayLevel: Creating play world package: /Game/ThirdPersonBP/Maps/UEDPIE_0_ThirdPersonExampleMap
[2025.03.25-07.30.25:511][276]LogPlayLevel: PIE: StaticDuplicateObject took: (0.013564s)
[2025.03.25-07.30.25:513][276]LogAIModule: Creating AISystem for world ThirdPersonExampleMap
[2025.03.25-07.30.25:513][276]LogPlayLevel: PIE: World Init took: (0.001332s)
[2025.03.25-07.30.25:513][276]LogPlayLevel: PIE: Created PIE world by copying editor world from /Game/ThirdPersonBP/Maps/ThirdPersonExampleMap.ThirdPersonExampleMap to /Game/ThirdPersonBP/Maps/UEDPIE_0_ThirdPersonExampleMap.ThirdPersonExampleMap (0.015072s)
[2025.03.25-07.30.25:540][276]LogUObjectHash: Compacting FUObjectHashTables data took   1.96ms
[2025.03.25-07.30.25:540][276]LogAudio: Display: Creating Audio Device:                 Id: 51, Scope: Unique, Realtime: True
[2025.03.25-07.30.25:540][276]LogAudioMixer: Display: Audio Mixer Platform Settings:
[2025.03.25-07.30.25:540][276]LogAudioMixer: Display: 	Sample Rate:						  48000
[2025.03.25-07.30.25:540][276]LogAudioMixer: Display: 	Callback Buffer Frame Size Requested: 1024
[2025.03.25-07.30.25:540][276]LogAudioMixer: Display: 	Callback Buffer Frame Size To Use:	  1024
[2025.03.25-07.30.25:540][276]LogAudioMixer: Display: 	Number of buffers to queue:			  2
[2025.03.25-07.30.25:540][276]LogAudioMixer: Display: 	Max Channels (voices):				  32
[2025.03.25-07.30.25:540][276]LogAudioMixer: Display: 	Number of Async Source Workers:		  0
[2025.03.25-07.30.25:540][276]LogAudio: Display: AudioDevice MaxSources: 32
[2025.03.25-07.30.25:541][276]LogAudio: Display: Audio Spatialization Plugin: None (built-in).
[2025.03.25-07.30.25:541][276]LogAudio: Display: Audio Reverb Plugin: None (built-in).
[2025.03.25-07.30.25:541][276]LogAudio: Display: Audio Occlusion Plugin: None (built-in).
[2025.03.25-07.30.25:541][276]LogAudioMixer: Display: Initializing audio mixer.
[2025.03.25-07.30.25:543][276]LogAudioMixer: Display: 0: FrontLeft
[2025.03.25-07.30.25:543][276]LogAudioMixer: Display: 1: FrontRight
[2025.03.25-07.30.25:580][276]LogAudioMixer: Display: Using Audio Device 扬声器 (适用于 I2S 音频的英特尔® 智音技术)
[2025.03.25-07.30.25:581][276]LogAudioMixer: Display: Initializing Sound Submixes...
[2025.03.25-07.30.25:581][276]LogAudioMixer: Display: Creating Master Submix 'MasterSubmixDefault'
[2025.03.25-07.30.25:581][276]LogAudioMixer: Display: Creating Master Submix 'MasterReverbSubmixDefault'
[2025.03.25-07.30.25:581][276]LogAudioMixer: Display: Creating Master Submix 'MasterEQSubmixDefault'
[2025.03.25-07.30.25:581][276]LogAudioMixer: FMixerPlatformXAudio2::StartAudioStream() called
[2025.03.25-07.30.25:581][276]LogAudioMixer: Display: Output buffers initialized: Frames=1024, Channels=2, Samples=2048
[2025.03.25-07.30.25:582][276]LogAudioMixer: Display: Starting AudioMixerPlatformInterface::RunInternal()
[2025.03.25-07.30.25:582][276]LogAudioMixer: Display: FMixerPlatformXAudio2::SubmitBuffer() called for the first time
[2025.03.25-07.30.25:582][276]LogInit: FAudioDevice initialized.
[2025.03.25-07.30.25:582][276]LogAudio: Display: Audio Device (ID: 51) registered with world 'ThirdPersonExampleMap'.
[2025.03.25-07.30.25:627][276]LogSlate: Updating window title bar state: overlay mode, drag disabled, window buttons hidden, title bar hidden
[2025.03.25-07.30.25:627][276]LogLoad: Game class is 'ThirdPersonGameMode_C'
[2025.03.25-07.30.25:631][276]LogWorld: Bringing World /Game/ThirdPersonBP/Maps/UEDPIE_0_ThirdPersonExampleMap.ThirdPersonExampleMap up for play (max tick rate 60) at 2025.03.25-15.30.25
[2025.03.25-07.30.25:632][276]LogWorld: Bringing up level for play took: 0.003756
[2025.03.25-07.30.25:632][276]LogOnline: OSS: Creating online subsystem instance for: :Context_72
[2025.03.25-07.30.25:634][276]LogGameMode: FindPlayerStart: PATHS NOT DEFINED or NO PLAYERSTART with positive rating
[2025.03.25-07.30.25:636][276]PIE: Server logged in
[2025.03.25-07.30.25:638][276]PIE: Play in editor total start time 0.141 seconds.
[2025.03.25-07.30.32:038][533]LogScript: Warning: Attempted to access ThirdPersonCharacter_2 via property ThirdPersonCharacter_2_ExecuteUbergraph_ThirdPersonExampleMap_RefProperty, but ThirdPersonCharacter_2 is pending kill
	ThirdPersonExampleMap_C /Game/ThirdPersonBP/Maps/UEDPIE_0_ThirdPersonExampleMap.ThirdPersonExampleMap:PersistentLevel.ThirdPersonExampleMap_C_23
	Function /Game/ThirdPersonBP/Maps/ThirdPersonExampleMap.ThirdPersonExampleMap_C:ExecuteUbergraph_ThirdPersonExampleMap:0892
[2025.03.25-07.30.32:040][533]PIE: Error: Blueprint Runtime Error: "Attempted to access ThirdPersonCharacter_2 via property ThirdPersonCharacter_2_ExecuteUbergraph_ThirdPersonExampleMap_RefProperty, but ThirdPersonCharacter_2 is pending kill". Blueprint:  ThirdPersonExampleMap Function:  Execute Ubergraph Third Person Example Map Graph:  EventGragh2 Node:  AddActorLocalOffset
[2025.03.25-07.30.32:056][534]LogScript: Warning: Attempted to access ThirdPersonCharacter_2 via property ThirdPersonCharacter_2_ExecuteUbergraph_ThirdPersonExampleMap_RefProperty, but ThirdPersonCharacter_2 is pending kill
	ThirdPersonExampleMap_C /Game/ThirdPersonBP/Maps/UEDPIE_0_ThirdPersonExampleMap.ThirdPersonExampleMap:PersistentLevel.ThirdPersonExampleMap_C_23
	Function /Game/ThirdPersonBP/Maps/ThirdPersonExampleMap.ThirdPersonExampleMap_C:ExecuteUbergraph_ThirdPersonExampleMap:0892
[2025.03.25-07.30.32:056][534]PIE: Error: Blueprint Runtime Error: "Attempted to access ThirdPersonCharacter_2 via property ThirdPersonCharacter_2_ExecuteUbergraph_ThirdPersonExampleMap_RefProperty, but ThirdPersonCharacter_2 is pending kill". Blueprint:  ThirdPersonExampleMap Function:  Execute Ubergraph Third Person Example Map Graph:  EventGragh2 Node:  AddActorLocalOffset
[2025.03.25-07.30.32:073][535]LogScript: Warning: Attempted to access ThirdPersonCharacter_2 via property ThirdPersonCharacter_2_ExecuteUbergraph_ThirdPersonExampleMap_RefProperty, but ThirdPersonCharacter_2 is pending kill
	ThirdPersonExampleMap_C /Game/ThirdPersonBP/Maps/UEDPIE_0_ThirdPersonExampleMap.ThirdPersonExampleMap:PersistentLevel.ThirdPersonExampleMap_C_23
	Function /Game/ThirdPersonBP/Maps/ThirdPersonExampleMap.ThirdPersonExampleMap_C:ExecuteUbergraph_ThirdPersonExampleMap:0892
[2025.03.25-07.30.32:073][535]PIE: Error: Blueprint Runtime Error: "Attempted to access ThirdPersonCharacter_2 via property ThirdPersonCharacter_2_ExecuteUbergraph_ThirdPersonExampleMap_RefProperty, but ThirdPersonCharacter_2 is pending kill". Blueprint:  ThirdPersonExampleMap Function:  Execute Ubergraph Third Person Example Map Graph:  EventGragh2 Node:  AddActorLocalOffset
[2025.03.25-07.30.32:091][536]LogScript: Warning: Attempted to access ThirdPersonCharacter_2 via property ThirdPersonCharacter_2_ExecuteUbergraph_ThirdPersonExampleMap_RefProperty, but ThirdPersonCharacter_2 is pending kill
	ThirdPersonExampleMap_C /Game/ThirdPersonBP/Maps/UEDPIE_0_ThirdPersonExampleMap.ThirdPersonExampleMap:PersistentLevel.ThirdPersonExampleMap_C_23
	Function /Game/ThirdPersonBP/Maps/ThirdPersonExampleMap.ThirdPersonExampleMap_C:ExecuteUbergraph_ThirdPersonExampleMap:0892
[2025.03.25-07.30.32:091][536]PIE: Error: Blueprint Runtime Error: "Attempted to access ThirdPersonCharacter_2 via property ThirdPersonCharacter_2_ExecuteUbergraph_ThirdPersonExampleMap_RefProperty, but ThirdPersonCharacter_2 is pending kill". Blueprint:  ThirdPersonExampleMap Function:  Execute Ubergraph Third Person Example Map Graph:  EventGragh2 Node:  AddActorLocalOffset
[2025.03.25-07.30.32:108][537]LogScript: Warning: Attempted to access ThirdPersonCharacter_2 via property ThirdPersonCharacter_2_ExecuteUbergraph_ThirdPersonExampleMap_RefProperty, but ThirdPersonCharacter_2 is pending kill
	ThirdPersonExampleMap_C /Game/ThirdPersonBP/Maps/UEDPIE_0_ThirdPersonExampleMap.ThirdPersonExampleMap:PersistentLevel.ThirdPersonExampleMap_C_23
	Function /Game/ThirdPersonBP/Maps/ThirdPersonExampleMap.ThirdPersonExampleMap_C:ExecuteUbergraph_ThirdPersonExampleMap:0892
[2025.03.25-07.30.32:109][537]PIE: Error: Blueprint Runtime Error: "Attempted to access ThirdPersonCharacter_2 via property ThirdPersonCharacter_2_ExecuteUbergraph_ThirdPersonExampleMap_RefProperty, but ThirdPersonCharacter_2 is pending kill". Blueprint:  ThirdPersonExampleMap Function:  Execute Ubergraph Third Person Example Map Graph:  EventGragh2 Node:  AddActorLocalOffset
[2025.03.25-07.30.32:125][538]LogScript: Warning: Attempted to access ThirdPersonCharacter_2 via property ThirdPersonCharacter_2_ExecuteUbergraph_ThirdPersonExampleMap_RefProperty, but ThirdPersonCharacter_2 is pending kill
	ThirdPersonExampleMap_C /Game/ThirdPersonBP/Maps/UEDPIE_0_ThirdPersonExampleMap.ThirdPersonExampleMap:PersistentLevel.ThirdPersonExampleMap_C_23
	Function /Game/ThirdPersonBP/Maps/ThirdPersonExampleMap.ThirdPersonExampleMap_C:ExecuteUbergraph_ThirdPersonExampleMap:0892
[2025.03.25-07.30.32:125][538]PIE: Error: Blueprint Runtime Error: "Attempted to access ThirdPersonCharacter_2 via property ThirdPersonCharacter_2_ExecuteUbergraph_ThirdPersonExampleMap_RefProperty, but ThirdPersonCharacter_2 is pending kill". Blueprint:  ThirdPersonExampleMap Function:  Execute Ubergraph Third Person Example Map Graph:  EventGragh2 Node:  AddActorLocalOffset
[2025.03.25-07.30.32:142][539]LogScript: Warning: Attempted to access ThirdPersonCharacter_2 via property ThirdPersonCharacter_2_ExecuteUbergraph_ThirdPersonExampleMap_RefProperty, but ThirdPersonCharacter_2 is pending kill
	ThirdPersonExampleMap_C /Game/ThirdPersonBP/Maps/UEDPIE_0_ThirdPersonExampleMap.ThirdPersonExampleMap:PersistentLevel.ThirdPersonExampleMap_C_23
	Function /Game/ThirdPersonBP/Maps/ThirdPersonExampleMap.ThirdPersonExampleMap_C:ExecuteUbergraph_ThirdPersonExampleMap:0892
[2025.03.25-07.30.32:142][539]PIE: Error: Blueprint Runtime Error: "Attempted to access ThirdPersonCharacter_2 via property ThirdPersonCharacter_2_ExecuteUbergraph_ThirdPersonExampleMap_RefProperty, but ThirdPersonCharacter_2 is pending kill". Blueprint:  ThirdPersonExampleMap Function:  Execute Ubergraph Third Person Example Map Graph:  EventGragh2 Node:  AddActorLocalOffset
[2025.03.25-07.30.32:159][540]LogScript: Warning: Attempted to access ThirdPersonCharacter_2 via property ThirdPersonCharacter_2_ExecuteUbergraph_ThirdPersonExampleMap_RefProperty, but ThirdPersonCharacter_2 is pending kill
	ThirdPersonExampleMap_C /Game/ThirdPersonBP/Maps/UEDPIE_0_ThirdPersonExampleMap.ThirdPersonExampleMap:PersistentLevel.ThirdPersonExampleMap_C_23
	Function /Game/ThirdPersonBP/Maps/ThirdPersonExampleMap.ThirdPersonExampleMap_C:ExecuteUbergraph_ThirdPersonExampleMap:0892
[2025.03.25-07.30.32:160][540]PIE: Error: Blueprint Runtime Error: "Attempted to access ThirdPersonCharacter_2 via property ThirdPersonCharacter_2_ExecuteUbergraph_ThirdPersonExampleMap_RefProperty, but ThirdPersonCharacter_2 is pending kill". Blueprint:  ThirdPersonExampleMap Function:  Execute Ubergraph Third Person Example Map Graph:  EventGragh2 Node:  AddActorLocalOffset
[2025.03.25-07.30.32:177][541]LogScript: Warning: Attempted to access ThirdPersonCharacter_2 via property ThirdPersonCharacter_2_ExecuteUbergraph_ThirdPersonExampleMap_RefProperty, but ThirdPersonCharacter_2 is pending kill
	ThirdPersonExampleMap_C /Game/ThirdPersonBP/Maps/UEDPIE_0_ThirdPersonExampleMap.ThirdPersonExampleMap:PersistentLevel.ThirdPersonExampleMap_C_23
	Function /Game/ThirdPersonBP/Maps/ThirdPersonExampleMap.ThirdPersonExampleMap_C:ExecuteUbergraph_ThirdPersonExampleMap:0892
[2025.03.25-07.30.32:177][541]PIE: Error: Blueprint Runtime Error: "Attempted to access ThirdPersonCharacter_2 via property ThirdPersonCharacter_2_ExecuteUbergraph_ThirdPersonExampleMap_RefProperty, but ThirdPersonCharacter_2 is pending kill". Blueprint:  ThirdPersonExampleMap Function:  Execute Ubergraph Third Person Example Map Graph:  EventGragh2 Node:  AddActorLocalOffset
[2025.03.25-07.30.32:193][542]LogScript: Warning: Attempted to access ThirdPersonCharacter_2 via property ThirdPersonCharacter_2_ExecuteUbergraph_ThirdPersonExampleMap_RefProperty, but ThirdPersonCharacter_2 is pending kill
	ThirdPersonExampleMap_C /Game/ThirdPersonBP/Maps/UEDPIE_0_ThirdPersonExampleMap.ThirdPersonExampleMap:PersistentLevel.ThirdPersonExampleMap_C_23
	Function /Game/ThirdPersonBP/Maps/ThirdPersonExampleMap.ThirdPersonExampleMap_C:ExecuteUbergraph_ThirdPersonExampleMap:0892
[2025.03.25-07.30.32:193][542]PIE: Error: Blueprint Runtime Error: "Attempted to access ThirdPersonCharacter_2 via property ThirdPersonCharacter_2_ExecuteUbergraph_ThirdPersonExampleMap_RefProperty, but ThirdPersonCharacter_2 is pending kill". Blueprint:  ThirdPersonExampleMap Function:  Execute Ubergraph Third Person Example Map Graph:  EventGragh2 Node:  AddActorLocalOffset
[2025.03.25-07.30.32:213][543]LogScript: Warning: Attempted to access ThirdPersonCharacter_2 via property ThirdPersonCharacter_2_ExecuteUbergraph_ThirdPersonExampleMap_RefProperty, but ThirdPersonCharacter_2 is pending kill
	ThirdPersonExampleMap_C /Game/ThirdPersonBP/Maps/UEDPIE_0_ThirdPersonExampleMap.ThirdPersonExampleMap:PersistentLevel.ThirdPersonExampleMap_C_23
	Function /Game/ThirdPersonBP/Maps/ThirdPersonExampleMap.ThirdPersonExampleMap_C:ExecuteUbergraph_ThirdPersonExampleMap:0892
[2025.03.25-07.30.32:213][543]PIE: Error: Blueprint Runtime Error: "Attempted to access ThirdPersonCharacter_2 via property ThirdPersonCharacter_2_ExecuteUbergraph_ThirdPersonExampleMap_RefProperty, but ThirdPersonCharacter_2 is pending kill". Blueprint:  ThirdPersonExampleMap Function:  Execute Ubergraph Third Person Example Map Graph:  EventGragh2 Node:  AddActorLocalOffset
[2025.03.25-07.30.32:229][544]LogScript: Warning: Attempted to access ThirdPersonCharacter_2 via property ThirdPersonCharacter_2_ExecuteUbergraph_ThirdPersonExampleMap_RefProperty, but ThirdPersonCharacter_2 is pending kill
	ThirdPersonExampleMap_C /Game/ThirdPersonBP/Maps/UEDPIE_0_ThirdPersonExampleMap.ThirdPersonExampleMap:PersistentLevel.ThirdPersonExampleMap_C_23
	Function /Game/ThirdPersonBP/Maps/ThirdPersonExampleMap.ThirdPersonExampleMap_C:ExecuteUbergraph_ThirdPersonExampleMap:0892
[2025.03.25-07.30.32:230][544]PIE: Error: Blueprint Runtime Error: "Attempted to access ThirdPersonCharacter_2 via property ThirdPersonCharacter_2_ExecuteUbergraph_ThirdPersonExampleMap_RefProperty, but ThirdPersonCharacter_2 is pending kill". Blueprint:  ThirdPersonExampleMap Function:  Execute Ubergraph Third Person Example Map Graph:  EventGragh2 Node:  AddActorLocalOffset
[2025.03.25-07.30.32:246][545]LogScript: Warning: Attempted to access ThirdPersonCharacter_2 via property ThirdPersonCharacter_2_ExecuteUbergraph_ThirdPersonExampleMap_RefProperty, but ThirdPersonCharacter_2 is pending kill
	ThirdPersonExampleMap_C /Game/ThirdPersonBP/Maps/UEDPIE_0_ThirdPersonExampleMap.ThirdPersonExampleMap:PersistentLevel.ThirdPersonExampleMap_C_23
	Function /Game/ThirdPersonBP/Maps/ThirdPersonExampleMap.ThirdPersonExampleMap_C:ExecuteUbergraph_ThirdPersonExampleMap:0892
[2025.03.25-07.30.32:247][545]PIE: Error: Blueprint Runtime Error: "Attempted to access ThirdPersonCharacter_2 via property ThirdPersonCharacter_2_ExecuteUbergraph_ThirdPersonExampleMap_RefProperty, but ThirdPersonCharacter_2 is pending kill". Blueprint:  ThirdPersonExampleMap Function:  Execute Ubergraph Third Person Example Map Graph:  EventGragh2 Node:  AddActorLocalOffset
[2025.03.25-07.30.32:263][546]LogScript: Warning: Attempted to access ThirdPersonCharacter_2 via property ThirdPersonCharacter_2_ExecuteUbergraph_ThirdPersonExampleMap_RefProperty, but ThirdPersonCharacter_2 is pending kill
	ThirdPersonExampleMap_C /Game/ThirdPersonBP/Maps/UEDPIE_0_ThirdPersonExampleMap.ThirdPersonExampleMap:PersistentLevel.ThirdPersonExampleMap_C_23
	Function /Game/ThirdPersonBP/Maps/ThirdPersonExampleMap.ThirdPersonExampleMap_C:ExecuteUbergraph_ThirdPersonExampleMap:0892
[2025.03.25-07.30.32:263][546]PIE: Error: Blueprint Runtime Error: "Attempted to access ThirdPersonCharacter_2 via property ThirdPersonCharacter_2_ExecuteUbergraph_ThirdPersonExampleMap_RefProperty, but ThirdPersonCharacter_2 is pending kill". Blueprint:  ThirdPersonExampleMap Function:  Execute Ubergraph Third Person Example Map Graph:  EventGragh2 Node:  AddActorLocalOffset
[2025.03.25-07.30.32:279][547]LogScript: Warning: Attempted to access ThirdPersonCharacter_2 via property ThirdPersonCharacter_2_ExecuteUbergraph_ThirdPersonExampleMap_RefProperty, but ThirdPersonCharacter_2 is pending kill
	ThirdPersonExampleMap_C /Game/ThirdPersonBP/Maps/UEDPIE_0_ThirdPersonExampleMap.ThirdPersonExampleMap:PersistentLevel.ThirdPersonExampleMap_C_23
	Function /Game/ThirdPersonBP/Maps/ThirdPersonExampleMap.ThirdPersonExampleMap_C:ExecuteUbergraph_ThirdPersonExampleMap:0892
[2025.03.25-07.30.32:279][547]PIE: Error: Blueprint Runtime Error: "Attempted to access ThirdPersonCharacter_2 via property ThirdPersonCharacter_2_ExecuteUbergraph_ThirdPersonExampleMap_RefProperty, but ThirdPersonCharacter_2 is pending kill". Blueprint:  ThirdPersonExampleMap Function:  Execute Ubergraph Third Person Example Map Graph:  EventGragh2 Node:  AddActorLocalOffset
[2025.03.25-07.30.32:298][548]LogScript: Warning: Attempted to access ThirdPersonCharacter_2 via property ThirdPersonCharacter_2_ExecuteUbergraph_ThirdPersonExampleMap_RefProperty, but ThirdPersonCharacter_2 is pending kill
	ThirdPersonExampleMap_C /Game/ThirdPersonBP/Maps/UEDPIE_0_ThirdPersonExampleMap.ThirdPersonExampleMap:PersistentLevel.ThirdPersonExampleMap_C_23
	Function /Game/ThirdPersonBP/Maps/ThirdPersonExampleMap.ThirdPersonExampleMap_C:ExecuteUbergraph_ThirdPersonExampleMap:0892
[2025.03.25-07.30.32:298][548]PIE: Error: Blueprint Runtime Error: "Attempted to access ThirdPersonCharacter_2 via property ThirdPersonCharacter_2_ExecuteUbergraph_ThirdPersonExampleMap_RefProperty, but ThirdPersonCharacter_2 is pending kill". Blueprint:  ThirdPersonExampleMap Function:  Execute Ubergraph Third Person Example Map Graph:  EventGragh2 Node:  AddActorLocalOffset
[2025.03.25-07.30.32:314][549]PIE: Error: Blueprint Runtime Error: "Attempted to access ThirdPersonCharacter_2 via property ThirdPersonCharacter_2_ExecuteUbergraph_ThirdPersonExampleMap_RefProperty, but ThirdPersonCharacter_2 is pending kill". Blueprint:  ThirdPersonExampleMap Function:  Execute Ubergraph Third Person Example Map Graph:  EventGragh2 Node:  AddActorLocalOffset
[2025.03.25-07.30.32:332][550]PIE: Error: Blueprint Runtime Error: "Attempted to access ThirdPersonCharacter_2 via property ThirdPersonCharacter_2_ExecuteUbergraph_ThirdPersonExampleMap_RefProperty, but ThirdPersonCharacter_2 is pending kill". Blueprint:  ThirdPersonExampleMap Function:  Execute Ubergraph Third Person Example Map Graph:  EventGragh2 Node:  AddActorLocalOffset
[2025.03.25-07.30.32:349][551]PIE: Error: Blueprint Runtime Error: "Attempted to access ThirdPersonCharacter_2 via property ThirdPersonCharacter_2_ExecuteUbergraph_ThirdPersonExampleMap_RefProperty, but ThirdPersonCharacter_2 is pending kill". Blueprint:  ThirdPersonExampleMap Function:  Execute Ubergraph Third Person Example Map Graph:  EventGragh2 Node:  AddActorLocalOffset
[2025.03.25-07.30.32:366][552]PIE: Error: Blueprint Runtime Error: "Attempted to access ThirdPersonCharacter_2 via property ThirdPersonCharacter_2_ExecuteUbergraph_ThirdPersonExampleMap_RefProperty, but ThirdPersonCharacter_2 is pending kill". Blueprint:  ThirdPersonExampleMap Function:  Execute Ubergraph Third Person Example Map Graph:  EventGragh2 Node:  AddActorLocalOffset
[2025.03.25-07.30.32:382][553]PIE: Error: Blueprint Runtime Error: "Attempted to access ThirdPersonCharacter_2 via property ThirdPersonCharacter_2_ExecuteUbergraph_ThirdPersonExampleMap_RefProperty, but ThirdPersonCharacter_2 is pending kill". Blueprint:  ThirdPersonExampleMap Function:  Execute Ubergraph Third Person Example Map Graph:  EventGragh2 Node:  AddActorLocalOffset
[2025.03.25-07.30.32:399][554]PIE: Error: Blueprint Runtime Error: "Attempted to access ThirdPersonCharacter_2 via property ThirdPersonCharacter_2_ExecuteUbergraph_ThirdPersonExampleMap_RefProperty, but ThirdPersonCharacter_2 is pending kill". Blueprint:  ThirdPersonExampleMap Function:  Execute Ubergraph Third Person Example Map Graph:  EventGragh2 Node:  AddActorLocalOffset
[2025.03.25-07.30.32:416][555]PIE: Error: Blueprint Runtime Error: "Attempted to access ThirdPersonCharacter_2 via property ThirdPersonCharacter_2_ExecuteUbergraph_ThirdPersonExampleMap_RefProperty, but ThirdPersonCharacter_2 is pending kill". Blueprint:  ThirdPersonExampleMap Function:  Execute Ubergraph Third Person Example Map Graph:  EventGragh2 Node:  AddActorLocalOffset
[2025.03.25-07.30.32:433][556]PIE: Error: Blueprint Runtime Error: "Attempted to access ThirdPersonCharacter_2 via property ThirdPersonCharacter_2_ExecuteUbergraph_ThirdPersonExampleMap_RefProperty, but ThirdPersonCharacter_2 is pending kill". Blueprint:  ThirdPersonExampleMap Function:  Execute Ubergraph Third Person Example Map Graph:  EventGragh2 Node:  AddActorLocalOffset
[2025.03.25-07.30.32:450][557]PIE: Error: Blueprint Runtime Error: "Attempted to access ThirdPersonCharacter_2 via property ThirdPersonCharacter_2_ExecuteUbergraph_ThirdPersonExampleMap_RefProperty, but ThirdPersonCharacter_2 is pending kill". Blueprint:  ThirdPersonExampleMap Function:  Execute Ubergraph Third Person Example Map Graph:  EventGragh2 Node:  AddActorLocalOffset
[2025.03.25-07.30.32:466][558]PIE: Error: Blueprint Runtime Error: "Attempted to access ThirdPersonCharacter_2 via property ThirdPersonCharacter_2_ExecuteUbergraph_ThirdPersonExampleMap_RefProperty, but ThirdPersonCharacter_2 is pending kill". Blueprint:  ThirdPersonExampleMap Function:  Execute Ubergraph Third Person Example Map Graph:  EventGragh2 Node:  AddActorLocalOffset
[2025.03.25-07.30.32:482][559]PIE: Error: Blueprint Runtime Error: "Attempted to access ThirdPersonCharacter_2 via property ThirdPersonCharacter_2_ExecuteUbergraph_ThirdPersonExampleMap_RefProperty, but ThirdPersonCharacter_2 is pending kill". Blueprint:  ThirdPersonExampleMap Function:  Execute Ubergraph Third Person Example Map Graph:  EventGragh2 Node:  AddActorLocalOffset
[2025.03.25-07.30.32:499][560]PIE: Error: Blueprint Runtime Error: "Attempted to access ThirdPersonCharacter_2 via property ThirdPersonCharacter_2_ExecuteUbergraph_ThirdPersonExampleMap_RefProperty, but ThirdPersonCharacter_2 is pending kill". Blueprint:  ThirdPersonExampleMap Function:  Execute Ubergraph Third Person Example Map Graph:  EventGragh2 Node:  AddActorLocalOffset
[2025.03.25-07.30.32:517][561]PIE: Error: Blueprint Runtime Error: "Attempted to access ThirdPersonCharacter_2 via property ThirdPersonCharacter_2_ExecuteUbergraph_ThirdPersonExampleMap_RefProperty, but ThirdPersonCharacter_2 is pending kill". Blueprint:  ThirdPersonExampleMap Function:  Execute Ubergraph Third Person Example Map Graph:  EventGragh2 Node:  AddActorLocalOffset
[2025.03.25-07.30.32:532][562]PIE: Error: Blueprint Runtime Error: "Attempted to access ThirdPersonCharacter_2 via property ThirdPersonCharacter_2_ExecuteUbergraph_ThirdPersonExampleMap_RefProperty, but ThirdPersonCharacter_2 is pending kill". Blueprint:  ThirdPersonExampleMap Function:  Execute Ubergraph Third Person Example Map Graph:  EventGragh2 Node:  AddActorLocalOffset
[2025.03.25-07.30.32:549][563]PIE: Error: Blueprint Runtime Error: "Attempted to access ThirdPersonCharacter_2 via property ThirdPersonCharacter_2_ExecuteUbergraph_ThirdPersonExampleMap_RefProperty, but ThirdPersonCharacter_2 is pending kill". Blueprint:  ThirdPersonExampleMap Function:  Execute Ubergraph Third Person Example Map Graph:  EventGragh2 Node:  AddActorLocalOffset
[2025.03.25-07.30.32:567][564]PIE: Error: Blueprint Runtime Error: "Attempted to access ThirdPersonCharacter_2 via property ThirdPersonCharacter_2_ExecuteUbergraph_ThirdPersonExampleMap_RefProperty, but ThirdPersonCharacter_2 is pending kill". Blueprint:  ThirdPersonExampleMap Function:  Execute Ubergraph Third Person Example Map Graph:  EventGragh2 Node:  AddActorLocalOffset
[2025.03.25-07.30.32:583][565]PIE: Error: Blueprint Runtime Error: "Attempted to access ThirdPersonCharacter_2 via property ThirdPersonCharacter_2_ExecuteUbergraph_ThirdPersonExampleMap_RefProperty, but ThirdPersonCharacter_2 is pending kill". Blueprint:  ThirdPersonExampleMap Function:  Execute Ubergraph Third Person Example Map Graph:  EventGragh2 Node:  AddActorLocalOffset
[2025.03.25-07.30.32:600][566]PIE: Error: Blueprint Runtime Error: "Attempted to access ThirdPersonCharacter_2 via property ThirdPersonCharacter_2_ExecuteUbergraph_ThirdPersonExampleMap_RefProperty, but ThirdPersonCharacter_2 is pending kill". Blueprint:  ThirdPersonExampleMap Function:  Execute Ubergraph Third Person Example Map Graph:  EventGragh2 Node:  AddActorLocalOffset
[2025.03.25-07.30.32:617][567]PIE: Error: Blueprint Runtime Error: "Attempted to access ThirdPersonCharacter_2 via property ThirdPersonCharacter_2_ExecuteUbergraph_ThirdPersonExampleMap_RefProperty, but ThirdPersonCharacter_2 is pending kill". Blueprint:  ThirdPersonExampleMap Function:  Execute Ubergraph Third Person Example Map Graph:  EventGragh2 Node:  AddActorLocalOffset
[2025.03.25-07.30.32:667][567]LogSlate: Updating window title bar state: overlay mode, drag disabled, window buttons hidden, title bar hidden
[2025.03.25-07.30.32:667][567]LogWorld: BeginTearingDown for /Game/ThirdPersonBP/Maps/UEDPIE_0_ThirdPersonExampleMap
[2025.03.25-07.30.32:668][567]LogSlate: Window 'room_escape Preview [NetMode: Standalone]  (64-bit/Windows) ' being destroyed
[2025.03.25-07.30.32:675][567]LogWorld: UWorld::CleanupWorld for ThirdPersonExampleMap, bSessionEnded=true, bCleanupResources=true
[2025.03.25-07.30.32:675][567]LogSlate: InvalidateAllWidgets triggered.  All widgets were invalidated
[2025.03.25-07.30.32:701][567]LogPlayLevel: Display: Shutting down PIE online subsystems
[2025.03.25-07.30.32:741][567]LogSlate: InvalidateAllWidgets triggered.  All widgets were invalidated
[2025.03.25-07.30.32:771][567]LogAudio: Display: Audio Device unregistered from world 'None'.
[2025.03.25-07.30.32:771][567]LogAudioMixer: FMixerPlatformXAudio2::StopAudioStream() called
[2025.03.25-07.30.32:773][567]LogAudioMixer: FMixerPlatformXAudio2::StopAudioStream() called
[2025.03.25-07.30.32:781][567]LogUObjectHash: Compacting FUObjectHashTables data took   3.02ms
[2025.03.25-07.30.32:945][568]LogPlayLevel: Display: Destroying online subsystem :Context_72
[2025.03.25-07.30.34:697][667]LogSlate: Window 'Message Log' being destroyed
[2025.03.25-07.30.34:705][667]LogSlate: Window 'Message Log' being destroyed
[2025.03.25-07.30.36:313][764]LogTemp: Repeating last play command: Selected Viewport
[2025.03.25-07.30.36:318][764]LogPlayLevel: PlayLevel: No blueprints needed recompiling
[2025.03.25-07.30.36:318][764]PIE: New page: PIE session: ThirdPersonExampleMap (2025年3月25日 下午11:30:36)
[2025.03.25-07.30.36:318][764]LogPlayLevel: Creating play world package: /Game/ThirdPersonBP/Maps/UEDPIE_0_ThirdPersonExampleMap
[2025.03.25-07.30.36:330][764]LogPlayLevel: PIE: StaticDuplicateObject took: (0.011564s)
[2025.03.25-07.30.36:331][764]LogAIModule: Creating AISystem for world ThirdPersonExampleMap
[2025.03.25-07.30.36:331][764]LogPlayLevel: PIE: World Init took: (0.001215s)
[2025.03.25-07.30.36:332][764]LogPlayLevel: PIE: Created PIE world by copying editor world from /Game/ThirdPersonBP/Maps/ThirdPersonExampleMap.ThirdPersonExampleMap to /Game/ThirdPersonBP/Maps/UEDPIE_0_ThirdPersonExampleMap.ThirdPersonExampleMap (0.012958s)
[2025.03.25-07.30.36:353][764]LogUObjectHash: Compacting FUObjectHashTables data took   1.18ms
[2025.03.25-07.30.36:355][764]LogAudio: Display: Creating Audio Device:                 Id: 52, Scope: Unique, Realtime: True
[2025.03.25-07.30.36:355][764]LogAudioMixer: Display: Audio Mixer Platform Settings:
[2025.03.25-07.30.36:355][764]LogAudioMixer: Display: 	Sample Rate:						  48000
[2025.03.25-07.30.36:355][764]LogAudioMixer: Display: 	Callback Buffer Frame Size Requested: 1024
[2025.03.25-07.30.36:355][764]LogAudioMixer: Display: 	Callback Buffer Frame Size To Use:	  1024
[2025.03.25-07.30.36:355][764]LogAudioMixer: Display: 	Number of buffers to queue:			  2
[2025.03.25-07.30.36:355][764]LogAudioMixer: Display: 	Max Channels (voices):				  32
[2025.03.25-07.30.36:355][764]LogAudioMixer: Display: 	Number of Async Source Workers:		  0
[2025.03.25-07.30.36:355][764]LogAudio: Display: AudioDevice MaxSources: 32
[2025.03.25-07.30.36:355][764]LogAudio: Display: Audio Spatialization Plugin: None (built-in).
[2025.03.25-07.30.36:355][764]LogAudio: Display: Audio Reverb Plugin: None (built-in).
[2025.03.25-07.30.36:355][764]LogAudio: Display: Audio Occlusion Plugin: None (built-in).
[2025.03.25-07.30.36:355][764]LogAudioMixer: Display: Initializing audio mixer.
[2025.03.25-07.30.36:357][764]LogAudioMixer: Display: 0: FrontLeft
[2025.03.25-07.30.36:357][764]LogAudioMixer: Display: 1: FrontRight
[2025.03.25-07.30.36:389][764]LogAudioMixer: Display: Using Audio Device 扬声器 (适用于 I2S 音频的英特尔® 智音技术)
[2025.03.25-07.30.36:389][764]LogAudioMixer: Display: Initializing Sound Submixes...
[2025.03.25-07.30.36:389][764]LogAudioMixer: Display: Creating Master Submix 'MasterSubmixDefault'
[2025.03.25-07.30.36:389][764]LogAudioMixer: Display: Creating Master Submix 'MasterReverbSubmixDefault'
[2025.03.25-07.30.36:389][764]LogAudioMixer: Display: Creating Master Submix 'MasterEQSubmixDefault'
[2025.03.25-07.30.36:389][764]LogAudioMixer: FMixerPlatformXAudio2::StartAudioStream() called
[2025.03.25-07.30.36:389][764]LogAudioMixer: Display: Output buffers initialized: Frames=1024, Channels=2, Samples=2048
[2025.03.25-07.30.36:390][764]LogAudioMixer: Display: Starting AudioMixerPlatformInterface::RunInternal()
[2025.03.25-07.30.36:390][764]LogAudioMixer: Display: FMixerPlatformXAudio2::SubmitBuffer() called for the first time
[2025.03.25-07.30.36:390][764]LogInit: FAudioDevice initialized.
[2025.03.25-07.30.36:390][764]LogAudio: Display: Audio Device (ID: 52) registered with world 'ThirdPersonExampleMap'.
[2025.03.25-07.30.36:436][764]LogSlate: Updating window title bar state: overlay mode, drag disabled, window buttons hidden, title bar hidden
[2025.03.25-07.30.36:437][764]LogLoad: Game class is 'ThirdPersonGameMode_C'
[2025.03.25-07.30.36:440][764]LogWorld: Bringing World /Game/ThirdPersonBP/Maps/UEDPIE_0_ThirdPersonExampleMap.ThirdPersonExampleMap up for play (max tick rate 60) at 2025.03.25-15.30.36
[2025.03.25-07.30.36:441][764]LogWorld: Bringing up level for play took: 0.003430
[2025.03.25-07.30.36:441][764]LogOnline: OSS: Creating online subsystem instance for: :Context_73
[2025.03.25-07.30.36:443][764]LogGameMode: FindPlayerStart: PATHS NOT DEFINED or NO PLAYERSTART with positive rating
[2025.03.25-07.30.36:446][764]PIE: Server logged in
[2025.03.25-07.30.36:447][764]PIE: Play in editor total start time 0.129 seconds.
[2025.03.25-07.30.43:307][  9]LogSlate: Updating window title bar state: overlay mode, drag disabled, window buttons hidden, title bar hidden
[2025.03.25-07.30.43:307][  9]LogWorld: BeginTearingDown for /Game/ThirdPersonBP/Maps/UEDPIE_0_ThirdPersonExampleMap
[2025.03.25-07.30.43:308][  9]LogSlate: Window 'room_escape Preview [NetMode: Standalone]  (64-bit/Windows) ' being destroyed
[2025.03.25-07.30.43:317][  9]LogWorld: UWorld::CleanupWorld for ThirdPersonExampleMap, bSessionEnded=true, bCleanupResources=true
[2025.03.25-07.30.43:317][  9]LogSlate: InvalidateAllWidgets triggered.  All widgets were invalidated
[2025.03.25-07.30.43:331][  9]LogPlayLevel: Display: Shutting down PIE online subsystems
[2025.03.25-07.30.43:366][  9]LogSlate: InvalidateAllWidgets triggered.  All widgets were invalidated
[2025.03.25-07.30.43:393][  9]LogAudioMixer: FMixerPlatformXAudio2::StopAudioStream() called
[2025.03.25-07.30.43:395][  9]LogAudioMixer: FMixerPlatformXAudio2::StopAudioStream() called
[2025.03.25-07.30.43:401][  9]LogUObjectHash: Compacting FUObjectHashTables data took   1.35ms
[2025.03.25-07.30.43:429][ 10]LogPlayLevel: Display: Destroying online subsystem :Context_73
[2025.03.25-07.30.52:027][520]BlueprintLog: New page: Compile ThirdPersonExampleMap
[2025.03.25-07.30.52:084][520]LogUObjectHash: Compacting FUObjectHashTables data took   1.94ms
[2025.03.25-07.30.56:740][798]LogTemp: Repeating last play command: Selected Viewport
[2025.03.25-07.30.56:745][798]LogPlayLevel: PlayLevel: No blueprints needed recompiling
[2025.03.25-07.30.56:745][798]PIE: New page: PIE session: ThirdPersonExampleMap (2025年3月25日 下午11:30:56)
[2025.03.25-07.30.56:746][798]LogPlayLevel: Creating play world package: /Game/ThirdPersonBP/Maps/UEDPIE_0_ThirdPersonExampleMap
[2025.03.25-07.30.56:758][798]LogPlayLevel: PIE: StaticDuplicateObject took: (0.012830s)
[2025.03.25-07.30.56:759][798]LogAIModule: Creating AISystem for world ThirdPersonExampleMap
[2025.03.25-07.30.56:759][798]LogPlayLevel: PIE: World Init took: (0.000954s)
[2025.03.25-07.30.56:759][798]LogPlayLevel: PIE: Created PIE world by copying editor world from /Game/ThirdPersonBP/Maps/ThirdPersonExampleMap.ThirdPersonExampleMap to /Game/ThirdPersonBP/Maps/UEDPIE_0_ThirdPersonExampleMap.ThirdPersonExampleMap (0.013929s)
[2025.03.25-07.30.56:782][798]LogUObjectHash: Compacting FUObjectHashTables data took   1.31ms
[2025.03.25-07.30.56:782][798]LogAudio: Display: Creating Audio Device:                 Id: 53, Scope: Unique, Realtime: True
[2025.03.25-07.30.56:782][798]LogAudioMixer: Display: Audio Mixer Platform Settings:
[2025.03.25-07.30.56:782][798]LogAudioMixer: Display: 	Sample Rate:						  48000
[2025.03.25-07.30.56:782][798]LogAudioMixer: Display: 	Callback Buffer Frame Size Requested: 1024
[2025.03.25-07.30.56:782][798]LogAudioMixer: Display: 	Callback Buffer Frame Size To Use:	  1024
[2025.03.25-07.30.56:782][798]LogAudioMixer: Display: 	Number of buffers to queue:			  2
[2025.03.25-07.30.56:782][798]LogAudioMixer: Display: 	Max Channels (voices):				  32
[2025.03.25-07.30.56:782][798]LogAudioMixer: Display: 	Number of Async Source Workers:		  0
[2025.03.25-07.30.56:782][798]LogAudio: Display: AudioDevice MaxSources: 32
[2025.03.25-07.30.56:783][798]LogAudio: Display: Audio Spatialization Plugin: None (built-in).
[2025.03.25-07.30.56:783][798]LogAudio: Display: Audio Reverb Plugin: None (built-in).
[2025.03.25-07.30.56:783][798]LogAudio: Display: Audio Occlusion Plugin: None (built-in).
[2025.03.25-07.30.56:783][798]LogAudioMixer: Display: Initializing audio mixer.
[2025.03.25-07.30.56:785][798]LogAudioMixer: Display: 0: FrontLeft
[2025.03.25-07.30.56:785][798]LogAudioMixer: Display: 1: FrontRight
[2025.03.25-07.30.56:813][798]LogAudioMixer: Display: Using Audio Device 扬声器 (适用于 I2S 音频的英特尔® 智音技术)
[2025.03.25-07.30.56:814][798]LogAudioMixer: Display: Initializing Sound Submixes...
[2025.03.25-07.30.56:814][798]LogAudioMixer: Display: Creating Master Submix 'MasterSubmixDefault'
[2025.03.25-07.30.56:814][798]LogAudioMixer: Display: Creating Master Submix 'MasterReverbSubmixDefault'
[2025.03.25-07.30.56:814][798]LogAudioMixer: Display: Creating Master Submix 'MasterEQSubmixDefault'
[2025.03.25-07.30.56:814][798]LogAudioMixer: FMixerPlatformXAudio2::StartAudioStream() called
[2025.03.25-07.30.56:814][798]LogAudioMixer: Display: Output buffers initialized: Frames=1024, Channels=2, Samples=2048
[2025.03.25-07.30.56:815][798]LogAudioMixer: Display: Starting AudioMixerPlatformInterface::RunInternal()
[2025.03.25-07.30.56:815][798]LogAudioMixer: Display: FMixerPlatformXAudio2::SubmitBuffer() called for the first time
[2025.03.25-07.30.56:815][798]LogInit: FAudioDevice initialized.
[2025.03.25-07.30.56:815][798]LogAudio: Display: Audio Device (ID: 53) registered with world 'ThirdPersonExampleMap'.
[2025.03.25-07.30.56:870][798]LogSlate: Updating window title bar state: overlay mode, drag disabled, window buttons hidden, title bar hidden
[2025.03.25-07.30.56:870][798]LogLoad: Game class is 'ThirdPersonGameMode_C'
[2025.03.25-07.30.56:874][798]LogWorld: Bringing World /Game/ThirdPersonBP/Maps/UEDPIE_0_ThirdPersonExampleMap.ThirdPersonExampleMap up for play (max tick rate 60) at 2025.03.25-15.30.56
[2025.03.25-07.30.56:874][798]LogWorld: Bringing up level for play took: 0.003581
[2025.03.25-07.30.56:875][798]LogOnline: OSS: Creating online subsystem instance for: :Context_74
[2025.03.25-07.30.56:876][798]LogGameMode: FindPlayerStart: PATHS NOT DEFINED or NO PLAYERSTART with positive rating
[2025.03.25-07.30.56:877][798]PIE: Server logged in
[2025.03.25-07.30.56:879][798]PIE: Play in editor total start time 0.135 seconds.
[2025.03.25-07.31.03:438][ 32]LogSlate: Updating window title bar state: overlay mode, drag disabled, window buttons hidden, title bar hidden
[2025.03.25-07.31.03:438][ 32]LogWorld: BeginTearingDown for /Game/ThirdPersonBP/Maps/UEDPIE_0_ThirdPersonExampleMap
[2025.03.25-07.31.03:439][ 32]LogSlate: Window 'room_escape Preview [NetMode: Standalone]  (64-bit/Windows) ' being destroyed
[2025.03.25-07.31.03:456][ 32]LogWorld: UWorld::CleanupWorld for ThirdPersonExampleMap, bSessionEnded=true, bCleanupResources=true
[2025.03.25-07.31.03:457][ 32]LogSlate: InvalidateAllWidgets triggered.  All widgets were invalidated
[2025.03.25-07.31.03:476][ 32]LogPlayLevel: Display: Shutting down PIE online subsystems
[2025.03.25-07.31.03:510][ 32]LogSlate: InvalidateAllWidgets triggered.  All widgets were invalidated
[2025.03.25-07.31.03:538][ 32]LogAudio: Display: Audio Device unregistered from world 'None'.
[2025.03.25-07.31.03:538][ 32]LogAudioMixer: FMixerPlatformXAudio2::StopAudioStream() called
[2025.03.25-07.31.03:540][ 32]LogAudioMixer: FMixerPlatformXAudio2::StopAudioStream() called
[2025.03.25-07.31.03:546][ 32]LogUObjectHash: Compacting FUObjectHashTables data took   1.69ms
[2025.03.25-07.31.03:575][ 33]LogPlayLevel: Display: Destroying online subsystem :Context_74
[2025.03.25-07.31.15:131][524]LogTemp: Repeating last play command: Selected Viewport
[2025.03.25-07.31.15:138][524]LogPlayLevel: PlayLevel: No blueprints needed recompiling
[2025.03.25-07.31.15:138][524]PIE: New page: PIE session: ThirdPersonExampleMap (2025年3月25日 下午11:31:15)
[2025.03.25-07.31.15:138][524]LogPlayLevel: Creating play world package: /Game/ThirdPersonBP/Maps/UEDPIE_0_ThirdPersonExampleMap
[2025.03.25-07.31.15:151][524]LogPlayLevel: PIE: StaticDuplicateObject took: (0.013275s)
[2025.03.25-07.31.15:153][524]LogAIModule: Creating AISystem for world ThirdPersonExampleMap
[2025.03.25-07.31.15:153][524]LogPlayLevel: PIE: World Init took: (0.001319s)
[2025.03.25-07.31.15:153][524]LogPlayLevel: PIE: Created PIE world by copying editor world from /Game/ThirdPersonBP/Maps/ThirdPersonExampleMap.ThirdPersonExampleMap to /Game/ThirdPersonBP/Maps/UEDPIE_0_ThirdPersonExampleMap.ThirdPersonExampleMap (0.014779s)
[2025.03.25-07.31.15:176][524]LogUObjectHash: Compacting FUObjectHashTables data took   1.46ms
[2025.03.25-07.31.15:177][524]LogAudio: Display: Creating Audio Device:                 Id: 54, Scope: Unique, Realtime: True
[2025.03.25-07.31.15:177][524]LogAudioMixer: Display: Audio Mixer Platform Settings:
[2025.03.25-07.31.15:177][524]LogAudioMixer: Display: 	Sample Rate:						  48000
[2025.03.25-07.31.15:177][524]LogAudioMixer: Display: 	Callback Buffer Frame Size Requested: 1024
[2025.03.25-07.31.15:177][524]LogAudioMixer: Display: 	Callback Buffer Frame Size To Use:	  1024
[2025.03.25-07.31.15:177][524]LogAudioMixer: Display: 	Number of buffers to queue:			  2
[2025.03.25-07.31.15:177][524]LogAudioMixer: Display: 	Max Channels (voices):				  32
[2025.03.25-07.31.15:177][524]LogAudioMixer: Display: 	Number of Async Source Workers:		  0
[2025.03.25-07.31.15:177][524]LogAudio: Display: AudioDevice MaxSources: 32
[2025.03.25-07.31.15:178][524]LogAudio: Display: Audio Spatialization Plugin: None (built-in).
[2025.03.25-07.31.15:178][524]LogAudio: Display: Audio Reverb Plugin: None (built-in).
[2025.03.25-07.31.15:178][524]LogAudio: Display: Audio Occlusion Plugin: None (built-in).
[2025.03.25-07.31.15:178][524]LogAudioMixer: Display: Initializing audio mixer.
[2025.03.25-07.31.15:180][524]LogAudioMixer: Display: 0: FrontLeft
[2025.03.25-07.31.15:180][524]LogAudioMixer: Display: 1: FrontRight
[2025.03.25-07.31.15:213][524]LogAudioMixer: Display: Using Audio Device 扬声器 (适用于 I2S 音频的英特尔® 智音技术)
[2025.03.25-07.31.15:213][524]LogAudioMixer: Display: Initializing Sound Submixes...
[2025.03.25-07.31.15:213][524]LogAudioMixer: Display: Creating Master Submix 'MasterSubmixDefault'
[2025.03.25-07.31.15:213][524]LogAudioMixer: Display: Creating Master Submix 'MasterReverbSubmixDefault'
[2025.03.25-07.31.15:213][524]LogAudioMixer: Display: Creating Master Submix 'MasterEQSubmixDefault'
[2025.03.25-07.31.15:213][524]LogAudioMixer: FMixerPlatformXAudio2::StartAudioStream() called
[2025.03.25-07.31.15:214][524]LogAudioMixer: Display: Output buffers initialized: Frames=1024, Channels=2, Samples=2048
[2025.03.25-07.31.15:215][524]LogAudioMixer: Display: Starting AudioMixerPlatformInterface::RunInternal()
[2025.03.25-07.31.15:215][524]LogAudioMixer: Display: FMixerPlatformXAudio2::SubmitBuffer() called for the first time
[2025.03.25-07.31.15:215][524]LogInit: FAudioDevice initialized.
[2025.03.25-07.31.15:215][524]LogAudio: Display: Audio Device (ID: 54) registered with world 'ThirdPersonExampleMap'.
[2025.03.25-07.31.15:225][524]LogLoad: Game class is 'ThirdPersonGameMode_C'
[2025.03.25-07.31.15:228][524]LogWorld: Bringing World /Game/ThirdPersonBP/Maps/UEDPIE_0_ThirdPersonExampleMap.ThirdPersonExampleMap up for play (max tick rate 60) at 2025.03.25-15.31.15
[2025.03.25-07.31.15:228][524]LogWorld: Bringing up level for play took: 0.002752
[2025.03.25-07.31.15:228][524]LogOnline: OSS: Creating online subsystem instance for: :Context_75
[2025.03.25-07.31.15:231][524]PIE: Server logged in
[2025.03.25-07.31.15:231][524]PIE: Play in editor total start time 0.096 seconds.
[2025.03.25-07.31.17:407][641]LogBlueprintUserMessages: [BP_Table_2] Press "F"
[2025.03.25-07.31.18:728][716]LogSlate: Updating window title bar state: overlay mode, drag disabled, window buttons hidden, title bar hidden
[2025.03.25-07.31.18:728][716]LogWorld: BeginTearingDown for /Game/ThirdPersonBP/Maps/UEDPIE_0_ThirdPersonExampleMap
[2025.03.25-07.31.18:728][716]LogWorld: UWorld::CleanupWorld for ThirdPersonExampleMap, bSessionEnded=true, bCleanupResources=true
[2025.03.25-07.31.18:729][716]LogSlate: InvalidateAllWidgets triggered.  All widgets were invalidated
[2025.03.25-07.31.18:750][716]LogPlayLevel: Display: Shutting down PIE online subsystems
[2025.03.25-07.31.18:781][716]LogSlate: InvalidateAllWidgets triggered.  All widgets were invalidated
[2025.03.25-07.31.18:804][716]LogSlate: Updating window title bar state: overlay mode, drag disabled, window buttons hidden, title bar hidden
[2025.03.25-07.31.18:804][716]LogAudioMixer: FMixerPlatformXAudio2::StopAudioStream() called
[2025.03.25-07.31.18:806][716]LogAudioMixer: FMixerPlatformXAudio2::StopAudioStream() called
[2025.03.25-07.31.18:813][716]LogUObjectHash: Compacting FUObjectHashTables data took   1.31ms
[2025.03.25-07.31.18:862][717]LogPlayLevel: Display: Destroying online subsystem :Context_75
[2025.03.25-07.33.50:640][766]Cmd: CAMERA ALIGN ACTIVEVIEWPORTONLY
[2025.03.25-07.33.52:929][861]LogEditorViewport: Clicking on Actor (context menu): StaticMeshActor (Floor2)
[2025.03.25-07.33.53:809][888]LogEditorViewport: Clicking on Actor (LMB): StaticMeshActor (Floor2)
[2025.03.25-07.38.19:898][ 40]BlueprintLog: New page: Compile ThirdPersonExampleMap
[2025.03.25-07.38.19:970][ 40]LogUObjectHash: Compacting FUObjectHashTables data took   2.24ms
[2025.03.25-07.38.20:877][ 74]LogTemp: Repeating last play command: Selected Viewport
[2025.03.25-07.38.20:883][ 74]LogPlayLevel: PlayLevel: No blueprints needed recompiling
[2025.03.25-07.38.20:883][ 74]PIE: New page: PIE session: ThirdPersonExampleMap (2025年3月25日 下午11:38:20)
[2025.03.25-07.38.20:884][ 74]LogPlayLevel: Creating play world package: /Game/ThirdPersonBP/Maps/UEDPIE_0_ThirdPersonExampleMap
[2025.03.25-07.38.20:911][ 74]LogPlayLevel: PIE: StaticDuplicateObject took: (0.026981s)
[2025.03.25-07.38.20:912][ 74]LogAIModule: Creating AISystem for world ThirdPersonExampleMap
[2025.03.25-07.38.20:914][ 74]LogPlayLevel: PIE: World Init took: (0.003020s)
[2025.03.25-07.38.20:914][ 74]LogPlayLevel: PIE: Created PIE world by copying editor world from /Game/ThirdPersonBP/Maps/ThirdPersonExampleMap.ThirdPersonExampleMap to /Game/ThirdPersonBP/Maps/UEDPIE_0_ThirdPersonExampleMap.ThirdPersonExampleMap (0.030203s)
[2025.03.25-07.38.20:946][ 74]LogUObjectHash: Compacting FUObjectHashTables data took   4.82ms
[2025.03.25-07.38.20:947][ 74]LogAudio: Display: Creating Audio Device:                 Id: 55, Scope: Unique, Realtime: True
[2025.03.25-07.38.20:947][ 74]LogAudioMixer: Display: Audio Mixer Platform Settings:
[2025.03.25-07.38.20:947][ 74]LogAudioMixer: Display: 	Sample Rate:						  48000
[2025.03.25-07.38.20:947][ 74]LogAudioMixer: Display: 	Callback Buffer Frame Size Requested: 1024
[2025.03.25-07.38.20:947][ 74]LogAudioMixer: Display: 	Callback Buffer Frame Size To Use:	  1024
[2025.03.25-07.38.20:947][ 74]LogAudioMixer: Display: 	Number of buffers to queue:			  2
[2025.03.25-07.38.20:947][ 74]LogAudioMixer: Display: 	Max Channels (voices):				  32
[2025.03.25-07.38.20:947][ 74]LogAudioMixer: Display: 	Number of Async Source Workers:		  0
[2025.03.25-07.38.20:947][ 74]LogAudio: Display: AudioDevice MaxSources: 32
[2025.03.25-07.38.20:947][ 74]LogAudio: Display: Audio Spatialization Plugin: None (built-in).
[2025.03.25-07.38.20:947][ 74]LogAudio: Display: Audio Reverb Plugin: None (built-in).
[2025.03.25-07.38.20:947][ 74]LogAudio: Display: Audio Occlusion Plugin: None (built-in).
[2025.03.25-07.38.20:947][ 74]LogAudioMixer: Display: Initializing audio mixer.
[2025.03.25-07.38.20:952][ 74]LogAudioMixer: Display: 0: FrontLeft
[2025.03.25-07.38.20:952][ 74]LogAudioMixer: Display: 1: FrontRight
[2025.03.25-07.38.20:995][ 74]LogAudioMixer: Display: Using Audio Device 扬声器 (适用于 I2S 音频的英特尔® 智音技术)
[2025.03.25-07.38.20:996][ 74]LogAudioMixer: Display: Initializing Sound Submixes...
[2025.03.25-07.38.20:996][ 74]LogAudioMixer: Display: Creating Master Submix 'MasterSubmixDefault'
[2025.03.25-07.38.20:996][ 74]LogAudioMixer: Display: Creating Master Submix 'MasterReverbSubmixDefault'
[2025.03.25-07.38.20:996][ 74]LogAudioMixer: Display: Creating Master Submix 'MasterEQSubmixDefault'
[2025.03.25-07.38.20:996][ 74]LogAudioMixer: FMixerPlatformXAudio2::StartAudioStream() called
[2025.03.25-07.38.20:996][ 74]LogAudioMixer: Display: Output buffers initialized: Frames=1024, Channels=2, Samples=2048
[2025.03.25-07.38.20:997][ 74]LogAudioMixer: Display: Starting AudioMixerPlatformInterface::RunInternal()
[2025.03.25-07.38.20:997][ 74]LogAudioMixer: Display: FMixerPlatformXAudio2::SubmitBuffer() called for the first time
[2025.03.25-07.38.20:997][ 74]LogInit: FAudioDevice initialized.
[2025.03.25-07.38.20:997][ 74]LogAudio: Display: Audio Device (ID: 55) registered with world 'ThirdPersonExampleMap'.
[2025.03.25-07.38.21:008][ 74]LogLoad: Game class is 'ThirdPersonGameMode_C'
[2025.03.25-07.38.21:012][ 74]LogWorld: Bringing World /Game/ThirdPersonBP/Maps/UEDPIE_0_ThirdPersonExampleMap.ThirdPersonExampleMap up for play (max tick rate 60) at 2025.03.25-15.38.21
[2025.03.25-07.38.21:013][ 74]LogWorld: Bringing up level for play took: 0.003974
[2025.03.25-07.38.21:013][ 74]LogOnline: OSS: Creating online subsystem instance for: :Context_76
[2025.03.25-07.38.21:016][ 74]PIE: Server logged in
[2025.03.25-07.38.21:017][ 74]PIE: Play in editor total start time 0.135 seconds.
[2025.03.25-07.38.45:145][392]LogSlate: Updating window title bar state: overlay mode, drag disabled, window buttons hidden, title bar hidden
[2025.03.25-07.38.45:145][392]LogWorld: BeginTearingDown for /Game/ThirdPersonBP/Maps/UEDPIE_0_ThirdPersonExampleMap
[2025.03.25-07.38.45:145][392]LogWorld: UWorld::CleanupWorld for ThirdPersonExampleMap, bSessionEnded=true, bCleanupResources=true
[2025.03.25-07.38.45:145][392]LogSlate: InvalidateAllWidgets triggered.  All widgets were invalidated
[2025.03.25-07.38.45:165][392]LogPlayLevel: Display: Shutting down PIE online subsystems
[2025.03.25-07.38.45:183][392]LogSlate: InvalidateAllWidgets triggered.  All widgets were invalidated
[2025.03.25-07.38.45:208][392]LogAudio: Display: Audio Device unregistered from world 'None'.
[2025.03.25-07.38.45:208][392]LogAudioMixer: FMixerPlatformXAudio2::StopAudioStream() called
[2025.03.25-07.38.45:209][392]LogAudioMixer: FMixerPlatformXAudio2::StopAudioStream() called
[2025.03.25-07.38.45:212][392]LogSlate: Updating window title bar state: overlay mode, drag disabled, window buttons hidden, title bar hidden
[2025.03.25-07.38.45:215][392]LogUObjectHash: Compacting FUObjectHashTables data took   1.69ms
[2025.03.25-07.38.45:268][393]LogPlayLevel: Display: Destroying online subsystem :Context_76
[2025.03.25-07.39.00:140][803]BlueprintLog: New page: Compile ThirdPersonExampleMap
[2025.03.25-07.39.00:204][803]LogUObjectHash: Compacting FUObjectHashTables data took   1.87ms
[2025.03.25-07.39.29:402][ 41]LogUObjectHash: Compacting FUObjectHashTables data took   1.26ms
[2025.03.25-07.39.29:436][ 41]LogSavePackage: Moving '../../../../../../project/UE/room_escape/Saved/ThirdPersonExampleMap_Auto451A5FCF3499E4446DDD49A9D0759298C.tmp' to '../../../../../../project/UE/room_escape/Saved/Autosaves/Game/ThirdPersonBP/Maps/ThirdPersonExampleMap_Auto4.umap'
[2025.03.25-07.39.29:438][ 41]LogFileHelpers: Editor autosave (incl. external actors) for '/Game/ThirdPersonBP/Maps/ThirdPersonExampleMap' took 0.059
[2025.03.25-07.39.29:438][ 41]LogFileHelpers: Editor autosave (incl. sublevels & external actors) for all levels took 0.059
[2025.03.25-07.41.29:370][961]LogTemp: Repeating last play command: Selected Viewport
[2025.03.25-07.41.29:377][961]LogPlayLevel: PlayLevel: No blueprints needed recompiling
[2025.03.25-07.41.29:377][961]PIE: New page: PIE session: ThirdPersonExampleMap (2025年3月25日 下午11:41:29)
[2025.03.25-07.41.29:378][961]LogPlayLevel: Creating play world package: /Game/ThirdPersonBP/Maps/UEDPIE_0_ThirdPersonExampleMap
[2025.03.25-07.41.29:408][961]LogPlayLevel: PIE: StaticDuplicateObject took: (0.030656s)
[2025.03.25-07.41.29:410][961]LogAIModule: Creating AISystem for world ThirdPersonExampleMap
[2025.03.25-07.41.29:410][961]LogPlayLevel: PIE: World Init took: (0.002019s)
[2025.03.25-07.41.29:410][961]LogPlayLevel: PIE: Created PIE world by copying editor world from /Game/ThirdPersonBP/Maps/ThirdPersonExampleMap.ThirdPersonExampleMap to /Game/ThirdPersonBP/Maps/UEDPIE_0_ThirdPersonExampleMap.ThirdPersonExampleMap (0.032952s)
[2025.03.25-07.41.29:446][961]LogUObjectHash: Compacting FUObjectHashTables data took   4.06ms
[2025.03.25-07.41.29:449][961]LogAudio: Display: Creating Audio Device:                 Id: 56, Scope: Unique, Realtime: True
[2025.03.25-07.41.29:449][961]LogAudioMixer: Display: Audio Mixer Platform Settings:
[2025.03.25-07.41.29:449][961]LogAudioMixer: Display: 	Sample Rate:						  48000
[2025.03.25-07.41.29:449][961]LogAudioMixer: Display: 	Callback Buffer Frame Size Requested: 1024
[2025.03.25-07.41.29:449][961]LogAudioMixer: Display: 	Callback Buffer Frame Size To Use:	  1024
[2025.03.25-07.41.29:449][961]LogAudioMixer: Display: 	Number of buffers to queue:			  2
[2025.03.25-07.41.29:449][961]LogAudioMixer: Display: 	Max Channels (voices):				  32
[2025.03.25-07.41.29:449][961]LogAudioMixer: Display: 	Number of Async Source Workers:		  0
[2025.03.25-07.41.29:449][961]LogAudio: Display: AudioDevice MaxSources: 32
[2025.03.25-07.41.29:450][961]LogAudio: Display: Audio Spatialization Plugin: None (built-in).
[2025.03.25-07.41.29:450][961]LogAudio: Display: Audio Reverb Plugin: None (built-in).
[2025.03.25-07.41.29:450][961]LogAudio: Display: Audio Occlusion Plugin: None (built-in).
[2025.03.25-07.41.29:450][961]LogAudioMixer: Display: Initializing audio mixer.
[2025.03.25-07.41.29:453][961]LogAudioMixer: Display: 0: FrontLeft
[2025.03.25-07.41.29:453][961]LogAudioMixer: Display: 1: FrontRight
[2025.03.25-07.41.29:487][961]LogAudioMixer: Display: Using Audio Device 扬声器 (适用于 I2S 音频的英特尔® 智音技术)
[2025.03.25-07.41.29:487][961]LogAudioMixer: Display: Initializing Sound Submixes...
[2025.03.25-07.41.29:487][961]LogAudioMixer: Display: Creating Master Submix 'MasterSubmixDefault'
[2025.03.25-07.41.29:487][961]LogAudioMixer: Display: Creating Master Submix 'MasterReverbSubmixDefault'
[2025.03.25-07.41.29:488][961]LogAudioMixer: Display: Creating Master Submix 'MasterEQSubmixDefault'
[2025.03.25-07.41.29:488][961]LogAudioMixer: FMixerPlatformXAudio2::StartAudioStream() called
[2025.03.25-07.41.29:488][961]LogAudioMixer: Display: Output buffers initialized: Frames=1024, Channels=2, Samples=2048
[2025.03.25-07.41.29:489][961]LogAudioMixer: Display: Starting AudioMixerPlatformInterface::RunInternal()
[2025.03.25-07.41.29:489][961]LogAudioMixer: Display: FMixerPlatformXAudio2::SubmitBuffer() called for the first time
[2025.03.25-07.41.29:489][961]LogInit: FAudioDevice initialized.
[2025.03.25-07.41.29:489][961]LogAudio: Display: Audio Device (ID: 56) registered with world 'ThirdPersonExampleMap'.
[2025.03.25-07.41.29:496][961]LogLoad: Game class is 'ThirdPersonGameMode_C'
[2025.03.25-07.41.29:500][961]LogWorld: Bringing World /Game/ThirdPersonBP/Maps/UEDPIE_0_ThirdPersonExampleMap.ThirdPersonExampleMap up for play (max tick rate 60) at 2025.03.25-15.41.29
[2025.03.25-07.41.29:501][961]LogWorld: Bringing up level for play took: 0.003865
[2025.03.25-07.41.29:501][961]LogOnline: OSS: Creating online subsystem instance for: :Context_77
[2025.03.25-07.41.29:502][961]PIE: Server logged in
[2025.03.25-07.41.29:504][961]PIE: Play in editor total start time 0.129 seconds.
[2025.03.25-07.41.38:302][442]LogSlate: Updating window title bar state: overlay mode, drag disabled, window buttons hidden, title bar hidden
[2025.03.25-07.41.38:302][442]LogWorld: BeginTearingDown for /Game/ThirdPersonBP/Maps/UEDPIE_0_ThirdPersonExampleMap
[2025.03.25-07.41.38:303][442]LogWorld: UWorld::CleanupWorld for ThirdPersonExampleMap, bSessionEnded=true, bCleanupResources=true
[2025.03.25-07.41.38:303][442]LogSlate: InvalidateAllWidgets triggered.  All widgets were invalidated
[2025.03.25-07.41.38:321][442]LogPlayLevel: Display: Shutting down PIE online subsystems
[2025.03.25-07.41.38:335][442]LogSlate: InvalidateAllWidgets triggered.  All widgets were invalidated
[2025.03.25-07.41.38:359][442]LogSlate: Updating window title bar state: overlay mode, drag disabled, window buttons hidden, title bar hidden
[2025.03.25-07.41.38:360][442]LogAudioMixer: FMixerPlatformXAudio2::StopAudioStream() called
[2025.03.25-07.41.38:361][442]LogAudioMixer: FMixerPlatformXAudio2::StopAudioStream() called
[2025.03.25-07.41.38:367][442]LogUObjectHash: Compacting FUObjectHashTables data took   1.48ms
[2025.03.25-07.41.38:413][443]LogPlayLevel: Display: Destroying online subsystem :Context_77
[2025.03.25-07.41.49:809][867]LogEditorBookmarks: Warning: FBookmarkTypeToolsImpl::JumpToBookmark - Null Bookmark at index 3
[2025.03.25-07.41.51:060][915]LogEditorBookmarks: Warning: FBookmarkTypeToolsImpl::JumpToBookmark - Null Bookmark at index 3
[2025.03.25-07.52.45:294][769]BlueprintLog: New page: Compile ThirdPersonExampleMap
[2025.03.25-07.52.45:374][769]LogUObjectHash: Compacting FUObjectHashTables data took   2.39ms
[2025.03.25-07.52.46:329][803]LogTemp: Repeating last play command: Selected Viewport
[2025.03.25-07.52.46:339][803]LogPlayLevel: PlayLevel: No blueprints needed recompiling
[2025.03.25-07.52.46:339][803]PIE: New page: PIE session: ThirdPersonExampleMap (2025年3月25日 下午11:52:46)
[2025.03.25-07.52.46:340][803]LogPlayLevel: Creating play world package: /Game/ThirdPersonBP/Maps/UEDPIE_0_ThirdPersonExampleMap
[2025.03.25-07.52.46:366][803]LogPlayLevel: PIE: StaticDuplicateObject took: (0.026229s)
[2025.03.25-07.52.46:367][803]LogAIModule: Creating AISystem for world ThirdPersonExampleMap
[2025.03.25-07.52.46:367][803]LogPlayLevel: PIE: World Init took: (0.001444s)
[2025.03.25-07.52.46:367][803]LogPlayLevel: PIE: Created PIE world by copying editor world from /Game/ThirdPersonBP/Maps/ThirdPersonExampleMap.ThirdPersonExampleMap to /Game/ThirdPersonBP/Maps/UEDPIE_0_ThirdPersonExampleMap.ThirdPersonExampleMap (0.027931s)
[2025.03.25-07.52.46:396][803]LogUObjectHash: Compacting FUObjectHashTables data took   1.73ms
[2025.03.25-07.52.46:397][803]LogAudio: Display: Creating Audio Device:                 Id: 57, Scope: Unique, Realtime: True
[2025.03.25-07.52.46:397][803]LogAudioMixer: Display: Audio Mixer Platform Settings:
[2025.03.25-07.52.46:397][803]LogAudioMixer: Display: 	Sample Rate:						  48000
[2025.03.25-07.52.46:397][803]LogAudioMixer: Display: 	Callback Buffer Frame Size Requested: 1024
[2025.03.25-07.52.46:397][803]LogAudioMixer: Display: 	Callback Buffer Frame Size To Use:	  1024
[2025.03.25-07.52.46:397][803]LogAudioMixer: Display: 	Number of buffers to queue:			  2
[2025.03.25-07.52.46:397][803]LogAudioMixer: Display: 	Max Channels (voices):				  32
[2025.03.25-07.52.46:397][803]LogAudioMixer: Display: 	Number of Async Source Workers:		  0
[2025.03.25-07.52.46:397][803]LogAudio: Display: AudioDevice MaxSources: 32
[2025.03.25-07.52.46:397][803]LogAudio: Display: Audio Spatialization Plugin: None (built-in).
[2025.03.25-07.52.46:397][803]LogAudio: Display: Audio Reverb Plugin: None (built-in).
[2025.03.25-07.52.46:397][803]LogAudio: Display: Audio Occlusion Plugin: None (built-in).
[2025.03.25-07.52.46:397][803]LogAudioMixer: Display: Initializing audio mixer.
[2025.03.25-07.52.46:401][803]LogAudioMixer: Display: 0: FrontLeft
[2025.03.25-07.52.46:401][803]LogAudioMixer: Display: 1: FrontRight
[2025.03.25-07.52.46:440][803]LogAudioMixer: Display: Using Audio Device 扬声器 (适用于 I2S 音频的英特尔® 智音技术)
[2025.03.25-07.52.46:441][803]LogAudioMixer: Display: Initializing Sound Submixes...
[2025.03.25-07.52.46:441][803]LogAudioMixer: Display: Creating Master Submix 'MasterSubmixDefault'
[2025.03.25-07.52.46:441][803]LogAudioMixer: Display: Creating Master Submix 'MasterReverbSubmixDefault'
[2025.03.25-07.52.46:441][803]LogAudioMixer: Display: Creating Master Submix 'MasterEQSubmixDefault'
[2025.03.25-07.52.46:441][803]LogAudioMixer: FMixerPlatformXAudio2::StartAudioStream() called
[2025.03.25-07.52.46:441][803]LogAudioMixer: Display: Output buffers initialized: Frames=1024, Channels=2, Samples=2048
[2025.03.25-07.52.46:442][803]LogAudioMixer: Display: Starting AudioMixerPlatformInterface::RunInternal()
[2025.03.25-07.52.46:442][803]LogAudioMixer: Display: FMixerPlatformXAudio2::SubmitBuffer() called for the first time
[2025.03.25-07.52.46:442][803]LogInit: FAudioDevice initialized.
[2025.03.25-07.52.46:443][803]LogAudio: Display: Audio Device (ID: 57) registered with world 'ThirdPersonExampleMap'.
[2025.03.25-07.52.46:459][803]LogLoad: Game class is 'ThirdPersonGameMode_C'
[2025.03.25-07.52.46:464][803]LogWorld: Bringing World /Game/ThirdPersonBP/Maps/UEDPIE_0_ThirdPersonExampleMap.ThirdPersonExampleMap up for play (max tick rate 60) at 2025.03.25-15.52.46
[2025.03.25-07.52.46:465][803]LogWorld: Bringing up level for play took: 0.004668
[2025.03.25-07.52.46:465][803]LogOnline: OSS: Creating online subsystem instance for: :Context_78
[2025.03.25-07.52.46:468][803]PIE: Server logged in
[2025.03.25-07.52.46:469][803]PIE: Play in editor total start time 0.133 seconds.
[2025.03.25-07.53.02:530][643]LogSlate: Updating window title bar state: overlay mode, drag disabled, window buttons hidden, title bar hidden
[2025.03.25-07.53.02:530][643]LogWorld: BeginTearingDown for /Game/ThirdPersonBP/Maps/UEDPIE_0_ThirdPersonExampleMap
[2025.03.25-07.53.02:530][643]LogWorld: UWorld::CleanupWorld for ThirdPersonExampleMap, bSessionEnded=true, bCleanupResources=true
[2025.03.25-07.53.02:532][643]LogSlate: InvalidateAllWidgets triggered.  All widgets were invalidated
[2025.03.25-07.53.02:561][643]LogPlayLevel: Display: Shutting down PIE online subsystems
[2025.03.25-07.53.02:580][643]LogSlate: InvalidateAllWidgets triggered.  All widgets were invalidated
[2025.03.25-07.53.02:609][643]LogAudio: Display: Audio Device unregistered from world 'None'.
[2025.03.25-07.53.02:609][643]LogAudioMixer: FMixerPlatformXAudio2::StopAudioStream() called
[2025.03.25-07.53.02:610][643]LogAudioMixer: FMixerPlatformXAudio2::StopAudioStream() called
[2025.03.25-07.53.02:614][643]LogSlate: Updating window title bar state: overlay mode, drag disabled, window buttons hidden, title bar hidden
[2025.03.25-07.53.02:617][643]LogUObjectHash: Compacting FUObjectHashTables data took   1.78ms
[2025.03.25-07.53.02:668][644]LogPlayLevel: Display: Destroying online subsystem :Context_78
[2025.03.25-07.53.30:020][799]LogUObjectHash: Compacting FUObjectHashTables data took   3.11ms
[2025.03.25-07.53.30:061][799]LogSavePackage: Moving '../../../../../../project/UE/room_escape/Saved/ThirdPersonExampleMap_Auto5DD2D5EAB43149C959AF71DA5A48EF5BE.tmp' to '../../../../../../project/UE/room_escape/Saved/Autosaves/Game/ThirdPersonBP/Maps/ThirdPersonExampleMap_Auto5.umap'
[2025.03.25-07.53.30:062][799]LogFileHelpers: Editor autosave (incl. external actors) for '/Game/ThirdPersonBP/Maps/ThirdPersonExampleMap' took 0.073
[2025.03.25-07.53.30:062][799]LogFileHelpers: Editor autosave (incl. sublevels & external actors) for all levels took 0.073
[2025.03.25-07.59.58:767][961]BlueprintLog: New page: Compile ThirdPersonExampleMap
[2025.03.25-07.59.58:837][961]LogUObjectHash: Compacting FUObjectHashTables data took   2.26ms
[2025.03.25-07.59.59:644][993]LogTemp: Repeating last play command: Selected Viewport
[2025.03.25-07.59.59:653][993]LogPlayLevel: PlayLevel: No blueprints needed recompiling
[2025.03.25-07.59.59:654][993]PIE: New page: PIE session: ThirdPersonExampleMap (2025年3月25日 下午11:59:59)
[2025.03.25-07.59.59:654][993]LogPlayLevel: Creating play world package: /Game/ThirdPersonBP/Maps/UEDPIE_0_ThirdPersonExampleMap
[2025.03.25-07.59.59:680][993]LogPlayLevel: PIE: StaticDuplicateObject took: (0.026027s)
[2025.03.25-07.59.59:682][993]LogAIModule: Creating AISystem for world ThirdPersonExampleMap
[2025.03.25-07.59.59:683][993]LogPlayLevel: PIE: World Init took: (0.002596s)
[2025.03.25-07.59.59:683][993]LogPlayLevel: PIE: Created PIE world by copying editor world from /Game/ThirdPersonBP/Maps/ThirdPersonExampleMap.ThirdPersonExampleMap to /Game/ThirdPersonBP/Maps/UEDPIE_0_ThirdPersonExampleMap.ThirdPersonExampleMap (0.028878s)
[2025.03.25-07.59.59:711][993]LogUObjectHash: Compacting FUObjectHashTables data took   1.72ms
[2025.03.25-07.59.59:712][993]LogAudio: Display: Creating Audio Device:                 Id: 58, Scope: Unique, Realtime: True
[2025.03.25-07.59.59:712][993]LogAudioMixer: Display: Audio Mixer Platform Settings:
[2025.03.25-07.59.59:712][993]LogAudioMixer: Display: 	Sample Rate:						  48000
[2025.03.25-07.59.59:712][993]LogAudioMixer: Display: 	Callback Buffer Frame Size Requested: 1024
[2025.03.25-07.59.59:712][993]LogAudioMixer: Display: 	Callback Buffer Frame Size To Use:	  1024
[2025.03.25-07.59.59:712][993]LogAudioMixer: Display: 	Number of buffers to queue:			  2
[2025.03.25-07.59.59:712][993]LogAudioMixer: Display: 	Max Channels (voices):				  32
[2025.03.25-07.59.59:712][993]LogAudioMixer: Display: 	Number of Async Source Workers:		  0
[2025.03.25-07.59.59:712][993]LogAudio: Display: AudioDevice MaxSources: 32
[2025.03.25-07.59.59:712][993]LogAudio: Display: Audio Spatialization Plugin: None (built-in).
[2025.03.25-07.59.59:712][993]LogAudio: Display: Audio Reverb Plugin: None (built-in).
[2025.03.25-07.59.59:712][993]LogAudio: Display: Audio Occlusion Plugin: None (built-in).
[2025.03.25-07.59.59:712][993]LogAudioMixer: Display: Initializing audio mixer.
[2025.03.25-07.59.59:715][993]LogAudioMixer: Display: 0: FrontLeft
[2025.03.25-07.59.59:715][993]LogAudioMixer: Display: 1: FrontRight
[2025.03.25-07.59.59:750][993]LogAudioMixer: Display: Using Audio Device 扬声器 (适用于 I2S 音频的英特尔® 智音技术)
[2025.03.25-07.59.59:750][993]LogAudioMixer: Display: Initializing Sound Submixes...
[2025.03.25-07.59.59:750][993]LogAudioMixer: Display: Creating Master Submix 'MasterSubmixDefault'
[2025.03.25-07.59.59:750][993]LogAudioMixer: Display: Creating Master Submix 'MasterReverbSubmixDefault'
[2025.03.25-07.59.59:751][993]LogAudioMixer: Display: Creating Master Submix 'MasterEQSubmixDefault'
[2025.03.25-07.59.59:751][993]LogAudioMixer: FMixerPlatformXAudio2::StartAudioStream() called
[2025.03.25-07.59.59:751][993]LogAudioMixer: Display: Output buffers initialized: Frames=1024, Channels=2, Samples=2048
[2025.03.25-07.59.59:751][993]LogAudioMixer: Display: Starting AudioMixerPlatformInterface::RunInternal()
[2025.03.25-07.59.59:752][993]LogAudioMixer: Display: FMixerPlatformXAudio2::SubmitBuffer() called for the first time
[2025.03.25-07.59.59:752][993]LogInit: FAudioDevice initialized.
[2025.03.25-07.59.59:752][993]LogAudio: Display: Audio Device (ID: 58) registered with world 'ThirdPersonExampleMap'.
[2025.03.25-07.59.59:767][993]LogLoad: Game class is 'ThirdPersonGameMode_C'
[2025.03.25-07.59.59:771][993]LogWorld: Bringing World /Game/ThirdPersonBP/Maps/UEDPIE_0_ThirdPersonExampleMap.ThirdPersonExampleMap up for play (max tick rate 60) at 2025.03.25-15.59.59
[2025.03.25-07.59.59:772][993]LogWorld: Bringing up level for play took: 0.004444
[2025.03.25-07.59.59:772][993]LogOnline: OSS: Creating online subsystem instance for: :Context_79
[2025.03.25-07.59.59:774][993]PIE: Server logged in
[2025.03.25-07.59.59:776][993]PIE: Play in editor total start time 0.124 seconds.
[2025.03.25-08.00.06:347][364]LogSlate: Updating window title bar state: overlay mode, drag disabled, window buttons hidden, title bar hidden
[2025.03.25-08.00.06:347][364]LogWorld: BeginTearingDown for /Game/ThirdPersonBP/Maps/UEDPIE_0_ThirdPersonExampleMap
[2025.03.25-08.00.06:347][364]LogWorld: UWorld::CleanupWorld for ThirdPersonExampleMap, bSessionEnded=true, bCleanupResources=true
[2025.03.25-08.00.06:348][364]LogSlate: InvalidateAllWidgets triggered.  All widgets were invalidated
[2025.03.25-08.00.06:367][364]LogPlayLevel: Display: Shutting down PIE online subsystems
[2025.03.25-08.00.06:380][364]LogSlate: InvalidateAllWidgets triggered.  All widgets were invalidated
[2025.03.25-08.00.06:402][364]LogAudio: Display: Audio Device unregistered from world 'None'.
[2025.03.25-08.00.06:402][364]LogAudioMixer: FMixerPlatformXAudio2::StopAudioStream() called
[2025.03.25-08.00.06:404][364]LogAudioMixer: FMixerPlatformXAudio2::StopAudioStream() called
[2025.03.25-08.00.06:406][364]LogSlate: Updating window title bar state: overlay mode, drag disabled, window buttons hidden, title bar hidden
[2025.03.25-08.00.06:410][364]LogUObjectHash: Compacting FUObjectHashTables data took   1.42ms
[2025.03.25-08.00.06:453][365]LogPlayLevel: Display: Destroying online subsystem :Context_79
[2025.03.25-08.00.07:643][421]Cmd: SELECT NONE
[2025.03.25-08.02.37:487][324]LogTemp: Repeating last play command: Selected Viewport
[2025.03.25-08.02.37:498][324]LogPlayLevel: PlayLevel: No blueprints needed recompiling
[2025.03.25-08.02.37:501][324]PIE: New page: PIE session: ThirdPersonExampleMap (2025年3月26日 上午12:02:37)
[2025.03.25-08.02.37:501][324]LogPlayLevel: Creating play world package: /Game/ThirdPersonBP/Maps/UEDPIE_0_ThirdPersonExampleMap
[2025.03.25-08.02.37:522][324]LogPlayLevel: PIE: StaticDuplicateObject took: (0.020494s)
[2025.03.25-08.02.37:524][324]LogAIModule: Creating AISystem for world ThirdPersonExampleMap
[2025.03.25-08.02.37:524][324]LogPlayLevel: PIE: World Init took: (0.001706s)
[2025.03.25-08.02.37:524][324]LogPlayLevel: PIE: Created PIE world by copying editor world from /Game/ThirdPersonBP/Maps/ThirdPersonExampleMap.ThirdPersonExampleMap to /Game/ThirdPersonBP/Maps/UEDPIE_0_ThirdPersonExampleMap.ThirdPersonExampleMap (0.022425s)
[2025.03.25-08.02.37:552][324]LogUObjectHash: Compacting FUObjectHashTables data took   1.70ms
[2025.03.25-08.02.37:556][324]LogAudio: Display: Creating Audio Device:                 Id: 59, Scope: Unique, Realtime: True
[2025.03.25-08.02.37:556][324]LogAudioMixer: Display: Audio Mixer Platform Settings:
[2025.03.25-08.02.37:556][324]LogAudioMixer: Display: 	Sample Rate:						  48000
[2025.03.25-08.02.37:556][324]LogAudioMixer: Display: 	Callback Buffer Frame Size Requested: 1024
[2025.03.25-08.02.37:556][324]LogAudioMixer: Display: 	Callback Buffer Frame Size To Use:	  1024
[2025.03.25-08.02.37:556][324]LogAudioMixer: Display: 	Number of buffers to queue:			  2
[2025.03.25-08.02.37:556][324]LogAudioMixer: Display: 	Max Channels (voices):				  32
[2025.03.25-08.02.37:556][324]LogAudioMixer: Display: 	Number of Async Source Workers:		  0
[2025.03.25-08.02.37:556][324]LogAudio: Display: AudioDevice MaxSources: 32
[2025.03.25-08.02.37:556][324]LogAudio: Display: Audio Spatialization Plugin: None (built-in).
[2025.03.25-08.02.37:556][324]LogAudio: Display: Audio Reverb Plugin: None (built-in).
[2025.03.25-08.02.37:556][324]LogAudio: Display: Audio Occlusion Plugin: None (built-in).
[2025.03.25-08.02.37:556][324]LogAudioMixer: Display: Initializing audio mixer.
[2025.03.25-08.02.37:559][324]LogAudioMixer: Display: 0: FrontLeft
[2025.03.25-08.02.37:559][324]LogAudioMixer: Display: 1: FrontRight
[2025.03.25-08.02.37:595][324]LogAudioMixer: Display: Using Audio Device 扬声器 (适用于 I2S 音频的英特尔® 智音技术)
[2025.03.25-08.02.37:595][324]LogAudioMixer: Display: Initializing Sound Submixes...
[2025.03.25-08.02.37:595][324]LogAudioMixer: Display: Creating Master Submix 'MasterSubmixDefault'
[2025.03.25-08.02.37:595][324]LogAudioMixer: Display: Creating Master Submix 'MasterReverbSubmixDefault'
[2025.03.25-08.02.37:596][324]LogAudioMixer: Display: Creating Master Submix 'MasterEQSubmixDefault'
[2025.03.25-08.02.37:596][324]LogAudioMixer: FMixerPlatformXAudio2::StartAudioStream() called
[2025.03.25-08.02.37:596][324]LogAudioMixer: Display: Output buffers initialized: Frames=1024, Channels=2, Samples=2048
[2025.03.25-08.02.37:597][324]LogAudioMixer: Display: Starting AudioMixerPlatformInterface::RunInternal()
[2025.03.25-08.02.37:597][324]LogAudioMixer: Display: FMixerPlatformXAudio2::SubmitBuffer() called for the first time
[2025.03.25-08.02.37:597][324]LogInit: FAudioDevice initialized.
[2025.03.25-08.02.37:597][324]LogAudio: Display: Audio Device (ID: 59) registered with world 'ThirdPersonExampleMap'.
[2025.03.25-08.02.37:603][324]LogLoad: Game class is 'ThirdPersonGameMode_C'
[2025.03.25-08.02.37:606][324]LogWorld: Bringing World /Game/ThirdPersonBP/Maps/UEDPIE_0_ThirdPersonExampleMap.ThirdPersonExampleMap up for play (max tick rate 60) at 2025.03.25-16.02.37
[2025.03.25-08.02.37:607][324]LogWorld: Bringing up level for play took: 0.003165
[2025.03.25-08.02.37:607][324]LogOnline: OSS: Creating online subsystem instance for: :Context_80
[2025.03.25-08.02.37:609][324]PIE: Server logged in
[2025.03.25-08.02.37:610][324]PIE: Play in editor total start time 0.114 seconds.
[2025.03.25-08.02.46:177][812]LogSlate: Updating window title bar state: overlay mode, drag disabled, window buttons hidden, title bar hidden
[2025.03.25-08.02.46:177][812]LogWorld: BeginTearingDown for /Game/ThirdPersonBP/Maps/UEDPIE_0_ThirdPersonExampleMap
[2025.03.25-08.02.46:177][812]LogWorld: UWorld::CleanupWorld for ThirdPersonExampleMap, bSessionEnded=true, bCleanupResources=true
[2025.03.25-08.02.46:178][812]LogSlate: InvalidateAllWidgets triggered.  All widgets were invalidated
[2025.03.25-08.02.46:195][812]LogPlayLevel: Display: Shutting down PIE online subsystems
[2025.03.25-08.02.46:200][812]LogSlate: InvalidateAllWidgets triggered.  All widgets were invalidated
[2025.03.25-08.02.46:227][812]LogSlate: Updating window title bar state: overlay mode, drag disabled, window buttons hidden, title bar hidden
[2025.03.25-08.02.46:227][812]LogAudioMixer: FMixerPlatformXAudio2::StopAudioStream() called
[2025.03.25-08.02.46:228][812]LogAudioMixer: FMixerPlatformXAudio2::StopAudioStream() called
[2025.03.25-08.02.46:238][812]LogUObjectHash: Compacting FUObjectHashTables data took   3.44ms
[2025.03.25-08.02.46:274][813]LogPlayLevel: Display: Destroying online subsystem :Context_80
[2025.03.25-08.03.45:736][912]LogUObjectHash: Compacting FUObjectHashTables data took   1.55ms
[2025.03.25-08.03.45:779][912]LogSavePackage: Moving '../../../../../../project/UE/room_escape/Saved/ThirdPersonExampleMap_Auto6DD0FA369462F7BBFD9E3E482B3B48640.tmp' to '../../../../../../project/UE/room_escape/Saved/Autosaves/Game/ThirdPersonBP/Maps/ThirdPersonExampleMap_Auto6.umap'
[2025.03.25-08.03.45:780][912]LogFileHelpers: Editor autosave (incl. external actors) for '/Game/ThirdPersonBP/Maps/ThirdPersonExampleMap' took 0.071
[2025.03.25-08.03.45:780][912]LogFileHelpers: Editor autosave (incl. sublevels & external actors) for all levels took 0.071
[2025.03.25-08.04.19:110][145]LogTemp: Repeating last play command: Selected Viewport
[2025.03.25-08.04.19:117][145]LogPlayLevel: PlayLevel: No blueprints needed recompiling
[2025.03.25-08.04.19:117][145]PIE: New page: PIE session: ThirdPersonExampleMap (2025年3月26日 上午12:04:19)
[2025.03.25-08.04.19:117][145]LogPlayLevel: Creating play world package: /Game/ThirdPersonBP/Maps/UEDPIE_0_ThirdPersonExampleMap
[2025.03.25-08.04.19:133][145]LogPlayLevel: PIE: StaticDuplicateObject took: (0.016558s)
[2025.03.25-08.04.19:134][145]LogAIModule: Creating AISystem for world ThirdPersonExampleMap
[2025.03.25-08.04.19:134][145]LogPlayLevel: PIE: World Init took: (0.001305s)
[2025.03.25-08.04.19:134][145]LogPlayLevel: PIE: Created PIE world by copying editor world from /Game/ThirdPersonBP/Maps/ThirdPersonExampleMap.ThirdPersonExampleMap to /Game/ThirdPersonBP/Maps/UEDPIE_0_ThirdPersonExampleMap.ThirdPersonExampleMap (0.018024s)
[2025.03.25-08.04.19:170][145]LogUObjectHash: Compacting FUObjectHashTables data took   4.19ms
[2025.03.25-08.04.19:172][145]LogAudio: Display: Creating Audio Device:                 Id: 60, Scope: Unique, Realtime: True
[2025.03.25-08.04.19:173][145]LogAudioMixer: Display: Audio Mixer Platform Settings:
[2025.03.25-08.04.19:173][145]LogAudioMixer: Display: 	Sample Rate:						  48000
[2025.03.25-08.04.19:173][145]LogAudioMixer: Display: 	Callback Buffer Frame Size Requested: 1024
[2025.03.25-08.04.19:173][145]LogAudioMixer: Display: 	Callback Buffer Frame Size To Use:	  1024
[2025.03.25-08.04.19:173][145]LogAudioMixer: Display: 	Number of buffers to queue:			  2
[2025.03.25-08.04.19:173][145]LogAudioMixer: Display: 	Max Channels (voices):				  32
[2025.03.25-08.04.19:173][145]LogAudioMixer: Display: 	Number of Async Source Workers:		  0
[2025.03.25-08.04.19:173][145]LogAudio: Display: AudioDevice MaxSources: 32
[2025.03.25-08.04.19:173][145]LogAudio: Display: Audio Spatialization Plugin: None (built-in).
[2025.03.25-08.04.19:173][145]LogAudio: Display: Audio Reverb Plugin: None (built-in).
[2025.03.25-08.04.19:173][145]LogAudio: Display: Audio Occlusion Plugin: None (built-in).
[2025.03.25-08.04.19:173][145]LogAudioMixer: Display: Initializing audio mixer.
[2025.03.25-08.04.19:177][145]LogAudioMixer: Display: 0: FrontLeft
[2025.03.25-08.04.19:177][145]LogAudioMixer: Display: 1: FrontRight
[2025.03.25-08.04.19:215][145]LogAudioMixer: Display: Using Audio Device 扬声器 (适用于 I2S 音频的英特尔® 智音技术)
[2025.03.25-08.04.19:215][145]LogAudioMixer: Display: Initializing Sound Submixes...
[2025.03.25-08.04.19:215][145]LogAudioMixer: Display: Creating Master Submix 'MasterSubmixDefault'
[2025.03.25-08.04.19:215][145]LogAudioMixer: Display: Creating Master Submix 'MasterReverbSubmixDefault'
[2025.03.25-08.04.19:215][145]LogAudioMixer: Display: Creating Master Submix 'MasterEQSubmixDefault'
[2025.03.25-08.04.19:215][145]LogAudioMixer: FMixerPlatformXAudio2::StartAudioStream() called
[2025.03.25-08.04.19:215][145]LogAudioMixer: Display: Output buffers initialized: Frames=1024, Channels=2, Samples=2048
[2025.03.25-08.04.19:216][145]LogAudioMixer: Display: Starting AudioMixerPlatformInterface::RunInternal()
[2025.03.25-08.04.19:216][145]LogAudioMixer: Display: FMixerPlatformXAudio2::SubmitBuffer() called for the first time
[2025.03.25-08.04.19:216][145]LogInit: FAudioDevice initialized.
[2025.03.25-08.04.19:216][145]LogAudio: Display: Audio Device (ID: 60) registered with world 'ThirdPersonExampleMap'.
[2025.03.25-08.04.19:227][145]LogLoad: Game class is 'ThirdPersonGameMode_C'
[2025.03.25-08.04.19:231][145]LogWorld: Bringing World /Game/ThirdPersonBP/Maps/UEDPIE_0_ThirdPersonExampleMap.ThirdPersonExampleMap up for play (max tick rate 60) at 2025.03.25-16.04.19
[2025.03.25-08.04.19:232][145]LogWorld: Bringing up level for play took: 0.004460
[2025.03.25-08.04.19:232][145]LogOnline: OSS: Creating online subsystem instance for: :Context_81
[2025.03.25-08.04.19:234][145]PIE: Server logged in
[2025.03.25-08.04.19:234][145]PIE: Play in editor total start time 0.12 seconds.
[2025.03.25-08.04.22:228][320]LogSlate: Updating window title bar state: overlay mode, drag disabled, window buttons hidden, title bar hidden
[2025.03.25-08.04.22:228][320]LogWorld: BeginTearingDown for /Game/ThirdPersonBP/Maps/UEDPIE_0_ThirdPersonExampleMap
[2025.03.25-08.04.22:228][320]LogWorld: UWorld::CleanupWorld for ThirdPersonExampleMap, bSessionEnded=true, bCleanupResources=true
[2025.03.25-08.04.22:229][320]LogSlate: InvalidateAllWidgets triggered.  All widgets were invalidated
[2025.03.25-08.04.22:254][320]LogPlayLevel: Display: Shutting down PIE online subsystems
[2025.03.25-08.04.22:258][320]LogSlate: InvalidateAllWidgets triggered.  All widgets were invalidated
[2025.03.25-08.04.22:280][320]LogSlate: Updating window title bar state: overlay mode, drag disabled, window buttons hidden, title bar hidden
[2025.03.25-08.04.22:280][320]LogAudioMixer: FMixerPlatformXAudio2::StopAudioStream() called
[2025.03.25-08.04.22:281][320]LogAudioMixer: FMixerPlatformXAudio2::StopAudioStream() called
[2025.03.25-08.04.22:287][320]LogUObjectHash: Compacting FUObjectHashTables data took   1.18ms
[2025.03.25-08.04.22:307][321]LogPlayLevel: Display: Destroying online subsystem :Context_81
[2025.03.25-08.04.23:306][348]LogUObjectHash: Compacting FUObjectHashTables data took   3.69ms
[2025.03.25-08.04.24:796][348]LogSlate: Window 'Save Content' being destroyed
[2025.03.25-08.04.24:840][348]Cmd: OBJ SAVEPACKAGE PACKAGE="/Game/BP/Second/BP_Button" FILE="../../../../../../project/UE/room_escape/Content/BP/Second/BP_Button.uasset" SILENT=true
[2025.03.25-08.04.24:858][348]LogSavePackage: Moving '../../../../../../project/UE/room_escape/Saved/BP_Button9CC9127C47EBBE2E861ADCB4C19E8DCE.tmp' to '../../../../../../project/UE/room_escape/Content/BP/Second/BP_Button.uasset'
[2025.03.25-08.04.24:860][348]Cmd: OBJ SAVEPACKAGE PACKAGE="/Game/BP/Second/BP_MagicWall" FILE="../../../../../../project/UE/room_escape/Content/BP/Second/BP_MagicWall.uasset" SILENT=true
[2025.03.25-08.04.24:871][348]LogSavePackage: Moving '../../../../../../project/UE/room_escape/Saved/BP_MagicWallD2A72C784A19B4195FCD97B3A4D84182.tmp' to '../../../../../../project/UE/room_escape/Content/BP/Second/BP_MagicWall.uasset'
[2025.03.25-08.04.24:871][348]Cmd: OBJ SAVEPACKAGE PACKAGE="/Game/BP/Second/BP_Table" FILE="../../../../../../project/UE/room_escape/Content/BP/Second/BP_Table.uasset" SILENT=true
[2025.03.25-08.04.24:887][348]LogSavePackage: Moving '../../../../../../project/UE/room_escape/Saved/BP_Table9F1CE381418A2ABB1A102384812EF726.tmp' to '../../../../../../project/UE/room_escape/Content/BP/Second/BP_Table.uasset'
[2025.03.25-08.04.24:919][348]LogUObjectHash: Compacting FUObjectHashTables data took   0.39ms
[2025.03.25-08.04.24:957][348]LogSavePackage: Moving '../../../../../../project/UE/room_escape/Saved/ThirdPersonExampleMap175C85284CC39FE444481B96CF602016.tmp' to '../../../../../../project/UE/room_escape/Content/ThirdPersonBP/Maps/ThirdPersonExampleMap.umap'
[2025.03.25-08.04.25:070][348]LogFileHelpers: Saving map 'ThirdPersonExampleMap' took 0.182
[2025.03.25-08.04.25:099][348]AssetCheck: New page: Asset Save: multiple assets
[2025.03.25-08.04.25:099][348]LogContentValidation: Display: Validating Blueprint /Game/BP/Second/BP_Button.BP_Button
[2025.03.25-08.04.25:100][348]LogContentValidation: Display: Validating Blueprint /Game/BP/Second/BP_MagicWall.BP_MagicWall
[2025.03.25-08.04.25:100][348]LogContentValidation: Display: Validating Blueprint /Game/BP/Second/BP_Table.BP_Table
[2025.03.25-08.04.25:100][348]LogContentValidation: Display: Validating World /Game/ThirdPersonBP/Maps/ThirdPersonExampleMap.ThirdPersonExampleMap
[2025.03.25-08.04.32:160][653]LogTemp: Repeating last play command: Selected Viewport
[2025.03.25-08.04.32:169][653]LogPlayLevel: PlayLevel: No blueprints needed recompiling
[2025.03.25-08.04.32:169][653]PIE: New page: PIE session: ThirdPersonExampleMap (2025年3月26日 上午12:04:32)
[2025.03.25-08.04.32:169][653]LogPlayLevel: Creating play world package: /Game/ThirdPersonBP/Maps/UEDPIE_0_ThirdPersonExampleMap
[2025.03.25-08.04.32:198][653]LogPlayLevel: PIE: StaticDuplicateObject took: (0.028755s)
[2025.03.25-08.04.32:200][653]LogAIModule: Creating AISystem for world ThirdPersonExampleMap
[2025.03.25-08.04.32:200][653]LogPlayLevel: PIE: World Init took: (0.001799s)
[2025.03.25-08.04.32:200][653]LogPlayLevel: PIE: Created PIE world by copying editor world from /Game/ThirdPersonBP/Maps/ThirdPersonExampleMap.ThirdPersonExampleMap to /Game/ThirdPersonBP/Maps/UEDPIE_0_ThirdPersonExampleMap.ThirdPersonExampleMap (0.030744s)
[2025.03.25-08.04.32:229][653]LogUObjectHash: Compacting FUObjectHashTables data took   1.81ms
[2025.03.25-08.04.32:236][653]LogAudio: Display: Creating Audio Device:                 Id: 61, Scope: Unique, Realtime: True
[2025.03.25-08.04.32:236][653]LogAudioMixer: Display: Audio Mixer Platform Settings:
[2025.03.25-08.04.32:236][653]LogAudioMixer: Display: 	Sample Rate:						  48000
[2025.03.25-08.04.32:236][653]LogAudioMixer: Display: 	Callback Buffer Frame Size Requested: 1024
[2025.03.25-08.04.32:236][653]LogAudioMixer: Display: 	Callback Buffer Frame Size To Use:	  1024
[2025.03.25-08.04.32:236][653]LogAudioMixer: Display: 	Number of buffers to queue:			  2
[2025.03.25-08.04.32:236][653]LogAudioMixer: Display: 	Max Channels (voices):				  32
[2025.03.25-08.04.32:236][653]LogAudioMixer: Display: 	Number of Async Source Workers:		  0
[2025.03.25-08.04.32:236][653]LogAudio: Display: AudioDevice MaxSources: 32
[2025.03.25-08.04.32:236][653]LogAudio: Display: Audio Spatialization Plugin: None (built-in).
[2025.03.25-08.04.32:236][653]LogAudio: Display: Audio Reverb Plugin: None (built-in).
[2025.03.25-08.04.32:236][653]LogAudio: Display: Audio Occlusion Plugin: None (built-in).
[2025.03.25-08.04.32:236][653]LogAudioMixer: Display: Initializing audio mixer.
[2025.03.25-08.04.32:238][653]LogAudioMixer: Display: 0: FrontLeft
[2025.03.25-08.04.32:238][653]LogAudioMixer: Display: 1: FrontRight
[2025.03.25-08.04.32:273][653]LogAudioMixer: Display: Using Audio Device 扬声器 (适用于 I2S 音频的英特尔® 智音技术)
[2025.03.25-08.04.32:274][653]LogAudioMixer: Display: Initializing Sound Submixes...
[2025.03.25-08.04.32:274][653]LogAudioMixer: Display: Creating Master Submix 'MasterSubmixDefault'
[2025.03.25-08.04.32:274][653]LogAudioMixer: Display: Creating Master Submix 'MasterReverbSubmixDefault'
[2025.03.25-08.04.32:274][653]LogAudioMixer: Display: Creating Master Submix 'MasterEQSubmixDefault'
[2025.03.25-08.04.32:274][653]LogAudioMixer: FMixerPlatformXAudio2::StartAudioStream() called
[2025.03.25-08.04.32:274][653]LogAudioMixer: Display: Output buffers initialized: Frames=1024, Channels=2, Samples=2048
[2025.03.25-08.04.32:275][653]LogAudioMixer: Display: Starting AudioMixerPlatformInterface::RunInternal()
[2025.03.25-08.04.32:275][653]LogAudioMixer: Display: FMixerPlatformXAudio2::SubmitBuffer() called for the first time
[2025.03.25-08.04.32:275][653]LogInit: FAudioDevice initialized.
[2025.03.25-08.04.32:276][653]LogAudio: Display: Audio Device (ID: 61) registered with world 'ThirdPersonExampleMap'.
[2025.03.25-08.04.32:281][653]LogLoad: Game class is 'ThirdPersonGameMode_C'
[2025.03.25-08.04.32:285][653]LogWorld: Bringing World /Game/ThirdPersonBP/Maps/UEDPIE_0_ThirdPersonExampleMap.ThirdPersonExampleMap up for play (max tick rate 60) at 2025.03.25-16.04.32
[2025.03.25-08.04.32:285][653]LogWorld: Bringing up level for play took: 0.003355
[2025.03.25-08.04.32:285][653]LogOnline: OSS: Creating online subsystem instance for: :Context_82
[2025.03.25-08.04.32:288][653]PIE: Server logged in
[2025.03.25-08.04.32:289][653]PIE: Play in editor total start time 0.123 seconds.
[2025.03.25-08.04.41:196][178]LogSlate: Updating window title bar state: overlay mode, drag disabled, window buttons hidden, title bar hidden
[2025.03.25-08.04.41:196][178]LogWorld: BeginTearingDown for /Game/ThirdPersonBP/Maps/UEDPIE_0_ThirdPersonExampleMap
[2025.03.25-08.04.41:196][178]LogWorld: UWorld::CleanupWorld for ThirdPersonExampleMap, bSessionEnded=true, bCleanupResources=true
[2025.03.25-08.04.41:197][178]LogSlate: InvalidateAllWidgets triggered.  All widgets were invalidated
[2025.03.25-08.04.41:216][178]LogPlayLevel: Display: Shutting down PIE online subsystems
[2025.03.25-08.04.41:219][178]LogSlate: InvalidateAllWidgets triggered.  All widgets were invalidated
[2025.03.25-08.04.41:242][178]LogAudio: Display: Audio Device unregistered from world 'None'.
[2025.03.25-08.04.41:242][178]LogAudioMixer: FMixerPlatformXAudio2::StopAudioStream() called
[2025.03.25-08.04.41:243][178]LogAudioMixer: FMixerPlatformXAudio2::StopAudioStream() called
[2025.03.25-08.04.41:246][178]LogSlate: Updating window title bar state: overlay mode, drag disabled, window buttons hidden, title bar hidden
[2025.03.25-08.04.41:250][178]LogUObjectHash: Compacting FUObjectHashTables data took   1.71ms
[2025.03.25-08.04.41:268][179]LogPlayLevel: Display: Destroying online subsystem :Context_82
[2025.03.25-08.07.57:964][121]LogAudioMixer: Warning: Changing default audio render device to new device: {0.0.0.00000000}.{28889e13-a039-4157-b81b-f8eed91d53ed}.
[2025.03.25-08.07.57:964][121]LogAudioMixer: Resetting audio stream to device id 
[2025.03.25-08.07.58:006][121]LogAudioMixer: Display: 0: FrontLeft
[2025.03.25-08.07.58:006][121]LogAudioMixer: Display: 1: FrontRight
[2025.03.25-08.26.55:824][505]LogAudioMixer: Warning: Changing default audio render device to new device: {0.0.0.00000000}.{9cd014f6-e44b-4026-ac05-e666d50ce081}.
[2025.03.25-08.26.55:824][505]LogAudioMixer: Resetting audio stream to device id 
[2025.03.25-08.26.55:859][505]LogAudioMixer: Display: 0: FrontLeft
[2025.03.25-08.26.55:859][505]LogAudioMixer: Display: 1: FrontRight
[2025.03.25-08.26.58:117][506]LogAudioMixer: Resetting audio stream to device id 
[2025.03.25-08.26.58:154][506]LogAudioMixer: Display: 0: FrontLeft
[2025.03.25-08.26.58:154][506]LogAudioMixer: Display: 1: FrontRight
[2025.03.25-09.52.00:337][606]LogAudioMixer: Warning: Changing default audio render device to new device: {0.0.0.00000000}.{28889e13-a039-4157-b81b-f8eed91d53ed}.
[2025.03.25-09.52.00:338][606]LogAudioMixer: Resetting audio stream to device id 
[2025.03.25-09.52.00:359][606]LogAudioMixer: Display: 0: FrontLeft
[2025.03.25-09.52.00:359][606]LogAudioMixer: Display: 1: FrontRight
[2025.03.25-09.55.45:198][272]LogAudioMixer: Warning: Changing default audio render device to new device: {0.0.0.00000000}.{9cd014f6-e44b-4026-ac05-e666d50ce081}.
[2025.03.25-09.55.45:198][272]LogAudioMixer: Resetting audio stream to device id 
[2025.03.25-09.55.45:213][272]LogAudioMixer: Display: 0: FrontLeft
[2025.03.25-09.55.45:213][272]LogAudioMixer: Display: 1: FrontRight
[2025.03.25-09.55.47:499][274]LogAudioMixer: Warning: Changing default audio render device to new device: {0.0.0.00000000}.{9cd014f6-e44b-4026-ac05-e666d50ce081}.
[2025.03.25-09.55.47:499][274]LogAudioMixer: Resetting audio stream to device id 
[2025.03.25-09.55.47:510][274]LogAudioMixer: Display: 0: FrontLeft
[2025.03.25-09.55.47:510][274]LogAudioMixer: Display: 1: FrontRight
[2025.03.25-10.01.35:006][304]LogAudioMixer: Display: Audio Buffer Underrun (starvation) detected.
