Log file open, 03/24/25 08:58:12
LogWindows: Failed to load 'aqProf.dll' (GetLastError=126)
LogWindows: File 'aqProf.dll' does not exist
LogWindows: Failed to load 'VtuneApi.dll' (GetLastError=126)
LogWindows: File 'VtuneApi.dll' does not exist
LogWindows: Failed to load 'VtuneApi32e.dll' (GetLastError=126)
LogWindows: File 'VtuneApi32e.dll' does not exist
LogConsoleResponse: Display: Failed to find resolution value strings in scalability ini. Falling back to default.
LogConsoleResponse: Display: Failed to find resolution value strings in scalability ini. Falling back to default.
LogInit: Display: Running engine for game: room_escape
LogPlatformFile: Not using cached read wrapper
LogTaskGraph: Started task graph with 5 named threads and 23 total threads with 3 sets of task threads.
LogStats: Stats thread started at 0.347912
LogICUInternationalization: ICU TimeZone Detection - Raw Offset: +8:00, Platform Override: ''
LogInit: Display: Loading text-based GConfig....
LogPluginManager: Mounting plugin MeshPainting
LogPluginManager: Mounting plugin XGEController
LogPluginManager: Mounting plugin AISupport
LogPluginManager: Mounting plugin Paper2D
LogPluginManager: Mounting plugin EnvironmentQueryEditor
LogPluginManager: Mounting plugin LiveLink
LogPluginManager: Mounting plugin LightPropagationVolume
LogPluginManager: Mounting plugin GameplayCameras
LogPluginManager: Mounting plugin CameraShakePreviewer
LogPluginManager: Mounting plugin AnimationSharing
LogPluginManager: Mounting plugin CLionSourceCodeAccess
LogPluginManager: Mounting plugin CodeLiteSourceCodeAccess
LogPluginManager: Mounting plugin GitSourceControl
LogPluginManager: Mounting plugin KDevelopSourceCodeAccess
LogPluginManager: Mounting plugin NullSourceCodeAccess
LogPluginManager: Mounting plugin PixWinPlugin
LogPluginManager: Mounting plugin PerforceSourceControl
LogPluginManager: Mounting plugin PlasticSourceControl
LogPluginManager: Mounting plugin PropertyAccessNode
LogPluginManager: Mounting plugin PluginUtils
LogPluginManager: Mounting plugin RiderSourceCodeAccess
LogPluginManager: Mounting plugin TextureFormatOodle
LogPluginManager: Mounting plugin UObjectPlugin
LogPluginManager: Mounting plugin SubversionSourceControl
LogPluginManager: Mounting plugin VisualStudioCodeSourceCodeAccess
LogPluginManager: Mounting plugin VisualStudioSourceCodeAccess
LogPluginManager: Mounting plugin OodleData
LogPluginManager: Mounting plugin XCodeSourceCodeAccess
LogPluginManager: Mounting plugin AssetManagerEditor
LogPluginManager: Mounting plugin CryptoKeys
LogPluginManager: Mounting plugin CurveEditorTools
LogPluginManager: Mounting plugin DataValidation
LogPluginManager: Mounting plugin GameplayTagsEditor
LogPluginManager: Mounting plugin FacialAnimation
LogPluginManager: Mounting plugin GeometryMode
LogPluginManager: Mounting plugin MacGraphicsSwitching
LogPluginManager: Mounting plugin MaterialAnalyzer
LogPluginManager: Mounting plugin PluginBrowser
LogPluginManager: Mounting plugin MobileLauncherProfileWizard
LogPluginManager: Mounting plugin SpeedTreeImporter
LogPluginManager: Mounting plugin DatasmithContent
LogPluginManager: Mounting plugin VariantManagerContent
LogPluginManager: Mounting plugin AlembicImporter
LogPluginManager: Mounting plugin AutomationUtils
LogPluginManager: Mounting plugin BackChannel
LogPluginManager: Mounting plugin ChaosCloth
LogPluginManager: Mounting plugin ChaosClothEditor
LogPluginManager: Mounting plugin ChaosNiagara
LogPluginManager: Mounting plugin ChaosSolverPlugin
LogPluginManager: Mounting plugin ChaosEditor
LogPluginManager: Mounting plugin CharacterAI
LogPluginManager: Mounting plugin GeometryCache
LogPluginManager: Mounting plugin GeometryCollectionPlugin
LogPluginManager: Mounting plugin GeometryProcessing
LogPluginManager: Mounting plugin OpenImageDenoise
LogPluginManager: Mounting plugin MotoSynth
LogPluginManager: Mounting plugin PlanarCut
LogPluginManager: Mounting plugin PlatformCrypto
LogPluginManager: Mounting plugin ProxyLODPlugin
LogPluginManager: Mounting plugin PythonScriptPlugin
LogPluginManager: Mounting plugin SkeletalReduction
LogPluginManager: Mounting plugin Niagara
LogPluginManager: Mounting plugin LuminPlatformFeatures
LogPluginManager: Mounting plugin MagicLeap
LogPluginManager: Mounting plugin MagicLeapLightEstimation
LogPluginManager: Mounting plugin MagicLeapMedia
LogPluginManager: Mounting plugin MagicLeapPassableWorld
LogPluginManager: Mounting plugin MLSDK
LogPluginManager: Mounting plugin AndroidMedia
LogPluginManager: Mounting plugin AvfMedia
LogPluginManager: Mounting plugin ImgMedia
LogPluginManager: Mounting plugin MediaCompositing
LogPluginManager: Mounting plugin MediaPlayerEditor
LogPluginManager: Mounting plugin WebMMedia
LogPluginManager: Mounting plugin WmfMedia
LogPluginManager: Mounting plugin TcpMessaging
LogPluginManager: Mounting plugin ActorSequence
LogPluginManager: Mounting plugin UdpMessaging
LogPluginManager: Mounting plugin LevelSequenceEditor
LogPluginManager: Mounting plugin MatineeToLevelSequence
LogPluginManager: Mounting plugin TemplateSequence
LogPluginManager: Mounting plugin OnlineSubsystem
LogPluginManager: Mounting plugin OnlineSubsystemNull
LogPluginManager: Mounting plugin OnlineSubsystemUtils
LogPluginManager: Mounting plugin LauncherChunkInstaller
LogPluginManager: Mounting plugin ActorLayerUtilities
LogPluginManager: Mounting plugin AndroidDeviceProfileSelector
LogPluginManager: Mounting plugin AndroidPermission
LogPluginManager: Mounting plugin AndroidMoviePlayer
LogPluginManager: Mounting plugin AppleImageUtils
LogPluginManager: Mounting plugin AppleMoviePlayer
LogPluginManager: Mounting plugin AssetTags
LogPluginManager: Mounting plugin ArchVisCharacter
LogPluginManager: Mounting plugin AudioCapture
LogPluginManager: Mounting plugin AudioSynesthesia
LogPluginManager: Mounting plugin CableComponent
LogPluginManager: Mounting plugin ChunkDownloader
LogPluginManager: Mounting plugin CustomMeshComponent
LogPluginManager: Mounting plugin EditableMesh
LogPluginManager: Mounting plugin ExampleDeviceProfileSelector
LogPluginManager: Mounting plugin GoogleCloudMessaging
LogPluginManager: Mounting plugin GooglePAD
LogPluginManager: Mounting plugin IOSDeviceProfileSelector
LogPluginManager: Mounting plugin LinuxDeviceProfileSelector
LogPluginManager: Mounting plugin LocationServicesBPLibrary
LogPluginManager: Mounting plugin MobilePatchingUtils
LogPluginManager: Mounting plugin OpenXRHandTracking
LogPluginManager: Mounting plugin OpenXREyeTracker
LogPluginManager: Mounting plugin OpenXR
LogPluginManager: Mounting plugin PhysXVehicles
LogPluginManager: Mounting plugin PostSplashScreen
LogPluginManager: Mounting plugin ProceduralMeshComponent
LogPluginManager: Mounting plugin PropertyAccessEditor
LogPluginManager: Mounting plugin RuntimePhysXCooking
LogPluginManager: Mounting plugin SoundFields
LogPluginManager: Mounting plugin SignificanceManager
LogPluginManager: Mounting plugin Synthesis
LogPluginManager: Mounting plugin WebMMoviePlayer
LogPluginManager: Mounting plugin WindowsMoviePlayer
LogPluginManager: Mounting plugin ScreenshotTools
LogPluginManager: Mounting plugin Takes
LogPluginManager: Mounting plugin OodleNetwork
LogPluginManager: Mounting plugin ContentBrowserClassDataSource
LogPluginManager: Mounting plugin ContentBrowserFileDataSource
LogPluginManager: Mounting plugin ContentBrowserAssetDataSource
LogPluginManager: Mounting plugin OnlineSubsystemGooglePlay
LogPluginManager: Mounting plugin OnlineSubsystemIOS
LogPluginManager: Mounting plugin OculusVR
LogPluginManager: Mounting plugin SteamVR
PixWinPlugin: PIX capture plugin failed to initialize! Check that the process is launched from PIX.
LogInit: Using libcurl 7.55.1-DEV
LogInit:  - built for x86_64-pc-win32
LogInit:  - supports SSL with OpenSSL/1.1.1
LogInit:  - supports HTTP deflate (compression) using libz 1.2.8
LogInit:  - other features:
LogInit:      CURL_VERSION_SSL
LogInit:      CURL_VERSION_LIBZ
LogInit:      CURL_VERSION_IPV6
LogInit:      CURL_VERSION_ASYNCHDNS
LogInit:      CURL_VERSION_LARGEFILE
LogInit:      CURL_VERSION_IDN
LogInit:  CurlRequestOptions (configurable via config and command line):
LogInit:  - bVerifyPeer = true  - Libcurl will verify peer certificate
LogInit:  - bUseHttpProxy = true  - Libcurl will use HTTP proxy
LogInit:  - HttpProxyAddress = '127.0.0.1:56472'
LogInit:  - bDontReuseConnections = false  - Libcurl will reuse connections
LogInit:  - MaxHostConnections = 16  - Libcurl will limit the number of connections to a host
LogInit:  - LocalHostAddr = Default
LogInit:  - BufferSize = 65536
LogOnline: OSS: Creating online subsystem instance for: NULL
LogInit: WinSock: version 1.1 (2.2), MaxSocks=32767, MaxUdp=65467
LogOnline: OSS: TryLoadSubsystemAndSetDefault: Loaded subsystem for module [NULL]
LogOculusPluginWrapper: OculusPlugin initialized successfully
LogHMD: Failed initializing OVRPlugin 1.59.0
LogInit: Build: ++UE4+Release-4.27-CL-18319896
LogInit: Engine Version: 4.27.2-18319896+++UE4+Release-4.27
LogInit: Compatible Engine Version: 4.27.0-17155196+++UE4+Release-4.27
LogInit: Net CL: 17155196
LogInit: OS: Windows 10 (Release 2009) (), CPU: 11th Gen Intel(R) Core(TM) i7-1165G7 @ 2.80GHz, GPU: Intel(R) Iris(R) Xe Graphics
LogInit: Compiled (64-bit): Nov 30 2021 07:12:08
LogInit: Compiled with Visual C++: 19.24.28315.00
LogInit: Build Configuration: Development
LogInit: Branch Name: ++UE4+Release-4.27
LogInit: Command Line: 
LogInit: Base Directory: D:/Program Files/Epic Games/UE_4.27/Engine/Binaries/Win64/
LogInit: Allocator: TBB
LogInit: Installed Engine Build: 1
LogDevObjectVersion: Number of dev versions registered: 29
LogDevObjectVersion:   Dev-Blueprints (B0D832E4-1F89-4F0D-ACCF-7EB736FD4AA2): 10
LogDevObjectVersion:   Dev-Build (E1C64328-A22C-4D53-A36C-8E866417BD8C): 0
LogDevObjectVersion:   Dev-Core (375EC13C-06E4-48FB-B500-84F0262A717E): 4
LogDevObjectVersion:   Dev-Editor (E4B068ED-F494-42E9-A231-DA0B2E46BB41): 40
LogDevObjectVersion:   Dev-Framework (CFFC743F-43B0-4480-9391-14DF171D2073): 37
LogDevObjectVersion:   Dev-Mobile (B02B49B5-BB20-44E9-A304-32B752E40360): 3
LogDevObjectVersion:   Dev-Networking (A4E4105C-59A1-49B5-A7C5-40C4547EDFEE): 0
LogDevObjectVersion:   Dev-Online (39C831C9-5AE6-47DC-9A44-9C173E1C8E7C): 0
LogDevObjectVersion:   Dev-Physics (78F01B33-EBEA-4F98-B9B4-84EACCB95AA2): 14
LogDevObjectVersion:   Dev-Platform (6631380F-2D4D-43E0-8009-CF276956A95A): 0
LogDevObjectVersion:   Dev-Rendering (12F88B9F-8875-4AFC-A67C-D90C383ABD29): 45
LogDevObjectVersion:   Dev-Sequencer (7B5AE74C-D270-4C10-A958-57980B212A5A): 13
LogDevObjectVersion:   Dev-VR (D7296918-1DD6-4BDD-9DE2-64A83CC13884): 3
LogDevObjectVersion:   Dev-LoadTimes (C2A15278-BFE7-4AFE-6C17-90FF531DF755): 1
LogDevObjectVersion:   Private-Geometry (6EACA3D4-40EC-4CC1-B786-8BED09428FC5): 3
LogDevObjectVersion:   Dev-AnimPhys (29E575DD-E0A3-4627-9D10-D276232CDCEA): 17
LogDevObjectVersion:   Dev-Anim (AF43A65D-7FD3-4947-9873-3E8ED9C1BB05): 15
LogDevObjectVersion:   Dev-ReflectionCapture (6B266CEC-1EC7-4B8F-A30B-E4D90942FC07): 1
LogDevObjectVersion:   Dev-Automation (0DF73D61-A23F-47EA-B727-89E90C41499A): 1
LogDevObjectVersion:   FortniteMain (601D1886-AC64-4F84-AA16-D3DE0DEAC7D6): 47
LogDevObjectVersion:   FortniteRelease (E7086368-6B23-4C58-8439-1B7016265E91): 1
LogDevObjectVersion:   Dev-Enterprise (9DFFBCD6-494F-0158-E221-12823C92A888): 10
LogDevObjectVersion:   Dev-Niagara (F2AED0AC-9AFE-416F-8664-AA7FFA26D6FC): 1
LogDevObjectVersion:   Dev-Destruction (174F1F0B-B4C6-45A5-B13F-2EE8D0FB917D): 10
LogDevObjectVersion:   Dev-Physics-Ext (35F94A83-E258-406C-A318-09F59610247C): 41
LogDevObjectVersion:   Dev-PhysicsMaterial-Chaos (B68FC16E-8B1B-42E2-B453-215C058844FE): 1
LogDevObjectVersion:   Dev-CineCamera (B2E18506-4273-CFC2-A54E-F4BB758BBA07): 1
LogDevObjectVersion:   Dev-VirtualProduction (64F58936-FD1B-42BA-BA96-7289D5D0FA4E): 1
LogDevObjectVersion:   Dev-MediaFramework (6F0ED827-A609-4895-9C91-998D90180EA4): 2
LogInit: Presizing for max 25165824 objects, including 0 objects not considered by GC, pre-allocating 0 bytes for permanent pool.
LogConfig: Applying CVar settings from Section [/Script/Engine.StreamingSettings] File [D:/project/UE/room_escape/Saved/Config/Windows/Engine.ini]
LogConfig: Setting CVar [[s.MinBulkDataSizeForAsyncLoading:131072]]
LogConfig: Setting CVar [[s.AsyncLoadingThreadEnabled:0]]
LogConfig: Setting CVar [[s.EventDrivenLoaderEnabled:1]]
LogConfig: Setting CVar [[s.WarnIfTimeLimitExceeded:0]]
LogConfig: Setting CVar [[s.TimeLimitExceededMultiplier:1.5]]
LogConfig: Setting CVar [[s.TimeLimitExceededMinTime:0.005]]
LogConfig: Setting CVar [[s.UseBackgroundLevelStreaming:1]]
LogConfig: Setting CVar [[s.PriorityAsyncLoadingExtraTime:15.0]]
LogConfig: Setting CVar [[s.LevelStreamingActorsUpdateTimeLimit:5.0]]
LogConfig: Setting CVar [[s.PriorityLevelStreamingActorsUpdateExtraTime:5.0]]
LogConfig: Setting CVar [[s.LevelStreamingComponentsRegistrationGranularity:10]]
LogConfig: Setting CVar [[s.UnregisterComponentsTimeLimit:1.0]]
LogConfig: Setting CVar [[s.LevelStreamingComponentsUnregistrationGranularity:5]]
LogConfig: Setting CVar [[s.FlushStreamingOnExit:1]]
LogInit: Object subsystem initialized
LogConfig: Setting CVar [[con.DebugEarlyDefault:1]]
LogConfig: Setting CVar [[r.setres:1280x720]]
[2025.03.24-00.58.13:408][  0]LogConfig: Setting CVar [[r.VSync:0]]
[2025.03.24-00.58.13:408][  0]LogConfig: Setting CVar [[r.RHICmdBypass:0]]
[2025.03.24-00.58.13:408][  0]LogConfig: Applying CVar settings from Section [/Script/Engine.RendererSettings] File [D:/project/UE/room_escape/Saved/Config/Windows/Engine.ini]
[2025.03.24-00.58.13:408][  0]LogConfig: Setting CVar [[r.GPUCrashDebugging:0]]
[2025.03.24-00.58.13:408][  0]LogConfig: Applying CVar settings from Section [/Script/Engine.RendererOverrideSettings] File [D:/project/UE/room_escape/Saved/Config/Windows/Engine.ini]
[2025.03.24-00.58.13:408][  0]LogConfig: Applying CVar settings from Section [/Script/Engine.StreamingSettings] File [D:/project/UE/room_escape/Saved/Config/Windows/Engine.ini]
[2025.03.24-00.58.13:408][  0]LogConfig: Setting CVar [[s.MinBulkDataSizeForAsyncLoading:131072]]
[2025.03.24-00.58.13:408][  0]LogConfig: Setting CVar [[s.AsyncLoadingThreadEnabled:0]]
[2025.03.24-00.58.13:408][  0]LogConfig: Setting CVar [[s.EventDrivenLoaderEnabled:1]]
[2025.03.24-00.58.13:408][  0]LogConfig: Setting CVar [[s.WarnIfTimeLimitExceeded:0]]
[2025.03.24-00.58.13:408][  0]LogConfig: Setting CVar [[s.TimeLimitExceededMultiplier:1.5]]
[2025.03.24-00.58.13:408][  0]LogConfig: Setting CVar [[s.TimeLimitExceededMinTime:0.005]]
[2025.03.24-00.58.13:408][  0]LogConfig: Setting CVar [[s.UseBackgroundLevelStreaming:1]]
[2025.03.24-00.58.13:408][  0]LogConfig: Setting CVar [[s.PriorityAsyncLoadingExtraTime:15.0]]
[2025.03.24-00.58.13:408][  0]LogConfig: Setting CVar [[s.LevelStreamingActorsUpdateTimeLimit:5.0]]
[2025.03.24-00.58.13:408][  0]LogConfig: Setting CVar [[s.PriorityLevelStreamingActorsUpdateExtraTime:5.0]]
[2025.03.24-00.58.13:408][  0]LogConfig: Setting CVar [[s.LevelStreamingComponentsRegistrationGranularity:10]]
[2025.03.24-00.58.13:408][  0]LogConfig: Setting CVar [[s.UnregisterComponentsTimeLimit:1.0]]
[2025.03.24-00.58.13:408][  0]LogConfig: Setting CVar [[s.LevelStreamingComponentsUnregistrationGranularity:5]]
[2025.03.24-00.58.13:408][  0]LogConfig: Setting CVar [[s.FlushStreamingOnExit:1]]
[2025.03.24-00.58.13:408][  0]LogConfig: Applying CVar settings from Section [/Script/Engine.GarbageCollectionSettings] File [D:/project/UE/room_escape/Saved/Config/Windows/Engine.ini]
[2025.03.24-00.58.13:408][  0]LogConfig: Setting CVar [[gc.MaxObjectsNotConsideredByGC:1]]
[2025.03.24-00.58.13:408][  0]LogConfig: Setting CVar [[gc.SizeOfPermanentObjectPool:0]]
[2025.03.24-00.58.13:408][  0]LogConfig: Setting CVar [[gc.FlushStreamingOnGC:0]]
[2025.03.24-00.58.13:408][  0]LogConfig: Setting CVar [[gc.NumRetriesBeforeForcingGC:10]]
[2025.03.24-00.58.13:408][  0]LogConfig: Setting CVar [[gc.AllowParallelGC:1]]
[2025.03.24-00.58.13:408][  0]LogConfig: Setting CVar [[gc.TimeBetweenPurgingPendingKillObjects:61.1]]
[2025.03.24-00.58.13:408][  0]LogConfig: Setting CVar [[gc.MaxObjectsInEditor:25165824]]
[2025.03.24-00.58.13:408][  0]LogConfig: Setting CVar [[gc.IncrementalBeginDestroyEnabled:1]]
[2025.03.24-00.58.13:408][  0]LogConfig: Setting CVar [[gc.CreateGCClusters:1]]
[2025.03.24-00.58.13:408][  0]LogConfig: Setting CVar [[gc.MinGCClusterSize:5]]
[2025.03.24-00.58.13:408][  0]LogConfig: Setting CVar [[gc.ActorClusteringEnabled:0]]
[2025.03.24-00.58.13:408][  0]LogConfig: Setting CVar [[gc.BlueprintClusteringEnabled:0]]
[2025.03.24-00.58.13:408][  0]LogConfig: Setting CVar [[gc.UseDisregardForGCOnDedicatedServers:0]]
[2025.03.24-00.58.13:408][  0]LogConfig: Setting CVar [[gc.MultithreadedDestructionEnabled:1]]
[2025.03.24-00.58.13:408][  0]LogConfig: Applying CVar settings from Section [/Script/Engine.NetworkSettings] File [D:/project/UE/room_escape/Saved/Config/Windows/Engine.ini]
[2025.03.24-00.58.13:408][  0]LogConfig: Applying CVar settings from Section [/Script/UnrealEd.CookerSettings] File [D:/project/UE/room_escape/Saved/Config/Windows/Engine.ini]
[2025.03.24-00.58.13:430][  0]LogConfig: Applying CVar settings from Section [ViewDistanceQuality@3] File [D:/project/UE/room_escape/Saved/Config/Windows/Scalability.ini]
[2025.03.24-00.58.13:431][  0]LogConfig: Setting CVar [[r.SkeletalMeshLODBias:0]]
[2025.03.24-00.58.13:431][  0]LogConfig: Setting CVar [[r.ViewDistanceScale:1.0]]
[2025.03.24-00.58.13:431][  0]LogConfig: Applying CVar settings from Section [AntiAliasingQuality@3] File [D:/project/UE/room_escape/Saved/Config/Windows/Scalability.ini]
[2025.03.24-00.58.13:431][  0]LogConfig: Setting CVar [[r.PostProcessAAQuality:4]]
[2025.03.24-00.58.13:431][  0]LogConfig: Applying CVar settings from Section [ShadowQuality@3] File [D:/project/UE/room_escape/Saved/Config/Windows/Scalability.ini]
[2025.03.24-00.58.13:431][  0]LogConfig: Setting CVar [[r.LightFunctionQuality:1]]
[2025.03.24-00.58.13:431][  0]LogConfig: Setting CVar [[r.ShadowQuality:5]]
[2025.03.24-00.58.13:431][  0]LogConfig: Setting CVar [[r.Shadow.CSM.MaxCascades:10]]
[2025.03.24-00.58.13:431][  0]LogConfig: Setting CVar [[r.Shadow.MaxResolution:2048]]
[2025.03.24-00.58.13:431][  0]LogConfig: Setting CVar [[r.Shadow.MaxCSMResolution:2048]]
[2025.03.24-00.58.13:431][  0]LogConfig: Setting CVar [[r.Shadow.RadiusThreshold:0.01]]
[2025.03.24-00.58.13:431][  0]LogConfig: Setting CVar [[r.Shadow.DistanceScale:1.0]]
[2025.03.24-00.58.13:431][  0]LogConfig: Setting CVar [[r.Shadow.CSM.TransitionScale:1.0]]
[2025.03.24-00.58.13:431][  0]LogConfig: Setting CVar [[r.Shadow.PreShadowResolutionFactor:1.0]]
[2025.03.24-00.58.13:431][  0]LogConfig: Setting CVar [[r.DistanceFieldShadowing:1]]
[2025.03.24-00.58.13:431][  0]LogConfig: Setting CVar [[r.DistanceFieldAO:1]]
[2025.03.24-00.58.13:431][  0]LogConfig: Setting CVar [[r.AOQuality:2]]
[2025.03.24-00.58.13:431][  0]LogConfig: Setting CVar [[r.VolumetricFog:1]]
[2025.03.24-00.58.13:431][  0]LogConfig: Setting CVar [[r.VolumetricFog.GridPixelSize:8]]
[2025.03.24-00.58.13:431][  0]LogConfig: Setting CVar [[r.VolumetricFog.GridSizeZ:128]]
[2025.03.24-00.58.13:431][  0]LogConfig: Setting CVar [[r.VolumetricFog.HistoryMissSupersampleCount:4]]
[2025.03.24-00.58.13:431][  0]LogConfig: Setting CVar [[r.LightMaxDrawDistanceScale:1]]
[2025.03.24-00.58.13:431][  0]LogConfig: Setting CVar [[r.CapsuleShadows:1]]
[2025.03.24-00.58.13:431][  0]LogConfig: Applying CVar settings from Section [PostProcessQuality@3] File [D:/project/UE/room_escape/Saved/Config/Windows/Scalability.ini]
[2025.03.24-00.58.13:431][  0]LogConfig: Setting CVar [[r.MotionBlurQuality:4]]
[2025.03.24-00.58.13:431][  0]LogConfig: Setting CVar [[r.AmbientOcclusionMipLevelFactor:0.4]]
[2025.03.24-00.58.13:431][  0]LogConfig: Setting CVar [[r.AmbientOcclusionMaxQuality:100]]
[2025.03.24-00.58.13:431][  0]LogConfig: Setting CVar [[r.AmbientOcclusionLevels:-1]]
[2025.03.24-00.58.13:431][  0]LogConfig: Setting CVar [[r.AmbientOcclusionRadiusScale:1.0]]
[2025.03.24-00.58.13:431][  0]LogConfig: Setting CVar [[r.DepthOfFieldQuality:2]]
[2025.03.24-00.58.13:431][  0]LogConfig: Setting CVar [[r.RenderTargetPoolMin:400]]
[2025.03.24-00.58.13:431][  0]LogConfig: Setting CVar [[r.LensFlareQuality:2]]
[2025.03.24-00.58.13:431][  0]LogConfig: Setting CVar [[r.SceneColorFringeQuality:1]]
[2025.03.24-00.58.13:431][  0]LogConfig: Setting CVar [[r.EyeAdaptationQuality:2]]
[2025.03.24-00.58.13:431][  0]LogConfig: Setting CVar [[r.BloomQuality:5]]
[2025.03.24-00.58.13:431][  0]LogConfig: Setting CVar [[r.FastBlurThreshold:100]]
[2025.03.24-00.58.13:431][  0]LogConfig: Setting CVar [[r.Upscale.Quality:3]]
[2025.03.24-00.58.13:431][  0]LogConfig: Setting CVar [[r.Tonemapper.GrainQuantization:1]]
[2025.03.24-00.58.13:431][  0]LogConfig: Setting CVar [[r.LightShaftQuality:1]]
[2025.03.24-00.58.13:431][  0]LogConfig: Setting CVar [[r.Filter.SizeScale:1]]
[2025.03.24-00.58.13:431][  0]LogConfig: Setting CVar [[r.Tonemapper.Quality:5]]
[2025.03.24-00.58.13:431][  0]LogConfig: Setting CVar [[r.DOF.Gather.AccumulatorQuality:1        ; higher gathering accumulator quality]]
[2025.03.24-00.58.13:431][  0]LogConfig: Setting CVar [[r.DOF.Gather.PostfilterMethod:1          ; Median3x3 postfilering method]]
[2025.03.24-00.58.13:431][  0]LogConfig: Setting CVar [[r.DOF.Gather.EnableBokehSettings:0       ; no bokeh simulation when gathering]]
[2025.03.24-00.58.13:431][  0]LogConfig: Setting CVar [[r.DOF.Gather.RingCount:4                 ; medium number of samples when gathering]]
[2025.03.24-00.58.13:431][  0]LogConfig: Setting CVar [[r.DOF.Scatter.ForegroundCompositing:1    ; additive foreground scattering]]
[2025.03.24-00.58.13:431][  0]LogConfig: Setting CVar [[r.DOF.Scatter.BackgroundCompositing:2    ; additive background scattering]]
[2025.03.24-00.58.13:431][  0]LogConfig: Setting CVar [[r.DOF.Scatter.EnableBokehSettings:1      ; bokeh simulation when scattering]]
[2025.03.24-00.58.13:431][  0]LogConfig: Setting CVar [[r.DOF.Scatter.MaxSpriteRatio:0.1         ; only a maximum of 10% of scattered bokeh]]
[2025.03.24-00.58.13:431][  0]LogConfig: Setting CVar [[r.DOF.Recombine.Quality:1                ; cheap slight out of focus]]
[2025.03.24-00.58.13:431][  0]LogConfig: Setting CVar [[r.DOF.Recombine.EnableBokehSettings:0    ; no bokeh simulation on slight out of focus]]
[2025.03.24-00.58.13:431][  0]LogConfig: Setting CVar [[r.DOF.TemporalAAQuality:1                ; more stable temporal accumulation]]
[2025.03.24-00.58.13:431][  0]LogConfig: Setting CVar [[r.DOF.Kernel.MaxForegroundRadius:0.025]]
[2025.03.24-00.58.13:431][  0]LogConfig: Setting CVar [[r.DOF.Kernel.MaxBackgroundRadius:0.025]]
[2025.03.24-00.58.13:431][  0]LogConfig: Applying CVar settings from Section [TextureQuality@3] File [D:/project/UE/room_escape/Saved/Config/Windows/Scalability.ini]
[2025.03.24-00.58.13:431][  0]LogConfig: Setting CVar [[r.Streaming.MipBias:0]]
[2025.03.24-00.58.13:431][  0]LogConfig: Setting CVar [[r.Streaming.AmortizeCPUToGPUCopy:0]]
[2025.03.24-00.58.13:431][  0]LogConfig: Setting CVar [[r.Streaming.MaxNumTexturesToStreamPerFrame:0]]
[2025.03.24-00.58.13:431][  0]LogConfig: Setting CVar [[r.Streaming.Boost:1]]
[2025.03.24-00.58.13:431][  0]LogConfig: Setting CVar [[r.MaxAnisotropy:8]]
[2025.03.24-00.58.13:431][  0]LogConfig: Setting CVar [[r.VT.MaxAnisotropy:8]]
[2025.03.24-00.58.13:431][  0]LogConfig: Setting CVar [[r.Streaming.LimitPoolSizeToVRAM:0]]
[2025.03.24-00.58.13:431][  0]LogConfig: Setting CVar [[r.Streaming.PoolSize:1000]]
[2025.03.24-00.58.13:431][  0]LogConfig: Setting CVar [[r.Streaming.MaxEffectiveScreenSize:0]]
[2025.03.24-00.58.13:431][  0]LogConfig: Applying CVar settings from Section [EffectsQuality@3] File [D:/project/UE/room_escape/Saved/Config/Windows/Scalability.ini]
[2025.03.24-00.58.13:431][  0]LogConfig: Setting CVar [[r.TranslucencyLightingVolumeDim:64]]
[2025.03.24-00.58.13:431][  0]LogConfig: Setting CVar [[r.RefractionQuality:2]]
[2025.03.24-00.58.13:431][  0]LogConfig: Setting CVar [[r.SSR.Quality:3]]
[2025.03.24-00.58.13:431][  0]LogConfig: Setting CVar [[r.SSR.HalfResSceneColor:0]]
[2025.03.24-00.58.13:431][  0]LogConfig: Setting CVar [[r.SceneColorFormat:4]]
[2025.03.24-00.58.13:431][  0]LogConfig: Setting CVar [[r.DetailMode:2]]
[2025.03.24-00.58.13:431][  0]LogConfig: Setting CVar [[r.TranslucencyVolumeBlur:1]]
[2025.03.24-00.58.13:431][  0]LogConfig: Setting CVar [[r.MaterialQualityLevel:1 ; High quality]]
[2025.03.24-00.58.13:431][  0]LogConfig: Setting CVar [[r.AnisotropicMaterials:1]]
[2025.03.24-00.58.13:431][  0]LogConfig: Setting CVar [[r.SSS.Scale:1]]
[2025.03.24-00.58.13:431][  0]LogConfig: Setting CVar [[r.SSS.SampleSet:2]]
[2025.03.24-00.58.13:431][  0]LogConfig: Setting CVar [[r.SSS.Quality:1]]
[2025.03.24-00.58.13:431][  0]LogConfig: Setting CVar [[r.SSS.HalfRes:0]]
[2025.03.24-00.58.13:431][  0]LogConfig: Setting CVar [[r.SSGI.Quality:3]]
[2025.03.24-00.58.13:431][  0]LogConfig: Setting CVar [[r.EmitterSpawnRateScale:1.0]]
[2025.03.24-00.58.13:431][  0]LogConfig: Setting CVar [[r.ParticleLightQuality:2]]
[2025.03.24-00.58.13:431][  0]LogConfig: Setting CVar [[r.SkyAtmosphere.AerialPerspectiveLUT.FastApplyOnOpaque:1 ; Always have FastSkyLUT 1 in this case to avoid wrong sky]]
[2025.03.24-00.58.13:431][  0]LogConfig: Setting CVar [[r.SkyAtmosphere.AerialPerspectiveLUT.SampleCountMaxPerSlice:4]]
[2025.03.24-00.58.13:431][  0]LogConfig: Setting CVar [[r.SkyAtmosphere.AerialPerspectiveLUT.DepthResolution:16.0]]
[2025.03.24-00.58.13:431][  0]LogConfig: Setting CVar [[r.SkyAtmosphere.FastSkyLUT:1]]
[2025.03.24-00.58.13:431][  0]LogConfig: Setting CVar [[r.SkyAtmosphere.FastSkyLUT.SampleCountMin:4.0]]
[2025.03.24-00.58.13:431][  0]LogConfig: Setting CVar [[r.SkyAtmosphere.FastSkyLUT.SampleCountMax:128.0]]
[2025.03.24-00.58.13:431][  0]LogConfig: Setting CVar [[r.SkyAtmosphere.SampleCountMin:4.0]]
[2025.03.24-00.58.13:431][  0]LogConfig: Setting CVar [[r.SkyAtmosphere.SampleCountMax:128.0]]
[2025.03.24-00.58.13:431][  0]LogConfig: Setting CVar [[r.SkyAtmosphere.TransmittanceLUT.UseSmallFormat:0]]
[2025.03.24-00.58.13:431][  0]LogConfig: Setting CVar [[r.SkyAtmosphere.TransmittanceLUT.SampleCount:10.0]]
[2025.03.24-00.58.13:431][  0]LogConfig: Setting CVar [[r.SkyAtmosphere.MultiScatteringLUT.SampleCount:15.0]]
[2025.03.24-00.58.13:431][  0]LogConfig: Setting CVar [[r.SkyLight.RealTimeReflectionCapture:1]]
[2025.03.24-00.58.13:431][  0]LogConfig: Applying CVar settings from Section [FoliageQuality@3] File [D:/project/UE/room_escape/Saved/Config/Windows/Scalability.ini]
[2025.03.24-00.58.13:431][  0]LogConfig: Setting CVar [[foliage.DensityScale:1.0]]
[2025.03.24-00.58.13:431][  0]LogConfig: Setting CVar [[grass.DensityScale:1.0]]
[2025.03.24-00.58.13:431][  0]LogConfig: Applying CVar settings from Section [ShadingQuality@3] File [D:/project/UE/room_escape/Saved/Config/Windows/Scalability.ini]
[2025.03.24-00.58.13:431][  0]LogConfig: Setting CVar [[r.HairStrands.SkyLighting.IntegrationType:2]]
[2025.03.24-00.58.13:431][  0]LogConfig: Setting CVar [[r.HairStrands.SkyAO.SampleCount:4]]
[2025.03.24-00.58.13:431][  0]LogConfig: Setting CVar [[r.HairStrands.Visibility.MSAA.SamplePerPixel:4]]
[2025.03.24-00.58.13:431][  0]LogInit: Selected Device Profile: [Windows]
[2025.03.24-00.58.13:431][  0]LogInit: Applying CVar settings loaded from the selected device profile: [Windows]
[2025.03.24-00.58.13:432][  0]LogHAL: Display: Platform has ~ 16 GB [16969424896 / 17179869184 / 16], which maps to Larger [LargestMinGB=32, LargerMinGB=12, DefaultMinGB=8, SmallerMinGB=6, SmallestMinGB=0)
[2025.03.24-00.58.13:432][  0]LogInit: Going up to parent DeviceProfile []
[2025.03.24-00.58.13:432][  0]LogConfig: Applying CVar settings from Section [ViewDistanceQuality@3] File [D:/project/UE/room_escape/Saved/Config/Windows/Scalability.ini]
[2025.03.24-00.58.13:432][  0]LogConfig: Setting CVar [[r.SkeletalMeshLODBias:0]]
[2025.03.24-00.58.13:432][  0]LogConfig: Setting CVar [[r.ViewDistanceScale:1.0]]
[2025.03.24-00.58.13:432][  0]LogConfig: Applying CVar settings from Section [AntiAliasingQuality@3] File [D:/project/UE/room_escape/Saved/Config/Windows/Scalability.ini]
[2025.03.24-00.58.13:432][  0]LogConfig: Setting CVar [[r.PostProcessAAQuality:4]]
[2025.03.24-00.58.13:432][  0]LogConfig: Applying CVar settings from Section [ShadowQuality@3] File [D:/project/UE/room_escape/Saved/Config/Windows/Scalability.ini]
[2025.03.24-00.58.13:432][  0]LogConfig: Setting CVar [[r.LightFunctionQuality:1]]
[2025.03.24-00.58.13:432][  0]LogConfig: Setting CVar [[r.ShadowQuality:5]]
[2025.03.24-00.58.13:432][  0]LogConfig: Setting CVar [[r.Shadow.CSM.MaxCascades:10]]
[2025.03.24-00.58.13:432][  0]LogConfig: Setting CVar [[r.Shadow.MaxResolution:2048]]
[2025.03.24-00.58.13:432][  0]LogConfig: Setting CVar [[r.Shadow.MaxCSMResolution:2048]]
[2025.03.24-00.58.13:432][  0]LogConfig: Setting CVar [[r.Shadow.RadiusThreshold:0.01]]
[2025.03.24-00.58.13:432][  0]LogConfig: Setting CVar [[r.Shadow.DistanceScale:1.0]]
[2025.03.24-00.58.13:432][  0]LogConfig: Setting CVar [[r.Shadow.CSM.TransitionScale:1.0]]
[2025.03.24-00.58.13:432][  0]LogConfig: Setting CVar [[r.Shadow.PreShadowResolutionFactor:1.0]]
[2025.03.24-00.58.13:432][  0]LogConfig: Setting CVar [[r.DistanceFieldShadowing:1]]
[2025.03.24-00.58.13:432][  0]LogConfig: Setting CVar [[r.DistanceFieldAO:1]]
[2025.03.24-00.58.13:432][  0]LogConfig: Setting CVar [[r.AOQuality:2]]
[2025.03.24-00.58.13:432][  0]LogConfig: Setting CVar [[r.VolumetricFog:1]]
[2025.03.24-00.58.13:432][  0]LogConfig: Setting CVar [[r.VolumetricFog.GridPixelSize:8]]
[2025.03.24-00.58.13:432][  0]LogConfig: Setting CVar [[r.VolumetricFog.GridSizeZ:128]]
[2025.03.24-00.58.13:432][  0]LogConfig: Setting CVar [[r.VolumetricFog.HistoryMissSupersampleCount:4]]
[2025.03.24-00.58.13:432][  0]LogConfig: Setting CVar [[r.LightMaxDrawDistanceScale:1]]
[2025.03.24-00.58.13:432][  0]LogConfig: Setting CVar [[r.CapsuleShadows:1]]
[2025.03.24-00.58.13:432][  0]LogConfig: Applying CVar settings from Section [PostProcessQuality@3] File [D:/project/UE/room_escape/Saved/Config/Windows/Scalability.ini]
[2025.03.24-00.58.13:432][  0]LogConfig: Setting CVar [[r.MotionBlurQuality:4]]
[2025.03.24-00.58.13:432][  0]LogConfig: Setting CVar [[r.AmbientOcclusionMipLevelFactor:0.4]]
[2025.03.24-00.58.13:432][  0]LogConfig: Setting CVar [[r.AmbientOcclusionMaxQuality:100]]
[2025.03.24-00.58.13:432][  0]LogConfig: Setting CVar [[r.AmbientOcclusionLevels:-1]]
[2025.03.24-00.58.13:432][  0]LogConfig: Setting CVar [[r.AmbientOcclusionRadiusScale:1.0]]
[2025.03.24-00.58.13:432][  0]LogConfig: Setting CVar [[r.DepthOfFieldQuality:2]]
[2025.03.24-00.58.13:432][  0]LogConfig: Setting CVar [[r.RenderTargetPoolMin:400]]
[2025.03.24-00.58.13:432][  0]LogConfig: Setting CVar [[r.LensFlareQuality:2]]
[2025.03.24-00.58.13:432][  0]LogConfig: Setting CVar [[r.SceneColorFringeQuality:1]]
[2025.03.24-00.58.13:432][  0]LogConfig: Setting CVar [[r.EyeAdaptationQuality:2]]
[2025.03.24-00.58.13:432][  0]LogConfig: Setting CVar [[r.BloomQuality:5]]
[2025.03.24-00.58.13:432][  0]LogConfig: Setting CVar [[r.FastBlurThreshold:100]]
[2025.03.24-00.58.13:432][  0]LogConfig: Setting CVar [[r.Upscale.Quality:3]]
[2025.03.24-00.58.13:432][  0]LogConfig: Setting CVar [[r.Tonemapper.GrainQuantization:1]]
[2025.03.24-00.58.13:432][  0]LogConfig: Setting CVar [[r.LightShaftQuality:1]]
[2025.03.24-00.58.13:432][  0]LogConfig: Setting CVar [[r.Filter.SizeScale:1]]
[2025.03.24-00.58.13:432][  0]LogConfig: Setting CVar [[r.Tonemapper.Quality:5]]
[2025.03.24-00.58.13:432][  0]LogConfig: Setting CVar [[r.DOF.Gather.AccumulatorQuality:1        ; higher gathering accumulator quality]]
[2025.03.24-00.58.13:432][  0]LogConfig: Setting CVar [[r.DOF.Gather.PostfilterMethod:1          ; Median3x3 postfilering method]]
[2025.03.24-00.58.13:432][  0]LogConfig: Setting CVar [[r.DOF.Gather.EnableBokehSettings:0       ; no bokeh simulation when gathering]]
[2025.03.24-00.58.13:432][  0]LogConfig: Setting CVar [[r.DOF.Gather.RingCount:4                 ; medium number of samples when gathering]]
[2025.03.24-00.58.13:432][  0]LogConfig: Setting CVar [[r.DOF.Scatter.ForegroundCompositing:1    ; additive foreground scattering]]
[2025.03.24-00.58.13:432][  0]LogConfig: Setting CVar [[r.DOF.Scatter.BackgroundCompositing:2    ; additive background scattering]]
[2025.03.24-00.58.13:432][  0]LogConfig: Setting CVar [[r.DOF.Scatter.EnableBokehSettings:1      ; bokeh simulation when scattering]]
[2025.03.24-00.58.13:432][  0]LogConfig: Setting CVar [[r.DOF.Scatter.MaxSpriteRatio:0.1         ; only a maximum of 10% of scattered bokeh]]
[2025.03.24-00.58.13:432][  0]LogConfig: Setting CVar [[r.DOF.Recombine.Quality:1                ; cheap slight out of focus]]
[2025.03.24-00.58.13:432][  0]LogConfig: Setting CVar [[r.DOF.Recombine.EnableBokehSettings:0    ; no bokeh simulation on slight out of focus]]
[2025.03.24-00.58.13:432][  0]LogConfig: Setting CVar [[r.DOF.TemporalAAQuality:1                ; more stable temporal accumulation]]
[2025.03.24-00.58.13:432][  0]LogConfig: Setting CVar [[r.DOF.Kernel.MaxForegroundRadius:0.025]]
[2025.03.24-00.58.13:432][  0]LogConfig: Setting CVar [[r.DOF.Kernel.MaxBackgroundRadius:0.025]]
[2025.03.24-00.58.13:432][  0]LogConfig: Applying CVar settings from Section [TextureQuality@3] File [D:/project/UE/room_escape/Saved/Config/Windows/Scalability.ini]
[2025.03.24-00.58.13:432][  0]LogConfig: Setting CVar [[r.Streaming.MipBias:0]]
[2025.03.24-00.58.13:432][  0]LogConfig: Setting CVar [[r.Streaming.AmortizeCPUToGPUCopy:0]]
[2025.03.24-00.58.13:432][  0]LogConfig: Setting CVar [[r.Streaming.MaxNumTexturesToStreamPerFrame:0]]
[2025.03.24-00.58.13:432][  0]LogConfig: Setting CVar [[r.Streaming.Boost:1]]
[2025.03.24-00.58.13:432][  0]LogConfig: Setting CVar [[r.MaxAnisotropy:8]]
[2025.03.24-00.58.13:432][  0]LogConfig: Setting CVar [[r.VT.MaxAnisotropy:8]]
[2025.03.24-00.58.13:432][  0]LogConfig: Setting CVar [[r.Streaming.LimitPoolSizeToVRAM:0]]
[2025.03.24-00.58.13:432][  0]LogConfig: Setting CVar [[r.Streaming.PoolSize:1000]]
[2025.03.24-00.58.13:432][  0]LogConfig: Setting CVar [[r.Streaming.MaxEffectiveScreenSize:0]]
[2025.03.24-00.58.13:432][  0]LogConfig: Applying CVar settings from Section [EffectsQuality@3] File [D:/project/UE/room_escape/Saved/Config/Windows/Scalability.ini]
[2025.03.24-00.58.13:432][  0]LogConfig: Setting CVar [[r.TranslucencyLightingVolumeDim:64]]
[2025.03.24-00.58.13:432][  0]LogConfig: Setting CVar [[r.RefractionQuality:2]]
[2025.03.24-00.58.13:432][  0]LogConfig: Setting CVar [[r.SSR.Quality:3]]
[2025.03.24-00.58.13:432][  0]LogConfig: Setting CVar [[r.SSR.HalfResSceneColor:0]]
[2025.03.24-00.58.13:432][  0]LogConfig: Setting CVar [[r.SceneColorFormat:4]]
[2025.03.24-00.58.13:432][  0]LogConfig: Setting CVar [[r.DetailMode:2]]
[2025.03.24-00.58.13:432][  0]LogConfig: Setting CVar [[r.TranslucencyVolumeBlur:1]]
[2025.03.24-00.58.13:432][  0]LogConfig: Setting CVar [[r.MaterialQualityLevel:1 ; High quality]]
[2025.03.24-00.58.13:432][  0]LogConfig: Setting CVar [[r.AnisotropicMaterials:1]]
[2025.03.24-00.58.13:432][  0]LogConfig: Setting CVar [[r.SSS.Scale:1]]
[2025.03.24-00.58.13:432][  0]LogConfig: Setting CVar [[r.SSS.SampleSet:2]]
[2025.03.24-00.58.13:432][  0]LogConfig: Setting CVar [[r.SSS.Quality:1]]
[2025.03.24-00.58.13:432][  0]LogConfig: Setting CVar [[r.SSS.HalfRes:0]]
[2025.03.24-00.58.13:432][  0]LogConfig: Setting CVar [[r.SSGI.Quality:3]]
[2025.03.24-00.58.13:432][  0]LogConfig: Setting CVar [[r.EmitterSpawnRateScale:1.0]]
[2025.03.24-00.58.13:432][  0]LogConfig: Setting CVar [[r.ParticleLightQuality:2]]
[2025.03.24-00.58.13:432][  0]LogConfig: Setting CVar [[r.SkyAtmosphere.AerialPerspectiveLUT.FastApplyOnOpaque:1 ; Always have FastSkyLUT 1 in this case to avoid wrong sky]]
[2025.03.24-00.58.13:432][  0]LogConfig: Setting CVar [[r.SkyAtmosphere.AerialPerspectiveLUT.SampleCountMaxPerSlice:4]]
[2025.03.24-00.58.13:432][  0]LogConfig: Setting CVar [[r.SkyAtmosphere.AerialPerspectiveLUT.DepthResolution:16.0]]
[2025.03.24-00.58.13:432][  0]LogConfig: Setting CVar [[r.SkyAtmosphere.FastSkyLUT:1]]
[2025.03.24-00.58.13:432][  0]LogConfig: Setting CVar [[r.SkyAtmosphere.FastSkyLUT.SampleCountMin:4.0]]
[2025.03.24-00.58.13:432][  0]LogConfig: Setting CVar [[r.SkyAtmosphere.FastSkyLUT.SampleCountMax:128.0]]
[2025.03.24-00.58.13:432][  0]LogConfig: Setting CVar [[r.SkyAtmosphere.SampleCountMin:4.0]]
[2025.03.24-00.58.13:432][  0]LogConfig: Setting CVar [[r.SkyAtmosphere.SampleCountMax:128.0]]
[2025.03.24-00.58.13:432][  0]LogConfig: Setting CVar [[r.SkyAtmosphere.TransmittanceLUT.UseSmallFormat:0]]
[2025.03.24-00.58.13:432][  0]LogConfig: Setting CVar [[r.SkyAtmosphere.TransmittanceLUT.SampleCount:10.0]]
[2025.03.24-00.58.13:432][  0]LogConfig: Setting CVar [[r.SkyAtmosphere.MultiScatteringLUT.SampleCount:15.0]]
[2025.03.24-00.58.13:432][  0]LogConfig: Setting CVar [[r.SkyLight.RealTimeReflectionCapture:1]]
[2025.03.24-00.58.13:432][  0]LogConfig: Applying CVar settings from Section [FoliageQuality@3] File [D:/project/UE/room_escape/Saved/Config/Windows/Scalability.ini]
[2025.03.24-00.58.13:432][  0]LogConfig: Setting CVar [[foliage.DensityScale:1.0]]
[2025.03.24-00.58.13:432][  0]LogConfig: Setting CVar [[grass.DensityScale:1.0]]
[2025.03.24-00.58.13:432][  0]LogConfig: Applying CVar settings from Section [ShadingQuality@3] File [D:/project/UE/room_escape/Saved/Config/Windows/Scalability.ini]
[2025.03.24-00.58.13:432][  0]LogConfig: Setting CVar [[r.HairStrands.SkyLighting.IntegrationType:2]]
[2025.03.24-00.58.13:432][  0]LogConfig: Setting CVar [[r.HairStrands.SkyAO.SampleCount:4]]
[2025.03.24-00.58.13:432][  0]LogConfig: Setting CVar [[r.HairStrands.Visibility.MSAA.SamplePerPixel:4]]
[2025.03.24-00.58.13:432][  0]LogConfig: Applying CVar settings from Section [Startup] File [../../../Engine/Config/ConsoleVariables.ini]
[2025.03.24-00.58.13:433][  0]LogConfig: Setting CVar [[net.UseAdaptiveNetUpdateFrequency:0]]
[2025.03.24-00.58.13:433][  0]LogConfig: Setting CVar [[p.chaos.AllowCreatePhysxBodies:1]]
[2025.03.24-00.58.13:433][  0]LogConfig: Setting CVar [[fx.SkipVectorVMBackendOptimizations:1]]
[2025.03.24-00.58.13:433][  0]LogConfig: Applying CVar settings from Section [ConsoleVariables] File [D:/project/UE/room_escape/Saved/Config/Windows/Engine.ini]
[2025.03.24-00.58.13:433][  0]LogConfig: Applying CVar settings from Section [ConsoleVariables] File [D:/project/UE/room_escape/Saved/Config/Windows/Editor.ini]
[2025.03.24-00.58.13:433][  0]LogInit: Computer: 一介白衣
[2025.03.24-00.58.13:433][  0]LogInit: User: yjby
[2025.03.24-00.58.13:433][  0]LogInit: CPU Page size=4096, Cores=4
[2025.03.24-00.58.13:433][  0]LogInit: High frequency timer resolution =10.000000 MHz
[2025.03.24-00.58.13:433][  0]LogMemory: Memory total: Physical=15.8GB (16GB approx)
[2025.03.24-00.58.13:433][  0]LogMemory: Platform Memory Stats for Windows
[2025.03.24-00.58.13:433][  0]LogMemory: Process Physical Memory: 143.54 MB used, 143.54 MB peak
[2025.03.24-00.58.13:433][  0]LogMemory: Process Virtual Memory: 126.68 MB used, 126.68 MB peak
[2025.03.24-00.58.13:433][  0]LogMemory: Physical Memory: 11142.92 MB used,  5040.38 MB free, 16183.30 MB total
[2025.03.24-00.58.13:433][  0]LogMemory: Virtual Memory: 134199816.00 MB used,  17913.73 MB free, 134217728.00 MB total
[2025.03.24-00.58.13:438][  0]LogWindows: WindowsPlatformFeatures enabled
[2025.03.24-00.58.13:457][  0]LogInit: Physics initialised using underlying interface: PhysX
[2025.03.24-00.58.13:457][  0]LogInit: Overriding language with editor language configuration option (en).
[2025.03.24-00.58.13:457][  0]LogInit: Using OS detected locale (zh-CN).
[2025.03.24-00.58.13:619][  0]LogInit: Setting process to per monitor DPI aware
[2025.03.24-00.58.13:638][  0]LogWindowsTextInputMethodSystem: Display: IME system deactivated.
[2025.03.24-00.58.13:652][  0]LogSlate: New Slate User Created.  User Index 0, Is Virtual User: 0
[2025.03.24-00.58.13:652][  0]LogSlate: Slate User Registered.  User Index 0, Is Virtual User: 0
[2025.03.24-00.58.13:760][  0]LogD3D11RHI: Loaded GFSDK_Aftermath_Lib.x64.dll
[2025.03.24-00.58.13:763][  0]LogHMD: Failed to initialize OpenVR with code 110
[2025.03.24-00.58.13:763][  0]LogD3D11RHI: D3D11 min allowed feature level: 11_0
[2025.03.24-00.58.13:763][  0]LogD3D11RHI: D3D11 max allowed feature level: 11_0
[2025.03.24-00.58.13:763][  0]LogD3D11RHI: D3D11 adapters:
[2025.03.24-00.58.13:875][  0]LogD3D11RHI:    0. 'Intel(R) Iris(R) Xe Graphics' (Feature Level 11_0)
[2025.03.24-00.58.13:875][  0]LogD3D11RHI:       128/0/8091 MB DedicatedVideo/DedicatedSystem/SharedSystem, Outputs:2, VendorId:0x8086
[2025.03.24-00.58.13:877][  0]LogD3D11RHI:    1. 'Microsoft Basic Render Driver' (Feature Level 11_0)
[2025.03.24-00.58.13:877][  0]LogD3D11RHI:       0/0/8091 MB DedicatedVideo/DedicatedSystem/SharedSystem, Outputs:0, VendorId:0x1414
[2025.03.24-00.58.13:984][  0]LogD3D11RHI:    2. 'Intel(R) Iris(R) Xe Graphics' (Feature Level 11_0)
[2025.03.24-00.58.13:984][  0]LogD3D11RHI:       128/0/8091 MB DedicatedVideo/DedicatedSystem/SharedSystem, Outputs:0, VendorId:0x8086
[2025.03.24-00.58.13:984][  0]LogD3D11RHI: Chosen D3D11 Adapter:
[2025.03.24-00.58.13:984][  0]LogD3D11RHI:     Description : Intel(R) Iris(R) Xe Graphics
[2025.03.24-00.58.13:984][  0]LogD3D11RHI:     VendorId    : 8086
[2025.03.24-00.58.13:984][  0]LogD3D11RHI:     DeviceId    : 9a49
[2025.03.24-00.58.13:984][  0]LogD3D11RHI:     SubSysId    : 1307152d
[2025.03.24-00.58.13:984][  0]LogD3D11RHI:     Revision    : 0001
[2025.03.24-00.58.13:984][  0]LogD3D11RHI:     DedicatedVideoMemory : 134217728 bytes
[2025.03.24-00.58.13:984][  0]LogD3D11RHI:     DedicatedSystemMemory : 0 bytes
[2025.03.24-00.58.13:984][  0]LogD3D11RHI:     SharedSystemMemory : 8484712448 bytes
[2025.03.24-00.58.13:984][  0]LogD3D11RHI:     AdapterLuid : 0 54548
[2025.03.24-00.58.13:991][  0]LogD3D11RHI: Creating new Direct3DDevice
[2025.03.24-00.58.13:991][  0]LogD3D11RHI:     GPU DeviceId: 0x9a49 (for the marketing name, search the web for "GPU Device Id")
[2025.03.24-00.58.13:991][  0]LogWindows: EnumDisplayDevices:
[2025.03.24-00.58.13:991][  0]LogWindows:    0. 'Intel(R) Iris(R) Xe Graphics' (P:1 D:1)
[2025.03.24-00.58.13:991][  0]LogWindows:    1. 'Intel(R) Iris(R) Xe Graphics' (P:0 D:1)
[2025.03.24-00.58.13:991][  0]LogWindows:    2. 'Intel(R) Iris(R) Xe Graphics' (P:0 D:0)
[2025.03.24-00.58.13:991][  0]LogWindows:    3. 'Intel(R) Iris(R) Xe Graphics' (P:0 D:0)
[2025.03.24-00.58.13:992][  0]LogWindows:    4. 'Virtual Display Device' (P:0 D:0)
[2025.03.24-00.58.13:992][  0]LogWindows: DebugString: GetVideoDriverDetailsInvalid PrimaryIsNotTheChoosenAdapter FoundDriverCount:4 
[2025.03.24-00.58.13:992][  0]LogD3D11RHI:     Adapter Name: Intel(R) Iris(R) Xe Graphics
[2025.03.24-00.58.13:992][  0]LogD3D11RHI:   Driver Version: 32.0.101.6325 (internal:32.0.101.6325, unified:32.0.101.6325)
[2025.03.24-00.58.13:992][  0]LogD3D11RHI:      Driver Date: 12-10-2024
[2025.03.24-00.58.13:992][  0]LogRHI: Texture pool is 1523 MB (70% of 2176 MB)
[2025.03.24-00.58.13:999][  0]LogD3D11RHI: Creating D3DDevice using adapter:
[2025.03.24-00.58.13:999][  0]LogD3D11RHI:     Description : Intel(R) Iris(R) Xe Graphics
[2025.03.24-00.58.13:999][  0]LogD3D11RHI:     VendorId    : 8086
[2025.03.24-00.58.13:999][  0]LogD3D11RHI:     DeviceId    : 9a49
[2025.03.24-00.58.13:999][  0]LogD3D11RHI:     SubSysId    : 1307152d
[2025.03.24-00.58.13:999][  0]LogD3D11RHI:     Revision    : 0001
[2025.03.24-00.58.13:999][  0]LogD3D11RHI:     DedicatedVideoMemory : 134217728 bytes
[2025.03.24-00.58.13:999][  0]LogD3D11RHI:     DedicatedSystemMemory : 0 bytes
[2025.03.24-00.58.13:999][  0]LogD3D11RHI:     SharedSystemMemory : 8484712448 bytes
[2025.03.24-00.58.13:999][  0]LogD3D11RHI:     AdapterLuid : 0 54548
[2025.03.24-00.58.14:092][  0]LogD3D11RHI: RHI does not have support for 64 bit atomics
[2025.03.24-00.58.14:119][  0]LogD3D11RHI: Intel Extensions support version Full=16777216, Major=1, Minor=0, Revision=0
[2025.03.24-00.58.14:119][  0]LogD3D11RHI: Intel Extensions support version Full=16777217, Major=1, Minor=0, Revision=1
[2025.03.24-00.58.14:120][  0]LogD3D11RHI: Intel Extensions Framework enabled
[2025.03.24-00.58.14:121][  0]LogD3D11RHI: [IntelMetricsDiscovery] Started
[2025.03.24-00.58.14:121][  0]LogD3D11RHI: Async texture creation enabled
[2025.03.24-00.58.14:121][  0]LogD3D11RHI: Array index from any shader is supported
[2025.03.24-00.58.14:135][  0]LogD3D11RHI: GPU Timing Frequency: 19.200000 (Debug: 2 0)
[2025.03.24-00.58.14:477][  0]LogTargetPlatformManager: Display: Loaded TargetPlatform 'AllDesktop'
[2025.03.24-00.58.14:496][  0]LogTargetPlatformManager: Display: Loaded TargetPlatform 'Android'
[2025.03.24-00.58.14:496][  0]LogTargetPlatformManager: Display: Loaded TargetPlatform 'Android_ASTC'
[2025.03.24-00.58.14:496][  0]LogTargetPlatformManager: Display: Loaded TargetPlatform 'Android_DXT'
[2025.03.24-00.58.14:496][  0]LogTargetPlatformManager: Display: Loaded TargetPlatform 'Android_ETC2'
[2025.03.24-00.58.14:496][  0]LogTargetPlatformManager: Display: Loaded TargetPlatform 'AndroidClient'
[2025.03.24-00.58.14:496][  0]LogTargetPlatformManager: Display: Loaded TargetPlatform 'Android_ASTCClient'
[2025.03.24-00.58.14:496][  0]LogTargetPlatformManager: Display: Loaded TargetPlatform 'Android_DXTClient'
[2025.03.24-00.58.14:496][  0]LogTargetPlatformManager: Display: Loaded TargetPlatform 'Android_ETC2Client'
[2025.03.24-00.58.14:496][  0]LogTargetPlatformManager: Display: Loaded TargetPlatform 'Android_Multi'
[2025.03.24-00.58.14:496][  0]LogTargetPlatformManager: Display: Loaded TargetPlatform 'Android_MultiClient'
[2025.03.24-00.58.14:514][  0]LogTargetPlatformManager: Display: Loaded TargetPlatform 'IOSClient'
[2025.03.24-00.58.14:514][  0]LogTargetPlatformManager: Display: Loaded TargetPlatform 'IOS'
[2025.03.24-00.58.14:522][  0]LogTargetPlatformManager: Display: Loaded TargetPlatform 'Linux'
[2025.03.24-00.58.14:528][  0]LogTargetPlatformManager: Display: Loaded TargetPlatform 'LinuxNoEditor'
[2025.03.24-00.58.14:532][  0]LogTargetPlatformManager: Display: Loaded TargetPlatform 'LinuxClient'
[2025.03.24-00.58.14:536][  0]LogTargetPlatformManager: Display: Loaded TargetPlatform 'LinuxServer'
[2025.03.24-00.58.14:545][  0]LogTargetPlatformManager: Display: Loaded TargetPlatform 'LinuxAArch64NoEditor'
[2025.03.24-00.58.14:549][  0]LogTargetPlatformManager: Display: Loaded TargetPlatform 'LinuxAArch64Client'
[2025.03.24-00.58.14:553][  0]LogTargetPlatformManager: Display: Loaded TargetPlatform 'LinuxAArch64Server'
[2025.03.24-00.58.14:574][  0]LogTargetPlatformManager: Display: Loaded TargetPlatform 'Lumin'
[2025.03.24-00.58.14:574][  0]LogTargetPlatformManager: Display: Loaded TargetPlatform 'LuminClient'
[2025.03.24-00.58.14:581][  0]LogTargetPlatformManager: Display: Loaded TargetPlatform 'MacNoEditor'
[2025.03.24-00.58.14:586][  0]LogTargetPlatformManager: Display: Loaded TargetPlatform 'Mac'
[2025.03.24-00.58.14:590][  0]LogTargetPlatformManager: Display: Loaded TargetPlatform 'MacClient'
[2025.03.24-00.58.14:595][  0]LogTargetPlatformManager: Display: Loaded TargetPlatform 'MacServer'
[2025.03.24-00.58.14:604][  0]LogTargetPlatformManager: Display: Loaded TargetPlatform 'TVOSClient'
[2025.03.24-00.58.14:604][  0]LogTargetPlatformManager: Display: Loaded TargetPlatform 'TVOS'
[2025.03.24-00.58.14:612][  0]LogTargetPlatformManager: Display: Loaded TargetPlatform 'WindowsNoEditor'
[2025.03.24-00.58.14:617][  0]LogTargetPlatformManager: Display: Loaded TargetPlatform 'Windows'
[2025.03.24-00.58.14:621][  0]LogTargetPlatformManager: Display: Loaded TargetPlatform 'WindowsClient'
[2025.03.24-00.58.14:625][  0]LogTargetPlatformManager: Display: Loaded TargetPlatform 'WindowsServer'
[2025.03.24-00.58.14:625][  0]LogTargetPlatformManager: Display: Building Assets For Windows
[2025.03.24-00.58.14:632][  0]LogAudioDebug: Display: Lib vorbis DLL was dynamically loaded.
[2025.03.24-00.58.14:658][  0]LogTextureFormatOodle: Display: Oodle Texture 2.9.0 init RDO Off
[2025.03.24-00.58.14:688][  0]LogRendererCore: Ray tracing is disabled. Reason: r.RayTracing=0.
[2025.03.24-00.58.14:688][  0]LogShaderCompilers: Guid format shader working directory is 4 characters bigger than the processId version (../../../../../../project/UE/room_escape/Intermediate/Shaders/WorkingDirectory/14236/).
[2025.03.24-00.58.14:688][  0]LogShaderCompilers: Cleaned the shader compiler working directory 'C:/Users/yjby/AppData/Local/Temp/UnrealShaderWorkingDir/09E727084F49C9F83FE8C0B1AE20D874/'.
[2025.03.24-00.58.14:688][  0]LogXGEController: Cannot use XGE Controller as Incredibuild is not installed on this machine.
[2025.03.24-00.58.14:688][  0]LogShaderCompilers: Cannot use XGE Shader Compiler as Incredibuild is not installed on this machine.
[2025.03.24-00.58.14:688][  0]LogShaderCompilers: Display: Using Local Shader Compiler.
[2025.03.24-00.58.15:490][  0]LogDerivedDataCache: Display: Max Cache Size: 512 MB
[2025.03.24-00.58.15:555][  0]LogDerivedDataCache: Loaded boot cache 0.07s 94MB C:/Users/yjby/AppData/Local/UnrealEngine/4.27/DerivedDataCache/Boot.ddc.
[2025.03.24-00.58.15:555][  0]LogDerivedDataCache: Display: Loaded Boot cache: C:/Users/yjby/AppData/Local/UnrealEngine/4.27/DerivedDataCache/Boot.ddc
[2025.03.24-00.58.15:556][  0]LogDerivedDataCache: FDerivedDataBackendGraph:  Pak pak cache file ../../../../../../project/UE/room_escape/DerivedDataCache/DDC.ddp not found, will not use a pak cache.
[2025.03.24-00.58.15:556][  0]LogDerivedDataCache: Unable to find inner node Pak for hierarchical cache Hierarchy.
[2025.03.24-00.58.15:556][  0]LogDerivedDataCache: FDerivedDataBackendGraph:  CompressedPak pak cache file ../../../../../../project/UE/room_escape/DerivedDataCache/Compressed.ddp not found, will not use a pak cache.
[2025.03.24-00.58.15:556][  0]LogDerivedDataCache: Unable to find inner node CompressedPak for hierarchical cache Hierarchy.
[2025.03.24-00.58.15:575][  0]LogDerivedDataCache: Display: Pak cache opened for reading ../../../Engine/DerivedDataCache/Compressed.ddp.
[2025.03.24-00.58.15:575][  0]LogDerivedDataCache: FDerivedDataBackendGraph:  EnterprisePak pak cache file ../../../Enterprise/DerivedDataCache/Compressed.ddp not found, will not use a pak cache.
[2025.03.24-00.58.15:575][  0]LogDerivedDataCache: Unable to find inner node EnterprisePak for hierarchical cache Hierarchy.
[2025.03.24-00.58.15:580][  0]LogDerivedDataCache: Speed tests for C:/Users/yjby/AppData/Local/UnrealEngine/Common/DerivedDataCache took 0.01 seconds
[2025.03.24-00.58.15:580][  0]LogDerivedDataCache: Display: Performance to C:/Users/yjby/AppData/Local/UnrealEngine/Common/DerivedDataCache: Latency=0.02ms. RandomReadSpeed=1350.11MBs, RandomWriteSpeed=216.07MBs. Assigned SpeedClass 'Local'
[2025.03.24-00.58.15:581][  0]LogDerivedDataCache: Using Local data cache path C:/Users/yjby/AppData/Local/UnrealEngine/Common/DerivedDataCache: Writable
[2025.03.24-00.58.15:581][  0]LogDerivedDataCache: Shared data cache path not found in *engine.ini, will not use an Shared cache.
[2025.03.24-00.58.15:581][  0]LogDerivedDataCache: Unable to find inner node Shared for hierarchical cache Hierarchy.
[2025.03.24-00.58.15:649][  0]LogSlate: Using FreeType 2.10.0
[2025.03.24-00.58.15:649][  0]LogSlate: SlateFontServices - WITH_FREETYPE: 1, WITH_HARFBUZZ: 1
[2025.03.24-00.58.15:679][  0]LogAssetRegistry: FAssetRegistry took 0.0032 seconds to start up
[2025.03.24-00.58.15:957][  0]LogInit: Selected Device Profile: [Windows]
[2025.03.24-00.58.15:958][  0]LogInit: Active device profile: [000001ED52957900][000001ED5173D180 49] Windows
[2025.03.24-00.58.15:958][  0]LogInit: Profiles: [000001ED52957900][000001ED5173D180 49] Windows, [000001ED52918900][000001ED51731300 49] WindowsNoEditor, [000001ED52954900][000001ED51B4B480 49] WindowsServer, [000001ED5291B100][000001ED45823600 49] WindowsClient, [000001ED52957000][000001ED457BB780 49] IOS, [000001ED52919200][000001ED457BF900 49] iPadAir, [000001ED52955100][000001ED457C3A80 49] iPadAir2, [000001ED528D0100][000001ED4E8AC1C0 49] IPadPro, [000001ED528D0200][000001ED457C6200 49] iPadAir3, [000001ED52956A00][000001ED4E8B0380 49] iPadAir4, [000001ED528D3200][000001ED4E8B4500 49] iPadMini2, [000001ED52955600][000001ED4E8B8680 49] iPadMini3, [000001ED528D1500][000001ED5172C7C0 49] iPadMini4, [000001ED52956200][000001ED4E8BC900 49] iPadMini5, [000001ED528C3900][000001ED4E8C4B40 49] iPhone6, [000001ED528C3A00][000001ED4E8C0B80 49] iPodTouch6, [000001ED528D2F00][000001ED4E77AE40 49] iPhone7, [000001ED528D2E00][000001ED4E8CCE80 49] iPodTouch7, [000001ED528C0D00][000001ED4E77F000 49] iPhone5S, [000001ED528D0E00][000001ED4E783180 49] iPhone6Plus, [000001ED528C2C00][000001ED4E787300 49] iPhone6S, [000001ED528D3400][000001ED4E78B480 49] iPhone6SPlus, [000001ED528C1500][000001ED4E78F600 49] iPhone7Plus, [000001ED528D3B00][000001ED4E793780 49] iPhoneSE, [000001ED528C2400][000001ED4E797900 49] iPhone8, [000001ED528D1600][000001ED4E79BA80 49] iPhone8Plus, [000001ED528C3F00][000001ED4E79FC00 49] iPhoneX, [000001ED528D3100][000001ED51AAE200 49] iPhoneXS, [000001ED528C0500][000001ED51AB2380 49] iPhoneXSMax, [000001ED528D1900][000001ED51AB6500 49] iPhoneXR, [000001ED528C2900][000001ED51ABA680 49] iPhone11, [000001ED528D2B00][000001ED51ABE800 49] iPhone11Pro, [000001ED528C1700][000001ED4E8C8940 49] iPhone11ProMax, [000001ED528D3800][000001ED51AC2A80 49] iPhoneSE2, [000001ED528C3400][000001ED51AC6BC0 49] iPhone12Mini, [000001ED528D1C00][000001ED51ACAD00 49] iPhone12, [000001ED528C2A00][000001ED51AD2E80 49] iPhone12Pro, [000001ED528D1300][000001ED51AD7000 49] iPhone12ProMax, [000001ED528C2600][000001ED51ADB180 49] iPadPro105, [000001ED528D0B00][000001ED51ADF300 49] iPadPro129, [000001ED528C1600][000001ED51AE3480 49] iPadPro97, [000001ED528D3F00][000001ED51AE7600 49] iPadPro2_129, [000001ED528C1900][000001ED51AEB780 49] iPad5, [000001ED528D0900][000001ED51AEF900 49] iPad6, [000001ED528C2100][000001ED51AF3A80 49] iPad7, [000001ED528D0300][000001ED51AF7C00 49] iPad8, [000001ED528C3200][000001ED51AFA200 49] iPadPro11, [000001ED528D2200][000001ED51AFE380 49] iPadPro2_11, [000001ED528C1800][000001ED51B02500 49] iPadPro3_129, [000001ED528D0D00][000001ED51B06680 49] iPadPro4_129, [000001ED528C3000][000001ED51B0A800 49] AppleTV, [000001ED528D2400][000001ED51B0E980 49] AppleTV4K, [000001ED528C2F00][000001ED51B12B00 49] TVOS, [000001ED528D3E00][000001ED51ACEC40 49] Mac, [000001ED528C2D00][000001ED51B16D80 49] MacClient, [000001ED528D0F00][000001ED51B1AEC0 49] MacNoEditor, [000001ED528C1000][000001ED519D7040 49] MacServer, [000001ED528D0800][000001ED519DB1C0 49] Linux, [000001ED528C0900][000001ED519DF340 49] LinuxAArch64, [000001ED528D3D00][000001ED519E34C0 49] LinuxNoEditor, [000001ED528C1A00][000001ED519E7640 49] LinuxAArch64NoEditor, [000001ED528D2600][000001ED519EB7C0 49] LinuxClient, [000001ED528C2B00][000001ED519EF940 49] LinuxAArch64Client, [000001ED528D2000][000001ED519F3AC0 49] LinuxServer, [000001ED528C1300][000001ED519F60C0 49] LinuxAArch64Server, [000001ED528D3C00][000001ED519FA240 49] Android, [000001ED5291AF00][000001ED519FE3C0 49] Android_Low, [000001ED52995B00][000001ED51A02540 49] Android_Mid, [000001ED5291BD00][000001ED51A066C0 49] Android_High, [000001ED52995400][000001ED51A0A840 49] Android_Default, [000001ED52918300][000001ED51A0E9C0 49] Android_Adreno4xx, [000001ED52995E00][000001ED51A12B40 49] Android_Adreno5xx_Low, [000001ED5291B700][000001ED51A16CC0 49] Android_Adreno5xx, [000001ED52995A00][000001ED519D2E00 49] Android_Adreno6xx, [000001ED52919000][000001ED51A1AF40 49] Android_Adreno6xx_Vulkan, [000001ED52994B00][000001ED51A1F080 49] Android_Mali_T6xx, [000001ED52919500][000001ED51A231C0 49] Android_Mali_T7xx, [000001ED52995100][000001ED51A2B340 49] Android_Mali_T8xx, [000001ED52918700][000001ED51A2F4C0 49] Android_Mali_G71, [000001ED52994400][000001ED51A33640 49] Android_Mali_G72, [000001ED52919600][000001ED51A377C0 49] Android_Mali_G72_Vulkan, [000001ED52995D00][000001ED51A3B940 49] Android_Mali_G76, [000001ED52919C00][000001ED51A3FAC0 49] Android_Mali_G76_Vulkan, [000001ED52994600][000001ED51A420C0 49] Android_Mali_G77, [000001ED52918D00][000001ED51A46240 49] Android_Mali_G77_Vulkan, [000001ED52996C00][000001ED51A4A3C0 49] Android_Mali_G78, [000001ED5291AB00][000001ED51A4E540 49] Android_Mali_G78_Vulkan, [000001ED52994D00][000001ED514346C0 49] Android_Mali_G710, [000001ED52919D00][000001ED51438840 49] Android_Mali_G710_Vulkan, [000001ED52995F00][000001ED5143C9C0 49] Android_Vulkan_SM5, [000001ED528D0600][000001ED51440B40 49] Android_PowerVR_G6xxx, [000001ED52996800][000001ED51444CC0 49] Android_PowerVR_GT7xxx, [000001ED528D3300][000001ED51448E40 49] Android_PowerVR_GE8xxx, [000001ED52996900][000001ED51A26F80 49] Android_PowerVR_GM9xxx, [000001ED528D0700][000001ED5144D0C0 49] Android_PowerVR_GM9xxx_Vulkan, [000001ED52995000][000001ED51451200 49] Android_TegraK1, [000001ED528D2100][000001ED51455340 49] Android_Unknown_Vulkan, [000001ED52994E00][000001ED5145D4C0 49] Lumin, [000001ED528D1A00][000001ED51461640 49] Lumin_Desktop, [000001ED52996300][000001ED514657C0 49] HoloLens, 
[2025.03.24-00.58.16:097][  0]LogMeshReduction: Using QuadricMeshReduction for automatic static mesh reduction
[2025.03.24-00.58.16:097][  0]LogMeshReduction: Using SimplygonMeshReduction for automatic skeletal mesh reduction
[2025.03.24-00.58.16:097][  0]LogMeshReduction: Using ProxyLODMeshReduction for automatic mesh merging
[2025.03.24-00.58.16:097][  0]LogMeshReduction: No distributed automatic mesh merging module available
[2025.03.24-00.58.16:098][  0]LogMeshMerging: No distributed automatic mesh merging module available
[2025.03.24-00.58.16:113][  0]LogNetVersion: room_escape 1.0.0, NetCL: 17155196, EngineNetVer: 17, GameNetVer: 0 (Checksum: 143463569)
[2025.03.24-00.58.16:528][  0]LogTexture: Default maximum texture size for cubemaps generated from long-lat sources has been changed from 512 to unlimited. In order to preserve old behaiour for '/Engine/MapTemplates/Sky/DaylightAmbientCubemap.DaylightAmbientCubemap', its maximum texture size has been explicitly set to 512.
[2025.03.24-00.58.16:594][  0]LogHMD: PokeAHoleMaterial loaded successfully
[2025.03.24-00.58.16:600][  0]LogUObjectArray: 17178 objects as part of root set at end of initial load.
[2025.03.24-00.58.16:600][  0]LogUObjectAllocator: 4302048 out of 0 bytes used by permanent object pool.
[2025.03.24-00.58.16:600][  0]LogUObjectArray: CloseDisregardForGC: 0/0 objects in disregard for GC pool
[2025.03.24-00.58.16:879][  0]LogPython: Using Python 3.7.7
[2025.03.24-00.58.17:363][  0]LogNiagaraDebuggerClient: Niagara Debugger Client Initialized | Session: 1F25707E43EAA9D8CFE97D8B7BDC1EC9 | Instance: BA1060C34BD6C2EE540436A15CA33574 (一介白衣-14236).
[2025.03.24-00.58.17:514][  0]LogTcpMessaging: Initializing TcpMessaging bridge
[2025.03.24-00.58.17:526][  0]LogUdpMessaging: Initializing bridge on interface 0.0.0.0:0 to multicast group 230.0.0.1:6666.
[2025.03.24-00.58.17:679][  0]SourceControl: Source control is disabled
[2025.03.24-00.58.17:679][  0]SourceControl: Source control is disabled
[2025.03.24-00.58.17:683][  0]SourceControl: Source control is disabled
[2025.03.24-00.58.17:686][  0]SourceControl: Source control is disabled
[2025.03.24-00.58.17:698][  0]SourceControl: Source control is disabled
[2025.03.24-00.58.17:701][  0]LogUProjectInfo: Found projects:
[2025.03.24-00.58.17:892][  0]LogOpenImageDenoise: OIDN starting up
[2025.03.24-00.58.17:949][  0]LogAndroidPermission: UAndroidPermissionCallbackProxy::GetInstance
[2025.03.24-00.58.17:978][  0]LogAudioCaptureCore: Display: No Audio Capture implementations found. Audio input will be silent.
[2025.03.24-00.58.17:978][  0]LogAudioCaptureCore: Display: No Audio Capture implementations found. Audio input will be silent.
[2025.03.24-00.58.18:097][  0]LogCollectionManager: Loaded 0 collections in 0.000597 seconds
[2025.03.24-00.58.18:125][  0]LogFileCache: Scanning file cache for directory 'D:/project/UE/room_escape/Saved/Collections/' took 0.00s
[2025.03.24-00.58.18:125][  0]LogFileCache: Scanning file cache for directory 'D:/project/UE/room_escape/Content/Developers/yjby/Collections/' took 0.00s
[2025.03.24-00.58.18:125][  0]LogFileCache: Scanning file cache for directory 'D:/project/UE/room_escape/Content/Collections/' took 0.00s
[2025.03.24-00.58.18:125][  0]LogOcInput: OculusInput pre-init called
[2025.03.24-00.58.18:393][  0]LogEngine: Initializing Engine...
[2025.03.24-00.58.18:455][  0]LogHMD: Failed to enumerate extensions. Please check that you have a valid OpenXR runtime installed.
[2025.03.24-00.58.18:455][  0]LogHMD: Failed to initialize OpenVR with code 110
[2025.03.24-00.58.18:455][  0]LogMagicLeap: Warning: VR disabled because ZI is not enabled.  To enable, in the editor, Edit -> Project Settings -> Plugins -> Magic Leap Plugin -> Enable Zero Iteration
[2025.03.24-00.58.18:456][  0]LogStats: UGameplayTagsManager::InitializeManager -  0.000 s
[2025.03.24-00.58.18:583][  0]LogInit: Initializing FReadOnlyCVARCache
[2025.03.24-00.58.18:591][  0]LogAIModule: Creating AISystem for world Untitled
[2025.03.24-00.58.18:591][  0]LogAudio: Display: Initializing Audio Device Manager...
[2025.03.24-00.58.18:595][  0]LogAudio: Display: Loading Default Audio Settings Objects...
[2025.03.24-00.58.18:595][  0]LogAudio: Display: No default SoundConcurrencyObject specified (or failed to load).
[2025.03.24-00.58.18:596][  0]LogAudio: Display: Audio Device Manager Initialized
[2025.03.24-00.58.18:596][  0]LogAudio: Display: Creating Audio Device:                 Id: 1, Scope: Shared, Realtime: True
[2025.03.24-00.58.18:596][  0]LogAudioMixer: Display: Audio Mixer Platform Settings:
[2025.03.24-00.58.18:596][  0]LogAudioMixer: Display: 	Sample Rate:						  48000
[2025.03.24-00.58.18:596][  0]LogAudioMixer: Display: 	Callback Buffer Frame Size Requested: 1024
[2025.03.24-00.58.18:596][  0]LogAudioMixer: Display: 	Callback Buffer Frame Size To Use:	  1024
[2025.03.24-00.58.18:596][  0]LogAudioMixer: Display: 	Number of buffers to queue:			  2
[2025.03.24-00.58.18:596][  0]LogAudioMixer: Display: 	Max Channels (voices):				  32
[2025.03.24-00.58.18:596][  0]LogAudioMixer: Display: 	Number of Async Source Workers:		  0
[2025.03.24-00.58.18:596][  0]LogAudio: Display: AudioDevice MaxSources: 32
[2025.03.24-00.58.18:596][  0]LogAudio: Display: Audio Spatialization Plugin: None (built-in).
[2025.03.24-00.58.18:596][  0]LogAudio: Display: Audio Reverb Plugin: None (built-in).
[2025.03.24-00.58.18:596][  0]LogAudio: Display: Audio Occlusion Plugin: None (built-in).
[2025.03.24-00.58.18:596][  0]LogAudioMixer: Display: Initializing audio mixer.
[2025.03.24-00.58.18:605][  0]LogAudioMixer: Display: 0: FrontLeft
[2025.03.24-00.58.18:605][  0]LogAudioMixer: Display: 1: FrontRight
[2025.03.24-00.58.18:719][  0]LogAudioMixer: Display: Using Audio Device 扬声器 (适用于 I2S 音频的英特尔® 智音技术)
[2025.03.24-00.58.18:719][  0]LogAudioMixer: Display: Initializing Sound Submixes...
[2025.03.24-00.58.18:721][  0]LogAudioMixer: Display: Creating Master Submix 'MasterSubmixDefault'
[2025.03.24-00.58.18:721][  0]LogAudioMixer: Display: Creating Master Submix 'MasterReverbSubmixDefault'
[2025.03.24-00.58.18:722][  0]LogAudioMixer: Display: Creating Master Submix 'MasterEQSubmixDefault'
[2025.03.24-00.58.18:722][  0]LogAudioMixer: FMixerPlatformXAudio2::StartAudioStream() called
[2025.03.24-00.58.18:722][  0]LogAudioMixer: Display: Output buffers initialized: Frames=1024, Channels=2, Samples=2048
[2025.03.24-00.58.18:722][  0]LogAudioMixer: Display: Starting AudioMixerPlatformInterface::RunInternal()
[2025.03.24-00.58.18:722][  0]LogAudioMixer: Display: FMixerPlatformXAudio2::SubmitBuffer() called for the first time
[2025.03.24-00.58.18:723][  0]LogInit: FAudioDevice initialized.
[2025.03.24-00.58.18:723][  0]LogAudio: Display: Audio Device (ID: 1) registered with world 'Untitled'.
[2025.03.24-00.58.18:723][  0]LogNetVersion: Set ProjectVersion to 1.0.0.0. Version Checksum will be recalculated on next use.
[2025.03.24-00.58.18:777][  0]LogDerivedDataCache: Saved boot cache 0.05s 94MB C:/Users/yjby/AppData/Local/UnrealEngine/4.27/DerivedDataCache/Boot.ddc.
[2025.03.24-00.58.18:777][  0]LogInit: Texture streaming: Enabled
[2025.03.24-00.58.18:791][  0]LogAnalytics: Display: [UEEditor.Rocket.Release] APIServer = https://datarouter.ol.epicgames.com/. AppVersion = 4.27.2-18319896+++UE4+Release-4.27
[2025.03.24-00.58.18:796][  0]LogEngineSessionManager: EngineSessionManager initialized
[2025.03.24-00.58.18:796][  0]LogEditorSessionSummary: Verbose: Initializing EditorSessionSummaryWriter for editor session tracking
[2025.03.24-00.58.18:798][  0]LogEditorSessionSummary: EditorSessionSummaryWriter initialized
[2025.03.24-00.58.18:828][  0]LogInit: Transaction tracking system initialized
[2025.03.24-00.58.18:855][  0]BlueprintLog: New page: Editor Load
[2025.03.24-00.58.18:918][  0]LocalizationService: Localization service is disabled
[2025.03.24-00.58.18:947][  0]TimingProfiler: Initialize
[2025.03.24-00.58.18:947][  0]TimingProfiler: OnSessionChanged
[2025.03.24-00.58.18:947][  0]LoadingProfiler: Initialize
[2025.03.24-00.58.18:947][  0]LoadingProfiler: OnSessionChanged
[2025.03.24-00.58.18:947][  0]NetworkingProfiler: Initialize
[2025.03.24-00.58.18:947][  0]NetworkingProfiler: OnSessionChanged
[2025.03.24-00.58.18:947][  0]MemoryProfiler: Initialize
[2025.03.24-00.58.18:947][  0]MemoryProfiler: OnSessionChanged
[2025.03.24-00.58.19:091][  0]LogCook: Display: CookSettings for Memory: MemoryMaxUsedVirtual 0MiB, MemoryMaxUsedPhysical 16384MiB, MemoryMinFreeVirtual 0MiB, MemoryMinFreePhysical 1024MiB
[2025.03.24-00.58.19:091][  0]LogCook: Display: Mobile HDR setting 1
[2025.03.24-00.58.19:285][  0]LogFileCache: Scanning file cache for directory 'D:/project/UE/room_escape/Content/' took 0.01s
[2025.03.24-00.58.19:508][  0]LogInit: Display: Engine is initialized. Leaving FEngineLoop::Init()
[2025.03.24-00.58.19:510][  0]SourceControl: Source control is disabled
[2025.03.24-00.58.19:630][  0]LogSlate: Took 0.000161 seconds to synchronously load lazily loaded font '../../../Engine/Content/Slate/Fonts/Roboto-Regular.ttf' (155K)
[2025.03.24-00.58.24:154][  0]LogSlate: Window 'Restore Packages' being destroyed
[2025.03.24-00.58.25:577][  0]LogSlate: Window 'Unable to Check Out From Source Control!' being destroyed
[2025.03.24-00.58.25:586][  0]Message dialog closed, result: Ok, title: Unable to Check Out From Source Control!, text: The following assets could not be successfully checked out from source control:
/Game/ThirdPersonBP/Maps/ThirdPersonExampleMap
[2025.03.24-00.58.25:619][  0]LogUnrealEdMisc: Loading editor; pre map load, took 13.347
[2025.03.24-00.58.25:620][  0]Cmd: MAP LOAD FILE="../../../../../../project/UE/room_escape/Content/ThirdPersonBP/Maps/ThirdPersonExampleMap.umap" TEMPLATE=0 SHOWPROGRESS=1 FEATURELEVEL=3
[2025.03.24-00.58.25:627][  0]LightingResults: New page: Lighting Build
[2025.03.24-00.58.25:630][  0]LogWorld: UWorld::CleanupWorld for Untitled, bSessionEnded=true, bCleanupResources=true
[2025.03.24-00.58.25:630][  0]LogSlate: InvalidateAllWidgets triggered.  All widgets were invalidated
[2025.03.24-00.58.25:631][  0]MapCheck: New page: Map Check
[2025.03.24-00.58.25:631][  0]LightingResults: New page: Lighting Build
[2025.03.24-00.58.25:641][  0]LogAudio: Display: Audio Device unregistered from world 'None'.
[2025.03.24-00.58.25:645][  0]LogUObjectHash: Compacting FUObjectHashTables data took   1.60ms
[2025.03.24-00.58.26:228][  0]LogLinker: Warning: [AssetLog] D:\project\UE\room_escape\Content\ThirdPersonBP\Maps\ThirdPersonExampleMap.umap: Failed to load '/Game/BP/BP_SpotLight': Can't find file.
[2025.03.24-00.58.26:228][  0]LogLinker: Warning: [AssetLog] D:\project\UE\room_escape\Content\ThirdPersonBP\Maps\ThirdPersonExampleMap.umap: Failed to load '/Game/BP/BP_SpotLight': Can't find file.
[2025.03.24-00.58.26:264][  0]LogLinker: Warning: [AssetLog] D:\project\UE\room_escape\Content\ThirdPersonBP\Maps\ThirdPersonExampleMap.umap: Failed to load '/Game/BP/BP_SpotLight': Can't find file.
[2025.03.24-00.58.26:431][  0]LogLinker: Warning: [AssetLog] D:\project\UE\room_escape\Content\ThirdPersonBP\Maps\ThirdPersonExampleMap.umap: Failed to load '/Game/BP/BP_SpotLight': Can't find file.
[2025.03.24-00.58.26:431][  0]LogLinker: Warning: [AssetLog] D:\project\UE\room_escape\Content\ThirdPersonBP\Maps\ThirdPersonExampleMap.umap: Failed to load '/Game/BP/BP_SpotLight': Can't find file.
[2025.03.24-00.58.26:431][  0]LogLinker: Warning: [AssetLog] D:\project\UE\room_escape\Content\ThirdPersonBP\Maps\ThirdPersonExampleMap.umap: Failed to load '/Game/BP/BP_SpotLight': Can't find file.
[2025.03.24-00.58.26:432][  0]LogLinker: Warning: Failed to load '/Game/BP/BP_SpotLight': Can't find file.
[2025.03.24-00.58.26:432][  0]LogLinker: Warning: Failed to load '/Game/BP/BP_SpotLight': Can't find file.
[2025.03.24-00.58.26:432][  0]LogLinker: Warning: Failed to load '/Game/BP/BP_SpotLight': Can't find file.
[2025.03.24-00.58.26:432][  0]LogLinker: Warning: Failed to load '/Game/BP/BP_SpotLight': Can't find file.
[2025.03.24-00.58.26:432][  0]LogLinker: Warning: Failed to load '/Game/BP/BP_SpotLight': Can't find file.
[2025.03.24-00.58.26:441][  0]LogLinker: Warning: Failed to load '/Game/BP/BP_SpotLight': Can't find file.
[2025.03.24-00.58.26:441][  0]LogLinker: Warning: Failed to load '/Game/BP/BP_SpotLight': Can't find file.
[2025.03.24-00.58.26:843][  0]LogAudio: Display: Audio Device (ID: 1) registered with world 'ThirdPersonExampleMap'.
[2025.03.24-00.58.26:844][  0]LogAIModule: Creating AISystem for world ThirdPersonExampleMap
[2025.03.24-00.58.26:877][  0]LogEditorServer: Finished looking for orphan Actors (0.000 secs)
[2025.03.24-00.58.26:886][  0]LogUObjectHash: Compacting FUObjectHashTables data took   0.87ms
[2025.03.24-00.58.26:887][  0]Cmd: MAP CHECKDEP NOCLEARLOG
[2025.03.24-00.58.26:887][  0]MapCheck: Map check complete: 0 Error(s), 0 Warning(s), took 0.106ms to complete.
[2025.03.24-00.58.26:887][  0]LogFileHelpers: Loading map 'ThirdPersonExampleMap' took 1.267
[2025.03.24-00.58.26:889][  0]LogUnrealEdMisc: Total Editor Startup Time, took 14.617
[2025.03.24-00.58.27:036][  0]LogSlate: Updating window title bar state: overlay mode, drag disabled, window buttons hidden, title bar hidden
[2025.03.24-00.58.27:042][  0]LogSlate: Updating window title bar state: overlay mode, drag disabled, window buttons hidden, title bar hidden
[2025.03.24-00.58.27:047][  0]LogSlate: Updating window title bar state: overlay mode, drag disabled, window buttons hidden, title bar hidden
[2025.03.24-00.58.27:052][  0]LogSlate: Updating window title bar state: overlay mode, drag disabled, window buttons hidden, title bar hidden
[2025.03.24-00.58.27:093][  0]LogNativeClassHierarchy: Verbose: Native class hierarchy populated in 0.0091 seconds. Added 3822 classes and 928 folders.
[2025.03.24-00.58.27:103][  0]LogNativeClassHierarchy: Verbose: Native class hierarchy updated for 'WidgetCarousel' in 0.0002 seconds. Added 0 classes and 0 folders.
[2025.03.24-00.58.27:122][  0]LogPakFile: PakFile PrimaryIndexSize=187
[2025.03.24-00.58.27:123][  0]LogPakFile: PakFile PathHashIndexSize=101
[2025.03.24-00.58.27:123][  0]LogPakFile: PakFile FullDirectoryIndexSize=148
[2025.03.24-00.58.27:123][  0]LogShaderLibrary: Display: ShaderCodeLibraryPakFileMountedCallback: PakFile 'D:/Program Files/Epic Games/UE_4.27/FeaturePacks/FP_FirstPerson.upack' (chunk index -1, root 'root:/') mounted
[2025.03.24-00.58.27:123][  0]LogShaderLibrary: Display: ShaderCodeLibraryPakFileMountedCallback: pending pak file info (ChunkID:-1 Root:root:/ File:D:/Program Files/Epic Games/UE_4.27/FeaturePacks/FP_FirstPerson.upack)
[2025.03.24-00.58.27:124][  0]LogPakFile: OnPakFileMounted2Time == 0.001123
[2025.03.24-00.58.27:135][  0]LogPakFile: PakFile PrimaryIndexSize=189
[2025.03.24-00.58.27:135][  0]LogPakFile: PakFile PathHashIndexSize=101
[2025.03.24-00.58.27:135][  0]LogPakFile: PakFile FullDirectoryIndexSize=152
[2025.03.24-00.58.27:135][  0]LogShaderLibrary: Display: ShaderCodeLibraryPakFileMountedCallback: PakFile 'D:/Program Files/Epic Games/UE_4.27/FeaturePacks/FP_FirstPersonBP.upack' (chunk index -1, root 'root:/') mounted
[2025.03.24-00.58.27:135][  0]LogShaderLibrary: Display: ShaderCodeLibraryPakFileMountedCallback: pending pak file info (ChunkID:-1 Root:root:/ File:D:/Program Files/Epic Games/UE_4.27/FeaturePacks/FP_FirstPersonBP.upack)
[2025.03.24-00.58.27:135][  0]LogPakFile: OnPakFileMounted2Time == 0.000043
[2025.03.24-00.58.27:144][  0]LogPakFile: PakFile PrimaryIndexSize=191
[2025.03.24-00.58.27:144][  0]LogPakFile: PakFile PathHashIndexSize=101
[2025.03.24-00.58.27:144][  0]LogPakFile: PakFile FullDirectoryIndexSize=160
[2025.03.24-00.58.27:144][  0]LogShaderLibrary: Display: ShaderCodeLibraryPakFileMountedCallback: PakFile 'D:/Program Files/Epic Games/UE_4.27/FeaturePacks/MobileStarterContent.upack' (chunk index -1, root 'root:/') mounted
[2025.03.24-00.58.27:144][  0]LogShaderLibrary: Display: ShaderCodeLibraryPakFileMountedCallback: pending pak file info (ChunkID:-1 Root:root:/ File:D:/Program Files/Epic Games/UE_4.27/FeaturePacks/MobileStarterContent.upack)
[2025.03.24-00.58.27:144][  0]LogPakFile: OnPakFileMounted2Time == 0.000039
[2025.03.24-00.58.27:151][  0]LogPakFile: PakFile PrimaryIndexSize=185
[2025.03.24-00.58.27:151][  0]LogPakFile: PakFile PathHashIndexSize=101
[2025.03.24-00.58.27:151][  0]LogPakFile: PakFile FullDirectoryIndexSize=148
[2025.03.24-00.58.27:151][  0]LogShaderLibrary: Display: ShaderCodeLibraryPakFileMountedCallback: PakFile 'D:/Program Files/Epic Games/UE_4.27/FeaturePacks/StarterContent.upack' (chunk index -1, root 'root:/') mounted
[2025.03.24-00.58.27:151][  0]LogShaderLibrary: Display: ShaderCodeLibraryPakFileMountedCallback: pending pak file info (ChunkID:-1 Root:root:/ File:D:/Program Files/Epic Games/UE_4.27/FeaturePacks/StarterContent.upack)
[2025.03.24-00.58.27:151][  0]LogPakFile: OnPakFileMounted2Time == 0.000039
[2025.03.24-00.58.27:158][  0]LogPakFile: PakFile PrimaryIndexSize=190
[2025.03.24-00.58.27:158][  0]LogPakFile: PakFile PathHashIndexSize=101
[2025.03.24-00.58.27:158][  0]LogPakFile: PakFile FullDirectoryIndexSize=154
[2025.03.24-00.58.27:158][  0]LogShaderLibrary: Display: ShaderCodeLibraryPakFileMountedCallback: PakFile 'D:/Program Files/Epic Games/UE_4.27/FeaturePacks/TP_2DSideScroller.upack' (chunk index -1, root 'root:/') mounted
[2025.03.24-00.58.27:158][  0]LogShaderLibrary: Display: ShaderCodeLibraryPakFileMountedCallback: pending pak file info (ChunkID:-1 Root:root:/ File:D:/Program Files/Epic Games/UE_4.27/FeaturePacks/TP_2DSideScroller.upack)
[2025.03.24-00.58.27:158][  0]LogPakFile: OnPakFileMounted2Time == 0.000057
[2025.03.24-00.58.27:166][  0]LogPakFile: PakFile PrimaryIndexSize=192
[2025.03.24-00.58.27:166][  0]LogPakFile: PakFile PathHashIndexSize=101
[2025.03.24-00.58.27:166][  0]LogPakFile: PakFile FullDirectoryIndexSize=158
[2025.03.24-00.58.27:166][  0]LogShaderLibrary: Display: ShaderCodeLibraryPakFileMountedCallback: PakFile 'D:/Program Files/Epic Games/UE_4.27/FeaturePacks/TP_2DSideScrollerBP.upack' (chunk index -1, root 'root:/') mounted
[2025.03.24-00.58.27:166][  0]LogShaderLibrary: Display: ShaderCodeLibraryPakFileMountedCallback: pending pak file info (ChunkID:-1 Root:root:/ File:D:/Program Files/Epic Games/UE_4.27/FeaturePacks/TP_2DSideScrollerBP.upack)
[2025.03.24-00.58.27:166][  0]LogPakFile: OnPakFileMounted2Time == 0.000036
[2025.03.24-00.58.27:172][  0]LogPakFile: PakFile PrimaryIndexSize=182
[2025.03.24-00.58.27:172][  0]LogPakFile: PakFile PathHashIndexSize=101
[2025.03.24-00.58.27:172][  0]LogPakFile: PakFile FullDirectoryIndexSize=138
[2025.03.24-00.58.27:172][  0]LogShaderLibrary: Display: ShaderCodeLibraryPakFileMountedCallback: PakFile 'D:/Program Files/Epic Games/UE_4.27/FeaturePacks/TP_Flying.upack' (chunk index -1, root 'root:/') mounted
[2025.03.24-00.58.27:172][  0]LogShaderLibrary: Display: ShaderCodeLibraryPakFileMountedCallback: pending pak file info (ChunkID:-1 Root:root:/ File:D:/Program Files/Epic Games/UE_4.27/FeaturePacks/TP_Flying.upack)
[2025.03.24-00.58.27:172][  0]LogPakFile: OnPakFileMounted2Time == 0.000038
[2025.03.24-00.58.27:180][  0]LogPakFile: PakFile PrimaryIndexSize=184
[2025.03.24-00.58.27:180][  0]LogPakFile: PakFile PathHashIndexSize=101
[2025.03.24-00.58.27:180][  0]LogPakFile: PakFile FullDirectoryIndexSize=142
[2025.03.24-00.58.27:180][  0]LogShaderLibrary: Display: ShaderCodeLibraryPakFileMountedCallback: PakFile 'D:/Program Files/Epic Games/UE_4.27/FeaturePacks/TP_FlyingBP.upack' (chunk index -1, root 'root:/') mounted
[2025.03.24-00.58.27:180][  0]LogShaderLibrary: Display: ShaderCodeLibraryPakFileMountedCallback: pending pak file info (ChunkID:-1 Root:root:/ File:D:/Program Files/Epic Games/UE_4.27/FeaturePacks/TP_FlyingBP.upack)
[2025.03.24-00.58.27:180][  0]LogPakFile: OnPakFileMounted2Time == 0.000034
[2025.03.24-00.58.27:189][  0]LogPakFile: PakFile PrimaryIndexSize=188
[2025.03.24-00.58.27:189][  0]LogPakFile: PakFile PathHashIndexSize=101
[2025.03.24-00.58.27:189][  0]LogPakFile: PakFile FullDirectoryIndexSize=150
[2025.03.24-00.58.27:189][  0]LogShaderLibrary: Display: ShaderCodeLibraryPakFileMountedCallback: PakFile 'D:/Program Files/Epic Games/UE_4.27/FeaturePacks/TP_HandheldARBP.upack' (chunk index -1, root 'root:/') mounted
[2025.03.24-00.58.27:189][  0]LogShaderLibrary: Display: ShaderCodeLibraryPakFileMountedCallback: pending pak file info (ChunkID:-1 Root:root:/ File:D:/Program Files/Epic Games/UE_4.27/FeaturePacks/TP_HandheldARBP.upack)
[2025.03.24-00.58.27:189][  0]LogPakFile: OnPakFileMounted2Time == 0.000036
[2025.03.24-00.58.27:196][  0]LogPakFile: PakFile PrimaryIndexSize=182
[2025.03.24-00.58.27:196][  0]LogPakFile: PakFile PathHashIndexSize=101
[2025.03.24-00.58.27:196][  0]LogPakFile: PakFile FullDirectoryIndexSize=138
[2025.03.24-00.58.27:196][  0]LogShaderLibrary: Display: ShaderCodeLibraryPakFileMountedCallback: PakFile 'D:/Program Files/Epic Games/UE_4.27/FeaturePacks/TP_Puzzle.upack' (chunk index -1, root 'root:/') mounted
[2025.03.24-00.58.27:196][  0]LogShaderLibrary: Display: ShaderCodeLibraryPakFileMountedCallback: pending pak file info (ChunkID:-1 Root:root:/ File:D:/Program Files/Epic Games/UE_4.27/FeaturePacks/TP_Puzzle.upack)
[2025.03.24-00.58.27:196][  0]LogPakFile: OnPakFileMounted2Time == 0.000035
[2025.03.24-00.58.27:203][  0]LogPakFile: PakFile PrimaryIndexSize=184
[2025.03.24-00.58.27:203][  0]LogPakFile: PakFile PathHashIndexSize=101
[2025.03.24-00.58.27:203][  0]LogPakFile: PakFile FullDirectoryIndexSize=142
[2025.03.24-00.58.27:203][  0]LogShaderLibrary: Display: ShaderCodeLibraryPakFileMountedCallback: PakFile 'D:/Program Files/Epic Games/UE_4.27/FeaturePacks/TP_PuzzleBP.upack' (chunk index -1, root 'root:/') mounted
[2025.03.24-00.58.27:203][  0]LogShaderLibrary: Display: ShaderCodeLibraryPakFileMountedCallback: pending pak file info (ChunkID:-1 Root:root:/ File:D:/Program Files/Epic Games/UE_4.27/FeaturePacks/TP_PuzzleBP.upack)
[2025.03.24-00.58.27:203][  0]LogPakFile: OnPakFileMounted2Time == 0.000035
[2025.03.24-00.58.27:211][  0]LogPakFile: PakFile PrimaryIndexSize=183
[2025.03.24-00.58.27:211][  0]LogPakFile: PakFile PathHashIndexSize=101
[2025.03.24-00.58.27:211][  0]LogPakFile: PakFile FullDirectoryIndexSize=140
[2025.03.24-00.58.27:211][  0]LogShaderLibrary: Display: ShaderCodeLibraryPakFileMountedCallback: PakFile 'D:/Program Files/Epic Games/UE_4.27/FeaturePacks/TP_Rolling.upack' (chunk index -1, root 'root:/') mounted
[2025.03.24-00.58.27:211][  0]LogShaderLibrary: Display: ShaderCodeLibraryPakFileMountedCallback: pending pak file info (ChunkID:-1 Root:root:/ File:D:/Program Files/Epic Games/UE_4.27/FeaturePacks/TP_Rolling.upack)
[2025.03.24-00.58.27:211][  0]LogPakFile: OnPakFileMounted2Time == 0.000037
[2025.03.24-00.58.27:218][  0]LogPakFile: PakFile PrimaryIndexSize=185
[2025.03.24-00.58.27:218][  0]LogPakFile: PakFile PathHashIndexSize=101
[2025.03.24-00.58.27:218][  0]LogPakFile: PakFile FullDirectoryIndexSize=144
[2025.03.24-00.58.27:218][  0]LogShaderLibrary: Display: ShaderCodeLibraryPakFileMountedCallback: PakFile 'D:/Program Files/Epic Games/UE_4.27/FeaturePacks/TP_RollingBP.upack' (chunk index -1, root 'root:/') mounted
[2025.03.24-00.58.27:218][  0]LogShaderLibrary: Display: ShaderCodeLibraryPakFileMountedCallback: pending pak file info (ChunkID:-1 Root:root:/ File:D:/Program Files/Epic Games/UE_4.27/FeaturePacks/TP_RollingBP.upack)
[2025.03.24-00.58.27:218][  0]LogPakFile: OnPakFileMounted2Time == 0.000036
[2025.03.24-00.58.27:226][  0]LogPakFile: PakFile PrimaryIndexSize=188
[2025.03.24-00.58.27:226][  0]LogPakFile: PakFile PathHashIndexSize=101
[2025.03.24-00.58.27:226][  0]LogPakFile: PakFile FullDirectoryIndexSize=150
[2025.03.24-00.58.27:226][  0]LogShaderLibrary: Display: ShaderCodeLibraryPakFileMountedCallback: PakFile 'D:/Program Files/Epic Games/UE_4.27/FeaturePacks/TP_SideScroller.upack' (chunk index -1, root 'root:/') mounted
[2025.03.24-00.58.27:226][  0]LogShaderLibrary: Display: ShaderCodeLibraryPakFileMountedCallback: pending pak file info (ChunkID:-1 Root:root:/ File:D:/Program Files/Epic Games/UE_4.27/FeaturePacks/TP_SideScroller.upack)
[2025.03.24-00.58.27:226][  0]LogPakFile: OnPakFileMounted2Time == 0.000040
[2025.03.24-00.58.27:233][  0]LogPakFile: PakFile PrimaryIndexSize=190
[2025.03.24-00.58.27:233][  0]LogPakFile: PakFile PathHashIndexSize=101
[2025.03.24-00.58.27:233][  0]LogPakFile: PakFile FullDirectoryIndexSize=154
[2025.03.24-00.58.27:233][  0]LogShaderLibrary: Display: ShaderCodeLibraryPakFileMountedCallback: PakFile 'D:/Program Files/Epic Games/UE_4.27/FeaturePacks/TP_SideScrollerBP.upack' (chunk index -1, root 'root:/') mounted
[2025.03.24-00.58.27:233][  0]LogShaderLibrary: Display: ShaderCodeLibraryPakFileMountedCallback: pending pak file info (ChunkID:-1 Root:root:/ File:D:/Program Files/Epic Games/UE_4.27/FeaturePacks/TP_SideScrollerBP.upack)
[2025.03.24-00.58.27:233][  0]LogPakFile: OnPakFileMounted2Time == 0.000036
[2025.03.24-00.58.27:241][  0]LogPakFile: PakFile PrimaryIndexSize=187
[2025.03.24-00.58.27:241][  0]LogPakFile: PakFile PathHashIndexSize=101
[2025.03.24-00.58.27:241][  0]LogPakFile: PakFile FullDirectoryIndexSize=148
[2025.03.24-00.58.27:241][  0]LogShaderLibrary: Display: ShaderCodeLibraryPakFileMountedCallback: PakFile 'D:/Program Files/Epic Games/UE_4.27/FeaturePacks/TP_ThirdPerson.upack' (chunk index -1, root 'root:/') mounted
[2025.03.24-00.58.27:241][  0]LogShaderLibrary: Display: ShaderCodeLibraryPakFileMountedCallback: pending pak file info (ChunkID:-1 Root:root:/ File:D:/Program Files/Epic Games/UE_4.27/FeaturePacks/TP_ThirdPerson.upack)
[2025.03.24-00.58.27:241][  0]LogPakFile: OnPakFileMounted2Time == 0.000035
[2025.03.24-00.58.27:247][  0]LogPakFile: PakFile PrimaryIndexSize=189
[2025.03.24-00.58.27:247][  0]LogPakFile: PakFile PathHashIndexSize=101
[2025.03.24-00.58.27:247][  0]LogPakFile: PakFile FullDirectoryIndexSize=152
[2025.03.24-00.58.27:247][  0]LogShaderLibrary: Display: ShaderCodeLibraryPakFileMountedCallback: PakFile 'D:/Program Files/Epic Games/UE_4.27/FeaturePacks/TP_ThirdPersonBP.upack' (chunk index -1, root 'root:/') mounted
[2025.03.24-00.58.27:247][  0]LogShaderLibrary: Display: ShaderCodeLibraryPakFileMountedCallback: pending pak file info (ChunkID:-1 Root:root:/ File:D:/Program Files/Epic Games/UE_4.27/FeaturePacks/TP_ThirdPersonBP.upack)
[2025.03.24-00.58.27:247][  0]LogPakFile: OnPakFileMounted2Time == 0.000036
[2025.03.24-00.58.27:255][  0]LogPakFile: PakFile PrimaryIndexSize=183
[2025.03.24-00.58.27:255][  0]LogPakFile: PakFile PathHashIndexSize=101
[2025.03.24-00.58.27:256][  0]LogPakFile: PakFile FullDirectoryIndexSize=140
[2025.03.24-00.58.27:256][  0]LogShaderLibrary: Display: ShaderCodeLibraryPakFileMountedCallback: PakFile 'D:/Program Files/Epic Games/UE_4.27/FeaturePacks/TP_TopDown.upack' (chunk index -1, root 'root:/') mounted
[2025.03.24-00.58.27:256][  0]LogShaderLibrary: Display: ShaderCodeLibraryPakFileMountedCallback: pending pak file info (ChunkID:-1 Root:root:/ File:D:/Program Files/Epic Games/UE_4.27/FeaturePacks/TP_TopDown.upack)
[2025.03.24-00.58.27:256][  0]LogPakFile: OnPakFileMounted2Time == 0.000048
[2025.03.24-00.58.27:262][  0]LogPakFile: PakFile PrimaryIndexSize=185
[2025.03.24-00.58.27:262][  0]LogPakFile: PakFile PathHashIndexSize=101
[2025.03.24-00.58.27:262][  0]LogPakFile: PakFile FullDirectoryIndexSize=144
[2025.03.24-00.58.27:262][  0]LogShaderLibrary: Display: ShaderCodeLibraryPakFileMountedCallback: PakFile 'D:/Program Files/Epic Games/UE_4.27/FeaturePacks/TP_TopDownBP.upack' (chunk index -1, root 'root:/') mounted
[2025.03.24-00.58.27:262][  0]LogShaderLibrary: Display: ShaderCodeLibraryPakFileMountedCallback: pending pak file info (ChunkID:-1 Root:root:/ File:D:/Program Files/Epic Games/UE_4.27/FeaturePacks/TP_TopDownBP.upack)
[2025.03.24-00.58.27:262][  0]LogPakFile: OnPakFileMounted2Time == 0.000037
[2025.03.24-00.58.27:273][  0]LogPakFile: PakFile PrimaryIndexSize=185
[2025.03.24-00.58.27:273][  0]LogPakFile: PakFile PathHashIndexSize=101
[2025.03.24-00.58.27:273][  0]LogPakFile: PakFile FullDirectoryIndexSize=144
[2025.03.24-00.58.27:273][  0]LogShaderLibrary: Display: ShaderCodeLibraryPakFileMountedCallback: PakFile 'D:/Program Files/Epic Games/UE_4.27/FeaturePacks/TP_TwinStick.upack' (chunk index -1, root 'root:/') mounted
[2025.03.24-00.58.27:273][  0]LogShaderLibrary: Display: ShaderCodeLibraryPakFileMountedCallback: pending pak file info (ChunkID:-1 Root:root:/ File:D:/Program Files/Epic Games/UE_4.27/FeaturePacks/TP_TwinStick.upack)
[2025.03.24-00.58.27:273][  0]LogPakFile: OnPakFileMounted2Time == 0.000038
[2025.03.24-00.58.27:279][  0]LogPakFile: PakFile PrimaryIndexSize=187
[2025.03.24-00.58.27:279][  0]LogPakFile: PakFile PathHashIndexSize=101
[2025.03.24-00.58.27:279][  0]LogPakFile: PakFile FullDirectoryIndexSize=148
[2025.03.24-00.58.27:279][  0]LogShaderLibrary: Display: ShaderCodeLibraryPakFileMountedCallback: PakFile 'D:/Program Files/Epic Games/UE_4.27/FeaturePacks/TP_TwinStickBP.upack' (chunk index -1, root 'root:/') mounted
[2025.03.24-00.58.27:279][  0]LogShaderLibrary: Display: ShaderCodeLibraryPakFileMountedCallback: pending pak file info (ChunkID:-1 Root:root:/ File:D:/Program Files/Epic Games/UE_4.27/FeaturePacks/TP_TwinStickBP.upack)
[2025.03.24-00.58.27:279][  0]LogPakFile: OnPakFileMounted2Time == 0.000034
[2025.03.24-00.58.27:288][  0]LogPakFile: PakFile PrimaryIndexSize=183
[2025.03.24-00.58.27:288][  0]LogPakFile: PakFile PathHashIndexSize=101
[2025.03.24-00.58.27:288][  0]LogPakFile: PakFile FullDirectoryIndexSize=140
[2025.03.24-00.58.27:288][  0]LogShaderLibrary: Display: ShaderCodeLibraryPakFileMountedCallback: PakFile 'D:/Program Files/Epic Games/UE_4.27/FeaturePacks/TP_Vehicle.upack' (chunk index -1, root 'root:/') mounted
[2025.03.24-00.58.27:288][  0]LogShaderLibrary: Display: ShaderCodeLibraryPakFileMountedCallback: pending pak file info (ChunkID:-1 Root:root:/ File:D:/Program Files/Epic Games/UE_4.27/FeaturePacks/TP_Vehicle.upack)
[2025.03.24-00.58.27:289][  0]LogPakFile: OnPakFileMounted2Time == 0.000037
[2025.03.24-00.58.27:296][  0]LogPakFile: PakFile PrimaryIndexSize=186
[2025.03.24-00.58.27:296][  0]LogPakFile: PakFile PathHashIndexSize=101
[2025.03.24-00.58.27:296][  0]LogPakFile: PakFile FullDirectoryIndexSize=146
[2025.03.24-00.58.27:296][  0]LogShaderLibrary: Display: ShaderCodeLibraryPakFileMountedCallback: PakFile 'D:/Program Files/Epic Games/UE_4.27/FeaturePacks/TP_VehicleAdv.upack' (chunk index -1, root 'root:/') mounted
[2025.03.24-00.58.27:296][  0]LogShaderLibrary: Display: ShaderCodeLibraryPakFileMountedCallback: pending pak file info (ChunkID:-1 Root:root:/ File:D:/Program Files/Epic Games/UE_4.27/FeaturePacks/TP_VehicleAdv.upack)
[2025.03.24-00.58.27:296][  0]LogPakFile: OnPakFileMounted2Time == 0.000039
[2025.03.24-00.58.27:305][  0]LogPakFile: PakFile PrimaryIndexSize=188
[2025.03.24-00.58.27:305][  0]LogPakFile: PakFile PathHashIndexSize=101
[2025.03.24-00.58.27:305][  0]LogPakFile: PakFile FullDirectoryIndexSize=150
[2025.03.24-00.58.27:305][  0]LogShaderLibrary: Display: ShaderCodeLibraryPakFileMountedCallback: PakFile 'D:/Program Files/Epic Games/UE_4.27/FeaturePacks/TP_VehicleAdvBP.upack' (chunk index -1, root 'root:/') mounted
[2025.03.24-00.58.27:305][  0]LogShaderLibrary: Display: ShaderCodeLibraryPakFileMountedCallback: pending pak file info (ChunkID:-1 Root:root:/ File:D:/Program Files/Epic Games/UE_4.27/FeaturePacks/TP_VehicleAdvBP.upack)
[2025.03.24-00.58.27:305][  0]LogPakFile: OnPakFileMounted2Time == 0.000080
[2025.03.24-00.58.27:311][  0]LogPakFile: PakFile PrimaryIndexSize=185
[2025.03.24-00.58.27:311][  0]LogPakFile: PakFile PathHashIndexSize=101
[2025.03.24-00.58.27:311][  0]LogPakFile: PakFile FullDirectoryIndexSize=144
[2025.03.24-00.58.27:311][  0]LogShaderLibrary: Display: ShaderCodeLibraryPakFileMountedCallback: PakFile 'D:/Program Files/Epic Games/UE_4.27/FeaturePacks/TP_VehicleBP.upack' (chunk index -1, root 'root:/') mounted
[2025.03.24-00.58.27:311][  0]LogShaderLibrary: Display: ShaderCodeLibraryPakFileMountedCallback: pending pak file info (ChunkID:-1 Root:root:/ File:D:/Program Files/Epic Games/UE_4.27/FeaturePacks/TP_VehicleBP.upack)
[2025.03.24-00.58.27:311][  0]LogPakFile: OnPakFileMounted2Time == 0.000040
[2025.03.24-00.58.27:319][  0]LogPakFile: PakFile PrimaryIndexSize=192
[2025.03.24-00.58.27:319][  0]LogPakFile: PakFile PathHashIndexSize=101
[2025.03.24-00.58.27:319][  0]LogPakFile: PakFile FullDirectoryIndexSize=158
[2025.03.24-00.58.27:319][  0]LogShaderLibrary: Display: ShaderCodeLibraryPakFileMountedCallback: PakFile 'D:/Program Files/Epic Games/UE_4.27/FeaturePacks/TP_VirtualRealityBP.upack' (chunk index -1, root 'root:/') mounted
[2025.03.24-00.58.27:319][  0]LogShaderLibrary: Display: ShaderCodeLibraryPakFileMountedCallback: pending pak file info (ChunkID:-1 Root:root:/ File:D:/Program Files/Epic Games/UE_4.27/FeaturePacks/TP_VirtualRealityBP.upack)
[2025.03.24-00.58.27:319][  0]LogPakFile: OnPakFileMounted2Time == 0.000042
[2025.03.24-00.58.27:764][  0]LogNativeClassHierarchy: Verbose: Native class hierarchy updated for 'AddContentDialog' in 0.0003 seconds. Added 0 classes and 0 folders.
[2025.03.24-00.58.27:769][  0]LogNativeClassHierarchy: Verbose: Native class hierarchy updated for 'SceneOutliner' in 0.0003 seconds. Added 2 classes and 0 folders.
[2025.03.24-00.58.27:958][  0]LogSlate: Took 0.011375 seconds to synchronously load lazily loaded font '../../../Engine/Content/Editor/Slate/Fonts/FontAwesome.ttf' (139K)
[2025.03.24-00.58.27:959][  0]LogSlate: Took 0.000188 seconds to synchronously load lazily loaded font '../../../Engine/Content/Slate/Fonts/Roboto-Bold.ttf' (160K)
[2025.03.24-00.58.28:153][  0]LogRenderer: Reallocating scene render targets to support 1016x572 Format 10 NumSamples 1 (Frame:1).
[2025.03.24-00.58.28:354][  0]LogNativeClassHierarchy: Verbose: Native class hierarchy updated for 'HierarchicalLODOutliner' in 0.0003 seconds. Added 0 classes and 0 folders.
[2025.03.24-00.58.28:354][  0]LogInput: Warning: Action Jump uses invalid key OculusGo_Left_Trigger_Click.
[2025.03.24-00.58.28:354][  0]LogInput: Warning: Action ResetVR uses invalid key OculusGo_Left_Trackpad_Click.
[2025.03.24-00.58.28:355][  0]LogInput: Warning: Use -RemoveInvalidKeys to remove instances of these keys from the action mapping.
[2025.03.24-00.58.28:355][  0]LogLoad: (Engine Initialization) Total time: 16.08 seconds
[2025.03.24-00.58.28:355][  0]LogLoad: (Engine Initialization) Total Blueprint compile time: 0.00 seconds
[2025.03.24-00.58.28:378][  0]LoadErrors: Warning: CreateExport: Failed to load Outer for resource 'DefaultSceneRoot': BP_SpotLight_C /Game/ThirdPersonBP/Maps/ThirdPersonExampleMap.ThirdPersonExampleMap:PersistentLevel.BP_SpotLight_2
[2025.03.24-00.58.28:378][  0]LoadErrors: Warning: CreateExport: Failed to load Outer for resource 'SpotLight': BP_SpotLight_C /Game/ThirdPersonBP/Maps/ThirdPersonExampleMap.ThirdPersonExampleMap:PersistentLevel.BP_SpotLight_2
[2025.03.24-00.58.28:378][  0]LoadErrors: Warning: CreateExport: Failed to load Outer for resource 'StaticMesh': BP_SpotLight_C /Game/ThirdPersonBP/Maps/ThirdPersonExampleMap.ThirdPersonExampleMap:PersistentLevel.BP_SpotLight_2
[2025.03.24-00.58.28:414][  0]LogAssetRegistry: Asset discovery search completed in 12.7362 seconds
[2025.03.24-00.58.28:419][  0]LogCollectionManager: Fixed up redirectors for 0 collections in 0.000005 seconds (updated 0 objects)
[2025.03.24-00.58.28:421][  0]LogContentStreaming: Texture pool size now 1000 MB
[2025.03.24-00.58.28:504][  0]LogSlate: Took 0.009693 seconds to synchronously load lazily loaded font '../../../Engine/Content/Slate/Fonts/DroidSansMono.ttf' (77K)
[2025.03.24-00.58.36:606][473]LogSlate: Window 'Message Log' being destroyed
[2025.03.24-00.58.36:611][473]LogSlate: Window 'Message Log' being destroyed
[2025.03.24-00.58.37:315][515]LogEditorViewport: Clicking on Actor (LMB): StaticMeshActor (Wall11)
[2025.03.24-00.58.38:219][561]LogEditorViewport: Clicking on Actor (context menu): StaticMeshActor (Floor)
[2025.03.24-00.58.43:250][854]LogTemp: Repeating last play command: Selected Viewport
[2025.03.24-00.58.43:258][854]LogPlayLevel: PlayLevel: No blueprints needed recompiling
[2025.03.24-00.58.43:277][854]PIE: New page: PIE session: ThirdPersonExampleMap (2025年3月24日 下午4:58:43)
[2025.03.24-00.58.43:280][854]LogOnline: OSS: Creating online subsystem instance for: NULL
[2025.03.24-00.58.43:281][854]LogOnline: OSS: TryLoadSubsystemAndSetDefault: Loaded subsystem for module [NULL]
[2025.03.24-00.58.43:282][854]LogPlayLevel: Creating play world package: /Game/ThirdPersonBP/Maps/UEDPIE_0_ThirdPersonExampleMap
[2025.03.24-00.58.43:313][854]LogPlayLevel: PIE: StaticDuplicateObject took: (0.030148s)
[2025.03.24-00.58.43:314][854]LogAIModule: Creating AISystem for world ThirdPersonExampleMap
[2025.03.24-00.58.43:315][854]LogPlayLevel: PIE: World Init took: (0.002466s)
[2025.03.24-00.58.43:316][854]LogPlayLevel: PIE: Created PIE world by copying editor world from /Game/ThirdPersonBP/Maps/ThirdPersonExampleMap.ThirdPersonExampleMap to /Game/ThirdPersonBP/Maps/UEDPIE_0_ThirdPersonExampleMap.ThirdPersonExampleMap (0.033350s)
[2025.03.24-00.58.43:324][854]LogUObjectHash: Compacting FUObjectHashTables data took   1.51ms
[2025.03.24-00.58.43:326][854]LogAudio: Display: Creating Audio Device:                 Id: 2, Scope: Unique, Realtime: True
[2025.03.24-00.58.43:326][854]LogAudioMixer: Display: Audio Mixer Platform Settings:
[2025.03.24-00.58.43:326][854]LogAudioMixer: Display: 	Sample Rate:						  48000
[2025.03.24-00.58.43:326][854]LogAudioMixer: Display: 	Callback Buffer Frame Size Requested: 1024
[2025.03.24-00.58.43:326][854]LogAudioMixer: Display: 	Callback Buffer Frame Size To Use:	  1024
[2025.03.24-00.58.43:326][854]LogAudioMixer: Display: 	Number of buffers to queue:			  2
[2025.03.24-00.58.43:326][854]LogAudioMixer: Display: 	Max Channels (voices):				  32
[2025.03.24-00.58.43:326][854]LogAudioMixer: Display: 	Number of Async Source Workers:		  0
[2025.03.24-00.58.43:326][854]LogAudio: Display: AudioDevice MaxSources: 32
[2025.03.24-00.58.43:327][854]LogAudio: Display: Audio Spatialization Plugin: None (built-in).
[2025.03.24-00.58.43:327][854]LogAudio: Display: Audio Reverb Plugin: None (built-in).
[2025.03.24-00.58.43:327][854]LogAudio: Display: Audio Occlusion Plugin: None (built-in).
[2025.03.24-00.58.43:327][854]LogAudioMixer: Display: Initializing audio mixer.
[2025.03.24-00.58.43:330][854]LogAudioMixer: Display: 0: FrontLeft
[2025.03.24-00.58.43:330][854]LogAudioMixer: Display: 1: FrontRight
[2025.03.24-00.58.43:372][854]LogAudioMixer: Display: Using Audio Device 扬声器 (适用于 I2S 音频的英特尔® 智音技术)
[2025.03.24-00.58.43:372][854]LogAudioMixer: Display: Initializing Sound Submixes...
[2025.03.24-00.58.43:372][854]LogAudioMixer: Display: Creating Master Submix 'MasterSubmixDefault'
[2025.03.24-00.58.43:372][854]LogAudioMixer: Display: Creating Master Submix 'MasterReverbSubmixDefault'
[2025.03.24-00.58.43:373][854]LogAudioMixer: Display: Creating Master Submix 'MasterEQSubmixDefault'
[2025.03.24-00.58.43:373][854]LogAudioMixer: FMixerPlatformXAudio2::StartAudioStream() called
[2025.03.24-00.58.43:373][854]LogAudioMixer: Display: Output buffers initialized: Frames=1024, Channels=2, Samples=2048
[2025.03.24-00.58.43:375][854]LogAudioMixer: Display: Starting AudioMixerPlatformInterface::RunInternal()
[2025.03.24-00.58.43:375][854]LogAudioMixer: Display: FMixerPlatformXAudio2::SubmitBuffer() called for the first time
[2025.03.24-00.58.43:375][854]LogInit: FAudioDevice initialized.
[2025.03.24-00.58.43:375][854]LogAudio: Display: Audio Device (ID: 2) registered with world 'ThirdPersonExampleMap'.
[2025.03.24-00.58.43:398][854]LogLoad: Game class is 'ThirdPersonGameMode_C'
[2025.03.24-00.58.43:406][854]LogWorld: Bringing World /Game/ThirdPersonBP/Maps/UEDPIE_0_ThirdPersonExampleMap.ThirdPersonExampleMap up for play (max tick rate 60) at 2025.03.24-08.58.43
[2025.03.24-00.58.43:407][854]LogWorld: Bringing up level for play took: 0.004256
[2025.03.24-00.58.43:408][854]LogOnline: OSS: Creating online subsystem instance for: :Context_6
[2025.03.24-00.58.43:420][854]LogNativeClassHierarchy: Verbose: Native class hierarchy updated for 'MovieSceneCapture' in 0.0004 seconds. Added 20 classes and 0 folders.
[2025.03.24-00.58.43:424][854]PIE: Server logged in
[2025.03.24-00.58.43:426][854]PIE: Play in editor total start time 0.17 seconds.
[2025.03.24-00.58.56:877][657]Cmd: ce passLevel
[2025.03.24-00.58.58:060][728]Cmd: ce passLevel
[2025.03.24-00.58.58:726][768]Cmd: ce passLevel
[2025.03.24-00.59.04:994][144]Cmd: ce passLevel
[2025.03.24-00.59.06:294][222]Cmd: ce passLevel
[2025.03.24-00.59.07:427][290]Cmd: ce passLevel
[2025.03.24-00.59.25:596][370]LogSlate: Updating window title bar state: overlay mode, drag disabled, window buttons hidden, title bar hidden
[2025.03.24-00.59.25:596][370]LogWorld: BeginTearingDown for /Game/ThirdPersonBP/Maps/UEDPIE_0_ThirdPersonExampleMap
[2025.03.24-00.59.25:597][370]LogWorld: UWorld::CleanupWorld for ThirdPersonExampleMap, bSessionEnded=true, bCleanupResources=true
[2025.03.24-00.59.25:597][370]LogSlate: InvalidateAllWidgets triggered.  All widgets were invalidated
[2025.03.24-00.59.25:608][370]LogPlayLevel: Display: Shutting down PIE online subsystems
[2025.03.24-00.59.25:627][370]LogSlate: InvalidateAllWidgets triggered.  All widgets were invalidated
[2025.03.24-00.59.25:633][370]LogAudio: Display: Audio Device unregistered from world 'None'.
[2025.03.24-00.59.25:633][370]LogAudioMixer: FMixerPlatformXAudio2::StopAudioStream() called
[2025.03.24-00.59.25:635][370]LogAudioMixer: FMixerPlatformXAudio2::StopAudioStream() called
[2025.03.24-00.59.25:641][370]LogSlate: Updating window title bar state: overlay mode, drag disabled, window buttons hidden, title bar hidden
[2025.03.24-00.59.25:643][370]LogUObjectHash: Compacting FUObjectHashTables data took   1.29ms
[2025.03.24-00.59.25:676][371]LogPlayLevel: Display: Destroying online subsystem :Context_6
[2025.03.24-01.00.08:846][265]LogEditorViewport: Clicking on Actor (LMB): StaticMeshActor (Floor2)
[2025.03.24-01.00.26:794][322]LogSlate: Took 0.014419 seconds to synchronously load lazily loaded font '../../../Engine/Content/Slate/Fonts/DroidSansFallback.ttf' (3848K)
[2025.03.24-01.00.32:754][662]LogEditorViewport: Clicking on Actor (LMB): StaticMeshActor (Floor)
[2025.03.24-01.00.33:644][711]LogEditorViewport: Clicking on Actor (LMB): ThirdPersonCharacter_C (ThirdPersonCharacter)
[2025.03.24-01.01.33:111][529]Cmd: TRANSACTION UNDO
[2025.03.24-01.01.33:112][529]LogEditorTransaction: Undo Move Actors
[2025.03.24-01.01.33:158][529]LogSlate: Took 0.015043 seconds to synchronously load lazily loaded font '../../../Engine/Content/Slate/Fonts/Roboto-Light.ttf' (167K)
[2025.03.24-01.01.34:422][586]Cmd: TRANSACTION UNDO
[2025.03.24-01.01.34:422][586]LogEditorTransaction: Undo Move Actors
[2025.03.24-01.01.44:275][ 63]LogEditorViewport: Clicking on Actor (LMB): StaticMeshActor (Wall20)
[2025.03.24-01.01.45:449][129]LogEditorViewport: Clicking on Actor (context menu): StaticMeshActor (Floor2)
[2025.03.24-01.01.45:935][154]LogEditorViewport: Clicking on Actor (LMB): StaticMeshActor (Floor2)
[2025.03.24-01.01.54:849][646]Cmd: DELETE
[2025.03.24-01.01.54:850][646]Cmd: ACTOR DELETE
[2025.03.24-01.01.54:863][646]LogEditorActor: Deleted Actor: ThirdPersonCharacter_C
[2025.03.24-01.01.54:889][646]LogUObjectHash: Compacting FUObjectHashTables data took   0.82ms
[2025.03.24-01.01.54:890][646]LogEditorActor: Deleted 1 Actors (0.039 secs)
[2025.03.24-01.01.56:876][765]LogTemp: Repeating last play command: Selected Viewport
[2025.03.24-01.01.56:881][765]LogPlayLevel: PlayLevel: No blueprints needed recompiling
[2025.03.24-01.01.56:881][765]PIE: New page: PIE session: ThirdPersonExampleMap (2025年3月24日 下午5:01:56)
[2025.03.24-01.01.56:881][765]LogPlayLevel: Creating play world package: /Game/ThirdPersonBP/Maps/UEDPIE_0_ThirdPersonExampleMap
[2025.03.24-01.01.56:898][765]LogPlayLevel: PIE: StaticDuplicateObject took: (0.016539s)
[2025.03.24-01.01.56:899][765]LogAIModule: Creating AISystem for world ThirdPersonExampleMap
[2025.03.24-01.01.56:900][765]LogPlayLevel: PIE: World Init took: (0.001905s)
[2025.03.24-01.01.56:900][765]LogPlayLevel: PIE: Created PIE world by copying editor world from /Game/ThirdPersonBP/Maps/ThirdPersonExampleMap.ThirdPersonExampleMap to /Game/ThirdPersonBP/Maps/UEDPIE_0_ThirdPersonExampleMap.ThirdPersonExampleMap (0.018654s)
[2025.03.24-01.01.56:906][765]LogUObjectHash: Compacting FUObjectHashTables data took   0.56ms
[2025.03.24-01.01.56:907][765]LogAudio: Display: Creating Audio Device:                 Id: 3, Scope: Unique, Realtime: True
[2025.03.24-01.01.56:907][765]LogAudioMixer: Display: Audio Mixer Platform Settings:
[2025.03.24-01.01.56:907][765]LogAudioMixer: Display: 	Sample Rate:						  48000
[2025.03.24-01.01.56:907][765]LogAudioMixer: Display: 	Callback Buffer Frame Size Requested: 1024
[2025.03.24-01.01.56:907][765]LogAudioMixer: Display: 	Callback Buffer Frame Size To Use:	  1024
[2025.03.24-01.01.56:907][765]LogAudioMixer: Display: 	Number of buffers to queue:			  2
[2025.03.24-01.01.56:907][765]LogAudioMixer: Display: 	Max Channels (voices):				  32
[2025.03.24-01.01.56:907][765]LogAudioMixer: Display: 	Number of Async Source Workers:		  0
[2025.03.24-01.01.56:907][765]LogAudio: Display: AudioDevice MaxSources: 32
[2025.03.24-01.01.56:907][765]LogAudio: Display: Audio Spatialization Plugin: None (built-in).
[2025.03.24-01.01.56:907][765]LogAudio: Display: Audio Reverb Plugin: None (built-in).
[2025.03.24-01.01.56:907][765]LogAudio: Display: Audio Occlusion Plugin: None (built-in).
[2025.03.24-01.01.56:907][765]LogAudioMixer: Display: Initializing audio mixer.
[2025.03.24-01.01.56:967][765]LogAudioMixer: Display: 0: FrontLeft
[2025.03.24-01.01.56:967][765]LogAudioMixer: Display: 1: FrontRight
[2025.03.24-01.01.57:004][765]LogAudioMixer: Display: Using Audio Device 扬声器 (适用于 I2S 音频的英特尔® 智音技术)
[2025.03.24-01.01.57:005][765]LogAudioMixer: Display: Initializing Sound Submixes...
[2025.03.24-01.01.57:005][765]LogAudioMixer: Display: Creating Master Submix 'MasterSubmixDefault'
[2025.03.24-01.01.57:005][765]LogAudioMixer: Display: Creating Master Submix 'MasterReverbSubmixDefault'
[2025.03.24-01.01.57:005][765]LogAudioMixer: Display: Creating Master Submix 'MasterEQSubmixDefault'
[2025.03.24-01.01.57:005][765]LogAudioMixer: FMixerPlatformXAudio2::StartAudioStream() called
[2025.03.24-01.01.57:005][765]LogAudioMixer: Display: Output buffers initialized: Frames=1024, Channels=2, Samples=2048
[2025.03.24-01.01.57:006][765]LogAudioMixer: Display: Starting AudioMixerPlatformInterface::RunInternal()
[2025.03.24-01.01.57:006][765]LogAudioMixer: Display: FMixerPlatformXAudio2::SubmitBuffer() called for the first time
[2025.03.24-01.01.57:006][765]LogInit: FAudioDevice initialized.
[2025.03.24-01.01.57:006][765]LogAudio: Display: Audio Device (ID: 3) registered with world 'ThirdPersonExampleMap'.
[2025.03.24-01.01.57:016][765]LogLoad: Game class is 'ThirdPersonGameMode_C'
[2025.03.24-01.01.57:018][765]LogWorld: Bringing World /Game/ThirdPersonBP/Maps/UEDPIE_0_ThirdPersonExampleMap.ThirdPersonExampleMap up for play (max tick rate 60) at 2025.03.24-09.01.57
[2025.03.24-01.01.57:018][765]LogWorld: Bringing up level for play took: 0.001700
[2025.03.24-01.01.57:018][765]LogOnline: OSS: Creating online subsystem instance for: :Context_8
[2025.03.24-01.01.57:024][765]PIE: Server logged in
[2025.03.24-01.01.57:024][765]PIE: Play in editor total start time 0.144 seconds.
[2025.03.24-01.02.01:063][  3]LogSlate: Updating window title bar state: overlay mode, drag disabled, window buttons hidden, title bar hidden
[2025.03.24-01.02.01:063][  3]LogWorld: BeginTearingDown for /Game/ThirdPersonBP/Maps/UEDPIE_0_ThirdPersonExampleMap
[2025.03.24-01.02.01:063][  3]LogWorld: UWorld::CleanupWorld for ThirdPersonExampleMap, bSessionEnded=true, bCleanupResources=true
[2025.03.24-01.02.01:064][  3]LogSlate: InvalidateAllWidgets triggered.  All widgets were invalidated
[2025.03.24-01.02.01:074][  3]LogPlayLevel: Display: Shutting down PIE online subsystems
[2025.03.24-01.02.01:076][  3]LogSlate: InvalidateAllWidgets triggered.  All widgets were invalidated
[2025.03.24-01.02.01:082][  3]LogSlate: Updating window title bar state: overlay mode, drag disabled, window buttons hidden, title bar hidden
[2025.03.24-01.02.01:083][  3]LogAudioMixer: FMixerPlatformXAudio2::StopAudioStream() called
[2025.03.24-01.02.01:084][  3]LogAudioMixer: FMixerPlatformXAudio2::StopAudioStream() called
[2025.03.24-01.02.01:090][  3]LogUObjectHash: Compacting FUObjectHashTables data took   0.65ms
[2025.03.24-01.02.01:139][  6]LogPlayLevel: Display: Destroying online subsystem :Context_8
[2025.03.24-01.02.36:662][116]LogSlate: Took 0.008754 seconds to synchronously load lazily loaded font '../../../Engine/Content/Slate/Fonts/Roboto-Italic.ttf' (157K)
[2025.03.24-01.02.41:351][390]LogEditorViewport: Clicking on Actor (LMB): StaticMeshActor (Wall15)
[2025.03.24-01.02.42:395][447]LogEditorViewport: Clicking on Actor (LMB): PlayerStart (PlayerStart)
[2025.03.24-01.02.44:626][578]LogEditorViewport: Clicking on Actor (LMB): StaticMeshActor (Wall15)
[2025.03.24-01.02.45:415][623]LogEditorViewport: Clicking on Actor (LMB): PlayerStart (PlayerStart)
[2025.03.24-01.02.46:614][693]LogNavigationPoint: PostEditMove Clear paths rebuilt
[2025.03.24-01.02.48:604][806]LogTemp: Repeating last play command: Selected Viewport
[2025.03.24-01.02.48:612][806]LogPlayLevel: PlayLevel: No blueprints needed recompiling
[2025.03.24-01.02.48:612][806]PIE: New page: PIE session: ThirdPersonExampleMap (2025年3月24日 下午5:02:48)
[2025.03.24-01.02.48:613][806]LogPlayLevel: Creating play world package: /Game/ThirdPersonBP/Maps/UEDPIE_0_ThirdPersonExampleMap
[2025.03.24-01.02.48:631][806]LogPlayLevel: PIE: StaticDuplicateObject took: (0.019406s)
[2025.03.24-01.02.48:633][806]LogAIModule: Creating AISystem for world ThirdPersonExampleMap
[2025.03.24-01.02.48:634][806]LogPlayLevel: PIE: World Init took: (0.001790s)
[2025.03.24-01.02.48:634][806]LogPlayLevel: PIE: Created PIE world by copying editor world from /Game/ThirdPersonBP/Maps/ThirdPersonExampleMap.ThirdPersonExampleMap to /Game/ThirdPersonBP/Maps/UEDPIE_0_ThirdPersonExampleMap.ThirdPersonExampleMap (0.021445s)
[2025.03.24-01.02.48:643][806]LogUObjectHash: Compacting FUObjectHashTables data took   1.71ms
[2025.03.24-01.02.48:644][806]LogAudio: Display: Creating Audio Device:                 Id: 4, Scope: Unique, Realtime: True
[2025.03.24-01.02.48:644][806]LogAudioMixer: Display: Audio Mixer Platform Settings:
[2025.03.24-01.02.48:644][806]LogAudioMixer: Display: 	Sample Rate:						  48000
[2025.03.24-01.02.48:644][806]LogAudioMixer: Display: 	Callback Buffer Frame Size Requested: 1024
[2025.03.24-01.02.48:644][806]LogAudioMixer: Display: 	Callback Buffer Frame Size To Use:	  1024
[2025.03.24-01.02.48:644][806]LogAudioMixer: Display: 	Number of buffers to queue:			  2
[2025.03.24-01.02.48:644][806]LogAudioMixer: Display: 	Max Channels (voices):				  32
[2025.03.24-01.02.48:644][806]LogAudioMixer: Display: 	Number of Async Source Workers:		  0
[2025.03.24-01.02.48:644][806]LogAudio: Display: AudioDevice MaxSources: 32
[2025.03.24-01.02.48:645][806]LogAudio: Display: Audio Spatialization Plugin: None (built-in).
[2025.03.24-01.02.48:645][806]LogAudio: Display: Audio Reverb Plugin: None (built-in).
[2025.03.24-01.02.48:645][806]LogAudio: Display: Audio Occlusion Plugin: None (built-in).
[2025.03.24-01.02.48:645][806]LogAudioMixer: Display: Initializing audio mixer.
[2025.03.24-01.02.48:648][806]LogAudioMixer: Display: 0: FrontLeft
[2025.03.24-01.02.48:648][806]LogAudioMixer: Display: 1: FrontRight
[2025.03.24-01.02.48:749][806]LogAudioMixer: Display: Using Audio Device 扬声器 (适用于 I2S 音频的英特尔® 智音技术)
[2025.03.24-01.02.48:750][806]LogAudioMixer: Display: Initializing Sound Submixes...
[2025.03.24-01.02.48:750][806]LogAudioMixer: Display: Creating Master Submix 'MasterSubmixDefault'
[2025.03.24-01.02.48:750][806]LogAudioMixer: Display: Creating Master Submix 'MasterReverbSubmixDefault'
[2025.03.24-01.02.48:750][806]LogAudioMixer: Display: Creating Master Submix 'MasterEQSubmixDefault'
[2025.03.24-01.02.48:750][806]LogAudioMixer: FMixerPlatformXAudio2::StartAudioStream() called
[2025.03.24-01.02.48:750][806]LogAudioMixer: Display: Output buffers initialized: Frames=1024, Channels=2, Samples=2048
[2025.03.24-01.02.48:751][806]LogAudioMixer: Display: Starting AudioMixerPlatformInterface::RunInternal()
[2025.03.24-01.02.48:751][806]LogAudioMixer: Display: FMixerPlatformXAudio2::SubmitBuffer() called for the first time
[2025.03.24-01.02.48:751][806]LogInit: FAudioDevice initialized.
[2025.03.24-01.02.48:751][806]LogAudio: Display: Audio Device (ID: 4) registered with world 'ThirdPersonExampleMap'.
[2025.03.24-01.02.48:767][806]LogLoad: Game class is 'ThirdPersonGameMode_C'
[2025.03.24-01.02.48:771][806]LogWorld: Bringing World /Game/ThirdPersonBP/Maps/UEDPIE_0_ThirdPersonExampleMap.ThirdPersonExampleMap up for play (max tick rate 60) at 2025.03.24-09.02.48
[2025.03.24-01.02.48:771][806]LogWorld: Bringing up level for play took: 0.003133
[2025.03.24-01.02.48:772][806]LogOnline: OSS: Creating online subsystem instance for: :Context_9
[2025.03.24-01.02.48:777][806]PIE: Server logged in
[2025.03.24-01.02.48:780][806]PIE: Play in editor total start time 0.168 seconds.
[2025.03.24-01.02.52:794][ 40]LogSlate: Updating window title bar state: overlay mode, drag disabled, window buttons hidden, title bar hidden
[2025.03.24-01.02.52:794][ 40]LogWorld: BeginTearingDown for /Game/ThirdPersonBP/Maps/UEDPIE_0_ThirdPersonExampleMap
[2025.03.24-01.02.52:794][ 40]LogWorld: UWorld::CleanupWorld for ThirdPersonExampleMap, bSessionEnded=true, bCleanupResources=true
[2025.03.24-01.02.52:795][ 40]LogSlate: InvalidateAllWidgets triggered.  All widgets were invalidated
[2025.03.24-01.02.52:808][ 40]LogPlayLevel: Display: Shutting down PIE online subsystems
[2025.03.24-01.02.52:829][ 40]LogSlate: InvalidateAllWidgets triggered.  All widgets were invalidated
[2025.03.24-01.02.52:837][ 40]LogAudio: Display: Audio Device unregistered from world 'None'.
[2025.03.24-01.02.52:837][ 40]LogAudioMixer: FMixerPlatformXAudio2::StopAudioStream() called
[2025.03.24-01.02.52:839][ 40]LogAudioMixer: FMixerPlatformXAudio2::StopAudioStream() called
[2025.03.24-01.02.52:846][ 40]LogSlate: Updating window title bar state: overlay mode, drag disabled, window buttons hidden, title bar hidden
[2025.03.24-01.02.52:851][ 40]LogUObjectHash: Compacting FUObjectHashTables data took   1.87ms
[2025.03.24-01.02.52:893][ 41]LogPlayLevel: Display: Destroying online subsystem :Context_9
[2025.03.24-01.02.55:957][199]Cmd: SELECT NONE
[2025.03.24-01.02.58:313][332]LogEditorViewport: Clicking on Actor (LMB): StaticMeshActor (Wall15)
[2025.03.24-01.03.00:744][449]LogEditorViewport: Clicking on Actor (LMB): StaticMeshActor (Wall15)
[2025.03.24-01.03.01:152][469]LogEditorViewport: Clicking on Actor (LMB): StaticMeshActor (Wall15)
[2025.03.24-01.03.01:619][492]LogEditorViewport: Clicking on Actor (LMB): PlayerStart (PlayerStart)
[2025.03.24-01.03.03:964][621]LogNavigationPoint: PostEditMove Clear paths rebuilt
[2025.03.24-01.03.10:851][967]LogEditorViewport: Clicking on Actor (LMB): PlayerStart (PlayerStart)
[2025.03.24-01.03.13:052][ 72]LogEditorViewport: Clicking on Actor (LMB): PlayerStart (PlayerStart)
[2025.03.24-01.03.15:918][227]LogNavigationPoint: PostEditMove Clear paths rebuilt
[2025.03.24-01.03.27:187][811]LogNavigationPoint: PostEditMove Clear paths rebuilt
[2025.03.24-01.03.30:875][ 13]LogNavigationPoint: PostEditMove Clear paths rebuilt
[2025.03.24-01.03.34:695][190]LogNavigationPoint: PostEditMove Clear paths rebuilt
[2025.03.24-01.03.40:640][493]LogNavigationPoint: PostEditMove Clear paths rebuilt
[2025.03.24-01.03.42:367][579]LogNavigationPoint: PostEditMove Clear paths rebuilt
[2025.03.24-01.03.46:883][788]LogNavigationPoint: PostEditMove Clear paths rebuilt
[2025.03.24-01.03.49:819][939]LogNavigationPoint: PostEditMove Clear paths rebuilt
[2025.03.24-01.03.51:919][ 39]LogNavigationPoint: PostEditMove Clear paths rebuilt
[2025.03.24-01.03.53:514][115]LogNavigationPoint: PostEditMove Clear paths rebuilt
[2025.03.24-01.03.54:929][183]LogTemp: Repeating last play command: Selected Viewport
[2025.03.24-01.03.55:196][183]LogPlayLevel: PlayLevel: No blueprints needed recompiling
[2025.03.24-01.03.55:197][183]PIE: New page: PIE session: ThirdPersonExampleMap (2025年3月24日 下午5:03:55)
[2025.03.24-01.03.55:197][183]LogPlayLevel: Creating play world package: /Game/ThirdPersonBP/Maps/UEDPIE_0_ThirdPersonExampleMap
[2025.03.24-01.03.55:217][183]LogPlayLevel: PIE: StaticDuplicateObject took: (0.020646s)
[2025.03.24-01.03.55:218][183]LogAIModule: Creating AISystem for world ThirdPersonExampleMap
[2025.03.24-01.03.55:218][183]LogPlayLevel: PIE: World Init took: (0.001705s)
[2025.03.24-01.03.55:218][183]LogPlayLevel: PIE: Created PIE world by copying editor world from /Game/ThirdPersonBP/Maps/ThirdPersonExampleMap.ThirdPersonExampleMap to /Game/ThirdPersonBP/Maps/UEDPIE_0_ThirdPersonExampleMap.ThirdPersonExampleMap (0.022596s)
[2025.03.24-01.03.55:226][183]LogUObjectHash: Compacting FUObjectHashTables data took   1.44ms
[2025.03.24-01.03.55:228][183]LogAudio: Display: Creating Audio Device:                 Id: 5, Scope: Unique, Realtime: True
[2025.03.24-01.03.55:228][183]LogAudioMixer: Display: Audio Mixer Platform Settings:
[2025.03.24-01.03.55:228][183]LogAudioMixer: Display: 	Sample Rate:						  48000
[2025.03.24-01.03.55:228][183]LogAudioMixer: Display: 	Callback Buffer Frame Size Requested: 1024
[2025.03.24-01.03.55:228][183]LogAudioMixer: Display: 	Callback Buffer Frame Size To Use:	  1024
[2025.03.24-01.03.55:229][183]LogAudioMixer: Display: 	Number of buffers to queue:			  2
[2025.03.24-01.03.55:229][183]LogAudioMixer: Display: 	Max Channels (voices):				  32
[2025.03.24-01.03.55:229][183]LogAudioMixer: Display: 	Number of Async Source Workers:		  0
[2025.03.24-01.03.55:229][183]LogAudio: Display: AudioDevice MaxSources: 32
[2025.03.24-01.03.55:229][183]LogAudio: Display: Audio Spatialization Plugin: None (built-in).
[2025.03.24-01.03.55:229][183]LogAudio: Display: Audio Reverb Plugin: None (built-in).
[2025.03.24-01.03.55:229][183]LogAudio: Display: Audio Occlusion Plugin: None (built-in).
[2025.03.24-01.03.55:229][183]LogAudioMixer: Display: Initializing audio mixer.
[2025.03.24-01.03.55:234][183]LogAudioMixer: Display: 0: FrontLeft
[2025.03.24-01.03.55:234][183]LogAudioMixer: Display: 1: FrontRight
[2025.03.24-01.03.55:323][183]LogAudioMixer: Display: Using Audio Device 扬声器 (适用于 I2S 音频的英特尔® 智音技术)
[2025.03.24-01.03.55:324][183]LogAudioMixer: Display: Initializing Sound Submixes...
[2025.03.24-01.03.55:324][183]LogAudioMixer: Display: Creating Master Submix 'MasterSubmixDefault'
[2025.03.24-01.03.55:324][183]LogAudioMixer: Display: Creating Master Submix 'MasterReverbSubmixDefault'
[2025.03.24-01.03.55:325][183]LogAudioMixer: Display: Creating Master Submix 'MasterEQSubmixDefault'
[2025.03.24-01.03.55:325][183]LogAudioMixer: FMixerPlatformXAudio2::StartAudioStream() called
[2025.03.24-01.03.55:325][183]LogAudioMixer: Display: Output buffers initialized: Frames=1024, Channels=2, Samples=2048
[2025.03.24-01.03.55:327][183]LogAudioMixer: Display: Starting AudioMixerPlatformInterface::RunInternal()
[2025.03.24-01.03.55:327][183]LogAudioMixer: Display: FMixerPlatformXAudio2::SubmitBuffer() called for the first time
[2025.03.24-01.03.55:327][183]LogInit: FAudioDevice initialized.
[2025.03.24-01.03.55:327][183]LogAudio: Display: Audio Device (ID: 5) registered with world 'ThirdPersonExampleMap'.
[2025.03.24-01.03.55:341][183]LogLoad: Game class is 'ThirdPersonGameMode_C'
[2025.03.24-01.03.55:344][183]LogWorld: Bringing World /Game/ThirdPersonBP/Maps/UEDPIE_0_ThirdPersonExampleMap.ThirdPersonExampleMap up for play (max tick rate 60) at 2025.03.24-09.03.55
[2025.03.24-01.03.55:344][183]LogWorld: Bringing up level for play took: 0.002464
[2025.03.24-01.03.55:345][183]LogOnline: OSS: Creating online subsystem instance for: :Context_10
[2025.03.24-01.03.55:350][183]PIE: Server logged in
[2025.03.24-01.03.55:351][183]PIE: Play in editor total start time 0.156 seconds.
[2025.03.24-01.03.59:363][403]LogSlate: Updating window title bar state: overlay mode, drag disabled, window buttons hidden, title bar hidden
[2025.03.24-01.03.59:363][403]LogWorld: BeginTearingDown for /Game/ThirdPersonBP/Maps/UEDPIE_0_ThirdPersonExampleMap
[2025.03.24-01.03.59:364][403]LogWorld: UWorld::CleanupWorld for ThirdPersonExampleMap, bSessionEnded=true, bCleanupResources=true
[2025.03.24-01.03.59:365][403]LogSlate: InvalidateAllWidgets triggered.  All widgets were invalidated
[2025.03.24-01.03.59:382][403]LogPlayLevel: Display: Shutting down PIE online subsystems
[2025.03.24-01.03.59:403][403]LogSlate: InvalidateAllWidgets triggered.  All widgets were invalidated
[2025.03.24-01.03.59:410][403]LogSlate: Updating window title bar state: overlay mode, drag disabled, window buttons hidden, title bar hidden
[2025.03.24-01.03.59:411][403]LogAudioMixer: FMixerPlatformXAudio2::StopAudioStream() called
[2025.03.24-01.03.59:412][403]LogAudioMixer: FMixerPlatformXAudio2::StopAudioStream() called
[2025.03.24-01.03.59:431][403]LogUObjectHash: Compacting FUObjectHashTables data took   1.59ms
[2025.03.24-01.03.59:471][404]LogPlayLevel: Display: Destroying online subsystem :Context_10
[2025.03.24-01.04.02:243][538]LogEditorViewport: Clicking on Actor (LMB): PlayerStart (PlayerStart)
[2025.03.24-01.04.10:316][933]LogNavigationPoint: PostEditMove Clear paths rebuilt
[2025.03.24-01.04.11:260][978]LogTemp: Repeating last play command: Selected Viewport
[2025.03.24-01.04.11:270][978]LogPlayLevel: PlayLevel: No blueprints needed recompiling
[2025.03.24-01.04.11:270][978]PIE: New page: PIE session: ThirdPersonExampleMap (2025年3月24日 下午5:04:11)
[2025.03.24-01.04.11:270][978]LogPlayLevel: Creating play world package: /Game/ThirdPersonBP/Maps/UEDPIE_0_ThirdPersonExampleMap
[2025.03.24-01.04.11:298][978]LogPlayLevel: PIE: StaticDuplicateObject took: (0.027403s)
[2025.03.24-01.04.11:300][978]LogAIModule: Creating AISystem for world ThirdPersonExampleMap
[2025.03.24-01.04.11:300][978]LogPlayLevel: PIE: World Init took: (0.002253s)
[2025.03.24-01.04.11:300][978]LogPlayLevel: PIE: Created PIE world by copying editor world from /Game/ThirdPersonBP/Maps/ThirdPersonExampleMap.ThirdPersonExampleMap to /Game/ThirdPersonBP/Maps/UEDPIE_0_ThirdPersonExampleMap.ThirdPersonExampleMap (0.030211s)
[2025.03.24-01.04.11:309][978]LogUObjectHash: Compacting FUObjectHashTables data took   1.65ms
[2025.03.24-01.04.11:311][978]LogAudio: Display: Creating Audio Device:                 Id: 6, Scope: Unique, Realtime: True
[2025.03.24-01.04.11:312][978]LogAudioMixer: Display: Audio Mixer Platform Settings:
[2025.03.24-01.04.11:312][978]LogAudioMixer: Display: 	Sample Rate:						  48000
[2025.03.24-01.04.11:312][978]LogAudioMixer: Display: 	Callback Buffer Frame Size Requested: 1024
[2025.03.24-01.04.11:312][978]LogAudioMixer: Display: 	Callback Buffer Frame Size To Use:	  1024
[2025.03.24-01.04.11:312][978]LogAudioMixer: Display: 	Number of buffers to queue:			  2
[2025.03.24-01.04.11:312][978]LogAudioMixer: Display: 	Max Channels (voices):				  32
[2025.03.24-01.04.11:312][978]LogAudioMixer: Display: 	Number of Async Source Workers:		  0
[2025.03.24-01.04.11:312][978]LogAudio: Display: AudioDevice MaxSources: 32
[2025.03.24-01.04.11:313][978]LogAudio: Display: Audio Spatialization Plugin: None (built-in).
[2025.03.24-01.04.11:313][978]LogAudio: Display: Audio Reverb Plugin: None (built-in).
[2025.03.24-01.04.11:313][978]LogAudio: Display: Audio Occlusion Plugin: None (built-in).
[2025.03.24-01.04.11:313][978]LogAudioMixer: Display: Initializing audio mixer.
[2025.03.24-01.04.11:317][978]LogAudioMixer: Display: 0: FrontLeft
[2025.03.24-01.04.11:317][978]LogAudioMixer: Display: 1: FrontRight
[2025.03.24-01.04.11:379][978]LogAudioMixer: Display: Using Audio Device 扬声器 (适用于 I2S 音频的英特尔® 智音技术)
[2025.03.24-01.04.11:379][978]LogAudioMixer: Display: Initializing Sound Submixes...
[2025.03.24-01.04.11:379][978]LogAudioMixer: Display: Creating Master Submix 'MasterSubmixDefault'
[2025.03.24-01.04.11:379][978]LogAudioMixer: Display: Creating Master Submix 'MasterReverbSubmixDefault'
[2025.03.24-01.04.11:379][978]LogAudioMixer: Display: Creating Master Submix 'MasterEQSubmixDefault'
[2025.03.24-01.04.11:379][978]LogAudioMixer: FMixerPlatformXAudio2::StartAudioStream() called
[2025.03.24-01.04.11:379][978]LogAudioMixer: Display: Output buffers initialized: Frames=1024, Channels=2, Samples=2048
[2025.03.24-01.04.11:381][978]LogAudioMixer: Display: Starting AudioMixerPlatformInterface::RunInternal()
[2025.03.24-01.04.11:381][978]LogAudioMixer: Display: FMixerPlatformXAudio2::SubmitBuffer() called for the first time
[2025.03.24-01.04.11:381][978]LogInit: FAudioDevice initialized.
[2025.03.24-01.04.11:381][978]LogAudio: Display: Audio Device (ID: 6) registered with world 'ThirdPersonExampleMap'.
[2025.03.24-01.04.11:391][978]LogLoad: Game class is 'ThirdPersonGameMode_C'
[2025.03.24-01.04.11:394][978]LogWorld: Bringing World /Game/ThirdPersonBP/Maps/UEDPIE_0_ThirdPersonExampleMap.ThirdPersonExampleMap up for play (max tick rate 60) at 2025.03.24-09.04.11
[2025.03.24-01.04.11:394][978]LogWorld: Bringing up level for play took: 0.002705
[2025.03.24-01.04.11:395][978]LogOnline: OSS: Creating online subsystem instance for: :Context_11
[2025.03.24-01.04.11:400][978]PIE: Server logged in
[2025.03.24-01.04.11:402][978]PIE: Play in editor total start time 0.133 seconds.
[2025.03.24-01.04.20:003][456]LogSlate: Updating window title bar state: overlay mode, drag disabled, window buttons hidden, title bar hidden
[2025.03.24-01.04.20:003][456]LogWorld: BeginTearingDown for /Game/ThirdPersonBP/Maps/UEDPIE_0_ThirdPersonExampleMap
[2025.03.24-01.04.20:003][456]LogWorld: UWorld::CleanupWorld for ThirdPersonExampleMap, bSessionEnded=true, bCleanupResources=true
[2025.03.24-01.04.20:004][456]LogSlate: InvalidateAllWidgets triggered.  All widgets were invalidated
[2025.03.24-01.04.20:018][456]LogPlayLevel: Display: Shutting down PIE online subsystems
[2025.03.24-01.04.20:038][456]LogSlate: InvalidateAllWidgets triggered.  All widgets were invalidated
[2025.03.24-01.04.20:045][456]LogSlate: Updating window title bar state: overlay mode, drag disabled, window buttons hidden, title bar hidden
[2025.03.24-01.04.20:046][456]LogAudioMixer: FMixerPlatformXAudio2::StopAudioStream() called
[2025.03.24-01.04.20:047][456]LogAudioMixer: FMixerPlatformXAudio2::StopAudioStream() called
[2025.03.24-01.04.20:056][456]LogUObjectHash: Compacting FUObjectHashTables data took   1.60ms
[2025.03.24-01.04.20:096][457]LogPlayLevel: Display: Destroying online subsystem :Context_11
[2025.03.24-01.04.21:195][519]Cmd: SELECT NONE
[2025.03.24-01.04.27:044][838]LogEditorViewport: Clicking on Actor (LMB): StaticMeshActor (elevator)
[2025.03.24-01.04.27:930][871]LogEditorViewport: Clicking on Actor (LMB): PlayerStart (PlayerStart)
[2025.03.24-01.04.33:685][170]LogNavigationPoint: PostEditMove Clear paths rebuilt
[2025.03.24-01.04.38:835][417]LogEditorViewport: Clicking on Actor (LMB): PlayerStart (PlayerStart)
[2025.03.24-01.04.40:140][487]Cmd: DELETE
[2025.03.24-01.04.40:140][487]Cmd: ACTOR DELETE
[2025.03.24-01.04.40:146][487]LogEditorActor: Deleted Actor: PlayerStart
[2025.03.24-01.04.40:159][487]LogUObjectHash: Compacting FUObjectHashTables data took   2.26ms
[2025.03.24-01.04.40:162][487]LogEditorActor: Deleted 1 Actors (0.022 secs)
[2025.03.24-01.06.16:583][521]LogTemp: Repeating last play command: Selected Viewport
[2025.03.24-01.06.16:592][521]LogPlayLevel: PlayLevel: No blueprints needed recompiling
[2025.03.24-01.06.16:593][521]PIE: New page: PIE session: ThirdPersonExampleMap (2025年3月24日 下午5:06:16)
[2025.03.24-01.06.16:593][521]LogPlayLevel: Creating play world package: /Game/ThirdPersonBP/Maps/UEDPIE_0_ThirdPersonExampleMap
[2025.03.24-01.06.16:621][521]LogPlayLevel: PIE: StaticDuplicateObject took: (0.028286s)
[2025.03.24-01.06.16:623][521]LogAIModule: Creating AISystem for world ThirdPersonExampleMap
[2025.03.24-01.06.16:623][521]LogPlayLevel: PIE: World Init took: (0.002062s)
[2025.03.24-01.06.16:623][521]LogPlayLevel: PIE: Created PIE world by copying editor world from /Game/ThirdPersonBP/Maps/ThirdPersonExampleMap.ThirdPersonExampleMap to /Game/ThirdPersonBP/Maps/UEDPIE_0_ThirdPersonExampleMap.ThirdPersonExampleMap (0.030612s)
[2025.03.24-01.06.16:638][521]LogUObjectHash: Compacting FUObjectHashTables data took   1.77ms
[2025.03.24-01.06.16:639][521]LogAudio: Display: Creating Audio Device:                 Id: 7, Scope: Unique, Realtime: True
[2025.03.24-01.06.16:639][521]LogAudioMixer: Display: Audio Mixer Platform Settings:
[2025.03.24-01.06.16:639][521]LogAudioMixer: Display: 	Sample Rate:						  48000
[2025.03.24-01.06.16:639][521]LogAudioMixer: Display: 	Callback Buffer Frame Size Requested: 1024
[2025.03.24-01.06.16:639][521]LogAudioMixer: Display: 	Callback Buffer Frame Size To Use:	  1024
[2025.03.24-01.06.16:639][521]LogAudioMixer: Display: 	Number of buffers to queue:			  2
[2025.03.24-01.06.16:639][521]LogAudioMixer: Display: 	Max Channels (voices):				  32
[2025.03.24-01.06.16:639][521]LogAudioMixer: Display: 	Number of Async Source Workers:		  0
[2025.03.24-01.06.16:639][521]LogAudio: Display: AudioDevice MaxSources: 32
[2025.03.24-01.06.16:640][521]LogAudio: Display: Audio Spatialization Plugin: None (built-in).
[2025.03.24-01.06.16:640][521]LogAudio: Display: Audio Reverb Plugin: None (built-in).
[2025.03.24-01.06.16:640][521]LogAudio: Display: Audio Occlusion Plugin: None (built-in).
[2025.03.24-01.06.16:640][521]LogAudioMixer: Display: Initializing audio mixer.
[2025.03.24-01.06.16:646][521]LogAudioMixer: Display: 0: FrontLeft
[2025.03.24-01.06.16:646][521]LogAudioMixer: Display: 1: FrontRight
[2025.03.24-01.06.16:724][521]LogAudioMixer: Display: Using Audio Device 扬声器 (适用于 I2S 音频的英特尔® 智音技术)
[2025.03.24-01.06.16:724][521]LogAudioMixer: Display: Initializing Sound Submixes...
[2025.03.24-01.06.16:724][521]LogAudioMixer: Display: Creating Master Submix 'MasterSubmixDefault'
[2025.03.24-01.06.16:724][521]LogAudioMixer: Display: Creating Master Submix 'MasterReverbSubmixDefault'
[2025.03.24-01.06.16:725][521]LogAudioMixer: Display: Creating Master Submix 'MasterEQSubmixDefault'
[2025.03.24-01.06.16:725][521]LogAudioMixer: FMixerPlatformXAudio2::StartAudioStream() called
[2025.03.24-01.06.16:725][521]LogAudioMixer: Display: Output buffers initialized: Frames=1024, Channels=2, Samples=2048
[2025.03.24-01.06.16:727][521]LogAudioMixer: Display: Starting AudioMixerPlatformInterface::RunInternal()
[2025.03.24-01.06.16:727][521]LogAudioMixer: Display: FMixerPlatformXAudio2::SubmitBuffer() called for the first time
[2025.03.24-01.06.16:727][521]LogInit: FAudioDevice initialized.
[2025.03.24-01.06.16:727][521]LogAudio: Display: Audio Device (ID: 7) registered with world 'ThirdPersonExampleMap'.
[2025.03.24-01.06.16:737][521]LogLoad: Game class is 'ThirdPersonGameMode_C'
[2025.03.24-01.06.16:741][521]LogWorld: Bringing World /Game/ThirdPersonBP/Maps/UEDPIE_0_ThirdPersonExampleMap.ThirdPersonExampleMap up for play (max tick rate 60) at 2025.03.24-09.06.16
[2025.03.24-01.06.16:744][521]LogWorld: Bringing up level for play took: 0.006353
[2025.03.24-01.06.16:744][521]LogOnline: OSS: Creating online subsystem instance for: :Context_16
[2025.03.24-01.06.16:750][521]PIE: Server logged in
[2025.03.24-01.06.16:752][521]PIE: Play in editor total start time 0.16 seconds.
[2025.03.24-01.06.19:673][689]LogSlate: Updating window title bar state: overlay mode, drag disabled, window buttons hidden, title bar hidden
[2025.03.24-01.06.19:673][689]LogWorld: BeginTearingDown for /Game/ThirdPersonBP/Maps/UEDPIE_0_ThirdPersonExampleMap
[2025.03.24-01.06.19:674][689]LogWorld: UWorld::CleanupWorld for ThirdPersonExampleMap, bSessionEnded=true, bCleanupResources=true
[2025.03.24-01.06.19:674][689]LogSlate: InvalidateAllWidgets triggered.  All widgets were invalidated
[2025.03.24-01.06.19:683][689]LogPlayLevel: Display: Shutting down PIE online subsystems
[2025.03.24-01.06.19:745][689]LogSlate: InvalidateAllWidgets triggered.  All widgets were invalidated
[2025.03.24-01.06.19:775][689]LogAudio: Display: Audio Device unregistered from world 'None'.
[2025.03.24-01.06.19:775][689]LogAudioMixer: FMixerPlatformXAudio2::StopAudioStream() called
[2025.03.24-01.06.19:777][689]LogAudioMixer: FMixerPlatformXAudio2::StopAudioStream() called
[2025.03.24-01.06.19:792][689]LogSlate: Updating window title bar state: overlay mode, drag disabled, window buttons hidden, title bar hidden
[2025.03.24-01.06.19:796][689]LogUObjectHash: Compacting FUObjectHashTables data took   1.60ms
[2025.03.24-01.06.19:854][690]LogPlayLevel: Display: Destroying online subsystem :Context_16
[2025.03.24-01.06.32:898][205]LogEditorViewport: Clicking on Actor (LMB): StaticMeshActor (Floor2)
[2025.03.24-01.06.33:912][255]LogTemp: Repeating last play command: Selected Viewport
[2025.03.24-01.06.33:921][255]LogPlayLevel: PlayLevel: No blueprints needed recompiling
[2025.03.24-01.06.33:921][255]PIE: New page: PIE session: ThirdPersonExampleMap (2025年3月24日 下午5:06:33)
[2025.03.24-01.06.33:921][255]LogPlayLevel: Creating play world package: /Game/ThirdPersonBP/Maps/UEDPIE_0_ThirdPersonExampleMap
[2025.03.24-01.06.33:946][255]LogPlayLevel: PIE: StaticDuplicateObject took: (0.024349s)
[2025.03.24-01.06.33:947][255]LogAIModule: Creating AISystem for world ThirdPersonExampleMap
[2025.03.24-01.06.33:948][255]LogPlayLevel: PIE: World Init took: (0.001814s)
[2025.03.24-01.06.33:948][255]LogPlayLevel: PIE: Created PIE world by copying editor world from /Game/ThirdPersonBP/Maps/ThirdPersonExampleMap.ThirdPersonExampleMap to /Game/ThirdPersonBP/Maps/UEDPIE_0_ThirdPersonExampleMap.ThirdPersonExampleMap (0.026414s)
[2025.03.24-01.06.33:957][255]LogUObjectHash: Compacting FUObjectHashTables data took   1.58ms
[2025.03.24-01.06.33:958][255]LogAudio: Display: Creating Audio Device:                 Id: 8, Scope: Unique, Realtime: True
[2025.03.24-01.06.33:958][255]LogAudioMixer: Display: Audio Mixer Platform Settings:
[2025.03.24-01.06.33:958][255]LogAudioMixer: Display: 	Sample Rate:						  48000
[2025.03.24-01.06.33:958][255]LogAudioMixer: Display: 	Callback Buffer Frame Size Requested: 1024
[2025.03.24-01.06.33:959][255]LogAudioMixer: Display: 	Callback Buffer Frame Size To Use:	  1024
[2025.03.24-01.06.33:959][255]LogAudioMixer: Display: 	Number of buffers to queue:			  2
[2025.03.24-01.06.33:959][255]LogAudioMixer: Display: 	Max Channels (voices):				  32
[2025.03.24-01.06.33:959][255]LogAudioMixer: Display: 	Number of Async Source Workers:		  0
[2025.03.24-01.06.33:959][255]LogAudio: Display: AudioDevice MaxSources: 32
[2025.03.24-01.06.33:959][255]LogAudio: Display: Audio Spatialization Plugin: None (built-in).
[2025.03.24-01.06.33:959][255]LogAudio: Display: Audio Reverb Plugin: None (built-in).
[2025.03.24-01.06.33:959][255]LogAudio: Display: Audio Occlusion Plugin: None (built-in).
[2025.03.24-01.06.33:959][255]LogAudioMixer: Display: Initializing audio mixer.
[2025.03.24-01.06.33:962][255]LogAudioMixer: Display: 0: FrontLeft
[2025.03.24-01.06.33:964][255]LogAudioMixer: Display: 1: FrontRight
[2025.03.24-01.06.34:017][255]LogAudioMixer: Display: Using Audio Device 扬声器 (适用于 I2S 音频的英特尔® 智音技术)
[2025.03.24-01.06.34:018][255]LogAudioMixer: Display: Initializing Sound Submixes...
[2025.03.24-01.06.34:018][255]LogAudioMixer: Display: Creating Master Submix 'MasterSubmixDefault'
[2025.03.24-01.06.34:018][255]LogAudioMixer: Display: Creating Master Submix 'MasterReverbSubmixDefault'
[2025.03.24-01.06.34:018][255]LogAudioMixer: Display: Creating Master Submix 'MasterEQSubmixDefault'
[2025.03.24-01.06.34:018][255]LogAudioMixer: FMixerPlatformXAudio2::StartAudioStream() called
[2025.03.24-01.06.34:018][255]LogAudioMixer: Display: Output buffers initialized: Frames=1024, Channels=2, Samples=2048
[2025.03.24-01.06.34:019][255]LogAudioMixer: Display: Starting AudioMixerPlatformInterface::RunInternal()
[2025.03.24-01.06.34:019][255]LogAudioMixer: Display: FMixerPlatformXAudio2::SubmitBuffer() called for the first time
[2025.03.24-01.06.34:019][255]LogInit: FAudioDevice initialized.
[2025.03.24-01.06.34:019][255]LogAudio: Display: Audio Device (ID: 8) registered with world 'ThirdPersonExampleMap'.
[2025.03.24-01.06.34:031][255]LogLoad: Game class is 'ThirdPersonGameMode_C'
[2025.03.24-01.06.34:036][255]LogWorld: Bringing World /Game/ThirdPersonBP/Maps/UEDPIE_0_ThirdPersonExampleMap.ThirdPersonExampleMap up for play (max tick rate 60) at 2025.03.24-09.06.34
[2025.03.24-01.06.34:036][255]LogWorld: Bringing up level for play took: 0.003806
[2025.03.24-01.06.34:036][255]LogOnline: OSS: Creating online subsystem instance for: :Context_17
[2025.03.24-01.06.34:042][255]PIE: Server logged in
[2025.03.24-01.06.34:043][255]PIE: Play in editor total start time 0.123 seconds.
[2025.03.24-01.06.40:152][615]LogSlate: Updating window title bar state: overlay mode, drag disabled, window buttons hidden, title bar hidden
[2025.03.24-01.06.40:152][615]LogWorld: BeginTearingDown for /Game/ThirdPersonBP/Maps/UEDPIE_0_ThirdPersonExampleMap
[2025.03.24-01.06.40:152][615]LogWorld: UWorld::CleanupWorld for ThirdPersonExampleMap, bSessionEnded=true, bCleanupResources=true
[2025.03.24-01.06.40:153][615]LogSlate: InvalidateAllWidgets triggered.  All widgets were invalidated
[2025.03.24-01.06.40:160][615]LogPlayLevel: Display: Shutting down PIE online subsystems
[2025.03.24-01.06.40:178][615]LogSlate: InvalidateAllWidgets triggered.  All widgets were invalidated
[2025.03.24-01.06.40:186][615]LogAudio: Display: Audio Device unregistered from world 'None'.
[2025.03.24-01.06.40:186][615]LogAudioMixer: FMixerPlatformXAudio2::StopAudioStream() called
[2025.03.24-01.06.40:188][615]LogAudioMixer: FMixerPlatformXAudio2::StopAudioStream() called
[2025.03.24-01.06.40:191][615]LogSlate: Updating window title bar state: overlay mode, drag disabled, window buttons hidden, title bar hidden
[2025.03.24-01.06.40:194][615]LogUObjectHash: Compacting FUObjectHashTables data took   1.38ms
[2025.03.24-01.06.40:227][616]LogPlayLevel: Display: Destroying online subsystem :Context_17
[2025.03.24-01.06.41:671][697]LogTemp: Repeating last play command: Selected Viewport
[2025.03.24-01.06.41:679][697]LogPlayLevel: PlayLevel: No blueprints needed recompiling
[2025.03.24-01.06.41:679][697]PIE: New page: PIE session: ThirdPersonExampleMap (2025年3月24日 下午5:06:41)
[2025.03.24-01.06.41:679][697]LogPlayLevel: Creating play world package: /Game/ThirdPersonBP/Maps/UEDPIE_0_ThirdPersonExampleMap
[2025.03.24-01.06.41:696][697]LogPlayLevel: PIE: StaticDuplicateObject took: (0.016728s)
[2025.03.24-01.06.41:698][697]LogAIModule: Creating AISystem for world ThirdPersonExampleMap
[2025.03.24-01.06.41:698][697]LogPlayLevel: PIE: World Init took: (0.001877s)
[2025.03.24-01.06.41:698][697]LogPlayLevel: PIE: Created PIE world by copying editor world from /Game/ThirdPersonBP/Maps/ThirdPersonExampleMap.ThirdPersonExampleMap to /Game/ThirdPersonBP/Maps/UEDPIE_0_ThirdPersonExampleMap.ThirdPersonExampleMap (0.018936s)
[2025.03.24-01.06.41:705][697]LogUObjectHash: Compacting FUObjectHashTables data took   0.92ms
[2025.03.24-01.06.41:706][697]LogAudio: Display: Creating Audio Device:                 Id: 9, Scope: Unique, Realtime: True
[2025.03.24-01.06.41:706][697]LogAudioMixer: Display: Audio Mixer Platform Settings:
[2025.03.24-01.06.41:706][697]LogAudioMixer: Display: 	Sample Rate:						  48000
[2025.03.24-01.06.41:706][697]LogAudioMixer: Display: 	Callback Buffer Frame Size Requested: 1024
[2025.03.24-01.06.41:706][697]LogAudioMixer: Display: 	Callback Buffer Frame Size To Use:	  1024
[2025.03.24-01.06.41:706][697]LogAudioMixer: Display: 	Number of buffers to queue:			  2
[2025.03.24-01.06.41:706][697]LogAudioMixer: Display: 	Max Channels (voices):				  32
[2025.03.24-01.06.41:706][697]LogAudioMixer: Display: 	Number of Async Source Workers:		  0
[2025.03.24-01.06.41:706][697]LogAudio: Display: AudioDevice MaxSources: 32
[2025.03.24-01.06.41:706][697]LogAudio: Display: Audio Spatialization Plugin: None (built-in).
[2025.03.24-01.06.41:706][697]LogAudio: Display: Audio Reverb Plugin: None (built-in).
[2025.03.24-01.06.41:706][697]LogAudio: Display: Audio Occlusion Plugin: None (built-in).
[2025.03.24-01.06.41:707][697]LogAudioMixer: Display: Initializing audio mixer.
[2025.03.24-01.06.41:710][697]LogAudioMixer: Display: 0: FrontLeft
[2025.03.24-01.06.41:710][697]LogAudioMixer: Display: 1: FrontRight
[2025.03.24-01.06.41:752][697]LogAudioMixer: Display: Using Audio Device 扬声器 (适用于 I2S 音频的英特尔® 智音技术)
[2025.03.24-01.06.41:752][697]LogAudioMixer: Display: Initializing Sound Submixes...
[2025.03.24-01.06.41:752][697]LogAudioMixer: Display: Creating Master Submix 'MasterSubmixDefault'
[2025.03.24-01.06.41:752][697]LogAudioMixer: Display: Creating Master Submix 'MasterReverbSubmixDefault'
[2025.03.24-01.06.41:753][697]LogAudioMixer: Display: Creating Master Submix 'MasterEQSubmixDefault'
[2025.03.24-01.06.41:753][697]LogAudioMixer: FMixerPlatformXAudio2::StartAudioStream() called
[2025.03.24-01.06.41:753][697]LogAudioMixer: Display: Output buffers initialized: Frames=1024, Channels=2, Samples=2048
[2025.03.24-01.06.41:754][697]LogAudioMixer: Display: Starting AudioMixerPlatformInterface::RunInternal()
[2025.03.24-01.06.41:754][697]LogAudioMixer: Display: FMixerPlatformXAudio2::SubmitBuffer() called for the first time
[2025.03.24-01.06.41:754][697]LogInit: FAudioDevice initialized.
[2025.03.24-01.06.41:754][697]LogAudio: Display: Audio Device (ID: 9) registered with world 'ThirdPersonExampleMap'.
[2025.03.24-01.06.41:762][697]LogLoad: Game class is 'ThirdPersonGameMode_C'
[2025.03.24-01.06.41:765][697]LogWorld: Bringing World /Game/ThirdPersonBP/Maps/UEDPIE_0_ThirdPersonExampleMap.ThirdPersonExampleMap up for play (max tick rate 60) at 2025.03.24-09.06.41
[2025.03.24-01.06.41:765][697]LogWorld: Bringing up level for play took: 0.002892
[2025.03.24-01.06.41:766][697]LogOnline: OSS: Creating online subsystem instance for: :Context_18
[2025.03.24-01.06.41:770][697]PIE: Server logged in
[2025.03.24-01.06.41:771][697]PIE: Play in editor total start time 0.094 seconds.
[2025.03.24-01.06.42:891][759]LogSlate: Updating window title bar state: overlay mode, drag disabled, window buttons hidden, title bar hidden
[2025.03.24-01.06.42:891][759]LogWorld: BeginTearingDown for /Game/ThirdPersonBP/Maps/UEDPIE_0_ThirdPersonExampleMap
[2025.03.24-01.06.42:891][759]LogWorld: UWorld::CleanupWorld for ThirdPersonExampleMap, bSessionEnded=true, bCleanupResources=true
[2025.03.24-01.06.42:892][759]LogSlate: InvalidateAllWidgets triggered.  All widgets were invalidated
[2025.03.24-01.06.42:903][759]LogPlayLevel: Display: Shutting down PIE online subsystems
[2025.03.24-01.06.42:928][759]LogSlate: InvalidateAllWidgets triggered.  All widgets were invalidated
[2025.03.24-01.06.42:941][759]LogSlate: Updating window title bar state: overlay mode, drag disabled, window buttons hidden, title bar hidden
[2025.03.24-01.06.42:942][759]LogAudioMixer: FMixerPlatformXAudio2::StopAudioStream() called
[2025.03.24-01.06.42:943][759]LogAudioMixer: FMixerPlatformXAudio2::StopAudioStream() called
[2025.03.24-01.06.42:955][759]LogUObjectHash: Compacting FUObjectHashTables data took   1.31ms
[2025.03.24-01.06.42:977][760]LogPlayLevel: Display: Destroying online subsystem :Context_18
[2025.03.24-01.06.53:522][361]LogEditorViewport: Clicking on Actor (LMB): ThirdPersonCharacter_C (ThirdPersonCharacter)
[2025.03.24-01.07.06:872][922]LogEditorViewport: Clicking on Actor (LMB): StaticMeshActor (Wall17)
[2025.03.24-01.07.08:789][ 27]LogTemp: Repeating last play command: Selected Viewport
[2025.03.24-01.07.08:797][ 27]LogPlayLevel: PlayLevel: No blueprints needed recompiling
[2025.03.24-01.07.08:797][ 27]PIE: New page: PIE session: ThirdPersonExampleMap (2025年3月24日 下午5:07:08)
[2025.03.24-01.07.08:797][ 27]LogPlayLevel: Creating play world package: /Game/ThirdPersonBP/Maps/UEDPIE_0_ThirdPersonExampleMap
[2025.03.24-01.07.08:817][ 27]LogPlayLevel: PIE: StaticDuplicateObject took: (0.019927s)
[2025.03.24-01.07.08:818][ 27]LogAIModule: Creating AISystem for world ThirdPersonExampleMap
[2025.03.24-01.07.08:818][ 27]LogPlayLevel: PIE: World Init took: (0.001798s)
[2025.03.24-01.07.08:818][ 27]LogPlayLevel: PIE: Created PIE world by copying editor world from /Game/ThirdPersonBP/Maps/ThirdPersonExampleMap.ThirdPersonExampleMap to /Game/ThirdPersonBP/Maps/UEDPIE_0_ThirdPersonExampleMap.ThirdPersonExampleMap (0.021956s)
[2025.03.24-01.07.08:828][ 27]LogUObjectHash: Compacting FUObjectHashTables data took   1.65ms
[2025.03.24-01.07.08:828][ 27]LogAudio: Display: Creating Audio Device:                 Id: 10, Scope: Unique, Realtime: True
[2025.03.24-01.07.08:828][ 27]LogAudioMixer: Display: Audio Mixer Platform Settings:
[2025.03.24-01.07.08:828][ 27]LogAudioMixer: Display: 	Sample Rate:						  48000
[2025.03.24-01.07.08:829][ 27]LogAudioMixer: Display: 	Callback Buffer Frame Size Requested: 1024
[2025.03.24-01.07.08:829][ 27]LogAudioMixer: Display: 	Callback Buffer Frame Size To Use:	  1024
[2025.03.24-01.07.08:829][ 27]LogAudioMixer: Display: 	Number of buffers to queue:			  2
[2025.03.24-01.07.08:829][ 27]LogAudioMixer: Display: 	Max Channels (voices):				  32
[2025.03.24-01.07.08:830][ 27]LogAudioMixer: Display: 	Number of Async Source Workers:		  0
[2025.03.24-01.07.08:830][ 27]LogAudio: Display: AudioDevice MaxSources: 32
[2025.03.24-01.07.08:830][ 27]LogAudio: Display: Audio Spatialization Plugin: None (built-in).
[2025.03.24-01.07.08:830][ 27]LogAudio: Display: Audio Reverb Plugin: None (built-in).
[2025.03.24-01.07.08:830][ 27]LogAudio: Display: Audio Occlusion Plugin: None (built-in).
[2025.03.24-01.07.08:830][ 27]LogAudioMixer: Display: Initializing audio mixer.
[2025.03.24-01.07.08:833][ 27]LogAudioMixer: Display: 0: FrontLeft
[2025.03.24-01.07.08:833][ 27]LogAudioMixer: Display: 1: FrontRight
[2025.03.24-01.07.08:907][ 27]LogAudioMixer: Display: Using Audio Device 扬声器 (适用于 I2S 音频的英特尔® 智音技术)
[2025.03.24-01.07.08:908][ 27]LogAudioMixer: Display: Initializing Sound Submixes...
[2025.03.24-01.07.08:908][ 27]LogAudioMixer: Display: Creating Master Submix 'MasterSubmixDefault'
[2025.03.24-01.07.08:908][ 27]LogAudioMixer: Display: Creating Master Submix 'MasterReverbSubmixDefault'
[2025.03.24-01.07.08:908][ 27]LogAudioMixer: Display: Creating Master Submix 'MasterEQSubmixDefault'
[2025.03.24-01.07.08:908][ 27]LogAudioMixer: FMixerPlatformXAudio2::StartAudioStream() called
[2025.03.24-01.07.08:908][ 27]LogAudioMixer: Display: Output buffers initialized: Frames=1024, Channels=2, Samples=2048
[2025.03.24-01.07.08:910][ 27]LogAudioMixer: Display: Starting AudioMixerPlatformInterface::RunInternal()
[2025.03.24-01.07.08:910][ 27]LogAudioMixer: Display: FMixerPlatformXAudio2::SubmitBuffer() called for the first time
[2025.03.24-01.07.08:910][ 27]LogInit: FAudioDevice initialized.
[2025.03.24-01.07.08:910][ 27]LogAudio: Display: Audio Device (ID: 10) registered with world 'ThirdPersonExampleMap'.
[2025.03.24-01.07.08:923][ 27]LogLoad: Game class is 'ThirdPersonGameMode_C'
[2025.03.24-01.07.08:928][ 27]LogWorld: Bringing World /Game/ThirdPersonBP/Maps/UEDPIE_0_ThirdPersonExampleMap.ThirdPersonExampleMap up for play (max tick rate 60) at 2025.03.24-09.07.08
[2025.03.24-01.07.08:928][ 27]LogWorld: Bringing up level for play took: 0.003543
[2025.03.24-01.07.08:928][ 27]LogOnline: OSS: Creating online subsystem instance for: :Context_19
[2025.03.24-01.07.08:931][ 27]PIE: Server logged in
[2025.03.24-01.07.08:932][ 27]PIE: Play in editor total start time 0.137 seconds.
[2025.03.24-01.07.14:711][369]LogSlate: Updating window title bar state: overlay mode, drag disabled, window buttons hidden, title bar hidden
[2025.03.24-01.07.14:711][369]LogWorld: BeginTearingDown for /Game/ThirdPersonBP/Maps/UEDPIE_0_ThirdPersonExampleMap
[2025.03.24-01.07.14:712][369]LogWorld: UWorld::CleanupWorld for ThirdPersonExampleMap, bSessionEnded=true, bCleanupResources=true
[2025.03.24-01.07.14:712][369]LogSlate: InvalidateAllWidgets triggered.  All widgets were invalidated
[2025.03.24-01.07.14:719][369]LogPlayLevel: Display: Shutting down PIE online subsystems
[2025.03.24-01.07.14:738][369]LogSlate: InvalidateAllWidgets triggered.  All widgets were invalidated
[2025.03.24-01.07.14:744][369]LogAudio: Display: Audio Device unregistered from world 'None'.
[2025.03.24-01.07.14:745][369]LogAudioMixer: FMixerPlatformXAudio2::StopAudioStream() called
[2025.03.24-01.07.14:746][369]LogAudioMixer: FMixerPlatformXAudio2::StopAudioStream() called
[2025.03.24-01.07.14:750][369]LogSlate: Updating window title bar state: overlay mode, drag disabled, window buttons hidden, title bar hidden
[2025.03.24-01.07.14:753][369]LogUObjectHash: Compacting FUObjectHashTables data took   1.22ms
[2025.03.24-01.07.14:838][371]LogPlayLevel: Display: Destroying online subsystem :Context_19
[2025.03.24-01.07.35:172][ 17]LogContentBrowser: Deferred new asset folder creation: NewFolder
[2025.03.24-01.07.35:191][ 17]LogContentBrowser: Creating deferred item: NewFolder
[2025.03.24-01.07.37:175][134]LogContentBrowser: Attempting asset rename: NewFolder -> First
[2025.03.24-01.07.37:177][134]LogContentBrowser: End creating deferred item NewFolder
[2025.03.24-01.07.47:093][439]LogMetaData: Removing '/Game/BP/First/BP_OpenDoorByKey.BP_OpenDoorByKey_C' ref from Metadata '/Game/BP/BP_OpenDoorByKey.PackageMetaData'
[2025.03.24-01.07.47:093][439]LogMetaData: Removing '/Game/BP/First/BP_OpenDoorByKey.BP_OpenDoorByKey:UserConstructionScript.K2Node_FunctionEntry_0' ref from Metadata '/Game/BP/BP_OpenDoorByKey.PackageMetaData'
[2025.03.24-01.07.47:093][439]LogMetaData: Removing '/Game/BP/First/BP_OpenDoorByKey.SKEL_BP_OpenDoorByKey_C:BndEvt__BP_OpenDoorByKey_Box_K2Node_ComponentBoundEvent_0_ComponentBeginOverlapSignature__DelegateSignature' ref from Metadata '/Game/BP/BP_OpenDoorByKey.PackageMetaData'
[2025.03.24-01.07.47:093][439]LogMetaData: Removing '/Game/BP/First/BP_OpenDoorByKey.SKEL_BP_OpenDoorByKey_C:BndEvt__BP_OpenDoorByKey_Box_K2Node_ComponentBoundEvent_3_ComponentEndOverlapSignature__DelegateSignature' ref from Metadata '/Game/BP/BP_OpenDoorByKey.PackageMetaData'
[2025.03.24-01.07.47:093][439]LogMetaData: Removing '/Game/BP/First/BP_OpenDoorByKey.SKEL_BP_OpenDoorByKey_C:ReceiveTick' ref from Metadata '/Game/BP/BP_OpenDoorByKey.PackageMetaData'
[2025.03.24-01.07.47:093][439]LogMetaData: Removing '/Game/BP/First/BP_OpenDoorByKey.SKEL_BP_OpenDoorByKey_C:TextRenderVisibility' ref from Metadata '/Game/BP/BP_OpenDoorByKey.PackageMetaData'
[2025.03.24-01.07.47:093][439]LogMetaData: Removing '/Game/BP/First/BP_OpenDoorByKey.SKEL_BP_OpenDoorByKey_C:SetTextRenderText' ref from Metadata '/Game/BP/BP_OpenDoorByKey.PackageMetaData'
[2025.03.24-01.07.47:093][439]LogMetaData: Removing '/Game/BP/First/BP_OpenDoorByKey.SKEL_BP_OpenDoorByKey_C:UserConstructionScript' ref from Metadata '/Game/BP/BP_OpenDoorByKey.PackageMetaData'
[2025.03.24-01.07.47:093][439]LogMetaData: Removing '/Game/BP/First/BP_OpenDoorByKey.SKEL_BP_OpenDoorByKey_C' ref from Metadata '/Game/BP/BP_OpenDoorByKey.PackageMetaData'
[2025.03.24-01.07.47:093][439]LogMetaData: Removing '/Game/BP/First/BP_OpenDoorByKey.BP_OpenDoorByKey_C:ReceiveTick' ref from Metadata '/Game/BP/BP_OpenDoorByKey.PackageMetaData'
[2025.03.24-01.07.47:093][439]LogMetaData: Removing '/Game/BP/First/BP_OpenDoorByKey.BP_OpenDoorByKey_C:SetTextRenderText' ref from Metadata '/Game/BP/BP_OpenDoorByKey.PackageMetaData'
[2025.03.24-01.07.47:093][439]LogMetaData: Removing '/Game/BP/First/BP_OpenDoorByKey.BP_OpenDoorByKey_C:TextRenderVisibility' ref from Metadata '/Game/BP/BP_OpenDoorByKey.PackageMetaData'
[2025.03.24-01.07.47:096][439]LogMetaData: Removing '/Game/BP/First/BP_Light.BP_Light:UserConstructionScript.K2Node_FunctionEntry_0' ref from Metadata '/Game/BP/BP_Light.PackageMetaData'
[2025.03.24-01.07.47:096][439]LogMetaData: Removing '/Game/BP/First/BP_Light.BP_Light_C' ref from Metadata '/Game/BP/BP_Light.PackageMetaData'
[2025.03.24-01.07.47:096][439]LogMetaData: Removing '/Game/BP/First/BP_Light.SKEL_BP_Light_C:BndEvt__BP_Light_Box_K2Node_ComponentBoundEvent_0_ComponentEndOverlapSignature__DelegateSignature' ref from Metadata '/Game/BP/BP_Light.PackageMetaData'
[2025.03.24-01.07.47:096][439]LogMetaData: Removing '/Game/BP/First/BP_Light.SKEL_BP_Light_C:BndEvt__BP_Light_Box_K2Node_ComponentBoundEvent_1_ComponentBeginOverlapSignature__DelegateSignature' ref from Metadata '/Game/BP/BP_Light.PackageMetaData'
[2025.03.24-01.07.47:096][439]LogMetaData: Removing '/Game/BP/First/BP_Light.SKEL_BP_Light_C:UserConstructionScript' ref from Metadata '/Game/BP/BP_Light.PackageMetaData'
[2025.03.24-01.07.47:096][439]LogMetaData: Removing '/Game/BP/First/BP_Light.SKEL_BP_Light_C' ref from Metadata '/Game/BP/BP_Light.PackageMetaData'
[2025.03.24-01.07.47:098][439]LogMetaData: Removing '/Game/BP/First/BP_DoorKey.BP_DoorKey:UserConstructionScript.K2Node_FunctionEntry_0' ref from Metadata '/Game/BP/BP_DoorKey.PackageMetaData'
[2025.03.24-01.07.47:098][439]LogMetaData: Removing '/Game/BP/First/BP_DoorKey.BP_DoorKey_C' ref from Metadata '/Game/BP/BP_DoorKey.PackageMetaData'
[2025.03.24-01.07.47:098][439]LogMetaData: Removing '/Game/BP/First/BP_DoorKey.SKEL_BP_DoorKey_C:BndEvt__BP_DoorKey_Box_K2Node_ComponentBoundEvent_0_ComponentEndOverlapSignature__DelegateSignature' ref from Metadata '/Game/BP/BP_DoorKey.PackageMetaData'
[2025.03.24-01.07.47:098][439]LogMetaData: Removing '/Game/BP/First/BP_DoorKey.SKEL_BP_DoorKey_C:BndEvt__BP_DoorKey_Box_K2Node_ComponentBoundEvent_1_ComponentBeginOverlapSignature__DelegateSignature' ref from Metadata '/Game/BP/BP_DoorKey.PackageMetaData'
[2025.03.24-01.07.47:098][439]LogMetaData: Removing '/Game/BP/First/BP_DoorKey.SKEL_BP_DoorKey_C:ReceiveTick' ref from Metadata '/Game/BP/BP_DoorKey.PackageMetaData'
[2025.03.24-01.07.47:098][439]LogMetaData: Removing '/Game/BP/First/BP_DoorKey.SKEL_BP_DoorKey_C:UserConstructionScript' ref from Metadata '/Game/BP/BP_DoorKey.PackageMetaData'
[2025.03.24-01.07.47:098][439]LogMetaData: Removing '/Game/BP/First/BP_DoorKey.SKEL_BP_DoorKey_C' ref from Metadata '/Game/BP/BP_DoorKey.PackageMetaData'
[2025.03.24-01.07.47:098][439]LogMetaData: Removing '/Game/BP/First/BP_DoorKey.BP_DoorKey_C:ReceiveTick' ref from Metadata '/Game/BP/BP_DoorKey.PackageMetaData'
[2025.03.24-01.07.47:144][439]Cmd: OBJ SAVEPACKAGE PACKAGE="/Game/BP/First/BP_OpenDoorByKey" FILE="../../../../../../project/UE/room_escape/Content/BP/First/BP_OpenDoorByKey.uasset" SILENT=true
[2025.03.24-01.07.47:176][439]LogSavePackage: Moving '../../../../../../project/UE/room_escape/Saved/BP_OpenDoorByKey0F2A52EF4B22DBD409EFC8ACAE1B4507.tmp' to '../../../../../../project/UE/room_escape/Content/BP/First/BP_OpenDoorByKey.uasset'
[2025.03.24-01.07.47:178][439]Cmd: OBJ SAVEPACKAGE PACKAGE="/Game/BP/BP_OpenDoorByKey" FILE="../../../../../../project/UE/room_escape/Content/BP/BP_OpenDoorByKey.uasset" SILENT=true
[2025.03.24-01.07.47:180][439]LogSavePackage: Moving '../../../../../../project/UE/room_escape/Saved/BP_OpenDoorByKeyB882D4394B332FABA003C89458EB3643.tmp' to '../../../../../../project/UE/room_escape/Content/BP/BP_OpenDoorByKey.uasset'
[2025.03.24-01.07.47:197][439]Cmd: OBJ SAVEPACKAGE PACKAGE="/Game/BP/First/BP_Light" FILE="../../../../../../project/UE/room_escape/Content/BP/First/BP_Light.uasset" SILENT=true
[2025.03.24-01.07.47:217][439]LogSavePackage: Moving '../../../../../../project/UE/room_escape/Saved/BP_Light127CF3924AF4E0FDE6701D8F491A07B1.tmp' to '../../../../../../project/UE/room_escape/Content/BP/First/BP_Light.uasset'
[2025.03.24-01.07.47:219][439]Cmd: OBJ SAVEPACKAGE PACKAGE="/Game/BP/BP_Light" FILE="../../../../../../project/UE/room_escape/Content/BP/BP_Light.uasset" SILENT=true
[2025.03.24-01.07.47:220][439]LogSavePackage: Moving '../../../../../../project/UE/room_escape/Saved/BP_Light5048C32A4BDF4A8AE42509951416C3CE.tmp' to '../../../../../../project/UE/room_escape/Content/BP/BP_Light.uasset'
[2025.03.24-01.07.47:240][439]Cmd: OBJ SAVEPACKAGE PACKAGE="/Game/BP/First/BP_DoorKey" FILE="../../../../../../project/UE/room_escape/Content/BP/First/BP_DoorKey.uasset" SILENT=true
[2025.03.24-01.07.47:263][439]LogSavePackage: Moving '../../../../../../project/UE/room_escape/Saved/BP_DoorKeyE9F6FD2F4B01D74B37EEF2A6CB606C85.tmp' to '../../../../../../project/UE/room_escape/Content/BP/First/BP_DoorKey.uasset'
[2025.03.24-01.07.47:264][439]Cmd: OBJ SAVEPACKAGE PACKAGE="/Game/BP/BP_DoorKey" FILE="../../../../../../project/UE/room_escape/Content/BP/BP_DoorKey.uasset" SILENT=true
[2025.03.24-01.07.47:264][439]LogSavePackage: Moving '../../../../../../project/UE/room_escape/Saved/BP_DoorKey5A4A4F4449D7D7CDE40444A503B695F5.tmp' to '../../../../../../project/UE/room_escape/Content/BP/BP_DoorKey.uasset'
[2025.03.24-01.07.47:318][439]AssetCheck: New page: Asset Save: multiple assets
[2025.03.24-01.07.47:319][439]LogContentValidation: Display: Validating Blueprint /Game/BP/First/BP_OpenDoorByKey.BP_OpenDoorByKey
[2025.03.24-01.07.47:319][439]LogContentValidation: Display: Validating Blueprint /Game/BP/First/BP_DoorKey.BP_DoorKey
[2025.03.24-01.07.47:319][439]LogContentValidation: Display: Validating Blueprint /Game/BP/First/BP_Light.BP_Light
[2025.03.24-01.07.47:319][439]LogContentValidation: Display: Validating ObjectRedirector /Game/BP/BP_DoorKey.BP_DoorKey
[2025.03.24-01.07.47:319][439]LogContentValidation: Display: Validating ObjectRedirector /Game/BP/BP_DoorKey.Default__BP_DoorKey_C
[2025.03.24-01.07.47:319][439]LogContentValidation: Display: Validating ObjectRedirector /Game/BP/BP_DoorKey.BP_DoorKey_C
[2025.03.24-01.07.47:319][439]LogContentValidation: Display: Validating ObjectRedirector /Game/BP/BP_Light.BP_Light
[2025.03.24-01.07.47:319][439]LogContentValidation: Display: Validating ObjectRedirector /Game/BP/BP_Light.Default__BP_Light_C
[2025.03.24-01.07.47:319][439]LogContentValidation: Display: Validating ObjectRedirector /Game/BP/BP_Light.BP_Light_C
[2025.03.24-01.07.47:319][439]LogContentValidation: Display: Validating ObjectRedirector /Game/BP/BP_OpenDoorByKey.BP_OpenDoorByKey
[2025.03.24-01.07.47:319][439]LogContentValidation: Display: Validating ObjectRedirector /Game/BP/BP_OpenDoorByKey.Default__BP_OpenDoorByKey_C
[2025.03.24-01.07.47:319][439]LogContentValidation: Display: Validating ObjectRedirector /Game/BP/BP_OpenDoorByKey.BP_OpenDoorByKey_C
[2025.03.24-01.07.50:162][609]LogTemp: Repeating last play command: Selected Viewport
[2025.03.24-01.07.50:168][609]BlueprintLog: New page: Pre-Play auto-recompile
[2025.03.24-01.07.50:169][609]LogPlayLevel: [PlayLevel] Compiling ThirdPersonExampleMap before play...
[2025.03.24-01.07.50:193][609]LogUObjectHash: Compacting FUObjectHashTables data took   0.82ms
[2025.03.24-01.07.50:194][609]LogPlayLevel: PlayLevel: Blueprint regeneration took 25 ms (1 blueprints)
[2025.03.24-01.07.50:194][609]PIE: New page: PIE session: ThirdPersonExampleMap (2025年3月24日 下午5:07:50)
[2025.03.24-01.07.50:194][609]LogPlayLevel: Creating play world package: /Game/ThirdPersonBP/Maps/UEDPIE_0_ThirdPersonExampleMap
[2025.03.24-01.07.50:206][609]LogPlayLevel: PIE: StaticDuplicateObject took: (0.011711s)
[2025.03.24-01.07.50:207][609]LogAIModule: Creating AISystem for world ThirdPersonExampleMap
[2025.03.24-01.07.50:207][609]LogPlayLevel: PIE: World Init took: (0.000960s)
[2025.03.24-01.07.50:207][609]LogPlayLevel: PIE: Created PIE world by copying editor world from /Game/ThirdPersonBP/Maps/ThirdPersonExampleMap.ThirdPersonExampleMap to /Game/ThirdPersonBP/Maps/UEDPIE_0_ThirdPersonExampleMap.ThirdPersonExampleMap (0.012847s)
[2025.03.24-01.07.50:213][609]LogUObjectHash: Compacting FUObjectHashTables data took   0.56ms
[2025.03.24-01.07.50:213][609]LogAudio: Display: Creating Audio Device:                 Id: 11, Scope: Unique, Realtime: True
[2025.03.24-01.07.50:213][609]LogAudioMixer: Display: Audio Mixer Platform Settings:
[2025.03.24-01.07.50:213][609]LogAudioMixer: Display: 	Sample Rate:						  48000
[2025.03.24-01.07.50:213][609]LogAudioMixer: Display: 	Callback Buffer Frame Size Requested: 1024
[2025.03.24-01.07.50:213][609]LogAudioMixer: Display: 	Callback Buffer Frame Size To Use:	  1024
[2025.03.24-01.07.50:213][609]LogAudioMixer: Display: 	Number of buffers to queue:			  2
[2025.03.24-01.07.50:213][609]LogAudioMixer: Display: 	Max Channels (voices):				  32
[2025.03.24-01.07.50:213][609]LogAudioMixer: Display: 	Number of Async Source Workers:		  0
[2025.03.24-01.07.50:213][609]LogAudio: Display: AudioDevice MaxSources: 32
[2025.03.24-01.07.50:213][609]LogAudio: Display: Audio Spatialization Plugin: None (built-in).
[2025.03.24-01.07.50:213][609]LogAudio: Display: Audio Reverb Plugin: None (built-in).
[2025.03.24-01.07.50:213][609]LogAudio: Display: Audio Occlusion Plugin: None (built-in).
[2025.03.24-01.07.50:213][609]LogAudioMixer: Display: Initializing audio mixer.
[2025.03.24-01.07.50:216][609]LogAudioMixer: Display: 0: FrontLeft
[2025.03.24-01.07.50:216][609]LogAudioMixer: Display: 1: FrontRight
[2025.03.24-01.07.50:251][609]LogAudioMixer: Display: Using Audio Device 扬声器 (适用于 I2S 音频的英特尔® 智音技术)
[2025.03.24-01.07.50:251][609]LogAudioMixer: Display: Initializing Sound Submixes...
[2025.03.24-01.07.50:251][609]LogAudioMixer: Display: Creating Master Submix 'MasterSubmixDefault'
[2025.03.24-01.07.50:251][609]LogAudioMixer: Display: Creating Master Submix 'MasterReverbSubmixDefault'
[2025.03.24-01.07.50:251][609]LogAudioMixer: Display: Creating Master Submix 'MasterEQSubmixDefault'
[2025.03.24-01.07.50:251][609]LogAudioMixer: FMixerPlatformXAudio2::StartAudioStream() called
[2025.03.24-01.07.50:251][609]LogAudioMixer: Display: Output buffers initialized: Frames=1024, Channels=2, Samples=2048
[2025.03.24-01.07.50:252][609]LogAudioMixer: Display: Starting AudioMixerPlatformInterface::RunInternal()
[2025.03.24-01.07.50:252][609]LogAudioMixer: Display: FMixerPlatformXAudio2::SubmitBuffer() called for the first time
[2025.03.24-01.07.50:252][609]LogInit: FAudioDevice initialized.
[2025.03.24-01.07.50:252][609]LogAudio: Display: Audio Device (ID: 11) registered with world 'ThirdPersonExampleMap'.
[2025.03.24-01.07.50:262][609]LogLoad: Game class is 'ThirdPersonGameMode_C'
[2025.03.24-01.07.50:264][609]LogWorld: Bringing World /Game/ThirdPersonBP/Maps/UEDPIE_0_ThirdPersonExampleMap.ThirdPersonExampleMap up for play (max tick rate 60) at 2025.03.24-09.07.50
[2025.03.24-01.07.50:264][609]LogWorld: Bringing up level for play took: 0.002044
[2025.03.24-01.07.50:265][609]LogOnline: OSS: Creating online subsystem instance for: :Context_20
[2025.03.24-01.07.50:266][609]PIE: Server logged in
[2025.03.24-01.07.50:267][609]PIE: Play in editor total start time 0.1 seconds.
[2025.03.24-01.07.53:011][769]LogSlate: Updating window title bar state: overlay mode, drag disabled, window buttons hidden, title bar hidden
[2025.03.24-01.07.53:011][769]LogWorld: BeginTearingDown for /Game/ThirdPersonBP/Maps/UEDPIE_0_ThirdPersonExampleMap
[2025.03.24-01.07.53:011][769]LogWorld: UWorld::CleanupWorld for ThirdPersonExampleMap, bSessionEnded=true, bCleanupResources=true
[2025.03.24-01.07.53:012][769]LogSlate: InvalidateAllWidgets triggered.  All widgets were invalidated
[2025.03.24-01.07.53:023][769]LogPlayLevel: Display: Shutting down PIE online subsystems
[2025.03.24-01.07.53:037][769]LogSlate: InvalidateAllWidgets triggered.  All widgets were invalidated
[2025.03.24-01.07.53:043][769]LogSlate: Updating window title bar state: overlay mode, drag disabled, window buttons hidden, title bar hidden
[2025.03.24-01.07.53:043][769]LogAudioMixer: FMixerPlatformXAudio2::StopAudioStream() called
[2025.03.24-01.07.53:045][769]LogAudioMixer: FMixerPlatformXAudio2::StopAudioStream() called
[2025.03.24-01.07.53:051][769]LogUObjectHash: Compacting FUObjectHashTables data took   0.98ms
[2025.03.24-01.07.53:068][770]LogPlayLevel: Display: Destroying online subsystem :Context_20
[2025.03.24-01.07.56:466][958]LogContentBrowser: Deferred new asset folder creation: NewFolder
[2025.03.24-01.07.56:479][958]LogContentBrowser: Creating deferred item: NewFolder
[2025.03.24-01.07.59:126][117]LogContentBrowser: Attempting asset rename: NewFolder -> Second
[2025.03.24-01.07.59:127][117]LogContentBrowser: End creating deferred item NewFolder
[2025.03.24-01.08.04:219][401]LogEditorClassViewer: Warning: Class /Engine/Tutorial/InWorldBlueprintEditing/TutorialAssets/IWBE_Blutility.IWBE_Blutility_C has parent /Script/Blutility.PlacedEditorUtilityBase, but this parent is not found. The Class will not be shown in ClassViewer.
[2025.03.24-01.08.06:470][401]LogSlate: Window 'Pick Parent Class' being destroyed
[2025.03.24-01.08.06:480][401]LogContentBrowser: Deferred new asset file creation: NewBlueprint
[2025.03.24-01.08.06:486][401]LogContentBrowser: Creating deferred item: NewBlueprint
[2025.03.24-01.08.36:187][183]LogContentBrowser: Attempting asset rename: NewBlueprint -> NewBlueprint
[2025.03.24-01.08.36:192][183]LogContentBrowser: End creating deferred item NewBlueprint
[2025.03.24-01.08.37:103][238]LogEditorViewport: Clicking on Actor (LMB): StaticMeshActor (Floor2)
[2025.03.24-01.08.45:886][751]LogContentBrowser: Attempting asset rename: NewBlueprint -> NewBlueprint
[2025.03.24-01.08.58:686][510]LogContentBrowser: Attempting asset rename: NewBlueprint -> SpotLight
[2025.03.24-01.08.58:720][510]LogMetaData: Removing '/Game/BP/Second/SpotLight.SpotLight:UserConstructionScript.K2Node_FunctionEntry_0' ref from Metadata '/Game/BP/Second/NewBlueprint.PackageMetaData'
[2025.03.24-01.08.58:720][510]LogMetaData: Removing '/Game/BP/Second/SpotLight.SKEL_SpotLight_C:UserConstructionScript' ref from Metadata '/Game/BP/Second/NewBlueprint.PackageMetaData'
[2025.03.24-01.08.58:720][510]LogMetaData: Removing '/Game/BP/Second/SpotLight.SKEL_SpotLight_C' ref from Metadata '/Game/BP/Second/NewBlueprint.PackageMetaData'
[2025.03.24-01.08.58:720][510]LogMetaData: Removing '/Game/BP/Second/SpotLight.SpotLight_C' ref from Metadata '/Game/BP/Second/NewBlueprint.PackageMetaData'
[2025.03.24-01.08.58:720][510]LogMetaData: Removing '/Game/BP/Second/SpotLight.SpotLight:EventGraph.K2Node_Event_0' ref from Metadata '/Game/BP/Second/NewBlueprint.PackageMetaData'
[2025.03.24-01.08.58:720][510]LogMetaData: Removing '/Game/BP/Second/SpotLight.SpotLight:EventGraph.K2Node_Event_1' ref from Metadata '/Game/BP/Second/NewBlueprint.PackageMetaData'
[2025.03.24-01.08.58:720][510]LogMetaData: Removing '/Game/BP/Second/SpotLight.SpotLight:EventGraph.K2Node_Event_2' ref from Metadata '/Game/BP/Second/NewBlueprint.PackageMetaData'
[2025.03.24-01.08.58:753][510]Cmd: OBJ SAVEPACKAGE PACKAGE="/Game/BP/Second/SpotLight" FILE="../../../../../../project/UE/room_escape/Content/BP/Second/SpotLight.uasset" SILENT=true
[2025.03.24-01.08.58:756][510]LogSavePackage: Moving '../../../../../../project/UE/room_escape/Saved/SpotLightCD5D5BE744A5240BE84681A2FD711400.tmp' to '../../../../../../project/UE/room_escape/Content/BP/Second/SpotLight.uasset'
[2025.03.24-01.08.58:822][510]LogUObjectHash: Compacting FUObjectHashTables data took   1.00ms
[2025.03.24-01.08.58:836][510]LogUObjectHash: Compacting FUObjectHashTables data took   1.04ms
[2025.03.24-01.08.58:842][510]LogUObjectHash: Compacting FUObjectHashTables data took   0.55ms
[2025.03.24-01.08.58:875][510]AssetCheck: New page: Asset Save: SpotLight
[2025.03.24-01.08.58:875][510]LogContentValidation: Display: Validating Blueprint /Game/BP/Second/SpotLight.SpotLight
[2025.03.24-01.09.05:755][918]LogContentBrowser: Attempting asset rename: SpotLight -> BP_SpotLight
[2025.03.24-01.09.05:784][918]LogMetaData: Removing '/Game/BP/Second/BP_SpotLight.BP_SpotLight_C' ref from Metadata '/Game/BP/Second/SpotLight.PackageMetaData'
[2025.03.24-01.09.05:784][918]LogMetaData: Removing '/Game/BP/Second/BP_SpotLight.SKEL_BP_SpotLight_C' ref from Metadata '/Game/BP/Second/SpotLight.PackageMetaData'
[2025.03.24-01.09.05:784][918]LogMetaData: Removing '/Game/BP/Second/BP_SpotLight.SKEL_BP_SpotLight_C:UserConstructionScript' ref from Metadata '/Game/BP/Second/SpotLight.PackageMetaData'
[2025.03.24-01.09.05:784][918]LogMetaData: Removing '/Game/BP/Second/BP_SpotLight.BP_SpotLight:UserConstructionScript.K2Node_FunctionEntry_0' ref from Metadata '/Game/BP/Second/SpotLight.PackageMetaData'
[2025.03.24-01.09.05:784][918]LogMetaData: Removing '/Game/BP/Second/BP_SpotLight.BP_SpotLight:EventGraph.K2Node_Event_0' ref from Metadata '/Game/BP/Second/SpotLight.PackageMetaData'
[2025.03.24-01.09.05:784][918]LogMetaData: Removing '/Game/BP/Second/BP_SpotLight.BP_SpotLight:EventGraph.K2Node_Event_1' ref from Metadata '/Game/BP/Second/SpotLight.PackageMetaData'
[2025.03.24-01.09.05:784][918]LogMetaData: Removing '/Game/BP/Second/BP_SpotLight.BP_SpotLight:EventGraph.K2Node_Event_2' ref from Metadata '/Game/BP/Second/SpotLight.PackageMetaData'
[2025.03.24-01.09.05:801][918]Cmd: OBJ SAVEPACKAGE PACKAGE="/Game/BP/Second/BP_SpotLight" FILE="../../../../../../project/UE/room_escape/Content/BP/Second/BP_SpotLight.uasset" SILENT=true
[2025.03.24-01.09.05:804][918]LogSavePackage: Moving '../../../../../../project/UE/room_escape/Saved/BP_SpotLight20E5678841E9A2E9339A119A058D8E11.tmp' to '../../../../../../project/UE/room_escape/Content/BP/Second/BP_SpotLight.uasset'
[2025.03.24-01.09.05:871][918]LogUObjectHash: Compacting FUObjectHashTables data took   0.54ms
[2025.03.24-01.09.05:884][918]LogUObjectHash: Compacting FUObjectHashTables data took   0.75ms
[2025.03.24-01.09.05:889][918]LogUObjectHash: Compacting FUObjectHashTables data took   0.25ms
[2025.03.24-01.09.05:915][918]AssetCheck: New page: Asset Save: BP_SpotLight
[2025.03.24-01.09.05:915][918]LogContentValidation: Display: Validating Blueprint /Game/BP/Second/BP_SpotLight.BP_SpotLight
[2025.03.24-01.09.16:494][543]LogEditorViewport: Clicking on Actor (LMB): ThirdPersonCharacter_C (ThirdPersonCharacter)
[2025.03.24-01.09.22:768][841]LogEditorViewport: Clicking on Actor (context menu): StaticMeshActor (Floor2)
[2025.03.24-01.09.24:041][909]LogEditorViewport: Clicking on Actor (LMB): StaticMeshActor (Floor2)
[2025.03.24-01.09.24:520][937]LogEditorViewport: Clicking on Actor (context menu): StaticMeshActor (Floor2)
[2025.03.24-01.09.27:191][ 93]LogEditorViewport: Clicking on Actor (LMB): StaticMeshActor (Floor2)
[2025.03.24-01.09.28:749][183]LogEditorViewport: Clicking on Actor (context menu): StaticMeshActor (Floor2)
[2025.03.24-01.09.29:482][225]LogEditorViewport: Clicking on Actor (LMB): StaticMeshActor (Floor2)
[2025.03.24-01.09.51:345][523]LogEditorViewport: Clicking on Actor (LMB): StaticMeshActor (Wall16)
[2025.03.24-01.10.06:185][389]LogEditorViewport: Clicking on Actor (LMB): ThirdPersonCharacter_C (ThirdPersonCharacter)
[2025.03.24-01.10.44:067][203]LogEditorViewport: Clicking on Actor (LMB): StaticMeshActor (Floor2)
[2025.03.24-01.10.46:045][318]LogEditorViewport: Clicking on Actor (LMB): ThirdPersonCharacter_C (ThirdPersonCharacter)
[2025.03.24-01.10.50:225][500]LogEditorViewport: Clicking on Actor (LMB): StaticMeshActor (Floor2)
[2025.03.24-01.11.07:977][540]LogAssetEditorSubsystem: Opening Asset editor for Blueprint /Game/BP/Second/BP_SpotLight.BP_SpotLight
[2025.03.24-01.11.09:063][540]LogNativeClassHierarchy: Verbose: Native class hierarchy updated for 'BlueprintGraph' in 0.0005 seconds. Added 126 classes and 0 folders.
[2025.03.24-01.11.12:895][677]LogRenderer: Reallocating scene render targets to support 1192x680 Format 10 NumSamples 1 (Frame:139).
[2025.03.24-01.11.16:229][796]LogSlate: Window 'BP_SpotLight' being destroyed
[2025.03.24-01.11.30:744][507]LogSlate: Window 'Pick Parent Class' being destroyed
[2025.03.24-01.11.30:753][507]LogContentBrowser: Deferred new asset file creation: NewBlueprint
[2025.03.24-01.11.30:761][507]LogContentBrowser: Creating deferred item: NewBlueprint
[2025.03.24-01.11.53:944][892]LogContentBrowser: Attempting asset rename: NewBlueprint -> BP_TriggerArea
[2025.03.24-01.11.53:952][892]LogContentBrowser: End creating deferred item NewBlueprint
[2025.03.24-01.11.56:091][ 19]LogAssetEditorSubsystem: Opening Asset editor for Blueprint /Game/BP/Second/BP_TriggerArea.BP_TriggerArea
[2025.03.24-01.15.18:625][378]LogUObjectHash: Compacting FUObjectHashTables data took   3.40ms
[2025.03.24-01.15.18:660][378]LogSavePackage: Moving '../../../../../../project/UE/room_escape/Saved/ThirdPersonExampleMap_Auto10E8233404BFDBCB7671E3DA49DB5A8E9.tmp' to '../../../../../../project/UE/room_escape/Saved/Autosaves/Game/ThirdPersonBP/Maps/ThirdPersonExampleMap_Auto1.umap'
[2025.03.24-01.15.18:661][378]LogFileHelpers: Editor autosave (incl. external actors) for '/Game/ThirdPersonBP/Maps/ThirdPersonExampleMap' took 0.089
[2025.03.24-01.15.18:661][378]LogFileHelpers: Editor autosave (incl. sublevels & external actors) for all levels took 0.089
[2025.03.24-01.15.21:467][545]BlueprintLog: New page: Compile BP_TriggerArea
[2025.03.24-01.15.21:513][545]LogUObjectHash: Compacting FUObjectHashTables data took   2.44ms
[2025.03.24-01.15.33:334][250]LogSlate: Took 0.009993 seconds to synchronously load lazily loaded font '../../../Engine/Content/Slate/Fonts/Roboto-BoldCondensed.ttf' (158K)
[2025.03.24-01.19.46:574][376]LogSlate: Window 'Pick Parent Class' being destroyed
[2025.03.24-01.19.46:588][376]LogContentBrowser: Deferred new asset file creation: NewBlueprint
[2025.03.24-01.19.46:599][376]LogContentBrowser: Creating deferred item: NewBlueprint
[2025.03.24-01.20.04:572][106]LogContentBrowser: Attempting asset rename: NewBlueprint -> BP_Table
[2025.03.24-01.20.04:578][106]LogContentBrowser: End creating deferred item NewBlueprint
[2025.03.24-01.22.01:754][637]LogSlate: Window 'Color Picker' being destroyed
[2025.03.24-01.23.02:033][246]BlueprintLog: New page: Compile BP_SpotLight
[2025.03.24-01.23.02:108][246]LogUObjectHash: Compacting FUObjectHashTables data took   2.88ms
[2025.03.24-01.23.26:768][660]LogEditorViewport: Clicking on Actor (LMB): StaticMeshActor (Wall16)
[2025.03.24-01.23.27:678][713]LogEditorViewport: Clicking on Actor (LMB): BP_SpotLight_C (BP_SpotLight)
[2025.03.24-01.24.03:321][820]LogEditorViewport: Clicking on Actor (LMB): BP_SpotLight_C (BP_SpotLight)
[2025.03.24-01.24.03:832][850]LogEditorViewport: Clicking on Actor (LMB): BP_SpotLight_C (BP_SpotLight)
[2025.03.24-01.24.19:286][756]LogEditorViewport: Clicking on Actor (LMB): StaticMeshActor (Wall13)
[2025.03.24-01.24.20:482][826]LogEditorViewport: Clicking on Actor (LMB): BP_SpotLight_C (BP_SpotLight)
[2025.03.24-01.24.22:657][955]LogEditorViewport: Clicking on Actor (LMB): StaticMeshActor (Wall16)
[2025.03.24-01.24.23:647][ 13]LogEditorViewport: Clicking on Actor (LMB): StaticMeshActor (Floor2)
[2025.03.24-01.24.28:384][285]LogEditorViewport: Clicking on Actor (LMB): BP_SpotLight_C (BP_SpotLight)
[2025.03.24-01.24.32:568][534]LogEditorViewport: Clicking on Actor (LMB): StaticMeshActor (Wall16)
[2025.03.24-01.24.33:244][573]LogEditorViewport: Clicking on Actor (LMB): StaticMeshActor (Floor2)
[2025.03.24-01.24.39:957][959]LogEditorViewport: Clicking on Actor (LMB): BP_SpotLight_C (BP_SpotLight)
[2025.03.24-01.24.42:792][121]LogEditorViewport: Clicking on Actor (LMB): BP_SpotLight_C (BP_SpotLight)
[2025.03.24-01.24.50:674][592]LogEditorViewport: Clicking on Actor (LMB): StaticMeshActor (Wall16)
[2025.03.24-01.24.51:778][656]LogEditorViewport: Clicking on Actor (LMB): BP_SpotLight_C (BP_SpotLight)
[2025.03.24-01.25.11:858][850]BlueprintLog: New page: Compile BP_SpotLight
[2025.03.24-01.25.11:947][850]LogUObjectHash: Compacting FUObjectHashTables data took   2.84ms
[2025.03.24-01.25.18:113][206]LogTemp: Repeating last play command: Selected Viewport
[2025.03.24-01.25.18:122][206]BlueprintLog: New page: Pre-Play auto-recompile
[2025.03.24-01.25.18:122][206]LogPlayLevel: [PlayLevel] Compiling BP_TriggerArea before play...
[2025.03.24-01.25.18:142][206]LogPlayLevel: [PlayLevel] Compiling ThirdPersonExampleMap before play...
[2025.03.24-01.25.18:188][206]LogUObjectHash: Compacting FUObjectHashTables data took   2.65ms
[2025.03.24-01.25.18:190][206]LogPlayLevel: PlayLevel: Blueprint regeneration took 67 ms (2 blueprints)
[2025.03.24-01.25.18:190][206]PIE: New page: PIE session: ThirdPersonExampleMap (2025年3月24日 下午5:25:18)
[2025.03.24-01.25.18:190][206]LogPlayLevel: Creating play world package: /Game/ThirdPersonBP/Maps/UEDPIE_0_ThirdPersonExampleMap
[2025.03.24-01.25.18:202][206]LogPlayLevel: PIE: StaticDuplicateObject took: (0.012699s)
[2025.03.24-01.25.18:203][206]LogAIModule: Creating AISystem for world ThirdPersonExampleMap
[2025.03.24-01.25.18:204][206]LogPlayLevel: PIE: World Init took: (0.001042s)
[2025.03.24-01.25.18:204][206]LogPlayLevel: PIE: Created PIE world by copying editor world from /Game/ThirdPersonBP/Maps/ThirdPersonExampleMap.ThirdPersonExampleMap to /Game/ThirdPersonBP/Maps/UEDPIE_0_ThirdPersonExampleMap.ThirdPersonExampleMap (0.013913s)
[2025.03.24-01.25.18:228][206]LogUObjectHash: Compacting FUObjectHashTables data took   1.80ms
[2025.03.24-01.25.18:228][206]LogAudio: Display: Creating Audio Device:                 Id: 12, Scope: Unique, Realtime: True
[2025.03.24-01.25.18:228][206]LogAudioMixer: Display: Audio Mixer Platform Settings:
[2025.03.24-01.25.18:228][206]LogAudioMixer: Display: 	Sample Rate:						  48000
[2025.03.24-01.25.18:228][206]LogAudioMixer: Display: 	Callback Buffer Frame Size Requested: 1024
[2025.03.24-01.25.18:228][206]LogAudioMixer: Display: 	Callback Buffer Frame Size To Use:	  1024
[2025.03.24-01.25.18:228][206]LogAudioMixer: Display: 	Number of buffers to queue:			  2
[2025.03.24-01.25.18:228][206]LogAudioMixer: Display: 	Max Channels (voices):				  32
[2025.03.24-01.25.18:228][206]LogAudioMixer: Display: 	Number of Async Source Workers:		  0
[2025.03.24-01.25.18:228][206]LogAudio: Display: AudioDevice MaxSources: 32
[2025.03.24-01.25.18:229][206]LogAudio: Display: Audio Spatialization Plugin: None (built-in).
[2025.03.24-01.25.18:229][206]LogAudio: Display: Audio Reverb Plugin: None (built-in).
[2025.03.24-01.25.18:229][206]LogAudio: Display: Audio Occlusion Plugin: None (built-in).
[2025.03.24-01.25.18:229][206]LogAudioMixer: Display: Initializing audio mixer.
[2025.03.24-01.25.18:231][206]LogAudioMixer: Display: 0: FrontLeft
[2025.03.24-01.25.18:231][206]LogAudioMixer: Display: 1: FrontRight
[2025.03.24-01.25.18:266][206]LogAudioMixer: Display: Using Audio Device 扬声器 (适用于 I2S 音频的英特尔® 智音技术)
[2025.03.24-01.25.18:266][206]LogAudioMixer: Display: Initializing Sound Submixes...
[2025.03.24-01.25.18:267][206]LogAudioMixer: Display: Creating Master Submix 'MasterSubmixDefault'
[2025.03.24-01.25.18:267][206]LogAudioMixer: Display: Creating Master Submix 'MasterReverbSubmixDefault'
[2025.03.24-01.25.18:267][206]LogAudioMixer: Display: Creating Master Submix 'MasterEQSubmixDefault'
[2025.03.24-01.25.18:267][206]LogAudioMixer: FMixerPlatformXAudio2::StartAudioStream() called
[2025.03.24-01.25.18:267][206]LogAudioMixer: Display: Output buffers initialized: Frames=1024, Channels=2, Samples=2048
[2025.03.24-01.25.18:268][206]LogAudioMixer: Display: Starting AudioMixerPlatformInterface::RunInternal()
[2025.03.24-01.25.18:268][206]LogAudioMixer: Display: FMixerPlatformXAudio2::SubmitBuffer() called for the first time
[2025.03.24-01.25.18:268][206]LogInit: FAudioDevice initialized.
[2025.03.24-01.25.18:268][206]LogAudio: Display: Audio Device (ID: 12) registered with world 'ThirdPersonExampleMap'.
[2025.03.24-01.25.18:281][206]LogLoad: Game class is 'ThirdPersonGameMode_C'
[2025.03.24-01.25.18:283][206]LogWorld: Bringing World /Game/ThirdPersonBP/Maps/UEDPIE_0_ThirdPersonExampleMap.ThirdPersonExampleMap up for play (max tick rate 60) at 2025.03.24-09.25.18
[2025.03.24-01.25.18:284][206]LogWorld: Bringing up level for play took: 0.001980
[2025.03.24-01.25.18:284][206]LogOnline: OSS: Creating online subsystem instance for: :Context_25
[2025.03.24-01.25.18:287][206]PIE: Server logged in
[2025.03.24-01.25.18:288][206]PIE: Play in editor total start time 0.17 seconds.
[2025.03.24-01.25.22:006][424]LogSlate: Updating window title bar state: overlay mode, drag disabled, window buttons hidden, title bar hidden
[2025.03.24-01.25.22:006][424]LogWorld: BeginTearingDown for /Game/ThirdPersonBP/Maps/UEDPIE_0_ThirdPersonExampleMap
[2025.03.24-01.25.22:006][424]LogWorld: UWorld::CleanupWorld for ThirdPersonExampleMap, bSessionEnded=true, bCleanupResources=true
[2025.03.24-01.25.22:007][424]LogSlate: InvalidateAllWidgets triggered.  All widgets were invalidated
[2025.03.24-01.25.22:015][424]LogPlayLevel: Display: Shutting down PIE online subsystems
[2025.03.24-01.25.22:026][424]LogSlate: InvalidateAllWidgets triggered.  All widgets were invalidated
[2025.03.24-01.25.22:052][424]LogSlate: Updating window title bar state: overlay mode, drag disabled, window buttons hidden, title bar hidden
[2025.03.24-01.25.22:052][424]LogAudioMixer: FMixerPlatformXAudio2::StopAudioStream() called
[2025.03.24-01.25.22:053][424]LogAudioMixer: FMixerPlatformXAudio2::StopAudioStream() called
[2025.03.24-01.25.22:061][424]LogUObjectHash: Compacting FUObjectHashTables data took   2.11ms
[2025.03.24-01.25.22:087][425]LogPlayLevel: Display: Destroying online subsystem :Context_25
[2025.03.24-01.25.33:331][ 36]LogEditorViewport: Clicking on Actor (LMB): StaticMeshActor (Wall13)
[2025.03.24-01.25.34:372][ 82]LogEditorViewport: Clicking on Actor (LMB): BP_SpotLight_C (BP_SpotLight)
[2025.03.24-01.26.05:048][386]LogEditorViewport: Clicking on Actor (LMB): StaticMeshActor (Wall13)
[2025.03.24-01.26.06:035][424]LogEditorViewport: Clicking on Actor (LMB): StaticMeshActor (Wall16)
[2025.03.24-01.26.06:909][464]LogEditorViewport: Clicking on Actor (LMB): BP_SpotLight_C (BP_SpotLight)
[2025.03.24-01.26.56:287][638]LogEditorViewport: Clicking on Actor (LMB): StaticMeshActor (Wall13)
[2025.03.24-01.26.56:313][638]LogSlate: Window 'Color Picker' being destroyed
[2025.03.24-01.26.57:198][677]LogEditorViewport: Clicking on Actor (LMB): StaticMeshActor (Wall16)
[2025.03.24-01.31.53:449][923]LogSlate: Window 'Color Picker' being destroyed
[2025.03.24-01.33.08:616][236]BlueprintLog: New page: Compile BP_SpotLight
[2025.03.24-01.33.08:835][236]LogUObjectHash: Compacting FUObjectHashTables data took   3.27ms
[2025.03.24-01.33.18:903][704]BlueprintLog: New page: Compile BP_SpotLight
[2025.03.24-01.33.18:963][704]LogUObjectHash: Compacting FUObjectHashTables data took   6.58ms
[2025.03.24-01.33.19:937][748]LogSlate: Window 'BP_SpotLight' being destroyed
[2025.03.24-01.33.19:965][748]LogSlate: Window 'BP_SpotLight' being destroyed
[2025.03.24-01.33.19:970][748]LogWorld: UWorld::CleanupWorld for World_10, bSessionEnded=true, bCleanupResources=true
[2025.03.24-01.33.19:970][748]LogSlate: InvalidateAllWidgets triggered.  All widgets were invalidated
[2025.03.24-01.33.37:287][559]LogEditorViewport: Clicking on Actor (LMB): StaticMeshActor (Floor2)
[2025.03.24-01.33.38:050][603]LogEditorViewport: Clicking on Actor (LMB): StaticMeshActor (Floor2)
[2025.03.24-01.33.38:875][652]LogEditorViewport: Clicking on Actor (LMB): StaticMeshActor (Floor2)
[2025.03.24-01.33.39:235][673]LogEditorViewport: Clicking on Actor (LMB): BP_SpotLight_C (BP_SpotLight)
[2025.03.24-01.33.55:513][597]LogAssetEditorSubsystem: Opening Asset editor for Blueprint /Game/BP/Second/BP_SpotLight.BP_SpotLight
[2025.03.24-01.34.50:659][809]LogEditorViewport: Clicking on Actor (LMB): StaticMeshActor (Floor2)
[2025.03.24-01.34.52:591][883]LogEditorViewport: Clicking on Actor (LMB): StaticMeshActor (Floor2)
[2025.03.24-01.34.54:084][943]LogEditorViewport: Clicking on Actor (LMB): BP_SpotLight_C (BP_SpotLight)
[2025.03.24-01.35.00:251][190]LogEditorViewport: Clicking on Actor (LMB): StaticMeshActor (Floor2)
[2025.03.24-01.35.01:400][233]LogEditorViewport: Clicking on Actor (LMB): StaticMeshActor (Floor2)
[2025.03.24-01.35.02:996][296]LogTemp: Repeating last play command: Selected Viewport
[2025.03.24-01.35.03:005][296]BlueprintLog: New page: Pre-Play auto-recompile
[2025.03.24-01.35.03:006][296]LogPlayLevel: [PlayLevel] Compiling BP_SpotLight before play...
[2025.03.24-01.35.03:147][296]LogUObjectHash: Compacting FUObjectHashTables data took   3.43ms
[2025.03.24-01.35.03:153][296]LogPlayLevel: PlayLevel: Blueprint regeneration took 148 ms (1 blueprints)
[2025.03.24-01.35.03:154][296]PIE: New page: PIE session: ThirdPersonExampleMap (2025年3月24日 下午5:35:03)
[2025.03.24-01.35.03:155][296]LogPlayLevel: Creating play world package: /Game/ThirdPersonBP/Maps/UEDPIE_0_ThirdPersonExampleMap
[2025.03.24-01.35.03:167][296]LogPlayLevel: PIE: StaticDuplicateObject took: (0.012826s)
[2025.03.24-01.35.03:168][296]LogAIModule: Creating AISystem for world ThirdPersonExampleMap
[2025.03.24-01.35.03:169][296]LogPlayLevel: PIE: World Init took: (0.001023s)
[2025.03.24-01.35.03:169][296]LogPlayLevel: PIE: Created PIE world by copying editor world from /Game/ThirdPersonBP/Maps/ThirdPersonExampleMap.ThirdPersonExampleMap to /Game/ThirdPersonBP/Maps/UEDPIE_0_ThirdPersonExampleMap.ThirdPersonExampleMap (0.014092s)
[2025.03.24-01.35.03:197][296]LogUObjectHash: Compacting FUObjectHashTables data took   4.48ms
[2025.03.24-01.35.03:198][296]LogAudio: Display: Creating Audio Device:                 Id: 13, Scope: Unique, Realtime: True
[2025.03.24-01.35.03:198][296]LogAudioMixer: Display: Audio Mixer Platform Settings:
[2025.03.24-01.35.03:198][296]LogAudioMixer: Display: 	Sample Rate:						  48000
[2025.03.24-01.35.03:198][296]LogAudioMixer: Display: 	Callback Buffer Frame Size Requested: 1024
[2025.03.24-01.35.03:198][296]LogAudioMixer: Display: 	Callback Buffer Frame Size To Use:	  1024
[2025.03.24-01.35.03:198][296]LogAudioMixer: Display: 	Number of buffers to queue:			  2
[2025.03.24-01.35.03:198][296]LogAudioMixer: Display: 	Max Channels (voices):				  32
[2025.03.24-01.35.03:198][296]LogAudioMixer: Display: 	Number of Async Source Workers:		  0
[2025.03.24-01.35.03:198][296]LogAudio: Display: AudioDevice MaxSources: 32
[2025.03.24-01.35.03:198][296]LogAudio: Display: Audio Spatialization Plugin: None (built-in).
[2025.03.24-01.35.03:198][296]LogAudio: Display: Audio Reverb Plugin: None (built-in).
[2025.03.24-01.35.03:198][296]LogAudio: Display: Audio Occlusion Plugin: None (built-in).
[2025.03.24-01.35.03:198][296]LogAudioMixer: Display: Initializing audio mixer.
[2025.03.24-01.35.03:201][296]LogAudioMixer: Display: 0: FrontLeft
[2025.03.24-01.35.03:201][296]LogAudioMixer: Display: 1: FrontRight
[2025.03.24-01.35.03:237][296]LogAudioMixer: Display: Using Audio Device 扬声器 (适用于 I2S 音频的英特尔® 智音技术)
[2025.03.24-01.35.03:237][296]LogAudioMixer: Display: Initializing Sound Submixes...
[2025.03.24-01.35.03:237][296]LogAudioMixer: Display: Creating Master Submix 'MasterSubmixDefault'
[2025.03.24-01.35.03:237][296]LogAudioMixer: Display: Creating Master Submix 'MasterReverbSubmixDefault'
[2025.03.24-01.35.03:238][296]LogAudioMixer: Display: Creating Master Submix 'MasterEQSubmixDefault'
[2025.03.24-01.35.03:238][296]LogAudioMixer: FMixerPlatformXAudio2::StartAudioStream() called
[2025.03.24-01.35.03:238][296]LogAudioMixer: Display: Output buffers initialized: Frames=1024, Channels=2, Samples=2048
[2025.03.24-01.35.03:238][296]LogAudioMixer: Display: Starting AudioMixerPlatformInterface::RunInternal()
[2025.03.24-01.35.03:239][296]LogAudioMixer: Display: FMixerPlatformXAudio2::SubmitBuffer() called for the first time
[2025.03.24-01.35.03:239][296]LogInit: FAudioDevice initialized.
[2025.03.24-01.35.03:239][296]LogAudio: Display: Audio Device (ID: 13) registered with world 'ThirdPersonExampleMap'.
[2025.03.24-01.35.03:247][296]LogLoad: Game class is 'ThirdPersonGameMode_C'
[2025.03.24-01.35.03:251][296]LogWorld: Bringing World /Game/ThirdPersonBP/Maps/UEDPIE_0_ThirdPersonExampleMap.ThirdPersonExampleMap up for play (max tick rate 60) at 2025.03.24-09.35.03
[2025.03.24-01.35.03:251][296]LogWorld: Bringing up level for play took: 0.002126
[2025.03.24-01.35.03:251][296]LogOnline: OSS: Creating online subsystem instance for: :Context_27
[2025.03.24-01.35.03:253][296]PIE: Server logged in
[2025.03.24-01.35.03:254][296]PIE: Play in editor total start time 0.25 seconds.
[2025.03.24-01.35.13:472][885]LogSlate: Updating window title bar state: overlay mode, drag disabled, window buttons hidden, title bar hidden
[2025.03.24-01.35.13:472][885]LogWorld: BeginTearingDown for /Game/ThirdPersonBP/Maps/UEDPIE_0_ThirdPersonExampleMap
[2025.03.24-01.35.13:473][885]LogWorld: UWorld::CleanupWorld for ThirdPersonExampleMap, bSessionEnded=true, bCleanupResources=true
[2025.03.24-01.35.13:473][885]LogSlate: InvalidateAllWidgets triggered.  All widgets were invalidated
[2025.03.24-01.35.13:484][885]LogPlayLevel: Display: Shutting down PIE online subsystems
[2025.03.24-01.35.13:504][885]LogSlate: InvalidateAllWidgets triggered.  All widgets were invalidated
[2025.03.24-01.35.13:529][885]LogSlate: Updating window title bar state: overlay mode, drag disabled, window buttons hidden, title bar hidden
[2025.03.24-01.35.13:530][885]LogAudioMixer: FMixerPlatformXAudio2::StopAudioStream() called
[2025.03.24-01.35.13:531][885]LogAudioMixer: FMixerPlatformXAudio2::StopAudioStream() called
[2025.03.24-01.35.13:538][885]LogUObjectHash: Compacting FUObjectHashTables data took   2.25ms
[2025.03.24-01.35.13:578][886]LogPlayLevel: Display: Destroying online subsystem :Context_27
[2025.03.24-01.35.14:526][923]LogEditorViewport: Clicking on Actor (LMB): StaticMeshActor (Floor2)
[2025.03.24-01.35.16:090][984]LogEditorViewport: Clicking on Actor (LMB): StaticMeshActor (Floor2)
[2025.03.24-01.35.20:955][176]BlueprintLog: New page: Compile BP_SpotLight
[2025.03.24-01.35.21:035][176]LogUObjectHash: Compacting FUObjectHashTables data took   3.76ms
[2025.03.24-01.35.22:517][234]LogSlate: Window 'BP_SpotLight' being destroyed
[2025.03.24-01.35.22:552][234]LogSlate: Window 'BP_SpotLight' being destroyed
[2025.03.24-01.35.22:554][234]LogWorld: UWorld::CleanupWorld for World_14, bSessionEnded=true, bCleanupResources=true
[2025.03.24-01.35.22:555][234]LogSlate: InvalidateAllWidgets triggered.  All widgets were invalidated
[2025.03.24-01.36.17:676][354]LogSlate: Window 'BP_TriggerArea' being destroyed
[2025.03.24-01.36.21:862][501]LogAssetEditorSubsystem: Opening Asset editor for Blueprint /Game/BP/Second/BP_SpotLight.BP_SpotLight
[2025.03.24-01.37.18:636][200]LogSlate: Took 0.007425 seconds to synchronously load lazily loaded font '../../../Engine/Content/Slate/Fonts/Roboto-BoldCondensedItalic.ttf' (160K)
[2025.03.24-01.40.58:463][310]LogTemp: Repeating last play command: Selected Viewport
[2025.03.24-01.40.58:470][310]BlueprintLog: New page: Pre-Play auto-recompile
[2025.03.24-01.40.58:471][310]LogPlayLevel: [PlayLevel] Compiling BP_SpotLight before play...
[2025.03.24-01.40.58:510][310]LogPlayLevel: [PlayLevel] Compiling BP_TriggerArea before play...
[2025.03.24-01.40.58:570][310]LogUObjectHash: Compacting FUObjectHashTables data took   3.69ms
[2025.03.24-01.40.58:574][310]LogPlayLevel: PlayLevel: Blueprint regeneration took 102 ms (2 blueprints)
[2025.03.24-01.40.58:574][310]PIE: New page: PIE session: ThirdPersonExampleMap (2025年3月24日 下午5:40:58)
[2025.03.24-01.40.58:574][310]LogPlayLevel: Creating play world package: /Game/ThirdPersonBP/Maps/UEDPIE_0_ThirdPersonExampleMap
[2025.03.24-01.40.58:586][310]LogPlayLevel: PIE: StaticDuplicateObject took: (0.013098s)
[2025.03.24-01.40.58:587][310]LogAIModule: Creating AISystem for world ThirdPersonExampleMap
[2025.03.24-01.40.58:588][310]LogPlayLevel: PIE: World Init took: (0.001236s)
[2025.03.24-01.40.58:588][310]LogPlayLevel: PIE: Created PIE world by copying editor world from /Game/ThirdPersonBP/Maps/ThirdPersonExampleMap.ThirdPersonExampleMap to /Game/ThirdPersonBP/Maps/UEDPIE_0_ThirdPersonExampleMap.ThirdPersonExampleMap (0.014545s)
[2025.03.24-01.40.58:623][310]LogUObjectHash: Compacting FUObjectHashTables data took   5.44ms
[2025.03.24-01.40.58:623][310]LogAudio: Display: Creating Audio Device:                 Id: 14, Scope: Unique, Realtime: True
[2025.03.24-01.40.58:623][310]LogAudioMixer: Display: Audio Mixer Platform Settings:
[2025.03.24-01.40.58:623][310]LogAudioMixer: Display: 	Sample Rate:						  48000
[2025.03.24-01.40.58:623][310]LogAudioMixer: Display: 	Callback Buffer Frame Size Requested: 1024
[2025.03.24-01.40.58:623][310]LogAudioMixer: Display: 	Callback Buffer Frame Size To Use:	  1024
[2025.03.24-01.40.58:623][310]LogAudioMixer: Display: 	Number of buffers to queue:			  2
[2025.03.24-01.40.58:623][310]LogAudioMixer: Display: 	Max Channels (voices):				  32
[2025.03.24-01.40.58:623][310]LogAudioMixer: Display: 	Number of Async Source Workers:		  0
[2025.03.24-01.40.58:623][310]LogAudio: Display: AudioDevice MaxSources: 32
[2025.03.24-01.40.58:624][310]LogAudio: Display: Audio Spatialization Plugin: None (built-in).
[2025.03.24-01.40.58:624][310]LogAudio: Display: Audio Reverb Plugin: None (built-in).
[2025.03.24-01.40.58:624][310]LogAudio: Display: Audio Occlusion Plugin: None (built-in).
[2025.03.24-01.40.58:624][310]LogAudioMixer: Display: Initializing audio mixer.
[2025.03.24-01.40.58:628][310]LogAudioMixer: Display: 0: FrontLeft
[2025.03.24-01.40.58:628][310]LogAudioMixer: Display: 1: FrontRight
[2025.03.24-01.40.58:666][310]LogAudioMixer: Display: Using Audio Device 扬声器 (适用于 I2S 音频的英特尔® 智音技术)
[2025.03.24-01.40.58:666][310]LogAudioMixer: Display: Initializing Sound Submixes...
[2025.03.24-01.40.58:667][310]LogAudioMixer: Display: Creating Master Submix 'MasterSubmixDefault'
[2025.03.24-01.40.58:667][310]LogAudioMixer: Display: Creating Master Submix 'MasterReverbSubmixDefault'
[2025.03.24-01.40.58:667][310]LogAudioMixer: Display: Creating Master Submix 'MasterEQSubmixDefault'
[2025.03.24-01.40.58:667][310]LogAudioMixer: FMixerPlatformXAudio2::StartAudioStream() called
[2025.03.24-01.40.58:667][310]LogAudioMixer: Display: Output buffers initialized: Frames=1024, Channels=2, Samples=2048
[2025.03.24-01.40.58:667][310]LogAudioMixer: Display: Starting AudioMixerPlatformInterface::RunInternal()
[2025.03.24-01.40.58:667][310]LogAudioMixer: Display: FMixerPlatformXAudio2::SubmitBuffer() called for the first time
[2025.03.24-01.40.58:667][310]LogInit: FAudioDevice initialized.
[2025.03.24-01.40.58:667][310]LogAudio: Display: Audio Device (ID: 14) registered with world 'ThirdPersonExampleMap'.
[2025.03.24-01.40.58:678][310]LogLoad: Game class is 'ThirdPersonGameMode_C'
[2025.03.24-01.40.58:682][310]LogWorld: Bringing World /Game/ThirdPersonBP/Maps/UEDPIE_0_ThirdPersonExampleMap.ThirdPersonExampleMap up for play (max tick rate 60) at 2025.03.24-09.40.58
[2025.03.24-01.40.58:682][310]LogWorld: Bringing up level for play took: 0.002880
[2025.03.24-01.40.58:682][310]LogOnline: OSS: Creating online subsystem instance for: :Context_29
[2025.03.24-01.40.58:685][310]PIE: Server logged in
[2025.03.24-01.40.58:685][310]PIE: Play in editor total start time 0.217 seconds.
[2025.03.24-01.41.11:210][ 28]LogSlate: Updating window title bar state: overlay mode, drag disabled, window buttons hidden, title bar hidden
[2025.03.24-01.41.11:210][ 28]LogWorld: BeginTearingDown for /Game/ThirdPersonBP/Maps/UEDPIE_0_ThirdPersonExampleMap
[2025.03.24-01.41.11:211][ 28]LogWorld: UWorld::CleanupWorld for ThirdPersonExampleMap, bSessionEnded=true, bCleanupResources=true
[2025.03.24-01.41.11:211][ 28]LogSlate: InvalidateAllWidgets triggered.  All widgets were invalidated
[2025.03.24-01.41.11:222][ 28]LogPlayLevel: Display: Shutting down PIE online subsystems
[2025.03.24-01.41.11:238][ 28]LogSlate: InvalidateAllWidgets triggered.  All widgets were invalidated
[2025.03.24-01.41.11:262][ 28]LogSlate: Updating window title bar state: overlay mode, drag disabled, window buttons hidden, title bar hidden
[2025.03.24-01.41.11:263][ 28]LogAudioMixer: FMixerPlatformXAudio2::StopAudioStream() called
[2025.03.24-01.41.11:264][ 28]LogAudioMixer: FMixerPlatformXAudio2::StopAudioStream() called
[2025.03.24-01.41.11:271][ 28]LogUObjectHash: Compacting FUObjectHashTables data took   2.05ms
[2025.03.24-01.41.11:298][ 29]LogPlayLevel: Display: Destroying online subsystem :Context_29
[2025.03.24-01.41.15:329][245]LogTemp: Repeating last play command: Selected Viewport
[2025.03.24-01.41.15:339][245]LogPlayLevel: PlayLevel: No blueprints needed recompiling
[2025.03.24-01.41.15:339][245]PIE: New page: PIE session: ThirdPersonExampleMap (2025年3月24日 下午5:41:15)
[2025.03.24-01.41.15:340][245]LogPlayLevel: Creating play world package: /Game/ThirdPersonBP/Maps/UEDPIE_0_ThirdPersonExampleMap
[2025.03.24-01.41.15:359][245]LogPlayLevel: PIE: StaticDuplicateObject took: (0.018646s)
[2025.03.24-01.41.15:360][245]LogAIModule: Creating AISystem for world ThirdPersonExampleMap
[2025.03.24-01.41.15:360][245]LogPlayLevel: PIE: World Init took: (0.001397s)
[2025.03.24-01.41.15:360][245]LogPlayLevel: PIE: Created PIE world by copying editor world from /Game/ThirdPersonBP/Maps/ThirdPersonExampleMap.ThirdPersonExampleMap to /Game/ThirdPersonBP/Maps/UEDPIE_0_ThirdPersonExampleMap.ThirdPersonExampleMap (0.020279s)
[2025.03.24-01.41.15:390][245]LogUObjectHash: Compacting FUObjectHashTables data took   2.29ms
[2025.03.24-01.41.15:392][245]LogAudio: Display: Creating Audio Device:                 Id: 15, Scope: Unique, Realtime: True
[2025.03.24-01.41.15:392][245]LogAudioMixer: Display: Audio Mixer Platform Settings:
[2025.03.24-01.41.15:392][245]LogAudioMixer: Display: 	Sample Rate:						  48000
[2025.03.24-01.41.15:392][245]LogAudioMixer: Display: 	Callback Buffer Frame Size Requested: 1024
[2025.03.24-01.41.15:392][245]LogAudioMixer: Display: 	Callback Buffer Frame Size To Use:	  1024
[2025.03.24-01.41.15:392][245]LogAudioMixer: Display: 	Number of buffers to queue:			  2
[2025.03.24-01.41.15:392][245]LogAudioMixer: Display: 	Max Channels (voices):				  32
[2025.03.24-01.41.15:392][245]LogAudioMixer: Display: 	Number of Async Source Workers:		  0
[2025.03.24-01.41.15:392][245]LogAudio: Display: AudioDevice MaxSources: 32
[2025.03.24-01.41.15:392][245]LogAudio: Display: Audio Spatialization Plugin: None (built-in).
[2025.03.24-01.41.15:392][245]LogAudio: Display: Audio Reverb Plugin: None (built-in).
[2025.03.24-01.41.15:392][245]LogAudio: Display: Audio Occlusion Plugin: None (built-in).
[2025.03.24-01.41.15:392][245]LogAudioMixer: Display: Initializing audio mixer.
[2025.03.24-01.41.15:395][245]LogAudioMixer: Display: 0: FrontLeft
[2025.03.24-01.41.15:395][245]LogAudioMixer: Display: 1: FrontRight
[2025.03.24-01.41.15:430][245]LogAudioMixer: Display: Using Audio Device 扬声器 (适用于 I2S 音频的英特尔® 智音技术)
[2025.03.24-01.41.15:430][245]LogAudioMixer: Display: Initializing Sound Submixes...
[2025.03.24-01.41.15:430][245]LogAudioMixer: Display: Creating Master Submix 'MasterSubmixDefault'
[2025.03.24-01.41.15:430][245]LogAudioMixer: Display: Creating Master Submix 'MasterReverbSubmixDefault'
[2025.03.24-01.41.15:431][245]LogAudioMixer: Display: Creating Master Submix 'MasterEQSubmixDefault'
[2025.03.24-01.41.15:431][245]LogAudioMixer: FMixerPlatformXAudio2::StartAudioStream() called
[2025.03.24-01.41.15:431][245]LogAudioMixer: Display: Output buffers initialized: Frames=1024, Channels=2, Samples=2048
[2025.03.24-01.41.15:432][245]LogAudioMixer: Display: Starting AudioMixerPlatformInterface::RunInternal()
[2025.03.24-01.41.15:432][245]LogAudioMixer: Display: FMixerPlatformXAudio2::SubmitBuffer() called for the first time
[2025.03.24-01.41.15:432][245]LogInit: FAudioDevice initialized.
[2025.03.24-01.41.15:432][245]LogAudio: Display: Audio Device (ID: 15) registered with world 'ThirdPersonExampleMap'.
[2025.03.24-01.41.15:449][245]LogLoad: Game class is 'ThirdPersonGameMode_C'
[2025.03.24-01.41.15:453][245]LogWorld: Bringing World /Game/ThirdPersonBP/Maps/UEDPIE_0_ThirdPersonExampleMap.ThirdPersonExampleMap up for play (max tick rate 60) at 2025.03.24-09.41.15
[2025.03.24-01.41.15:453][245]LogWorld: Bringing up level for play took: 0.002764
[2025.03.24-01.41.15:453][245]LogOnline: OSS: Creating online subsystem instance for: :Context_30
[2025.03.24-01.41.15:456][245]PIE: Server logged in
[2025.03.24-01.41.15:457][245]PIE: Play in editor total start time 0.119 seconds.
[2025.03.24-01.41.20:750][546]LogSlate: Updating window title bar state: overlay mode, drag disabled, window buttons hidden, title bar hidden
[2025.03.24-01.41.20:750][546]LogWorld: BeginTearingDown for /Game/ThirdPersonBP/Maps/UEDPIE_0_ThirdPersonExampleMap
[2025.03.24-01.41.20:751][546]LogWorld: UWorld::CleanupWorld for ThirdPersonExampleMap, bSessionEnded=true, bCleanupResources=true
[2025.03.24-01.41.20:751][546]LogSlate: InvalidateAllWidgets triggered.  All widgets were invalidated
[2025.03.24-01.41.20:760][546]LogPlayLevel: Display: Shutting down PIE online subsystems
[2025.03.24-01.41.20:777][546]LogSlate: InvalidateAllWidgets triggered.  All widgets were invalidated
[2025.03.24-01.41.20:800][546]LogSlate: Updating window title bar state: overlay mode, drag disabled, window buttons hidden, title bar hidden
[2025.03.24-01.41.20:800][546]LogAudioMixer: FMixerPlatformXAudio2::StopAudioStream() called
[2025.03.24-01.41.20:802][546]LogAudioMixer: FMixerPlatformXAudio2::StopAudioStream() called
[2025.03.24-01.41.20:808][546]LogUObjectHash: Compacting FUObjectHashTables data took   1.97ms
[2025.03.24-01.41.20:831][547]LogPlayLevel: Display: Destroying online subsystem :Context_30
[2025.03.24-01.41.49:749][ 36]BlueprintLog: New page: Compile BP_TriggerArea
[2025.03.24-01.41.49:812][ 36]LogUObjectHash: Compacting FUObjectHashTables data took   2.95ms
[2025.03.24-01.42.08:769][923]LogUObjectHash: Compacting FUObjectHashTables data took   9.05ms
[2025.03.24-01.42.09:948][923]LogSlate: Window 'Save Content' being destroyed
[2025.03.24-01.42.09:986][923]Cmd: OBJ SAVEPACKAGE PACKAGE="/Game/BP/Second/BP_SpotLight" FILE="../../../../../../project/UE/room_escape/Content/BP/Second/BP_SpotLight.uasset" SILENT=true
[2025.03.24-01.42.09:993][923]LogSavePackage: Moving '../../../../../../project/UE/room_escape/Saved/BP_SpotLightE7F9EB8246E9165CD1F8B88B766BC504.tmp' to '../../../../../../project/UE/room_escape/Content/BP/Second/BP_SpotLight.uasset'
[2025.03.24-01.42.09:994][923]Cmd: OBJ SAVEPACKAGE PACKAGE="/Game/BP/Second/BP_Table" FILE="../../../../../../project/UE/room_escape/Content/BP/Second/BP_Table.uasset" SILENT=true
[2025.03.24-01.42.09:996][923]LogSavePackage: Moving '../../../../../../project/UE/room_escape/Saved/BP_Table09FA03C64FBB3B33883CF7B288A75534.tmp' to '../../../../../../project/UE/room_escape/Content/BP/Second/BP_Table.uasset'
[2025.03.24-01.42.10:018][923]Cmd: OBJ SAVEPACKAGE PACKAGE="/Game/BP/Second/BP_TriggerArea" FILE="../../../../../../project/UE/room_escape/Content/BP/Second/BP_TriggerArea.uasset" SILENT=true
[2025.03.24-01.42.10:029][923]LogSavePackage: Moving '../../../../../../project/UE/room_escape/Saved/BP_TriggerAreaDF0F342041650F227ABAF9992011C801.tmp' to '../../../../../../project/UE/room_escape/Content/BP/Second/BP_TriggerArea.uasset'
[2025.03.24-01.42.10:056][923]LogUObjectHash: Compacting FUObjectHashTables data took   0.69ms
[2025.03.24-01.42.10:084][923]LogSavePackage: Moving '../../../../../../project/UE/room_escape/Saved/ThirdPersonExampleMapCE6B293F4917DE6ABE3B46BBC0CB3229.tmp' to '../../../../../../project/UE/room_escape/Content/ThirdPersonBP/Maps/ThirdPersonExampleMap.umap'
[2025.03.24-01.42.10:105][923]LogFileHelpers: Saving map 'ThirdPersonExampleMap' took 0.076
[2025.03.24-01.42.10:127][923]AssetCheck: New page: Asset Save: multiple assets
[2025.03.24-01.42.10:128][923]LogContentValidation: Display: Validating World /Game/ThirdPersonBP/Maps/ThirdPersonExampleMap.ThirdPersonExampleMap
[2025.03.24-01.42.10:128][923]LogContentValidation: Display: Validating Blueprint /Game/BP/Second/BP_SpotLight.BP_SpotLight
[2025.03.24-01.42.10:128][923]LogContentValidation: Display: Validating Blueprint /Game/BP/Second/BP_Table.BP_Table
[2025.03.24-01.42.10:128][923]LogContentValidation: Display: Validating Blueprint /Game/BP/Second/BP_TriggerArea.BP_TriggerArea
[2025.03.24-01.42.16:299][223]LogSlate: Window 'BP_TriggerArea' being destroyed
[2025.03.24-01.42.16:343][223]LogWorld: UWorld::CleanupWorld for World_11, bSessionEnded=true, bCleanupResources=true
[2025.03.24-01.42.16:343][223]LogSlate: InvalidateAllWidgets triggered.  All widgets were invalidated
[2025.03.24-01.42.18:624][306]LogAssetEditorSubsystem: Opening Asset editor for Blueprint /Game/BP/Second/BP_TriggerArea.BP_TriggerArea
[2025.03.24-01.42.34:324][ 23]Cmd: OBJ SAVEPACKAGE PACKAGE="/Game/BP/Second/BP_TriggerArea" FILE="../../../../../../project/UE/room_escape/Content/BP/Second/BP_TriggerArea.uasset" SILENT=true
[2025.03.24-01.42.34:336][ 23]LogSavePackage: Moving '../../../../../../project/UE/room_escape/Saved/BP_TriggerAreaAB385CB3404C2988270E30AA953C1CFB.tmp' to '../../../../../../project/UE/room_escape/Content/BP/Second/BP_TriggerArea.uasset'
[2025.03.24-01.42.34:356][ 23]AssetCheck: New page: Asset Save: BP_TriggerArea
[2025.03.24-01.42.34:356][ 23]LogContentValidation: Display: Validating Blueprint /Game/BP/Second/BP_TriggerArea.BP_TriggerArea
[2025.03.24-01.42.35:087][ 56]LogTemp: Repeating last play command: Selected Viewport
[2025.03.24-01.42.35:095][ 56]LogPlayLevel: PlayLevel: No blueprints needed recompiling
[2025.03.24-01.42.35:095][ 56]PIE: New page: PIE session: ThirdPersonExampleMap (2025年3月24日 下午5:42:35)
[2025.03.24-01.42.35:095][ 56]LogPlayLevel: Creating play world package: /Game/ThirdPersonBP/Maps/UEDPIE_0_ThirdPersonExampleMap
[2025.03.24-01.42.35:117][ 56]LogPlayLevel: PIE: StaticDuplicateObject took: (0.021429s)
[2025.03.24-01.42.35:118][ 56]LogAIModule: Creating AISystem for world ThirdPersonExampleMap
[2025.03.24-01.42.35:118][ 56]LogPlayLevel: PIE: World Init took: (0.001183s)
[2025.03.24-01.42.35:118][ 56]LogPlayLevel: PIE: Created PIE world by copying editor world from /Game/ThirdPersonBP/Maps/ThirdPersonExampleMap.ThirdPersonExampleMap to /Game/ThirdPersonBP/Maps/UEDPIE_0_ThirdPersonExampleMap.ThirdPersonExampleMap (0.022810s)
[2025.03.24-01.42.35:184][ 56]LogUObjectHash: Compacting FUObjectHashTables data took   7.33ms
[2025.03.24-01.42.35:186][ 56]LogAudio: Display: Creating Audio Device:                 Id: 16, Scope: Unique, Realtime: True
[2025.03.24-01.42.35:186][ 56]LogAudioMixer: Display: Audio Mixer Platform Settings:
[2025.03.24-01.42.35:186][ 56]LogAudioMixer: Display: 	Sample Rate:						  48000
[2025.03.24-01.42.35:186][ 56]LogAudioMixer: Display: 	Callback Buffer Frame Size Requested: 1024
[2025.03.24-01.42.35:186][ 56]LogAudioMixer: Display: 	Callback Buffer Frame Size To Use:	  1024
[2025.03.24-01.42.35:186][ 56]LogAudioMixer: Display: 	Number of buffers to queue:			  2
[2025.03.24-01.42.35:186][ 56]LogAudioMixer: Display: 	Max Channels (voices):				  32
[2025.03.24-01.42.35:186][ 56]LogAudioMixer: Display: 	Number of Async Source Workers:		  0
[2025.03.24-01.42.35:186][ 56]LogAudio: Display: AudioDevice MaxSources: 32
[2025.03.24-01.42.35:187][ 56]LogAudio: Display: Audio Spatialization Plugin: None (built-in).
[2025.03.24-01.42.35:187][ 56]LogAudio: Display: Audio Reverb Plugin: None (built-in).
[2025.03.24-01.42.35:187][ 56]LogAudio: Display: Audio Occlusion Plugin: None (built-in).
[2025.03.24-01.42.35:187][ 56]LogAudioMixer: Display: Initializing audio mixer.
[2025.03.24-01.42.35:191][ 56]LogAudioMixer: Display: 0: FrontLeft
[2025.03.24-01.42.35:191][ 56]LogAudioMixer: Display: 1: FrontRight
[2025.03.24-01.42.35:226][ 56]LogAudioMixer: Display: Using Audio Device 扬声器 (适用于 I2S 音频的英特尔® 智音技术)
[2025.03.24-01.42.35:226][ 56]LogAudioMixer: Display: Initializing Sound Submixes...
[2025.03.24-01.42.35:226][ 56]LogAudioMixer: Display: Creating Master Submix 'MasterSubmixDefault'
[2025.03.24-01.42.35:227][ 56]LogAudioMixer: Display: Creating Master Submix 'MasterReverbSubmixDefault'
[2025.03.24-01.42.35:227][ 56]LogAudioMixer: Display: Creating Master Submix 'MasterEQSubmixDefault'
[2025.03.24-01.42.35:227][ 56]LogAudioMixer: FMixerPlatformXAudio2::StartAudioStream() called
[2025.03.24-01.42.35:227][ 56]LogAudioMixer: Display: Output buffers initialized: Frames=1024, Channels=2, Samples=2048
[2025.03.24-01.42.35:228][ 56]LogAudioMixer: Display: Starting AudioMixerPlatformInterface::RunInternal()
[2025.03.24-01.42.35:228][ 56]LogAudioMixer: Display: FMixerPlatformXAudio2::SubmitBuffer() called for the first time
[2025.03.24-01.42.35:228][ 56]LogInit: FAudioDevice initialized.
[2025.03.24-01.42.35:228][ 56]LogAudio: Display: Audio Device (ID: 16) registered with world 'ThirdPersonExampleMap'.
[2025.03.24-01.42.35:240][ 56]LogLoad: Game class is 'ThirdPersonGameMode_C'
[2025.03.24-01.42.35:243][ 56]LogWorld: Bringing World /Game/ThirdPersonBP/Maps/UEDPIE_0_ThirdPersonExampleMap.ThirdPersonExampleMap up for play (max tick rate 60) at 2025.03.24-09.42.35
[2025.03.24-01.42.35:243][ 56]LogWorld: Bringing up level for play took: 0.002924
[2025.03.24-01.42.35:243][ 56]LogOnline: OSS: Creating online subsystem instance for: :Context_32
[2025.03.24-01.42.35:245][ 56]PIE: Server logged in
[2025.03.24-01.42.35:246][ 56]PIE: Play in editor total start time 0.152 seconds.
[2025.03.24-01.42.38:070][209]LogSlate: Updating window title bar state: overlay mode, drag disabled, window buttons hidden, title bar hidden
[2025.03.24-01.42.38:070][209]LogWorld: BeginTearingDown for /Game/ThirdPersonBP/Maps/UEDPIE_0_ThirdPersonExampleMap
[2025.03.24-01.42.38:071][209]LogWorld: UWorld::CleanupWorld for ThirdPersonExampleMap, bSessionEnded=true, bCleanupResources=true
[2025.03.24-01.42.38:071][209]LogSlate: InvalidateAllWidgets triggered.  All widgets were invalidated
[2025.03.24-01.42.38:082][209]LogPlayLevel: Display: Shutting down PIE online subsystems
[2025.03.24-01.42.38:100][209]LogSlate: InvalidateAllWidgets triggered.  All widgets were invalidated
[2025.03.24-01.42.38:119][209]LogSlate: Updating window title bar state: overlay mode, drag disabled, window buttons hidden, title bar hidden
[2025.03.24-01.42.38:128][209]LogAudioMixer: FMixerPlatformXAudio2::StopAudioStream() called
[2025.03.24-01.42.38:128][209]LogAudioMixer: FMixerPlatformXAudio2::StopAudioStream() called
[2025.03.24-01.42.38:151][209]LogUObjectHash: Compacting FUObjectHashTables data took   2.66ms
[2025.03.24-01.42.38:175][210]LogPlayLevel: Display: Destroying online subsystem :Context_32
[2025.03.24-01.43.39:545][275]BlueprintLog: New page: Compile BP_SpotLight
[2025.03.24-01.43.39:610][275]LogUObjectHash: Compacting FUObjectHashTables data took   4.99ms
[2025.03.24-01.44.29:990][789]BlueprintLog: New page: Compile BP_TriggerArea
[2025.03.24-01.44.30:051][789]LogUObjectHash: Compacting FUObjectHashTables data took   2.90ms
[2025.03.24-01.44.30:804][824]LogTemp: Repeating last play command: Selected Viewport
[2025.03.24-01.44.30:813][824]LogPlayLevel: PlayLevel: No blueprints needed recompiling
[2025.03.24-01.44.30:813][824]PIE: New page: PIE session: ThirdPersonExampleMap (2025年3月24日 下午5:44:30)
[2025.03.24-01.44.30:813][824]LogPlayLevel: Creating play world package: /Game/ThirdPersonBP/Maps/UEDPIE_0_ThirdPersonExampleMap
[2025.03.24-01.44.30:837][824]LogPlayLevel: PIE: StaticDuplicateObject took: (0.024043s)
[2025.03.24-01.44.30:839][824]LogAIModule: Creating AISystem for world ThirdPersonExampleMap
[2025.03.24-01.44.30:839][824]LogPlayLevel: PIE: World Init took: (0.001582s)
[2025.03.24-01.44.30:839][824]LogPlayLevel: PIE: Created PIE world by copying editor world from /Game/ThirdPersonBP/Maps/ThirdPersonExampleMap.ThirdPersonExampleMap to /Game/ThirdPersonBP/Maps/UEDPIE_0_ThirdPersonExampleMap.ThirdPersonExampleMap (0.025872s)
[2025.03.24-01.44.30:864][824]LogUObjectHash: Compacting FUObjectHashTables data took   2.16ms
[2025.03.24-01.44.30:865][824]LogAudio: Display: Creating Audio Device:                 Id: 17, Scope: Unique, Realtime: True
[2025.03.24-01.44.30:865][824]LogAudioMixer: Display: Audio Mixer Platform Settings:
[2025.03.24-01.44.30:865][824]LogAudioMixer: Display: 	Sample Rate:						  48000
[2025.03.24-01.44.30:865][824]LogAudioMixer: Display: 	Callback Buffer Frame Size Requested: 1024
[2025.03.24-01.44.30:865][824]LogAudioMixer: Display: 	Callback Buffer Frame Size To Use:	  1024
[2025.03.24-01.44.30:865][824]LogAudioMixer: Display: 	Number of buffers to queue:			  2
[2025.03.24-01.44.30:865][824]LogAudioMixer: Display: 	Max Channels (voices):				  32
[2025.03.24-01.44.30:865][824]LogAudioMixer: Display: 	Number of Async Source Workers:		  0
[2025.03.24-01.44.30:865][824]LogAudio: Display: AudioDevice MaxSources: 32
[2025.03.24-01.44.30:865][824]LogAudio: Display: Audio Spatialization Plugin: None (built-in).
[2025.03.24-01.44.30:865][824]LogAudio: Display: Audio Reverb Plugin: None (built-in).
[2025.03.24-01.44.30:865][824]LogAudio: Display: Audio Occlusion Plugin: None (built-in).
[2025.03.24-01.44.30:865][824]LogAudioMixer: Display: Initializing audio mixer.
[2025.03.24-01.44.30:869][824]LogAudioMixer: Display: 0: FrontLeft
[2025.03.24-01.44.30:869][824]LogAudioMixer: Display: 1: FrontRight
[2025.03.24-01.44.30:905][824]LogAudioMixer: Display: Using Audio Device 扬声器 (适用于 I2S 音频的英特尔® 智音技术)
[2025.03.24-01.44.30:905][824]LogAudioMixer: Display: Initializing Sound Submixes...
[2025.03.24-01.44.30:905][824]LogAudioMixer: Display: Creating Master Submix 'MasterSubmixDefault'
[2025.03.24-01.44.30:905][824]LogAudioMixer: Display: Creating Master Submix 'MasterReverbSubmixDefault'
[2025.03.24-01.44.30:905][824]LogAudioMixer: Display: Creating Master Submix 'MasterEQSubmixDefault'
[2025.03.24-01.44.30:905][824]LogAudioMixer: FMixerPlatformXAudio2::StartAudioStream() called
[2025.03.24-01.44.30:906][824]LogAudioMixer: Display: Output buffers initialized: Frames=1024, Channels=2, Samples=2048
[2025.03.24-01.44.30:906][824]LogAudioMixer: Display: Starting AudioMixerPlatformInterface::RunInternal()
[2025.03.24-01.44.30:906][824]LogAudioMixer: Display: FMixerPlatformXAudio2::SubmitBuffer() called for the first time
[2025.03.24-01.44.30:906][824]LogInit: FAudioDevice initialized.
[2025.03.24-01.44.30:906][824]LogAudio: Display: Audio Device (ID: 17) registered with world 'ThirdPersonExampleMap'.
[2025.03.24-01.44.30:919][824]LogLoad: Game class is 'ThirdPersonGameMode_C'
[2025.03.24-01.44.30:922][824]LogWorld: Bringing World /Game/ThirdPersonBP/Maps/UEDPIE_0_ThirdPersonExampleMap.ThirdPersonExampleMap up for play (max tick rate 60) at 2025.03.24-09.44.30
[2025.03.24-01.44.30:922][824]LogWorld: Bringing up level for play took: 0.002715
[2025.03.24-01.44.30:922][824]LogOnline: OSS: Creating online subsystem instance for: :Context_33
[2025.03.24-01.44.30:925][824]PIE: Server logged in
[2025.03.24-01.44.30:925][824]PIE: Play in editor total start time 0.115 seconds.
[2025.03.24-01.44.34:319][ 20]LogSlate: Updating window title bar state: overlay mode, drag disabled, window buttons hidden, title bar hidden
[2025.03.24-01.44.34:319][ 20]LogWorld: BeginTearingDown for /Game/ThirdPersonBP/Maps/UEDPIE_0_ThirdPersonExampleMap
[2025.03.24-01.44.34:319][ 20]LogWorld: UWorld::CleanupWorld for ThirdPersonExampleMap, bSessionEnded=true, bCleanupResources=true
[2025.03.24-01.44.34:319][ 20]LogSlate: InvalidateAllWidgets triggered.  All widgets were invalidated
[2025.03.24-01.44.34:329][ 20]LogPlayLevel: Display: Shutting down PIE online subsystems
[2025.03.24-01.44.34:345][ 20]LogSlate: InvalidateAllWidgets triggered.  All widgets were invalidated
[2025.03.24-01.44.34:363][ 20]LogAudio: Display: Audio Device unregistered from world 'None'.
[2025.03.24-01.44.34:363][ 20]LogAudioMixer: FMixerPlatformXAudio2::StopAudioStream() called
[2025.03.24-01.44.34:364][ 20]LogAudioMixer: FMixerPlatformXAudio2::StopAudioStream() called
[2025.03.24-01.44.34:369][ 20]LogSlate: Updating window title bar state: overlay mode, drag disabled, window buttons hidden, title bar hidden
[2025.03.24-01.44.34:371][ 20]LogUObjectHash: Compacting FUObjectHashTables data took   1.49ms
[2025.03.24-01.44.34:394][ 21]LogPlayLevel: Display: Destroying online subsystem :Context_33
[2025.03.24-01.45.10:347][784]BlueprintLog: New page: Compile BP_SpotLight
[2025.03.24-01.45.10:405][784]LogUObjectHash: Compacting FUObjectHashTables data took   2.55ms
[2025.03.24-01.45.15:048][ 10]LogTemp: Repeating last play command: Selected Viewport
[2025.03.24-01.45.15:055][ 10]LogPlayLevel: PlayLevel: No blueprints needed recompiling
[2025.03.24-01.45.15:056][ 10]PIE: New page: PIE session: ThirdPersonExampleMap (2025年3月24日 下午5:45:15)
[2025.03.24-01.45.15:056][ 10]LogPlayLevel: Creating play world package: /Game/ThirdPersonBP/Maps/UEDPIE_0_ThirdPersonExampleMap
[2025.03.24-01.45.15:079][ 10]LogPlayLevel: PIE: StaticDuplicateObject took: (0.022457s)
[2025.03.24-01.45.15:080][ 10]LogAIModule: Creating AISystem for world ThirdPersonExampleMap
[2025.03.24-01.45.15:080][ 10]LogPlayLevel: PIE: World Init took: (0.001214s)
[2025.03.24-01.45.15:080][ 10]LogPlayLevel: PIE: Created PIE world by copying editor world from /Game/ThirdPersonBP/Maps/ThirdPersonExampleMap.ThirdPersonExampleMap to /Game/ThirdPersonBP/Maps/UEDPIE_0_ThirdPersonExampleMap.ThirdPersonExampleMap (0.023902s)
[2025.03.24-01.45.15:104][ 10]LogUObjectHash: Compacting FUObjectHashTables data took   1.94ms
[2025.03.24-01.45.15:106][ 10]LogAudio: Display: Creating Audio Device:                 Id: 18, Scope: Unique, Realtime: True
[2025.03.24-01.45.15:107][ 10]LogAudioMixer: Display: Audio Mixer Platform Settings:
[2025.03.24-01.45.15:107][ 10]LogAudioMixer: Display: 	Sample Rate:						  48000
[2025.03.24-01.45.15:107][ 10]LogAudioMixer: Display: 	Callback Buffer Frame Size Requested: 1024
[2025.03.24-01.45.15:107][ 10]LogAudioMixer: Display: 	Callback Buffer Frame Size To Use:	  1024
[2025.03.24-01.45.15:107][ 10]LogAudioMixer: Display: 	Number of buffers to queue:			  2
[2025.03.24-01.45.15:107][ 10]LogAudioMixer: Display: 	Max Channels (voices):				  32
[2025.03.24-01.45.15:107][ 10]LogAudioMixer: Display: 	Number of Async Source Workers:		  0
[2025.03.24-01.45.15:107][ 10]LogAudio: Display: AudioDevice MaxSources: 32
[2025.03.24-01.45.15:107][ 10]LogAudio: Display: Audio Spatialization Plugin: None (built-in).
[2025.03.24-01.45.15:107][ 10]LogAudio: Display: Audio Reverb Plugin: None (built-in).
[2025.03.24-01.45.15:107][ 10]LogAudio: Display: Audio Occlusion Plugin: None (built-in).
[2025.03.24-01.45.15:107][ 10]LogAudioMixer: Display: Initializing audio mixer.
[2025.03.24-01.45.15:109][ 10]LogAudioMixer: Display: 0: FrontLeft
[2025.03.24-01.45.15:110][ 10]LogAudioMixer: Display: 1: FrontRight
[2025.03.24-01.45.15:144][ 10]LogAudioMixer: Display: Using Audio Device 扬声器 (适用于 I2S 音频的英特尔® 智音技术)
[2025.03.24-01.45.15:145][ 10]LogAudioMixer: Display: Initializing Sound Submixes...
[2025.03.24-01.45.15:145][ 10]LogAudioMixer: Display: Creating Master Submix 'MasterSubmixDefault'
[2025.03.24-01.45.15:145][ 10]LogAudioMixer: Display: Creating Master Submix 'MasterReverbSubmixDefault'
[2025.03.24-01.45.15:145][ 10]LogAudioMixer: Display: Creating Master Submix 'MasterEQSubmixDefault'
[2025.03.24-01.45.15:145][ 10]LogAudioMixer: FMixerPlatformXAudio2::StartAudioStream() called
[2025.03.24-01.45.15:145][ 10]LogAudioMixer: Display: Output buffers initialized: Frames=1024, Channels=2, Samples=2048
[2025.03.24-01.45.15:146][ 10]LogAudioMixer: Display: Starting AudioMixerPlatformInterface::RunInternal()
[2025.03.24-01.45.15:146][ 10]LogAudioMixer: Display: FMixerPlatformXAudio2::SubmitBuffer() called for the first time
[2025.03.24-01.45.15:147][ 10]LogInit: FAudioDevice initialized.
[2025.03.24-01.45.15:147][ 10]LogAudio: Display: Audio Device (ID: 18) registered with world 'ThirdPersonExampleMap'.
[2025.03.24-01.45.15:154][ 10]LogLoad: Game class is 'ThirdPersonGameMode_C'
[2025.03.24-01.45.15:158][ 10]LogWorld: Bringing World /Game/ThirdPersonBP/Maps/UEDPIE_0_ThirdPersonExampleMap.ThirdPersonExampleMap up for play (max tick rate 60) at 2025.03.24-09.45.15
[2025.03.24-01.45.15:158][ 10]LogWorld: Bringing up level for play took: 0.002082
[2025.03.24-01.45.15:158][ 10]LogOnline: OSS: Creating online subsystem instance for: :Context_34
[2025.03.24-01.45.15:160][ 10]PIE: Server logged in
[2025.03.24-01.45.15:161][ 10]PIE: Play in editor total start time 0.108 seconds.
[2025.03.24-01.45.16:788][102]LogSlate: Updating window title bar state: overlay mode, drag disabled, window buttons hidden, title bar hidden
[2025.03.24-01.45.16:788][102]LogWorld: BeginTearingDown for /Game/ThirdPersonBP/Maps/UEDPIE_0_ThirdPersonExampleMap
[2025.03.24-01.45.16:789][102]LogWorld: UWorld::CleanupWorld for ThirdPersonExampleMap, bSessionEnded=true, bCleanupResources=true
[2025.03.24-01.45.16:789][102]LogSlate: InvalidateAllWidgets triggered.  All widgets were invalidated
[2025.03.24-01.45.16:799][102]LogPlayLevel: Display: Shutting down PIE online subsystems
[2025.03.24-01.45.16:817][102]LogSlate: InvalidateAllWidgets triggered.  All widgets were invalidated
[2025.03.24-01.45.16:837][102]LogAudio: Display: Audio Device unregistered from world 'None'.
[2025.03.24-01.45.16:838][102]LogAudioMixer: FMixerPlatformXAudio2::StopAudioStream() called
[2025.03.24-01.45.16:839][102]LogAudioMixer: FMixerPlatformXAudio2::StopAudioStream() called
[2025.03.24-01.45.16:842][102]LogSlate: Updating window title bar state: overlay mode, drag disabled, window buttons hidden, title bar hidden
[2025.03.24-01.45.16:845][102]LogUObjectHash: Compacting FUObjectHashTables data took   1.54ms
[2025.03.24-01.45.16:876][103]LogPlayLevel: Display: Destroying online subsystem :Context_34
[2025.03.24-01.47.20:112][437]BlueprintLog: New page: Compile BP_TriggerArea
[2025.03.24-01.47.20:182][437]LogUObjectHash: Compacting FUObjectHashTables data took   2.49ms
[2025.03.24-01.47.30:493][910]LogTemp: Repeating last play command: Selected Viewport
[2025.03.24-01.47.30:501][910]BlueprintLog: New page: Pre-Play auto-recompile
[2025.03.24-01.47.30:504][910]LogPlayLevel: [PlayLevel] Compiling BP_SpotLight before play...
[2025.03.24-01.47.30:559][910]LogUObjectHash: Compacting FUObjectHashTables data took   2.22ms
[2025.03.24-01.47.30:561][910]LogPlayLevel: PlayLevel: Blueprint regeneration took 59 ms (1 blueprints)
[2025.03.24-01.47.30:561][910]PIE: New page: PIE session: ThirdPersonExampleMap (2025年3月24日 下午5:47:30)
[2025.03.24-01.47.30:561][910]LogPlayLevel: Creating play world package: /Game/ThirdPersonBP/Maps/UEDPIE_0_ThirdPersonExampleMap
[2025.03.24-01.47.30:574][910]LogPlayLevel: PIE: StaticDuplicateObject took: (0.013135s)
[2025.03.24-01.47.30:576][910]LogAIModule: Creating AISystem for world ThirdPersonExampleMap
[2025.03.24-01.47.30:576][910]LogPlayLevel: PIE: World Init took: (0.001426s)
[2025.03.24-01.47.30:576][910]LogPlayLevel: PIE: Created PIE world by copying editor world from /Game/ThirdPersonBP/Maps/ThirdPersonExampleMap.ThirdPersonExampleMap to /Game/ThirdPersonBP/Maps/UEDPIE_0_ThirdPersonExampleMap.ThirdPersonExampleMap (0.014747s)
[2025.03.24-01.47.30:597][910]LogUObjectHash: Compacting FUObjectHashTables data took   1.47ms
[2025.03.24-01.47.30:598][910]LogAudio: Display: Creating Audio Device:                 Id: 19, Scope: Unique, Realtime: True
[2025.03.24-01.47.30:598][910]LogAudioMixer: Display: Audio Mixer Platform Settings:
[2025.03.24-01.47.30:598][910]LogAudioMixer: Display: 	Sample Rate:						  48000
[2025.03.24-01.47.30:598][910]LogAudioMixer: Display: 	Callback Buffer Frame Size Requested: 1024
[2025.03.24-01.47.30:598][910]LogAudioMixer: Display: 	Callback Buffer Frame Size To Use:	  1024
[2025.03.24-01.47.30:598][910]LogAudioMixer: Display: 	Number of buffers to queue:			  2
[2025.03.24-01.47.30:598][910]LogAudioMixer: Display: 	Max Channels (voices):				  32
[2025.03.24-01.47.30:598][910]LogAudioMixer: Display: 	Number of Async Source Workers:		  0
[2025.03.24-01.47.30:598][910]LogAudio: Display: AudioDevice MaxSources: 32
[2025.03.24-01.47.30:598][910]LogAudio: Display: Audio Spatialization Plugin: None (built-in).
[2025.03.24-01.47.30:598][910]LogAudio: Display: Audio Reverb Plugin: None (built-in).
[2025.03.24-01.47.30:598][910]LogAudio: Display: Audio Occlusion Plugin: None (built-in).
[2025.03.24-01.47.30:598][910]LogAudioMixer: Display: Initializing audio mixer.
[2025.03.24-01.47.30:601][910]LogAudioMixer: Display: 0: FrontLeft
[2025.03.24-01.47.30:601][910]LogAudioMixer: Display: 1: FrontRight
[2025.03.24-01.47.30:634][910]LogAudioMixer: Display: Using Audio Device 扬声器 (适用于 I2S 音频的英特尔® 智音技术)
[2025.03.24-01.47.30:634][910]LogAudioMixer: Display: Initializing Sound Submixes...
[2025.03.24-01.47.30:634][910]LogAudioMixer: Display: Creating Master Submix 'MasterSubmixDefault'
[2025.03.24-01.47.30:634][910]LogAudioMixer: Display: Creating Master Submix 'MasterReverbSubmixDefault'
[2025.03.24-01.47.30:635][910]LogAudioMixer: Display: Creating Master Submix 'MasterEQSubmixDefault'
[2025.03.24-01.47.30:635][910]LogAudioMixer: FMixerPlatformXAudio2::StartAudioStream() called
[2025.03.24-01.47.30:635][910]LogAudioMixer: Display: Output buffers initialized: Frames=1024, Channels=2, Samples=2048
[2025.03.24-01.47.30:636][910]LogAudioMixer: Display: Starting AudioMixerPlatformInterface::RunInternal()
[2025.03.24-01.47.30:636][910]LogAudioMixer: Display: FMixerPlatformXAudio2::SubmitBuffer() called for the first time
[2025.03.24-01.47.30:636][910]LogInit: FAudioDevice initialized.
[2025.03.24-01.47.30:637][910]LogAudio: Display: Audio Device (ID: 19) registered with world 'ThirdPersonExampleMap'.
[2025.03.24-01.47.30:654][910]LogLoad: Game class is 'ThirdPersonGameMode_C'
[2025.03.24-01.47.30:657][910]LogWorld: Bringing World /Game/ThirdPersonBP/Maps/UEDPIE_0_ThirdPersonExampleMap.ThirdPersonExampleMap up for play (max tick rate 60) at 2025.03.24-09.47.30
[2025.03.24-01.47.30:657][910]LogWorld: Bringing up level for play took: 0.002540
[2025.03.24-01.47.30:658][910]LogOnline: OSS: Creating online subsystem instance for: :Context_35
[2025.03.24-01.47.30:660][910]PIE: Server logged in
[2025.03.24-01.47.30:660][910]PIE: Play in editor total start time 0.16 seconds.
[2025.03.24-01.47.35:817][200]LogSlate: Updating window title bar state: overlay mode, drag disabled, window buttons hidden, title bar hidden
[2025.03.24-01.47.35:817][200]LogWorld: BeginTearingDown for /Game/ThirdPersonBP/Maps/UEDPIE_0_ThirdPersonExampleMap
[2025.03.24-01.47.35:818][200]LogWorld: UWorld::CleanupWorld for ThirdPersonExampleMap, bSessionEnded=true, bCleanupResources=true
[2025.03.24-01.47.35:818][200]LogSlate: InvalidateAllWidgets triggered.  All widgets were invalidated
[2025.03.24-01.47.35:832][200]LogPlayLevel: Display: Shutting down PIE online subsystems
[2025.03.24-01.47.35:839][200]LogSlate: InvalidateAllWidgets triggered.  All widgets were invalidated
[2025.03.24-01.47.35:860][200]LogSlate: Updating window title bar state: overlay mode, drag disabled, window buttons hidden, title bar hidden
[2025.03.24-01.47.35:860][200]LogAudioMixer: FMixerPlatformXAudio2::StopAudioStream() called
[2025.03.24-01.47.35:861][200]LogAudioMixer: FMixerPlatformXAudio2::StopAudioStream() called
[2025.03.24-01.47.35:870][200]LogUObjectHash: Compacting FUObjectHashTables data took   3.09ms
[2025.03.24-01.47.35:909][201]LogPlayLevel: Display: Destroying online subsystem :Context_35
[2025.03.24-01.47.43:616][608]LogTemp: Repeating last play command: Selected Viewport
[2025.03.24-01.47.43:625][608]BlueprintLog: New page: Pre-Play auto-recompile
[2025.03.24-01.47.43:626][608]LogPlayLevel: [PlayLevel] Compiling BP_TriggerArea before play...
[2025.03.24-01.47.43:698][608]LogUObjectHash: Compacting FUObjectHashTables data took   4.54ms
[2025.03.24-01.47.43:699][608]LogPlayLevel: PlayLevel: Blueprint regeneration took 74 ms (1 blueprints)
[2025.03.24-01.47.43:699][608]PIE: New page: PIE session: ThirdPersonExampleMap (2025年3月24日 下午5:47:43)
[2025.03.24-01.47.43:699][608]LogPlayLevel: Creating play world package: /Game/ThirdPersonBP/Maps/UEDPIE_0_ThirdPersonExampleMap
[2025.03.24-01.47.43:713][608]LogPlayLevel: PIE: StaticDuplicateObject took: (0.013943s)
[2025.03.24-01.47.43:714][608]LogAIModule: Creating AISystem for world ThirdPersonExampleMap
[2025.03.24-01.47.43:714][608]LogPlayLevel: PIE: World Init took: (0.001894s)
[2025.03.24-01.47.43:714][608]LogPlayLevel: PIE: Created PIE world by copying editor world from /Game/ThirdPersonBP/Maps/ThirdPersonExampleMap.ThirdPersonExampleMap to /Game/ThirdPersonBP/Maps/UEDPIE_0_ThirdPersonExampleMap.ThirdPersonExampleMap (0.016084s)
[2025.03.24-01.47.43:744][608]LogUObjectHash: Compacting FUObjectHashTables data took   3.62ms
[2025.03.24-01.47.43:745][608]LogAudio: Display: Creating Audio Device:                 Id: 20, Scope: Unique, Realtime: True
[2025.03.24-01.47.43:745][608]LogAudioMixer: Display: Audio Mixer Platform Settings:
[2025.03.24-01.47.43:745][608]LogAudioMixer: Display: 	Sample Rate:						  48000
[2025.03.24-01.47.43:745][608]LogAudioMixer: Display: 	Callback Buffer Frame Size Requested: 1024
[2025.03.24-01.47.43:745][608]LogAudioMixer: Display: 	Callback Buffer Frame Size To Use:	  1024
[2025.03.24-01.47.43:745][608]LogAudioMixer: Display: 	Number of buffers to queue:			  2
[2025.03.24-01.47.43:745][608]LogAudioMixer: Display: 	Max Channels (voices):				  32
[2025.03.24-01.47.43:745][608]LogAudioMixer: Display: 	Number of Async Source Workers:		  0
[2025.03.24-01.47.43:745][608]LogAudio: Display: AudioDevice MaxSources: 32
[2025.03.24-01.47.43:746][608]LogAudio: Display: Audio Spatialization Plugin: None (built-in).
[2025.03.24-01.47.43:746][608]LogAudio: Display: Audio Reverb Plugin: None (built-in).
[2025.03.24-01.47.43:746][608]LogAudio: Display: Audio Occlusion Plugin: None (built-in).
[2025.03.24-01.47.43:746][608]LogAudioMixer: Display: Initializing audio mixer.
[2025.03.24-01.47.43:749][608]LogAudioMixer: Display: 0: FrontLeft
[2025.03.24-01.47.43:749][608]LogAudioMixer: Display: 1: FrontRight
[2025.03.24-01.47.43:790][608]LogAudioMixer: Display: Using Audio Device 扬声器 (适用于 I2S 音频的英特尔® 智音技术)
[2025.03.24-01.47.43:790][608]LogAudioMixer: Display: Initializing Sound Submixes...
[2025.03.24-01.47.43:790][608]LogAudioMixer: Display: Creating Master Submix 'MasterSubmixDefault'
[2025.03.24-01.47.43:790][608]LogAudioMixer: Display: Creating Master Submix 'MasterReverbSubmixDefault'
[2025.03.24-01.47.43:791][608]LogAudioMixer: Display: Creating Master Submix 'MasterEQSubmixDefault'
[2025.03.24-01.47.43:791][608]LogAudioMixer: FMixerPlatformXAudio2::StartAudioStream() called
[2025.03.24-01.47.43:791][608]LogAudioMixer: Display: Output buffers initialized: Frames=1024, Channels=2, Samples=2048
[2025.03.24-01.47.43:792][608]LogAudioMixer: Display: Starting AudioMixerPlatformInterface::RunInternal()
[2025.03.24-01.47.43:792][608]LogAudioMixer: Display: FMixerPlatformXAudio2::SubmitBuffer() called for the first time
[2025.03.24-01.47.43:792][608]LogInit: FAudioDevice initialized.
[2025.03.24-01.47.43:792][608]LogAudio: Display: Audio Device (ID: 20) registered with world 'ThirdPersonExampleMap'.
[2025.03.24-01.47.43:802][608]LogLoad: Game class is 'ThirdPersonGameMode_C'
[2025.03.24-01.47.43:806][608]LogWorld: Bringing World /Game/ThirdPersonBP/Maps/UEDPIE_0_ThirdPersonExampleMap.ThirdPersonExampleMap up for play (max tick rate 60) at 2025.03.24-09.47.43
[2025.03.24-01.47.43:807][608]LogWorld: Bringing up level for play took: 0.004110
[2025.03.24-01.47.43:807][608]LogOnline: OSS: Creating online subsystem instance for: :Context_36
[2025.03.24-01.47.43:809][608]PIE: Server logged in
[2025.03.24-01.47.43:810][608]PIE: Play in editor total start time 0.187 seconds.
[2025.03.24-01.47.48:058][855]LogSlate: Updating window title bar state: overlay mode, drag disabled, window buttons hidden, title bar hidden
[2025.03.24-01.47.48:058][855]LogWorld: BeginTearingDown for /Game/ThirdPersonBP/Maps/UEDPIE_0_ThirdPersonExampleMap
[2025.03.24-01.47.48:058][855]LogWorld: UWorld::CleanupWorld for ThirdPersonExampleMap, bSessionEnded=true, bCleanupResources=true
[2025.03.24-01.47.48:059][855]LogSlate: InvalidateAllWidgets triggered.  All widgets were invalidated
[2025.03.24-01.47.48:073][855]LogPlayLevel: Display: Shutting down PIE online subsystems
[2025.03.24-01.47.48:081][855]LogSlate: InvalidateAllWidgets triggered.  All widgets were invalidated
[2025.03.24-01.47.48:100][855]LogSlate: Updating window title bar state: overlay mode, drag disabled, window buttons hidden, title bar hidden
[2025.03.24-01.47.48:100][855]LogAudioMixer: FMixerPlatformXAudio2::StopAudioStream() called
[2025.03.24-01.47.48:102][855]LogAudioMixer: FMixerPlatformXAudio2::StopAudioStream() called
[2025.03.24-01.47.48:110][855]LogUObjectHash: Compacting FUObjectHashTables data took   2.74ms
[2025.03.24-01.47.48:132][856]LogPlayLevel: Display: Destroying online subsystem :Context_36
[2025.03.24-01.48.34:998][284]LogEditorViewport: Clicking on Actor (LMB): ThirdPersonCharacter_C (ThirdPersonCharacter)
[2025.03.24-01.48.36:059][319]LogEditorViewport: Clicking on Actor (LMB): StaticMeshActor (Wall21)
[2025.03.24-01.48.36:943][363]LogEditorViewport: Clicking on Actor (LMB): LightmassImportanceVolume (LightmassImportanceVolume)
[2025.03.24-01.48.38:052][417]LogEditorViewport: Clicking on Actor (LMB): StaticMeshActor (Wall21)
[2025.03.24-01.48.42:042][611]LogEditorViewport: Clicking on Actor (LMB): StaticMeshActor (Wall21)
[2025.03.24-01.49.02:077][499]LogEditorViewport: Clicking on Actor (LMB): BP_SpotLight_C (BP_SpotLight)
[2025.03.24-01.49.09:256][868]LogEditorViewport: Clicking on Actor (LMB): BP_TriggerArea_C (BP_TriggerArea)
[2025.03.24-01.49.20:257][363]LogEditorViewport: Clicking on Actor (LMB): BP_SpotLight_C (BP_SpotLight)
[2025.03.24-01.49.23:877][525]LogEditorViewport: Clicking on Actor (LMB): BP_TriggerArea_C (BP_TriggerArea)
[2025.03.24-01.49.37:073][193]LogUObjectHash: Compacting FUObjectHashTables data took   2.03ms
[2025.03.24-01.49.38:295][193]LogSlate: Window 'Save Content' being destroyed
[2025.03.24-01.49.38:343][193]Cmd: OBJ SAVEPACKAGE PACKAGE="/Game/BP/Second/BP_SpotLight" FILE="../../../../../../project/UE/room_escape/Content/BP/Second/BP_SpotLight.uasset" SILENT=true
[2025.03.24-01.49.38:351][193]LogSavePackage: Moving '../../../../../../project/UE/room_escape/Saved/BP_SpotLight0AED9CE64BDF49173C6A7B9AAF619C03.tmp' to '../../../../../../project/UE/room_escape/Content/BP/Second/BP_SpotLight.uasset'
[2025.03.24-01.49.38:370][193]Cmd: OBJ SAVEPACKAGE PACKAGE="/Game/BP/Second/BP_TriggerArea" FILE="../../../../../../project/UE/room_escape/Content/BP/Second/BP_TriggerArea.uasset" SILENT=true
[2025.03.24-01.49.38:383][193]LogSavePackage: Moving '../../../../../../project/UE/room_escape/Saved/BP_TriggerArea545B4DF24523420731660C91CB368847.tmp' to '../../../../../../project/UE/room_escape/Content/BP/Second/BP_TriggerArea.uasset'
[2025.03.24-01.49.38:408][193]LogUObjectHash: Compacting FUObjectHashTables data took   0.43ms
[2025.03.24-01.49.38:438][193]LogSavePackage: Moving '../../../../../../project/UE/room_escape/Saved/ThirdPersonExampleMapFF752A444BC8E0D644853B8E15C0B837.tmp' to '../../../../../../project/UE/room_escape/Content/ThirdPersonBP/Maps/ThirdPersonExampleMap.umap'
[2025.03.24-01.49.38:452][193]LogFileHelpers: Saving map 'ThirdPersonExampleMap' took 0.068
[2025.03.24-01.49.38:464][193]AssetCheck: New page: Asset Save: multiple assets
[2025.03.24-01.49.38:464][193]LogContentValidation: Display: Validating World /Game/ThirdPersonBP/Maps/ThirdPersonExampleMap.ThirdPersonExampleMap
[2025.03.24-01.49.38:464][193]LogContentValidation: Display: Validating Blueprint /Game/BP/Second/BP_SpotLight.BP_SpotLight
[2025.03.24-01.49.38:464][193]LogContentValidation: Display: Validating Blueprint /Game/BP/Second/BP_TriggerArea.BP_TriggerArea
[2025.03.24-01.49.41:343][333]LogTemp: Repeating last play command: Selected Viewport
[2025.03.24-01.49.41:349][333]LogPlayLevel: PlayLevel: No blueprints needed recompiling
[2025.03.24-01.49.41:349][333]PIE: New page: PIE session: ThirdPersonExampleMap (2025年3月24日 下午5:49:41)
[2025.03.24-01.49.41:349][333]LogPlayLevel: Creating play world package: /Game/ThirdPersonBP/Maps/UEDPIE_0_ThirdPersonExampleMap
[2025.03.24-01.49.41:362][333]LogPlayLevel: PIE: StaticDuplicateObject took: (0.012711s)
[2025.03.24-01.49.41:363][333]LogAIModule: Creating AISystem for world ThirdPersonExampleMap
[2025.03.24-01.49.41:363][333]LogPlayLevel: PIE: World Init took: (0.000998s)
[2025.03.24-01.49.41:363][333]LogPlayLevel: PIE: Created PIE world by copying editor world from /Game/ThirdPersonBP/Maps/ThirdPersonExampleMap.ThirdPersonExampleMap to /Game/ThirdPersonBP/Maps/UEDPIE_0_ThirdPersonExampleMap.ThirdPersonExampleMap (0.013888s)
[2025.03.24-01.49.41:384][333]LogUObjectHash: Compacting FUObjectHashTables data took   1.67ms
[2025.03.24-01.49.41:385][333]LogAudio: Display: Creating Audio Device:                 Id: 21, Scope: Unique, Realtime: True
[2025.03.24-01.49.41:386][333]LogAudioMixer: Display: Audio Mixer Platform Settings:
[2025.03.24-01.49.41:386][333]LogAudioMixer: Display: 	Sample Rate:						  48000
[2025.03.24-01.49.41:386][333]LogAudioMixer: Display: 	Callback Buffer Frame Size Requested: 1024
[2025.03.24-01.49.41:386][333]LogAudioMixer: Display: 	Callback Buffer Frame Size To Use:	  1024
[2025.03.24-01.49.41:386][333]LogAudioMixer: Display: 	Number of buffers to queue:			  2
[2025.03.24-01.49.41:386][333]LogAudioMixer: Display: 	Max Channels (voices):				  32
[2025.03.24-01.49.41:386][333]LogAudioMixer: Display: 	Number of Async Source Workers:		  0
[2025.03.24-01.49.41:386][333]LogAudio: Display: AudioDevice MaxSources: 32
[2025.03.24-01.49.41:386][333]LogAudio: Display: Audio Spatialization Plugin: None (built-in).
[2025.03.24-01.49.41:386][333]LogAudio: Display: Audio Reverb Plugin: None (built-in).
[2025.03.24-01.49.41:386][333]LogAudio: Display: Audio Occlusion Plugin: None (built-in).
[2025.03.24-01.49.41:386][333]LogAudioMixer: Display: Initializing audio mixer.
[2025.03.24-01.49.41:389][333]LogAudioMixer: Display: 0: FrontLeft
[2025.03.24-01.49.41:389][333]LogAudioMixer: Display: 1: FrontRight
[2025.03.24-01.49.41:419][333]LogAudioMixer: Display: Using Audio Device 扬声器 (适用于 I2S 音频的英特尔® 智音技术)
[2025.03.24-01.49.41:420][333]LogAudioMixer: Display: Initializing Sound Submixes...
[2025.03.24-01.49.41:420][333]LogAudioMixer: Display: Creating Master Submix 'MasterSubmixDefault'
[2025.03.24-01.49.41:420][333]LogAudioMixer: Display: Creating Master Submix 'MasterReverbSubmixDefault'
[2025.03.24-01.49.41:420][333]LogAudioMixer: Display: Creating Master Submix 'MasterEQSubmixDefault'
[2025.03.24-01.49.41:420][333]LogAudioMixer: FMixerPlatformXAudio2::StartAudioStream() called
[2025.03.24-01.49.41:420][333]LogAudioMixer: Display: Output buffers initialized: Frames=1024, Channels=2, Samples=2048
[2025.03.24-01.49.41:421][333]LogAudioMixer: Display: Starting AudioMixerPlatformInterface::RunInternal()
[2025.03.24-01.49.41:421][333]LogAudioMixer: Display: FMixerPlatformXAudio2::SubmitBuffer() called for the first time
[2025.03.24-01.49.41:421][333]LogInit: FAudioDevice initialized.
[2025.03.24-01.49.41:421][333]LogAudio: Display: Audio Device (ID: 21) registered with world 'ThirdPersonExampleMap'.
[2025.03.24-01.49.41:435][333]LogLoad: Game class is 'ThirdPersonGameMode_C'
[2025.03.24-01.49.41:438][333]LogWorld: Bringing World /Game/ThirdPersonBP/Maps/UEDPIE_0_ThirdPersonExampleMap.ThirdPersonExampleMap up for play (max tick rate 60) at 2025.03.24-09.49.41
[2025.03.24-01.49.41:438][333]LogWorld: Bringing up level for play took: 0.002487
[2025.03.24-01.49.41:438][333]LogOnline: OSS: Creating online subsystem instance for: :Context_37
[2025.03.24-01.49.41:440][333]PIE: Server logged in
[2025.03.24-01.49.41:442][333]PIE: Play in editor total start time 0.094 seconds.
[2025.03.24-01.49.44:748][518]LogSlate: Updating window title bar state: overlay mode, drag disabled, window buttons hidden, title bar hidden
[2025.03.24-01.49.44:749][518]LogWorld: BeginTearingDown for /Game/ThirdPersonBP/Maps/UEDPIE_0_ThirdPersonExampleMap
[2025.03.24-01.49.44:749][518]LogWorld: UWorld::CleanupWorld for ThirdPersonExampleMap, bSessionEnded=true, bCleanupResources=true
[2025.03.24-01.49.44:750][518]LogSlate: InvalidateAllWidgets triggered.  All widgets were invalidated
[2025.03.24-01.49.44:765][518]LogPlayLevel: Display: Shutting down PIE online subsystems
[2025.03.24-01.49.44:773][518]LogSlate: InvalidateAllWidgets triggered.  All widgets were invalidated
[2025.03.24-01.49.44:792][518]LogSlate: Updating window title bar state: overlay mode, drag disabled, window buttons hidden, title bar hidden
[2025.03.24-01.49.44:792][518]LogAudioMixer: FMixerPlatformXAudio2::StopAudioStream() called
[2025.03.24-01.49.44:793][518]LogAudioMixer: FMixerPlatformXAudio2::StopAudioStream() called
[2025.03.24-01.49.44:799][518]LogUObjectHash: Compacting FUObjectHashTables data took   1.58ms
[2025.03.24-01.49.44:831][519]LogPlayLevel: Display: Destroying online subsystem :Context_37
[2025.03.24-01.55.27:379][718]LogTemp: Repeating last play command: Selected Viewport
[2025.03.24-01.55.27:392][718]BlueprintLog: New page: Pre-Play auto-recompile
[2025.03.24-01.55.27:393][718]LogPlayLevel: [PlayLevel] Compiling BP_TriggerArea before play...
[2025.03.24-01.55.27:465][718]LogUObjectHash: Compacting FUObjectHashTables data took   2.47ms
[2025.03.24-01.55.27:468][718]LogPlayLevel: PlayLevel: Blueprint regeneration took 76 ms (1 blueprints)
[2025.03.24-01.55.27:468][718]PIE: New page: PIE session: ThirdPersonExampleMap (2025年3月24日 下午5:55:27)
[2025.03.24-01.55.27:469][718]LogPlayLevel: Creating play world package: /Game/ThirdPersonBP/Maps/UEDPIE_0_ThirdPersonExampleMap
[2025.03.24-01.55.27:482][718]LogPlayLevel: PIE: StaticDuplicateObject took: (0.013686s)
[2025.03.24-01.55.27:483][718]LogAIModule: Creating AISystem for world ThirdPersonExampleMap
[2025.03.24-01.55.27:483][718]LogPlayLevel: PIE: World Init took: (0.001143s)
[2025.03.24-01.55.27:483][718]LogPlayLevel: PIE: Created PIE world by copying editor world from /Game/ThirdPersonBP/Maps/ThirdPersonExampleMap.ThirdPersonExampleMap to /Game/ThirdPersonBP/Maps/UEDPIE_0_ThirdPersonExampleMap.ThirdPersonExampleMap (0.015000s)
[2025.03.24-01.55.27:507][718]LogUObjectHash: Compacting FUObjectHashTables data took   1.65ms
[2025.03.24-01.55.27:507][718]LogAudio: Display: Creating Audio Device:                 Id: 22, Scope: Unique, Realtime: True
[2025.03.24-01.55.27:507][718]LogAudioMixer: Display: Audio Mixer Platform Settings:
[2025.03.24-01.55.27:508][718]LogAudioMixer: Display: 	Sample Rate:						  48000
[2025.03.24-01.55.27:508][718]LogAudioMixer: Display: 	Callback Buffer Frame Size Requested: 1024
[2025.03.24-01.55.27:508][718]LogAudioMixer: Display: 	Callback Buffer Frame Size To Use:	  1024
[2025.03.24-01.55.27:508][718]LogAudioMixer: Display: 	Number of buffers to queue:			  2
[2025.03.24-01.55.27:508][718]LogAudioMixer: Display: 	Max Channels (voices):				  32
[2025.03.24-01.55.27:508][718]LogAudioMixer: Display: 	Number of Async Source Workers:		  0
[2025.03.24-01.55.27:508][718]LogAudio: Display: AudioDevice MaxSources: 32
[2025.03.24-01.55.27:508][718]LogAudio: Display: Audio Spatialization Plugin: None (built-in).
[2025.03.24-01.55.27:508][718]LogAudio: Display: Audio Reverb Plugin: None (built-in).
[2025.03.24-01.55.27:508][718]LogAudio: Display: Audio Occlusion Plugin: None (built-in).
[2025.03.24-01.55.27:508][718]LogAudioMixer: Display: Initializing audio mixer.
[2025.03.24-01.55.27:512][718]LogAudioMixer: Display: 0: FrontLeft
[2025.03.24-01.55.27:512][718]LogAudioMixer: Display: 1: FrontRight
[2025.03.24-01.55.27:547][718]LogAudioMixer: Display: Using Audio Device 扬声器 (适用于 I2S 音频的英特尔® 智音技术)
[2025.03.24-01.55.27:547][718]LogAudioMixer: Display: Initializing Sound Submixes...
[2025.03.24-01.55.27:547][718]LogAudioMixer: Display: Creating Master Submix 'MasterSubmixDefault'
[2025.03.24-01.55.27:547][718]LogAudioMixer: Display: Creating Master Submix 'MasterReverbSubmixDefault'
[2025.03.24-01.55.27:548][718]LogAudioMixer: Display: Creating Master Submix 'MasterEQSubmixDefault'
[2025.03.24-01.55.27:548][718]LogAudioMixer: FMixerPlatformXAudio2::StartAudioStream() called
[2025.03.24-01.55.27:548][718]LogAudioMixer: Display: Output buffers initialized: Frames=1024, Channels=2, Samples=2048
[2025.03.24-01.55.27:549][718]LogAudioMixer: Display: Starting AudioMixerPlatformInterface::RunInternal()
[2025.03.24-01.55.27:549][718]LogAudioMixer: Display: FMixerPlatformXAudio2::SubmitBuffer() called for the first time
[2025.03.24-01.55.27:549][718]LogInit: FAudioDevice initialized.
[2025.03.24-01.55.27:549][718]LogAudio: Display: Audio Device (ID: 22) registered with world 'ThirdPersonExampleMap'.
[2025.03.24-01.55.27:561][718]LogLoad: Game class is 'ThirdPersonGameMode_C'
[2025.03.24-01.55.27:565][718]LogWorld: Bringing World /Game/ThirdPersonBP/Maps/UEDPIE_0_ThirdPersonExampleMap.ThirdPersonExampleMap up for play (max tick rate 0) at 2025.03.24-09.55.27
[2025.03.24-01.55.27:565][718]LogWorld: Bringing up level for play took: 0.002243
[2025.03.24-01.55.27:565][718]LogOnline: OSS: Creating online subsystem instance for: :Context_38
[2025.03.24-01.55.27:568][718]PIE: Server logged in
[2025.03.24-01.55.27:569][718]PIE: Play in editor total start time 0.179 seconds.
[2025.03.24-01.55.33:076][ 66]LogSlate: Updating window title bar state: overlay mode, drag disabled, window buttons hidden, title bar hidden
[2025.03.24-01.55.33:076][ 66]LogWorld: BeginTearingDown for /Game/ThirdPersonBP/Maps/UEDPIE_0_ThirdPersonExampleMap
[2025.03.24-01.55.33:076][ 66]LogWorld: UWorld::CleanupWorld for ThirdPersonExampleMap, bSessionEnded=true, bCleanupResources=true
[2025.03.24-01.55.33:077][ 66]LogSlate: InvalidateAllWidgets triggered.  All widgets were invalidated
[2025.03.24-01.55.33:086][ 66]LogPlayLevel: Display: Shutting down PIE online subsystems
[2025.03.24-01.55.33:094][ 66]LogSlate: InvalidateAllWidgets triggered.  All widgets were invalidated
[2025.03.24-01.55.33:115][ 66]LogSlate: Updating window title bar state: overlay mode, drag disabled, window buttons hidden, title bar hidden
[2025.03.24-01.55.33:116][ 66]LogAudioMixer: FMixerPlatformXAudio2::StopAudioStream() called
[2025.03.24-01.55.33:117][ 66]LogAudioMixer: FMixerPlatformXAudio2::StopAudioStream() called
[2025.03.24-01.55.33:124][ 66]LogUObjectHash: Compacting FUObjectHashTables data took   3.36ms
[2025.03.24-01.55.33:162][ 67]LogPlayLevel: Display: Destroying online subsystem :Context_38
[2025.03.24-01.55.39:835][421]LogTemp: Repeating last play command: Selected Viewport
[2025.03.24-01.55.39:842][421]LogPlayLevel: PlayLevel: No blueprints needed recompiling
[2025.03.24-01.55.39:843][421]PIE: New page: PIE session: ThirdPersonExampleMap (2025年3月24日 下午5:55:39)
[2025.03.24-01.55.39:844][421]LogPlayLevel: Creating play world package: /Game/ThirdPersonBP/Maps/UEDPIE_0_ThirdPersonExampleMap
[2025.03.24-01.55.39:860][421]LogPlayLevel: PIE: StaticDuplicateObject took: (0.016934s)
[2025.03.24-01.55.39:862][421]LogAIModule: Creating AISystem for world ThirdPersonExampleMap
[2025.03.24-01.55.39:862][421]LogPlayLevel: PIE: World Init took: (0.001383s)
[2025.03.24-01.55.39:862][421]LogPlayLevel: PIE: Created PIE world by copying editor world from /Game/ThirdPersonBP/Maps/ThirdPersonExampleMap.ThirdPersonExampleMap to /Game/ThirdPersonBP/Maps/UEDPIE_0_ThirdPersonExampleMap.ThirdPersonExampleMap (0.018536s)
[2025.03.24-01.55.39:885][421]LogUObjectHash: Compacting FUObjectHashTables data took   1.61ms
[2025.03.24-01.55.39:887][421]LogAudio: Display: Creating Audio Device:                 Id: 23, Scope: Unique, Realtime: True
[2025.03.24-01.55.39:887][421]LogAudioMixer: Display: Audio Mixer Platform Settings:
[2025.03.24-01.55.39:887][421]LogAudioMixer: Display: 	Sample Rate:						  48000
[2025.03.24-01.55.39:887][421]LogAudioMixer: Display: 	Callback Buffer Frame Size Requested: 1024
[2025.03.24-01.55.39:887][421]LogAudioMixer: Display: 	Callback Buffer Frame Size To Use:	  1024
[2025.03.24-01.55.39:887][421]LogAudioMixer: Display: 	Number of buffers to queue:			  2
[2025.03.24-01.55.39:887][421]LogAudioMixer: Display: 	Max Channels (voices):				  32
[2025.03.24-01.55.39:887][421]LogAudioMixer: Display: 	Number of Async Source Workers:		  0
[2025.03.24-01.55.39:887][421]LogAudio: Display: AudioDevice MaxSources: 32
[2025.03.24-01.55.39:887][421]LogAudio: Display: Audio Spatialization Plugin: None (built-in).
[2025.03.24-01.55.39:888][421]LogAudio: Display: Audio Reverb Plugin: None (built-in).
[2025.03.24-01.55.39:888][421]LogAudio: Display: Audio Occlusion Plugin: None (built-in).
[2025.03.24-01.55.39:888][421]LogAudioMixer: Display: Initializing audio mixer.
[2025.03.24-01.55.39:890][421]LogAudioMixer: Display: 0: FrontLeft
[2025.03.24-01.55.39:890][421]LogAudioMixer: Display: 1: FrontRight
[2025.03.24-01.55.39:928][421]LogAudioMixer: Display: Using Audio Device 扬声器 (适用于 I2S 音频的英特尔® 智音技术)
[2025.03.24-01.55.39:928][421]LogAudioMixer: Display: Initializing Sound Submixes...
[2025.03.24-01.55.39:928][421]LogAudioMixer: Display: Creating Master Submix 'MasterSubmixDefault'
[2025.03.24-01.55.39:928][421]LogAudioMixer: Display: Creating Master Submix 'MasterReverbSubmixDefault'
[2025.03.24-01.55.39:929][421]LogAudioMixer: Display: Creating Master Submix 'MasterEQSubmixDefault'
[2025.03.24-01.55.39:929][421]LogAudioMixer: FMixerPlatformXAudio2::StartAudioStream() called
[2025.03.24-01.55.39:929][421]LogAudioMixer: Display: Output buffers initialized: Frames=1024, Channels=2, Samples=2048
[2025.03.24-01.55.39:930][421]LogAudioMixer: Display: Starting AudioMixerPlatformInterface::RunInternal()
[2025.03.24-01.55.39:930][421]LogAudioMixer: Display: FMixerPlatformXAudio2::SubmitBuffer() called for the first time
[2025.03.24-01.55.39:930][421]LogInit: FAudioDevice initialized.
[2025.03.24-01.55.39:930][421]LogAudio: Display: Audio Device (ID: 23) registered with world 'ThirdPersonExampleMap'.
[2025.03.24-01.55.39:945][421]LogLoad: Game class is 'ThirdPersonGameMode_C'
[2025.03.24-01.55.39:950][421]LogWorld: Bringing World /Game/ThirdPersonBP/Maps/UEDPIE_0_ThirdPersonExampleMap.ThirdPersonExampleMap up for play (max tick rate 0) at 2025.03.24-09.55.39
[2025.03.24-01.55.39:951][421]LogWorld: Bringing up level for play took: 0.004517
[2025.03.24-01.55.39:951][421]LogOnline: OSS: Creating online subsystem instance for: :Context_39
[2025.03.24-01.55.39:955][421]PIE: Server logged in
[2025.03.24-01.55.39:957][421]PIE: Play in editor total start time 0.115 seconds.
[2025.03.24-01.55.44:586][722]LogSlate: Updating window title bar state: overlay mode, drag disabled, window buttons hidden, title bar hidden
[2025.03.24-01.55.44:586][722]LogWorld: BeginTearingDown for /Game/ThirdPersonBP/Maps/UEDPIE_0_ThirdPersonExampleMap
[2025.03.24-01.55.44:586][722]LogWorld: UWorld::CleanupWorld for ThirdPersonExampleMap, bSessionEnded=true, bCleanupResources=true
[2025.03.24-01.55.44:587][722]LogSlate: InvalidateAllWidgets triggered.  All widgets were invalidated
[2025.03.24-01.55.44:600][722]LogPlayLevel: Display: Shutting down PIE online subsystems
[2025.03.24-01.55.44:611][722]LogSlate: InvalidateAllWidgets triggered.  All widgets were invalidated
[2025.03.24-01.55.44:634][722]LogSlate: Updating window title bar state: overlay mode, drag disabled, window buttons hidden, title bar hidden
[2025.03.24-01.55.44:634][722]LogAudioMixer: FMixerPlatformXAudio2::StopAudioStream() called
[2025.03.24-01.55.44:635][722]LogAudioMixer: FMixerPlatformXAudio2::StopAudioStream() called
[2025.03.24-01.55.44:641][722]LogUObjectHash: Compacting FUObjectHashTables data took   1.45ms
[2025.03.24-01.55.44:675][723]LogPlayLevel: Display: Destroying online subsystem :Context_39
[2025.03.24-01.55.52:387][ 85]LogTemp: Repeating last play command: Selected Viewport
[2025.03.24-01.55.52:396][ 85]BlueprintLog: New page: Pre-Play auto-recompile
[2025.03.24-01.55.52:397][ 85]LogPlayLevel: [PlayLevel] Compiling BP_TriggerArea before play...
[2025.03.24-01.55.52:481][ 85]LogUObjectHash: Compacting FUObjectHashTables data took   5.93ms
[2025.03.24-01.55.52:484][ 85]LogPlayLevel: PlayLevel: Blueprint regeneration took 87 ms (1 blueprints)
[2025.03.24-01.55.52:484][ 85]PIE: New page: PIE session: ThirdPersonExampleMap (2025年3月24日 下午5:55:52)
[2025.03.24-01.55.52:485][ 85]LogPlayLevel: Creating play world package: /Game/ThirdPersonBP/Maps/UEDPIE_0_ThirdPersonExampleMap
[2025.03.24-01.55.52:505][ 85]LogPlayLevel: PIE: StaticDuplicateObject took: (0.020492s)
[2025.03.24-01.55.52:507][ 85]LogAIModule: Creating AISystem for world ThirdPersonExampleMap
[2025.03.24-01.55.52:507][ 85]LogPlayLevel: PIE: World Init took: (0.001857s)
[2025.03.24-01.55.52:507][ 85]LogPlayLevel: PIE: Created PIE world by copying editor world from /Game/ThirdPersonBP/Maps/ThirdPersonExampleMap.ThirdPersonExampleMap to /Game/ThirdPersonBP/Maps/UEDPIE_0_ThirdPersonExampleMap.ThirdPersonExampleMap (0.022591s)
[2025.03.24-01.55.52:540][ 85]LogUObjectHash: Compacting FUObjectHashTables data took   4.72ms
[2025.03.24-01.55.52:541][ 85]LogAudio: Display: Creating Audio Device:                 Id: 24, Scope: Unique, Realtime: True
[2025.03.24-01.55.52:542][ 85]LogAudioMixer: Display: Audio Mixer Platform Settings:
[2025.03.24-01.55.52:542][ 85]LogAudioMixer: Display: 	Sample Rate:						  48000
[2025.03.24-01.55.52:542][ 85]LogAudioMixer: Display: 	Callback Buffer Frame Size Requested: 1024
[2025.03.24-01.55.52:542][ 85]LogAudioMixer: Display: 	Callback Buffer Frame Size To Use:	  1024
[2025.03.24-01.55.52:542][ 85]LogAudioMixer: Display: 	Number of buffers to queue:			  2
[2025.03.24-01.55.52:542][ 85]LogAudioMixer: Display: 	Max Channels (voices):				  32
[2025.03.24-01.55.52:542][ 85]LogAudioMixer: Display: 	Number of Async Source Workers:		  0
[2025.03.24-01.55.52:542][ 85]LogAudio: Display: AudioDevice MaxSources: 32
[2025.03.24-01.55.52:543][ 85]LogAudio: Display: Audio Spatialization Plugin: None (built-in).
[2025.03.24-01.55.52:543][ 85]LogAudio: Display: Audio Reverb Plugin: None (built-in).
[2025.03.24-01.55.52:543][ 85]LogAudio: Display: Audio Occlusion Plugin: None (built-in).
[2025.03.24-01.55.52:543][ 85]LogAudioMixer: Display: Initializing audio mixer.
[2025.03.24-01.55.52:547][ 85]LogAudioMixer: Display: 0: FrontLeft
[2025.03.24-01.55.52:547][ 85]LogAudioMixer: Display: 1: FrontRight
[2025.03.24-01.55.52:596][ 85]LogAudioMixer: Display: Using Audio Device 扬声器 (适用于 I2S 音频的英特尔® 智音技术)
[2025.03.24-01.55.52:597][ 85]LogAudioMixer: Display: Initializing Sound Submixes...
[2025.03.24-01.55.52:597][ 85]LogAudioMixer: Display: Creating Master Submix 'MasterSubmixDefault'
[2025.03.24-01.55.52:597][ 85]LogAudioMixer: Display: Creating Master Submix 'MasterReverbSubmixDefault'
[2025.03.24-01.55.52:598][ 85]LogAudioMixer: Display: Creating Master Submix 'MasterEQSubmixDefault'
[2025.03.24-01.55.52:598][ 85]LogAudioMixer: FMixerPlatformXAudio2::StartAudioStream() called
[2025.03.24-01.55.52:598][ 85]LogAudioMixer: Display: Output buffers initialized: Frames=1024, Channels=2, Samples=2048
[2025.03.24-01.55.52:599][ 85]LogAudioMixer: Display: Starting AudioMixerPlatformInterface::RunInternal()
[2025.03.24-01.55.52:599][ 85]LogAudioMixer: Display: FMixerPlatformXAudio2::SubmitBuffer() called for the first time
[2025.03.24-01.55.52:599][ 85]LogInit: FAudioDevice initialized.
[2025.03.24-01.55.52:599][ 85]LogAudio: Display: Audio Device (ID: 24) registered with world 'ThirdPersonExampleMap'.
[2025.03.24-01.55.52:612][ 85]LogLoad: Game class is 'ThirdPersonGameMode_C'
[2025.03.24-01.55.52:616][ 85]LogWorld: Bringing World /Game/ThirdPersonBP/Maps/UEDPIE_0_ThirdPersonExampleMap.ThirdPersonExampleMap up for play (max tick rate 0) at 2025.03.24-09.55.52
[2025.03.24-01.55.52:617][ 85]LogWorld: Bringing up level for play took: 0.004264
[2025.03.24-01.55.52:617][ 85]LogOnline: OSS: Creating online subsystem instance for: :Context_40
[2025.03.24-01.55.52:620][ 85]PIE: Server logged in
[2025.03.24-01.55.52:621][ 85]PIE: Play in editor total start time 0.226 seconds.
[2025.03.24-01.56.01:776][656]LogSlate: Updating window title bar state: overlay mode, drag disabled, window buttons hidden, title bar hidden
[2025.03.24-01.56.01:776][656]LogWorld: BeginTearingDown for /Game/ThirdPersonBP/Maps/UEDPIE_0_ThirdPersonExampleMap
[2025.03.24-01.56.01:776][656]LogWorld: UWorld::CleanupWorld for ThirdPersonExampleMap, bSessionEnded=true, bCleanupResources=true
[2025.03.24-01.56.01:777][656]LogSlate: InvalidateAllWidgets triggered.  All widgets were invalidated
[2025.03.24-01.56.01:788][656]LogPlayLevel: Display: Shutting down PIE online subsystems
[2025.03.24-01.56.01:799][656]LogSlate: InvalidateAllWidgets triggered.  All widgets were invalidated
[2025.03.24-01.56.01:821][656]LogSlate: Updating window title bar state: overlay mode, drag disabled, window buttons hidden, title bar hidden
[2025.03.24-01.56.01:821][656]LogAudioMixer: FMixerPlatformXAudio2::StopAudioStream() called
[2025.03.24-01.56.01:823][656]LogAudioMixer: FMixerPlatformXAudio2::StopAudioStream() called
[2025.03.24-01.56.01:830][656]LogUObjectHash: Compacting FUObjectHashTables data took   1.95ms
[2025.03.24-01.56.01:864][657]LogPlayLevel: Display: Destroying online subsystem :Context_40
[2025.03.24-01.56.42:865][746]BlueprintLog: New page: Compile BP_SpotLight
[2025.03.24-01.56.42:923][746]LogUObjectHash: Compacting FUObjectHashTables data took   2.12ms
[2025.03.24-01.56.46:051][811]LogSlate: Window 'Pick Parent Class' being destroyed
[2025.03.24-01.56.46:060][811]LogContentBrowser: Deferred new asset file creation: NewBlueprint
[2025.03.24-01.56.46:071][811]LogContentBrowser: Creating deferred item: NewBlueprint
[2025.03.24-01.56.52:588][ 84]LogContentBrowser: Attempting asset rename: NewBlueprint -> BP_Button
[2025.03.24-01.56.52:596][ 84]LogContentBrowser: End creating deferred item NewBlueprint
[2025.03.24-01.56.55:110][168]LogAssetEditorSubsystem: Opening Asset editor for Blueprint /Game/BP/Second/BP_Button.BP_Button
[2025.03.24-01.57.21:482][ 16]BlueprintLog: New page: Compile BP_Button
[2025.03.24-01.57.21:540][ 16]LogUObjectHash: Compacting FUObjectHashTables data took   2.53ms
[2025.03.24-01.58.13:480][ 17]LogEditorViewport: Clicking on Actor (LMB): BP_Button_C (BP_Button)
[2025.03.24-01.58.23:481][422]LogTemp: Repeating last play command: Selected Viewport
[2025.03.24-01.58.23:490][422]LogPlayLevel: PlayLevel: No blueprints needed recompiling
[2025.03.24-01.58.23:490][422]PIE: New page: PIE session: ThirdPersonExampleMap (2025年3月24日 下午5:58:23)
[2025.03.24-01.58.23:491][422]LogPlayLevel: Creating play world package: /Game/ThirdPersonBP/Maps/UEDPIE_0_ThirdPersonExampleMap
[2025.03.24-01.58.23:520][422]LogPlayLevel: PIE: StaticDuplicateObject took: (0.029285s)
[2025.03.24-01.58.23:521][422]LogAIModule: Creating AISystem for world ThirdPersonExampleMap
[2025.03.24-01.58.23:523][422]LogPlayLevel: PIE: World Init took: (0.001984s)
[2025.03.24-01.58.23:523][422]LogPlayLevel: PIE: Created PIE world by copying editor world from /Game/ThirdPersonBP/Maps/ThirdPersonExampleMap.ThirdPersonExampleMap to /Game/ThirdPersonBP/Maps/UEDPIE_0_ThirdPersonExampleMap.ThirdPersonExampleMap (0.031587s)
[2025.03.24-01.58.23:555][422]LogUObjectHash: Compacting FUObjectHashTables data took   2.29ms
[2025.03.24-01.58.23:556][422]LogAudio: Display: Creating Audio Device:                 Id: 25, Scope: Unique, Realtime: True
[2025.03.24-01.58.23:556][422]LogAudioMixer: Display: Audio Mixer Platform Settings:
[2025.03.24-01.58.23:556][422]LogAudioMixer: Display: 	Sample Rate:						  48000
[2025.03.24-01.58.23:556][422]LogAudioMixer: Display: 	Callback Buffer Frame Size Requested: 1024
[2025.03.24-01.58.23:556][422]LogAudioMixer: Display: 	Callback Buffer Frame Size To Use:	  1024
[2025.03.24-01.58.23:556][422]LogAudioMixer: Display: 	Number of buffers to queue:			  2
[2025.03.24-01.58.23:556][422]LogAudioMixer: Display: 	Max Channels (voices):				  32
[2025.03.24-01.58.23:557][422]LogAudioMixer: Display: 	Number of Async Source Workers:		  0
[2025.03.24-01.58.23:557][422]LogAudio: Display: AudioDevice MaxSources: 32
[2025.03.24-01.58.23:557][422]LogAudio: Display: Audio Spatialization Plugin: None (built-in).
[2025.03.24-01.58.23:557][422]LogAudio: Display: Audio Reverb Plugin: None (built-in).
[2025.03.24-01.58.23:557][422]LogAudio: Display: Audio Occlusion Plugin: None (built-in).
[2025.03.24-01.58.23:557][422]LogAudioMixer: Display: Initializing audio mixer.
[2025.03.24-01.58.23:561][422]LogAudioMixer: Display: 0: FrontLeft
[2025.03.24-01.58.23:561][422]LogAudioMixer: Display: 1: FrontRight
[2025.03.24-01.58.23:599][422]LogAudioMixer: Display: Using Audio Device 扬声器 (适用于 I2S 音频的英特尔® 智音技术)
[2025.03.24-01.58.23:600][422]LogAudioMixer: Display: Initializing Sound Submixes...
[2025.03.24-01.58.23:600][422]LogAudioMixer: Display: Creating Master Submix 'MasterSubmixDefault'
[2025.03.24-01.58.23:600][422]LogAudioMixer: Display: Creating Master Submix 'MasterReverbSubmixDefault'
[2025.03.24-01.58.23:600][422]LogAudioMixer: Display: Creating Master Submix 'MasterEQSubmixDefault'
[2025.03.24-01.58.23:600][422]LogAudioMixer: FMixerPlatformXAudio2::StartAudioStream() called
[2025.03.24-01.58.23:601][422]LogAudioMixer: Display: Output buffers initialized: Frames=1024, Channels=2, Samples=2048
[2025.03.24-01.58.23:601][422]LogAudioMixer: Display: Starting AudioMixerPlatformInterface::RunInternal()
[2025.03.24-01.58.23:601][422]LogAudioMixer: Display: FMixerPlatformXAudio2::SubmitBuffer() called for the first time
[2025.03.24-01.58.23:601][422]LogInit: FAudioDevice initialized.
[2025.03.24-01.58.23:601][422]LogAudio: Display: Audio Device (ID: 25) registered with world 'ThirdPersonExampleMap'.
[2025.03.24-01.58.23:610][422]LogLoad: Game class is 'ThirdPersonGameMode_C'
[2025.03.24-01.58.23:612][422]LogWorld: Bringing World /Game/ThirdPersonBP/Maps/UEDPIE_0_ThirdPersonExampleMap.ThirdPersonExampleMap up for play (max tick rate 0) at 2025.03.24-09.58.23
[2025.03.24-01.58.23:612][422]LogWorld: Bringing up level for play took: 0.002328
[2025.03.24-01.58.23:613][422]LogOnline: OSS: Creating online subsystem instance for: :Context_43
[2025.03.24-01.58.23:615][422]PIE: Server logged in
[2025.03.24-01.58.23:616][422]PIE: Play in editor total start time 0.129 seconds.
[2025.03.24-01.58.32:626][971]LogSlate: Updating window title bar state: overlay mode, drag disabled, window buttons hidden, title bar hidden
[2025.03.24-01.58.32:626][971]LogWorld: BeginTearingDown for /Game/ThirdPersonBP/Maps/UEDPIE_0_ThirdPersonExampleMap
[2025.03.24-01.58.32:627][971]LogWorld: UWorld::CleanupWorld for ThirdPersonExampleMap, bSessionEnded=true, bCleanupResources=true
[2025.03.24-01.58.32:628][971]LogSlate: InvalidateAllWidgets triggered.  All widgets were invalidated
[2025.03.24-01.58.32:648][971]LogPlayLevel: Display: Shutting down PIE online subsystems
[2025.03.24-01.58.32:658][971]LogSlate: InvalidateAllWidgets triggered.  All widgets were invalidated
[2025.03.24-01.58.32:680][971]LogAudio: Display: Audio Device unregistered from world 'None'.
[2025.03.24-01.58.32:681][971]LogAudioMixer: FMixerPlatformXAudio2::StopAudioStream() called
[2025.03.24-01.58.32:682][971]LogAudioMixer: FMixerPlatformXAudio2::StopAudioStream() called
[2025.03.24-01.58.32:687][971]LogSlate: Updating window title bar state: overlay mode, drag disabled, window buttons hidden, title bar hidden
[2025.03.24-01.58.32:691][971]LogUObjectHash: Compacting FUObjectHashTables data took   3.22ms
[2025.03.24-01.58.32:741][972]LogPlayLevel: Display: Destroying online subsystem :Context_43
[2025.03.24-01.58.40:284][191]LogTemp: Repeating last play command: Selected Viewport
[2025.03.24-01.58.40:293][191]LogPlayLevel: PlayLevel: No blueprints needed recompiling
[2025.03.24-01.58.40:293][191]PIE: New page: PIE session: ThirdPersonExampleMap (2025年3月24日 下午5:58:40)
[2025.03.24-01.58.40:294][191]LogPlayLevel: Creating play world package: /Game/ThirdPersonBP/Maps/UEDPIE_0_ThirdPersonExampleMap
[2025.03.24-01.58.40:326][191]LogPlayLevel: PIE: StaticDuplicateObject took: (0.031802s)
[2025.03.24-01.58.40:327][191]LogAIModule: Creating AISystem for world ThirdPersonExampleMap
[2025.03.24-01.58.40:327][191]LogPlayLevel: PIE: World Init took: (0.001177s)
[2025.03.24-01.58.40:327][191]LogPlayLevel: PIE: Created PIE world by copying editor world from /Game/ThirdPersonBP/Maps/ThirdPersonExampleMap.ThirdPersonExampleMap to /Game/ThirdPersonBP/Maps/UEDPIE_0_ThirdPersonExampleMap.ThirdPersonExampleMap (0.033364s)
[2025.03.24-01.58.40:356][191]LogUObjectHash: Compacting FUObjectHashTables data took   3.62ms
[2025.03.24-01.58.40:358][191]LogAudio: Display: Creating Audio Device:                 Id: 26, Scope: Unique, Realtime: True
[2025.03.24-01.58.40:358][191]LogAudioMixer: Display: Audio Mixer Platform Settings:
[2025.03.24-01.58.40:358][191]LogAudioMixer: Display: 	Sample Rate:						  48000
[2025.03.24-01.58.40:358][191]LogAudioMixer: Display: 	Callback Buffer Frame Size Requested: 1024
[2025.03.24-01.58.40:358][191]LogAudioMixer: Display: 	Callback Buffer Frame Size To Use:	  1024
[2025.03.24-01.58.40:358][191]LogAudioMixer: Display: 	Number of buffers to queue:			  2
[2025.03.24-01.58.40:358][191]LogAudioMixer: Display: 	Max Channels (voices):				  32
[2025.03.24-01.58.40:358][191]LogAudioMixer: Display: 	Number of Async Source Workers:		  0
[2025.03.24-01.58.40:358][191]LogAudio: Display: AudioDevice MaxSources: 32
[2025.03.24-01.58.40:359][191]LogAudio: Display: Audio Spatialization Plugin: None (built-in).
[2025.03.24-01.58.40:359][191]LogAudio: Display: Audio Reverb Plugin: None (built-in).
[2025.03.24-01.58.40:359][191]LogAudio: Display: Audio Occlusion Plugin: None (built-in).
[2025.03.24-01.58.40:359][191]LogAudioMixer: Display: Initializing audio mixer.
[2025.03.24-01.58.40:362][191]LogAudioMixer: Display: 0: FrontLeft
[2025.03.24-01.58.40:362][191]LogAudioMixer: Display: 1: FrontRight
[2025.03.24-01.58.40:399][191]LogAudioMixer: Display: Using Audio Device 扬声器 (适用于 I2S 音频的英特尔® 智音技术)
[2025.03.24-01.58.40:399][191]LogAudioMixer: Display: Initializing Sound Submixes...
[2025.03.24-01.58.40:399][191]LogAudioMixer: Display: Creating Master Submix 'MasterSubmixDefault'
[2025.03.24-01.58.40:399][191]LogAudioMixer: Display: Creating Master Submix 'MasterReverbSubmixDefault'
[2025.03.24-01.58.40:400][191]LogAudioMixer: Display: Creating Master Submix 'MasterEQSubmixDefault'
[2025.03.24-01.58.40:400][191]LogAudioMixer: FMixerPlatformXAudio2::StartAudioStream() called
[2025.03.24-01.58.40:400][191]LogAudioMixer: Display: Output buffers initialized: Frames=1024, Channels=2, Samples=2048
[2025.03.24-01.58.40:401][191]LogAudioMixer: Display: Starting AudioMixerPlatformInterface::RunInternal()
[2025.03.24-01.58.40:401][191]LogAudioMixer: Display: FMixerPlatformXAudio2::SubmitBuffer() called for the first time
[2025.03.24-01.58.40:401][191]LogInit: FAudioDevice initialized.
[2025.03.24-01.58.40:401][191]LogAudio: Display: Audio Device (ID: 26) registered with world 'ThirdPersonExampleMap'.
[2025.03.24-01.58.40:406][191]LogLoad: Game class is 'ThirdPersonGameMode_C'
[2025.03.24-01.58.40:410][191]LogWorld: Bringing World /Game/ThirdPersonBP/Maps/UEDPIE_0_ThirdPersonExampleMap.ThirdPersonExampleMap up for play (max tick rate 0) at 2025.03.24-09.58.40
[2025.03.24-01.58.40:410][191]LogWorld: Bringing up level for play took: 0.002741
[2025.03.24-01.58.40:410][191]LogOnline: OSS: Creating online subsystem instance for: :Context_44
[2025.03.24-01.58.40:413][191]PIE: Server logged in
[2025.03.24-01.58.40:413][191]PIE: Play in editor total start time 0.123 seconds.
[2025.03.24-01.58.45:324][496]LogSlate: Updating window title bar state: overlay mode, drag disabled, window buttons hidden, title bar hidden
[2025.03.24-01.58.45:324][496]LogWorld: BeginTearingDown for /Game/ThirdPersonBP/Maps/UEDPIE_0_ThirdPersonExampleMap
[2025.03.24-01.58.45:324][496]LogWorld: UWorld::CleanupWorld for ThirdPersonExampleMap, bSessionEnded=true, bCleanupResources=true
[2025.03.24-01.58.45:325][496]LogSlate: InvalidateAllWidgets triggered.  All widgets were invalidated
[2025.03.24-01.58.45:337][496]LogPlayLevel: Display: Shutting down PIE online subsystems
[2025.03.24-01.58.45:346][496]LogSlate: InvalidateAllWidgets triggered.  All widgets were invalidated
[2025.03.24-01.58.45:367][496]LogAudio: Display: Audio Device unregistered from world 'None'.
[2025.03.24-01.58.45:367][496]LogAudioMixer: FMixerPlatformXAudio2::StopAudioStream() called
[2025.03.24-01.58.45:368][496]LogAudioMixer: FMixerPlatformXAudio2::StopAudioStream() called
[2025.03.24-01.58.45:372][496]LogSlate: Updating window title bar state: overlay mode, drag disabled, window buttons hidden, title bar hidden
[2025.03.24-01.58.45:374][496]LogUObjectHash: Compacting FUObjectHashTables data took   1.52ms
[2025.03.24-01.58.45:422][497]LogPlayLevel: Display: Destroying online subsystem :Context_44
[2025.03.24-02.00.18:111][615]LogTemp: Repeating last play command: Selected Viewport
[2025.03.24-02.00.18:118][615]BlueprintLog: New page: Pre-Play auto-recompile
[2025.03.24-02.00.18:119][615]LogPlayLevel: [PlayLevel] Compiling BP_Button before play...
[2025.03.24-02.00.18:192][615]LogUObjectHash: Compacting FUObjectHashTables data took   4.62ms
[2025.03.24-02.00.18:192][615]LogPlayLevel: PlayLevel: Blueprint regeneration took 74 ms (1 blueprints)
[2025.03.24-02.00.18:192][615]PIE: New page: PIE session: ThirdPersonExampleMap (2025年3月24日 下午6:00:18)
[2025.03.24-02.00.18:193][615]LogPlayLevel: Creating play world package: /Game/ThirdPersonBP/Maps/UEDPIE_0_ThirdPersonExampleMap
[2025.03.24-02.00.18:206][615]LogPlayLevel: PIE: StaticDuplicateObject took: (0.012644s)
[2025.03.24-02.00.18:207][615]LogAIModule: Creating AISystem for world ThirdPersonExampleMap
[2025.03.24-02.00.18:207][615]LogPlayLevel: PIE: World Init took: (0.001314s)
[2025.03.24-02.00.18:207][615]LogPlayLevel: PIE: Created PIE world by copying editor world from /Game/ThirdPersonBP/Maps/ThirdPersonExampleMap.ThirdPersonExampleMap to /Game/ThirdPersonBP/Maps/UEDPIE_0_ThirdPersonExampleMap.ThirdPersonExampleMap (0.014117s)
[2025.03.24-02.00.18:229][615]LogUObjectHash: Compacting FUObjectHashTables data took   1.42ms
[2025.03.24-02.00.18:229][615]LogAudio: Display: Creating Audio Device:                 Id: 27, Scope: Unique, Realtime: True
[2025.03.24-02.00.18:229][615]LogAudioMixer: Display: Audio Mixer Platform Settings:
[2025.03.24-02.00.18:229][615]LogAudioMixer: Display: 	Sample Rate:						  48000
[2025.03.24-02.00.18:229][615]LogAudioMixer: Display: 	Callback Buffer Frame Size Requested: 1024
[2025.03.24-02.00.18:229][615]LogAudioMixer: Display: 	Callback Buffer Frame Size To Use:	  1024
[2025.03.24-02.00.18:229][615]LogAudioMixer: Display: 	Number of buffers to queue:			  2
[2025.03.24-02.00.18:229][615]LogAudioMixer: Display: 	Max Channels (voices):				  32
[2025.03.24-02.00.18:229][615]LogAudioMixer: Display: 	Number of Async Source Workers:		  0
[2025.03.24-02.00.18:229][615]LogAudio: Display: AudioDevice MaxSources: 32
[2025.03.24-02.00.18:230][615]LogAudio: Display: Audio Spatialization Plugin: None (built-in).
[2025.03.24-02.00.18:230][615]LogAudio: Display: Audio Reverb Plugin: None (built-in).
[2025.03.24-02.00.18:230][615]LogAudio: Display: Audio Occlusion Plugin: None (built-in).
[2025.03.24-02.00.18:230][615]LogAudioMixer: Display: Initializing audio mixer.
[2025.03.24-02.00.18:233][615]LogAudioMixer: Display: 0: FrontLeft
[2025.03.24-02.00.18:233][615]LogAudioMixer: Display: 1: FrontRight
[2025.03.24-02.00.18:266][615]LogAudioMixer: Display: Using Audio Device 扬声器 (适用于 I2S 音频的英特尔® 智音技术)
[2025.03.24-02.00.18:266][615]LogAudioMixer: Display: Initializing Sound Submixes...
[2025.03.24-02.00.18:266][615]LogAudioMixer: Display: Creating Master Submix 'MasterSubmixDefault'
[2025.03.24-02.00.18:266][615]LogAudioMixer: Display: Creating Master Submix 'MasterReverbSubmixDefault'
[2025.03.24-02.00.18:267][615]LogAudioMixer: Display: Creating Master Submix 'MasterEQSubmixDefault'
[2025.03.24-02.00.18:267][615]LogAudioMixer: FMixerPlatformXAudio2::StartAudioStream() called
[2025.03.24-02.00.18:267][615]LogAudioMixer: Display: Output buffers initialized: Frames=1024, Channels=2, Samples=2048
[2025.03.24-02.00.18:267][615]LogAudioMixer: Display: Starting AudioMixerPlatformInterface::RunInternal()
[2025.03.24-02.00.18:268][615]LogAudioMixer: Display: FMixerPlatformXAudio2::SubmitBuffer() called for the first time
[2025.03.24-02.00.18:268][615]LogInit: FAudioDevice initialized.
[2025.03.24-02.00.18:268][615]LogAudio: Display: Audio Device (ID: 27) registered with world 'ThirdPersonExampleMap'.
[2025.03.24-02.00.18:287][615]LogLoad: Game class is 'ThirdPersonGameMode_C'
[2025.03.24-02.00.18:290][615]LogWorld: Bringing World /Game/ThirdPersonBP/Maps/UEDPIE_0_ThirdPersonExampleMap.ThirdPersonExampleMap up for play (max tick rate 0) at 2025.03.24-10.00.18
[2025.03.24-02.00.18:290][615]LogWorld: Bringing up level for play took: 0.002862
[2025.03.24-02.00.18:290][615]LogOnline: OSS: Creating online subsystem instance for: :Context_45
[2025.03.24-02.00.18:294][615]PIE: Server logged in
[2025.03.24-02.00.18:294][615]PIE: Play in editor total start time 0.177 seconds.
[2025.03.24-02.00.28:574][252]LogSlate: Updating window title bar state: overlay mode, drag disabled, window buttons hidden, title bar hidden
[2025.03.24-02.00.28:574][252]LogWorld: BeginTearingDown for /Game/ThirdPersonBP/Maps/UEDPIE_0_ThirdPersonExampleMap
[2025.03.24-02.00.28:574][252]LogWorld: UWorld::CleanupWorld for ThirdPersonExampleMap, bSessionEnded=true, bCleanupResources=true
[2025.03.24-02.00.28:575][252]LogSlate: InvalidateAllWidgets triggered.  All widgets were invalidated
[2025.03.24-02.00.28:585][252]LogPlayLevel: Display: Shutting down PIE online subsystems
[2025.03.24-02.00.28:593][252]LogSlate: InvalidateAllWidgets triggered.  All widgets were invalidated
[2025.03.24-02.00.28:614][252]LogSlate: Updating window title bar state: overlay mode, drag disabled, window buttons hidden, title bar hidden
[2025.03.24-02.00.28:614][252]LogAudioMixer: FMixerPlatformXAudio2::StopAudioStream() called
[2025.03.24-02.00.28:616][252]LogAudioMixer: FMixerPlatformXAudio2::StopAudioStream() called
[2025.03.24-02.00.28:622][252]LogUObjectHash: Compacting FUObjectHashTables data took   1.55ms
[2025.03.24-02.00.28:669][253]LogPlayLevel: Display: Destroying online subsystem :Context_45
[2025.03.24-02.01.11:908][753]LogTemp: Repeating last play command: Selected Viewport
[2025.03.24-02.01.11:917][753]BlueprintLog: New page: Pre-Play auto-recompile
[2025.03.24-02.01.11:918][753]LogPlayLevel: [PlayLevel] Compiling BP_Button before play...
[2025.03.24-02.01.12:009][753]LogUObjectHash: Compacting FUObjectHashTables data took   4.55ms
[2025.03.24-02.01.12:010][753]LogPlayLevel: PlayLevel: Blueprint regeneration took 93 ms (1 blueprints)
[2025.03.24-02.01.12:010][753]PIE: New page: PIE session: ThirdPersonExampleMap (2025年3月24日 下午6:01:12)
[2025.03.24-02.01.12:010][753]LogPlayLevel: Creating play world package: /Game/ThirdPersonBP/Maps/UEDPIE_0_ThirdPersonExampleMap
[2025.03.24-02.01.12:026][753]LogPlayLevel: PIE: StaticDuplicateObject took: (0.015247s)
[2025.03.24-02.01.12:027][753]LogAIModule: Creating AISystem for world ThirdPersonExampleMap
[2025.03.24-02.01.12:027][753]LogPlayLevel: PIE: World Init took: (0.001196s)
[2025.03.24-02.01.12:027][753]LogPlayLevel: PIE: Created PIE world by copying editor world from /Game/ThirdPersonBP/Maps/ThirdPersonExampleMap.ThirdPersonExampleMap to /Game/ThirdPersonBP/Maps/UEDPIE_0_ThirdPersonExampleMap.ThirdPersonExampleMap (0.016624s)
[2025.03.24-02.01.12:053][753]LogUObjectHash: Compacting FUObjectHashTables data took   2.70ms
[2025.03.24-02.01.12:053][753]LogAudio: Display: Creating Audio Device:                 Id: 28, Scope: Unique, Realtime: True
[2025.03.24-02.01.12:053][753]LogAudioMixer: Display: Audio Mixer Platform Settings:
[2025.03.24-02.01.12:053][753]LogAudioMixer: Display: 	Sample Rate:						  48000
[2025.03.24-02.01.12:053][753]LogAudioMixer: Display: 	Callback Buffer Frame Size Requested: 1024
[2025.03.24-02.01.12:053][753]LogAudioMixer: Display: 	Callback Buffer Frame Size To Use:	  1024
[2025.03.24-02.01.12:053][753]LogAudioMixer: Display: 	Number of buffers to queue:			  2
[2025.03.24-02.01.12:053][753]LogAudioMixer: Display: 	Max Channels (voices):				  32
[2025.03.24-02.01.12:053][753]LogAudioMixer: Display: 	Number of Async Source Workers:		  0
[2025.03.24-02.01.12:053][753]LogAudio: Display: AudioDevice MaxSources: 32
[2025.03.24-02.01.12:054][753]LogAudio: Display: Audio Spatialization Plugin: None (built-in).
[2025.03.24-02.01.12:054][753]LogAudio: Display: Audio Reverb Plugin: None (built-in).
[2025.03.24-02.01.12:054][753]LogAudio: Display: Audio Occlusion Plugin: None (built-in).
[2025.03.24-02.01.12:054][753]LogAudioMixer: Display: Initializing audio mixer.
[2025.03.24-02.01.12:058][753]LogAudioMixer: Display: 0: FrontLeft
[2025.03.24-02.01.12:058][753]LogAudioMixer: Display: 1: FrontRight
[2025.03.24-02.01.12:099][753]LogAudioMixer: Display: Using Audio Device 扬声器 (适用于 I2S 音频的英特尔® 智音技术)
[2025.03.24-02.01.12:099][753]LogAudioMixer: Display: Initializing Sound Submixes...
[2025.03.24-02.01.12:099][753]LogAudioMixer: Display: Creating Master Submix 'MasterSubmixDefault'
[2025.03.24-02.01.12:099][753]LogAudioMixer: Display: Creating Master Submix 'MasterReverbSubmixDefault'
[2025.03.24-02.01.12:100][753]LogAudioMixer: Display: Creating Master Submix 'MasterEQSubmixDefault'
[2025.03.24-02.01.12:100][753]LogAudioMixer: FMixerPlatformXAudio2::StartAudioStream() called
[2025.03.24-02.01.12:100][753]LogAudioMixer: Display: Output buffers initialized: Frames=1024, Channels=2, Samples=2048
[2025.03.24-02.01.12:101][753]LogAudioMixer: Display: Starting AudioMixerPlatformInterface::RunInternal()
[2025.03.24-02.01.12:101][753]LogAudioMixer: Display: FMixerPlatformXAudio2::SubmitBuffer() called for the first time
[2025.03.24-02.01.12:101][753]LogInit: FAudioDevice initialized.
[2025.03.24-02.01.12:101][753]LogAudio: Display: Audio Device (ID: 28) registered with world 'ThirdPersonExampleMap'.
[2025.03.24-02.01.12:109][753]LogLoad: Game class is 'ThirdPersonGameMode_C'
[2025.03.24-02.01.12:112][753]LogWorld: Bringing World /Game/ThirdPersonBP/Maps/UEDPIE_0_ThirdPersonExampleMap.ThirdPersonExampleMap up for play (max tick rate 0) at 2025.03.24-10.01.12
[2025.03.24-02.01.12:112][753]LogWorld: Bringing up level for play took: 0.002513
[2025.03.24-02.01.12:112][753]LogOnline: OSS: Creating online subsystem instance for: :Context_46
[2025.03.24-02.01.12:115][753]PIE: Server logged in
[2025.03.24-02.01.12:116][753]PIE: Play in editor total start time 0.2 seconds.
[2025.03.24-02.01.18:074][111]LogSlate: Updating window title bar state: overlay mode, drag disabled, window buttons hidden, title bar hidden
[2025.03.24-02.01.18:074][111]LogWorld: BeginTearingDown for /Game/ThirdPersonBP/Maps/UEDPIE_0_ThirdPersonExampleMap
[2025.03.24-02.01.18:074][111]LogWorld: UWorld::CleanupWorld for ThirdPersonExampleMap, bSessionEnded=true, bCleanupResources=true
[2025.03.24-02.01.18:075][111]LogSlate: InvalidateAllWidgets triggered.  All widgets were invalidated
[2025.03.24-02.01.18:086][111]LogPlayLevel: Display: Shutting down PIE online subsystems
[2025.03.24-02.01.18:094][111]LogSlate: InvalidateAllWidgets triggered.  All widgets were invalidated
[2025.03.24-02.01.18:115][111]LogSlate: Updating window title bar state: overlay mode, drag disabled, window buttons hidden, title bar hidden
[2025.03.24-02.01.18:116][111]LogAudioMixer: FMixerPlatformXAudio2::StopAudioStream() called
[2025.03.24-02.01.18:117][111]LogAudioMixer: FMixerPlatformXAudio2::StopAudioStream() called
[2025.03.24-02.01.18:123][111]LogUObjectHash: Compacting FUObjectHashTables data took   1.45ms
[2025.03.24-02.01.18:168][112]LogPlayLevel: Display: Destroying online subsystem :Context_46
[2025.03.24-02.01.20:412][199]LogEditorViewport: Clicking on Actor (LMB): BP_Button_C (BP_Button)
[2025.03.24-02.02.25:541][762]LogEditorViewport: Clicking on Actor (LMB): BP_Button_C (BP_Button)
[2025.03.24-02.02.26:196][788]LogEditorViewport: Clicking on Actor (LMB): BP_Button_C (BP_Button)
[2025.03.24-02.02.26:735][809]LogEditorViewport: Clicking on Actor (LMB): BP_Button_C (BP_Button)
[2025.03.24-02.02.27:135][824]LogEditorViewport: Clicking on Actor (LMB): BP_Button_C (BP_Button)
[2025.03.24-02.02.27:641][842]LogEditorViewport: Clicking on Actor (LMB): BP_Button_C (BP_Button)
[2025.03.24-02.02.39:512][316]LogEditorViewport: Clicking on Actor (LMB): BP_Button_C (BP_Button)
[2025.03.24-02.02.40:304][346]LogEditorViewport: Clicking on Actor (LMB): BP_Button_C (BP_Button)
[2025.03.24-02.02.42:892][449]LogEditorViewport: Clicking on Actor (LMB): StaticMeshActor (Wall16)
[2025.03.24-02.02.44:155][496]LogTemp: Repeating last play command: Selected Viewport
[2025.03.24-02.02.44:164][496]BlueprintLog: New page: Pre-Play auto-recompile
[2025.03.24-02.02.44:165][496]LogPlayLevel: [PlayLevel] Compiling BP_Button before play...
[2025.03.24-02.02.44:231][496]LogUObjectHash: Compacting FUObjectHashTables data took   1.96ms
[2025.03.24-02.02.44:232][496]LogPlayLevel: PlayLevel: Blueprint regeneration took 67 ms (1 blueprints)
[2025.03.24-02.02.44:232][496]PIE: New page: PIE session: ThirdPersonExampleMap (2025年3月24日 下午6:02:44)
[2025.03.24-02.02.44:232][496]LogPlayLevel: Creating play world package: /Game/ThirdPersonBP/Maps/UEDPIE_0_ThirdPersonExampleMap
[2025.03.24-02.02.44:244][496]LogPlayLevel: PIE: StaticDuplicateObject took: (0.012079s)
[2025.03.24-02.02.44:245][496]LogAIModule: Creating AISystem for world ThirdPersonExampleMap
[2025.03.24-02.02.44:245][496]LogPlayLevel: PIE: World Init took: (0.001107s)
[2025.03.24-02.02.44:245][496]LogPlayLevel: PIE: Created PIE world by copying editor world from /Game/ThirdPersonBP/Maps/ThirdPersonExampleMap.ThirdPersonExampleMap to /Game/ThirdPersonBP/Maps/UEDPIE_0_ThirdPersonExampleMap.ThirdPersonExampleMap (0.013338s)
[2025.03.24-02.02.44:268][496]LogUObjectHash: Compacting FUObjectHashTables data took   1.47ms
[2025.03.24-02.02.44:269][496]LogAudio: Display: Creating Audio Device:                 Id: 29, Scope: Unique, Realtime: True
[2025.03.24-02.02.44:269][496]LogAudioMixer: Display: Audio Mixer Platform Settings:
[2025.03.24-02.02.44:269][496]LogAudioMixer: Display: 	Sample Rate:						  48000
[2025.03.24-02.02.44:269][496]LogAudioMixer: Display: 	Callback Buffer Frame Size Requested: 1024
[2025.03.24-02.02.44:269][496]LogAudioMixer: Display: 	Callback Buffer Frame Size To Use:	  1024
[2025.03.24-02.02.44:269][496]LogAudioMixer: Display: 	Number of buffers to queue:			  2
[2025.03.24-02.02.44:269][496]LogAudioMixer: Display: 	Max Channels (voices):				  32
[2025.03.24-02.02.44:269][496]LogAudioMixer: Display: 	Number of Async Source Workers:		  0
[2025.03.24-02.02.44:269][496]LogAudio: Display: AudioDevice MaxSources: 32
[2025.03.24-02.02.44:269][496]LogAudio: Display: Audio Spatialization Plugin: None (built-in).
[2025.03.24-02.02.44:269][496]LogAudio: Display: Audio Reverb Plugin: None (built-in).
[2025.03.24-02.02.44:269][496]LogAudio: Display: Audio Occlusion Plugin: None (built-in).
[2025.03.24-02.02.44:269][496]LogAudioMixer: Display: Initializing audio mixer.
[2025.03.24-02.02.44:271][496]LogAudioMixer: Display: 0: FrontLeft
[2025.03.24-02.02.44:271][496]LogAudioMixer: Display: 1: FrontRight
[2025.03.24-02.02.44:304][496]LogAudioMixer: Display: Using Audio Device 扬声器 (适用于 I2S 音频的英特尔® 智音技术)
[2025.03.24-02.02.44:304][496]LogAudioMixer: Display: Initializing Sound Submixes...
[2025.03.24-02.02.44:304][496]LogAudioMixer: Display: Creating Master Submix 'MasterSubmixDefault'
[2025.03.24-02.02.44:304][496]LogAudioMixer: Display: Creating Master Submix 'MasterReverbSubmixDefault'
[2025.03.24-02.02.44:305][496]LogAudioMixer: Display: Creating Master Submix 'MasterEQSubmixDefault'
[2025.03.24-02.02.44:305][496]LogAudioMixer: FMixerPlatformXAudio2::StartAudioStream() called
[2025.03.24-02.02.44:305][496]LogAudioMixer: Display: Output buffers initialized: Frames=1024, Channels=2, Samples=2048
[2025.03.24-02.02.44:307][496]LogAudioMixer: Display: Starting AudioMixerPlatformInterface::RunInternal()
[2025.03.24-02.02.44:307][496]LogAudioMixer: Display: FMixerPlatformXAudio2::SubmitBuffer() called for the first time
[2025.03.24-02.02.44:307][496]LogInit: FAudioDevice initialized.
[2025.03.24-02.02.44:307][496]LogAudio: Display: Audio Device (ID: 29) registered with world 'ThirdPersonExampleMap'.
[2025.03.24-02.02.44:312][496]LogLoad: Game class is 'ThirdPersonGameMode_C'
[2025.03.24-02.02.44:315][496]LogWorld: Bringing World /Game/ThirdPersonBP/Maps/UEDPIE_0_ThirdPersonExampleMap.ThirdPersonExampleMap up for play (max tick rate 0) at 2025.03.24-10.02.44
[2025.03.24-02.02.44:315][496]LogWorld: Bringing up level for play took: 0.002169
[2025.03.24-02.02.44:315][496]LogOnline: OSS: Creating online subsystem instance for: :Context_47
[2025.03.24-02.02.44:318][496]PIE: Server logged in
[2025.03.24-02.02.44:318][496]PIE: Play in editor total start time 0.156 seconds.
[2025.03.24-02.02.52:843][ 30]LogSlate: Updating window title bar state: overlay mode, drag disabled, window buttons hidden, title bar hidden
[2025.03.24-02.02.52:843][ 30]LogWorld: BeginTearingDown for /Game/ThirdPersonBP/Maps/UEDPIE_0_ThirdPersonExampleMap
[2025.03.24-02.02.52:843][ 30]LogWorld: UWorld::CleanupWorld for ThirdPersonExampleMap, bSessionEnded=true, bCleanupResources=true
[2025.03.24-02.02.52:844][ 30]LogSlate: InvalidateAllWidgets triggered.  All widgets were invalidated
[2025.03.24-02.02.52:855][ 30]LogPlayLevel: Display: Shutting down PIE online subsystems
[2025.03.24-02.02.52:872][ 30]LogSlate: InvalidateAllWidgets triggered.  All widgets were invalidated
[2025.03.24-02.02.52:898][ 30]LogAudio: Display: Audio Device unregistered from world 'None'.
[2025.03.24-02.02.52:899][ 30]LogAudioMixer: FMixerPlatformXAudio2::StopAudioStream() called
[2025.03.24-02.02.52:900][ 30]LogAudioMixer: FMixerPlatformXAudio2::StopAudioStream() called
[2025.03.24-02.02.52:903][ 30]LogSlate: Updating window title bar state: overlay mode, drag disabled, window buttons hidden, title bar hidden
[2025.03.24-02.02.52:907][ 30]LogUObjectHash: Compacting FUObjectHashTables data took   1.86ms
[2025.03.24-02.02.52:963][ 31]LogPlayLevel: Display: Destroying online subsystem :Context_47
[2025.03.24-02.02.54:166][ 75]LogEditorViewport: Clicking on Actor (LMB): BP_Button_C (BP_Button)
[2025.03.24-02.03.03:338][444]LogTemp: Repeating last play command: Selected Viewport
[2025.03.24-02.03.03:346][444]LogPlayLevel: PlayLevel: No blueprints needed recompiling
[2025.03.24-02.03.03:347][444]PIE: New page: PIE session: ThirdPersonExampleMap (2025年3月24日 下午6:03:03)
[2025.03.24-02.03.03:347][444]LogPlayLevel: Creating play world package: /Game/ThirdPersonBP/Maps/UEDPIE_0_ThirdPersonExampleMap
[2025.03.24-02.03.03:379][444]LogPlayLevel: PIE: StaticDuplicateObject took: (0.031428s)
[2025.03.24-02.03.03:380][444]LogAIModule: Creating AISystem for world ThirdPersonExampleMap
[2025.03.24-02.03.03:381][444]LogPlayLevel: PIE: World Init took: (0.001984s)
[2025.03.24-02.03.03:381][444]LogPlayLevel: PIE: Created PIE world by copying editor world from /Game/ThirdPersonBP/Maps/ThirdPersonExampleMap.ThirdPersonExampleMap to /Game/ThirdPersonBP/Maps/UEDPIE_0_ThirdPersonExampleMap.ThirdPersonExampleMap (0.033653s)
[2025.03.24-02.03.03:412][444]LogUObjectHash: Compacting FUObjectHashTables data took   2.05ms
[2025.03.24-02.03.03:414][444]LogAudio: Display: Creating Audio Device:                 Id: 30, Scope: Unique, Realtime: True
[2025.03.24-02.03.03:414][444]LogAudioMixer: Display: Audio Mixer Platform Settings:
[2025.03.24-02.03.03:414][444]LogAudioMixer: Display: 	Sample Rate:						  48000
[2025.03.24-02.03.03:414][444]LogAudioMixer: Display: 	Callback Buffer Frame Size Requested: 1024
[2025.03.24-02.03.03:414][444]LogAudioMixer: Display: 	Callback Buffer Frame Size To Use:	  1024
[2025.03.24-02.03.03:414][444]LogAudioMixer: Display: 	Number of buffers to queue:			  2
[2025.03.24-02.03.03:414][444]LogAudioMixer: Display: 	Max Channels (voices):				  32
[2025.03.24-02.03.03:414][444]LogAudioMixer: Display: 	Number of Async Source Workers:		  0
[2025.03.24-02.03.03:414][444]LogAudio: Display: AudioDevice MaxSources: 32
[2025.03.24-02.03.03:415][444]LogAudio: Display: Audio Spatialization Plugin: None (built-in).
[2025.03.24-02.03.03:415][444]LogAudio: Display: Audio Reverb Plugin: None (built-in).
[2025.03.24-02.03.03:415][444]LogAudio: Display: Audio Occlusion Plugin: None (built-in).
[2025.03.24-02.03.03:415][444]LogAudioMixer: Display: Initializing audio mixer.
[2025.03.24-02.03.03:417][444]LogAudioMixer: Display: 0: FrontLeft
[2025.03.24-02.03.03:417][444]LogAudioMixer: Display: 1: FrontRight
[2025.03.24-02.03.03:464][444]LogAudioMixer: Display: Using Audio Device 扬声器 (适用于 I2S 音频的英特尔® 智音技术)
[2025.03.24-02.03.03:464][444]LogAudioMixer: Display: Initializing Sound Submixes...
[2025.03.24-02.03.03:464][444]LogAudioMixer: Display: Creating Master Submix 'MasterSubmixDefault'
[2025.03.24-02.03.03:464][444]LogAudioMixer: Display: Creating Master Submix 'MasterReverbSubmixDefault'
[2025.03.24-02.03.03:465][444]LogAudioMixer: Display: Creating Master Submix 'MasterEQSubmixDefault'
[2025.03.24-02.03.03:465][444]LogAudioMixer: FMixerPlatformXAudio2::StartAudioStream() called
[2025.03.24-02.03.03:465][444]LogAudioMixer: Display: Output buffers initialized: Frames=1024, Channels=2, Samples=2048
[2025.03.24-02.03.03:466][444]LogAudioMixer: Display: Starting AudioMixerPlatformInterface::RunInternal()
[2025.03.24-02.03.03:467][444]LogAudioMixer: Display: FMixerPlatformXAudio2::SubmitBuffer() called for the first time
[2025.03.24-02.03.03:467][444]LogInit: FAudioDevice initialized.
[2025.03.24-02.03.03:467][444]LogAudio: Display: Audio Device (ID: 30) registered with world 'ThirdPersonExampleMap'.
[2025.03.24-02.03.03:474][444]LogLoad: Game class is 'ThirdPersonGameMode_C'
[2025.03.24-02.03.03:478][444]LogWorld: Bringing World /Game/ThirdPersonBP/Maps/UEDPIE_0_ThirdPersonExampleMap.ThirdPersonExampleMap up for play (max tick rate 0) at 2025.03.24-10.03.03
[2025.03.24-02.03.03:478][444]LogWorld: Bringing up level for play took: 0.003170
[2025.03.24-02.03.03:478][444]LogOnline: OSS: Creating online subsystem instance for: :Context_48
[2025.03.24-02.03.03:482][444]PIE: Server logged in
[2025.03.24-02.03.03:483][444]PIE: Play in editor total start time 0.137 seconds.
[2025.03.24-02.03.12:703][ 20]LogSlate: Updating window title bar state: overlay mode, drag disabled, window buttons hidden, title bar hidden
[2025.03.24-02.03.12:703][ 20]LogWorld: BeginTearingDown for /Game/ThirdPersonBP/Maps/UEDPIE_0_ThirdPersonExampleMap
[2025.03.24-02.03.12:703][ 20]LogWorld: UWorld::CleanupWorld for ThirdPersonExampleMap, bSessionEnded=true, bCleanupResources=true
[2025.03.24-02.03.12:704][ 20]LogSlate: InvalidateAllWidgets triggered.  All widgets were invalidated
[2025.03.24-02.03.12:712][ 20]LogPlayLevel: Display: Shutting down PIE online subsystems
[2025.03.24-02.03.12:720][ 20]LogSlate: InvalidateAllWidgets triggered.  All widgets were invalidated
[2025.03.24-02.03.12:742][ 20]LogAudio: Display: Audio Device unregistered from world 'None'.
[2025.03.24-02.03.12:742][ 20]LogAudioMixer: FMixerPlatformXAudio2::StopAudioStream() called
[2025.03.24-02.03.12:743][ 20]LogAudioMixer: FMixerPlatformXAudio2::StopAudioStream() called
[2025.03.24-02.03.12:746][ 20]LogSlate: Updating window title bar state: overlay mode, drag disabled, window buttons hidden, title bar hidden
[2025.03.24-02.03.12:749][ 20]LogUObjectHash: Compacting FUObjectHashTables data took   1.52ms
[2025.03.24-02.03.12:798][ 21]LogPlayLevel: Display: Destroying online subsystem :Context_48
[2025.03.24-02.03.16:076][140]LogEditorViewport: Clicking on Actor (LMB): BP_Button_C (BP_Button)
[2025.03.24-02.03.21:791][368]LogEditorViewport: Clicking on Actor (LMB): StaticMeshActor (Wall16)
[2025.03.24-02.03.24:055][448]LogEditorViewport: Clicking on Actor (LMB): BP_Button_C (BP_Button)
[2025.03.24-02.03.32:905][796]LogEditorViewport: Clicking on Actor (LMB): BP_Button_C (BP_Button)
[2025.03.24-02.03.33:609][824]LogEditorViewport: Clicking on Actor (LMB): BP_Button_C (BP_Button)
[2025.03.24-02.03.33:965][837]LogEditorViewport: Clicking on Actor (LMB): BP_Button_C (BP_Button)
[2025.03.24-02.03.34:275][848]LogEditorViewport: Clicking on Actor (LMB): BP_Button_C (BP_Button)
[2025.03.24-02.03.34:433][853]LogEditorViewport: Clicking on Component (LMB): StaticMeshComponent (Button-bottom)
[2025.03.24-02.03.34:610][858]LogEditorViewport: Clicking on Component (LMB): StaticMeshComponent (Button-bottom)
[2025.03.24-02.03.44:277][232]LogEditorViewport: Clicking on Component (LMB): StaticMeshComponent (Button-bottom)
[2025.03.24-02.03.57:131][742]LogEditorViewport: Clicking on Component (LMB): StaticMeshComponent (Button-bottom)
[2025.03.24-02.04.17:277][535]LogEditorViewport: Clicking on Actor (LMB): StaticMeshActor (Wall13)
[2025.03.24-02.04.18:157][568]LogEditorViewport: Clicking on Actor (LMB): BP_Button_C (BP_Button)
[2025.03.24-02.04.25:806][864]LogEditorViewport: Clicking on Actor (LMB): BP_Button_C (BP_Button)
[2025.03.24-02.04.45:935][623]LogEditorViewport: Clicking on Actor (LMB): StaticMeshActor (Wall16)
[2025.03.24-02.04.59:109][110]LogTemp: Repeating last play command: Selected Viewport
[2025.03.24-02.04.59:117][110]BlueprintLog: New page: Pre-Play auto-recompile
[2025.03.24-02.04.59:118][110]LogPlayLevel: [PlayLevel] Compiling BP_Button before play...
[2025.03.24-02.04.59:187][110]LogUObjectHash: Compacting FUObjectHashTables data took   2.43ms
[2025.03.24-02.04.59:188][110]LogPlayLevel: PlayLevel: Blueprint regeneration took 71 ms (1 blueprints)
[2025.03.24-02.04.59:188][110]PIE: New page: PIE session: ThirdPersonExampleMap (2025年3月24日 下午6:04:59)
[2025.03.24-02.04.59:188][110]LogPlayLevel: Creating play world package: /Game/ThirdPersonBP/Maps/UEDPIE_0_ThirdPersonExampleMap
[2025.03.24-02.04.59:201][110]LogPlayLevel: PIE: StaticDuplicateObject took: (0.013104s)
[2025.03.24-02.04.59:203][110]LogAIModule: Creating AISystem for world ThirdPersonExampleMap
[2025.03.24-02.04.59:203][110]LogPlayLevel: PIE: World Init took: (0.001434s)
[2025.03.24-02.04.59:203][110]LogPlayLevel: PIE: Created PIE world by copying editor world from /Game/ThirdPersonBP/Maps/ThirdPersonExampleMap.ThirdPersonExampleMap to /Game/ThirdPersonBP/Maps/UEDPIE_0_ThirdPersonExampleMap.ThirdPersonExampleMap (0.014759s)
[2025.03.24-02.04.59:227][110]LogUObjectHash: Compacting FUObjectHashTables data took   1.53ms
[2025.03.24-02.04.59:227][110]LogAudio: Display: Creating Audio Device:                 Id: 31, Scope: Unique, Realtime: True
[2025.03.24-02.04.59:227][110]LogAudioMixer: Display: Audio Mixer Platform Settings:
[2025.03.24-02.04.59:227][110]LogAudioMixer: Display: 	Sample Rate:						  48000
[2025.03.24-02.04.59:227][110]LogAudioMixer: Display: 	Callback Buffer Frame Size Requested: 1024
[2025.03.24-02.04.59:227][110]LogAudioMixer: Display: 	Callback Buffer Frame Size To Use:	  1024
[2025.03.24-02.04.59:227][110]LogAudioMixer: Display: 	Number of buffers to queue:			  2
[2025.03.24-02.04.59:227][110]LogAudioMixer: Display: 	Max Channels (voices):				  32
[2025.03.24-02.04.59:227][110]LogAudioMixer: Display: 	Number of Async Source Workers:		  0
[2025.03.24-02.04.59:227][110]LogAudio: Display: AudioDevice MaxSources: 32
[2025.03.24-02.04.59:228][110]LogAudio: Display: Audio Spatialization Plugin: None (built-in).
[2025.03.24-02.04.59:228][110]LogAudio: Display: Audio Reverb Plugin: None (built-in).
[2025.03.24-02.04.59:228][110]LogAudio: Display: Audio Occlusion Plugin: None (built-in).
[2025.03.24-02.04.59:228][110]LogAudioMixer: Display: Initializing audio mixer.
[2025.03.24-02.04.59:230][110]LogAudioMixer: Display: 0: FrontLeft
[2025.03.24-02.04.59:230][110]LogAudioMixer: Display: 1: FrontRight
[2025.03.24-02.04.59:265][110]LogAudioMixer: Display: Using Audio Device 扬声器 (适用于 I2S 音频的英特尔® 智音技术)
[2025.03.24-02.04.59:265][110]LogAudioMixer: Display: Initializing Sound Submixes...
[2025.03.24-02.04.59:265][110]LogAudioMixer: Display: Creating Master Submix 'MasterSubmixDefault'
[2025.03.24-02.04.59:265][110]LogAudioMixer: Display: Creating Master Submix 'MasterReverbSubmixDefault'
[2025.03.24-02.04.59:266][110]LogAudioMixer: Display: Creating Master Submix 'MasterEQSubmixDefault'
[2025.03.24-02.04.59:266][110]LogAudioMixer: FMixerPlatformXAudio2::StartAudioStream() called
[2025.03.24-02.04.59:266][110]LogAudioMixer: Display: Output buffers initialized: Frames=1024, Channels=2, Samples=2048
[2025.03.24-02.04.59:267][110]LogAudioMixer: Display: Starting AudioMixerPlatformInterface::RunInternal()
[2025.03.24-02.04.59:267][110]LogAudioMixer: Display: FMixerPlatformXAudio2::SubmitBuffer() called for the first time
[2025.03.24-02.04.59:267][110]LogInit: FAudioDevice initialized.
[2025.03.24-02.04.59:267][110]LogAudio: Display: Audio Device (ID: 31) registered with world 'ThirdPersonExampleMap'.
[2025.03.24-02.04.59:277][110]LogLoad: Game class is 'ThirdPersonGameMode_C'
[2025.03.24-02.04.59:281][110]LogWorld: Bringing World /Game/ThirdPersonBP/Maps/UEDPIE_0_ThirdPersonExampleMap.ThirdPersonExampleMap up for play (max tick rate 0) at 2025.03.24-10.04.59
[2025.03.24-02.04.59:281][110]LogWorld: Bringing up level for play took: 0.002370
[2025.03.24-02.04.59:281][110]LogOnline: OSS: Creating online subsystem instance for: :Context_49
[2025.03.24-02.04.59:283][110]PIE: Server logged in
[2025.03.24-02.04.59:284][110]PIE: Play in editor total start time 0.169 seconds.
[2025.03.24-02.05.06:602][555]LogSlate: Updating window title bar state: overlay mode, drag disabled, window buttons hidden, title bar hidden
[2025.03.24-02.05.06:602][555]LogWorld: BeginTearingDown for /Game/ThirdPersonBP/Maps/UEDPIE_0_ThirdPersonExampleMap
[2025.03.24-02.05.06:603][555]LogWorld: UWorld::CleanupWorld for ThirdPersonExampleMap, bSessionEnded=true, bCleanupResources=true
[2025.03.24-02.05.06:603][555]LogSlate: InvalidateAllWidgets triggered.  All widgets were invalidated
[2025.03.24-02.05.06:615][555]LogPlayLevel: Display: Shutting down PIE online subsystems
[2025.03.24-02.05.06:629][555]LogSlate: InvalidateAllWidgets triggered.  All widgets were invalidated
[2025.03.24-02.05.06:651][555]LogSlate: Updating window title bar state: overlay mode, drag disabled, window buttons hidden, title bar hidden
[2025.03.24-02.05.06:651][555]LogAudioMixer: FMixerPlatformXAudio2::StopAudioStream() called
[2025.03.24-02.05.06:652][555]LogAudioMixer: FMixerPlatformXAudio2::StopAudioStream() called
[2025.03.24-02.05.06:659][555]LogUObjectHash: Compacting FUObjectHashTables data took   1.47ms
[2025.03.24-02.05.06:715][556]LogPlayLevel: Display: Destroying online subsystem :Context_49
[2025.03.24-02.05.09:888][673]BlueprintLog: New page: Compile BP_Button
[2025.03.24-02.05.09:964][673]LogUObjectHash: Compacting FUObjectHashTables data took   5.30ms
[2025.03.24-02.05.19:254][975]BlueprintLog: New page: Compile BP_Button
[2025.03.24-02.05.19:314][975]LogUObjectHash: Compacting FUObjectHashTables data took   2.41ms
[2025.03.24-02.05.56:623][409]BlueprintLog: New page: Compile BP_SpotLight
[2025.03.24-02.05.56:686][409]LogUObjectHash: Compacting FUObjectHashTables data took   2.34ms
[2025.03.24-02.06.02:167][594]LogEditorViewport: Clicking on Actor (LMB): BP_Button_C (BP_Button)
[2025.03.24-02.06.16:465][191]LogEditorViewport: Clicking on Actor (LMB): BP_SpotLight_C (BP_SpotLight)
[2025.03.24-02.06.46:588][506]LogUObjectHash: Compacting FUObjectHashTables data took   1.53ms
[2025.03.24-02.06.46:613][506]LogSavePackage: Moving '../../../../../../project/UE/room_escape/Saved/ThirdPersonExampleMap_Auto2B5C8D46F41255F3C076E9CB8170BFBC5.tmp' to '../../../../../../project/UE/room_escape/Saved/Autosaves/Game/ThirdPersonBP/Maps/ThirdPersonExampleMap_Auto2.umap'
[2025.03.24-02.06.46:614][506]LogFileHelpers: Editor autosave (incl. external actors) for '/Game/ThirdPersonBP/Maps/ThirdPersonExampleMap' took 0.050
[2025.03.24-02.06.46:614][506]LogFileHelpers: Editor autosave (incl. sublevels & external actors) for all levels took 0.050
[2025.03.24-02.06.46:615][506]OBJ SavePackage: Generating thumbnails for [2] asset(s) in package [/Game/BP/Second/BP_SpotLight] ([2] browsable assets)...
[2025.03.24-02.06.46:633][506]OBJ SavePackage:     Rendered thumbnail for [Blueprint /Game/BP/Second/BP_SpotLight.BP_SpotLight]
[2025.03.24-02.06.46:633][506]OBJ SavePackage: Finished generating thumbnails for package [/Game/BP/Second/BP_SpotLight]
[2025.03.24-02.06.46:633][506]Cmd: OBJ SAVEPACKAGE PACKAGE="/Game/BP/Second/BP_SpotLight" FILE="../../../../../../project/UE/room_escape/Saved/Autosaves/Game/BP/Second/BP_SpotLight_Auto2.uasset" SILENT=false AUTOSAVING=true
[2025.03.24-02.06.46:638][506]LogSavePackage: Moving '../../../../../../project/UE/room_escape/Saved/BP_SpotLight_Auto2902DD26142A3E90EF8F23ABE8D031FED.tmp' to '../../../../../../project/UE/room_escape/Saved/Autosaves/Game/BP/Second/BP_SpotLight_Auto2.uasset'
[2025.03.24-02.06.46:640][506]OBJ SavePackage: Generating thumbnails for [2] asset(s) in package [/Game/BP/Second/BP_TriggerArea] ([2] browsable assets)...
[2025.03.24-02.06.46:660][506]OBJ SavePackage:     Rendered thumbnail for [Blueprint /Game/BP/Second/BP_TriggerArea.BP_TriggerArea]
[2025.03.24-02.06.46:660][506]OBJ SavePackage: Finished generating thumbnails for package [/Game/BP/Second/BP_TriggerArea]
[2025.03.24-02.06.46:660][506]Cmd: OBJ SAVEPACKAGE PACKAGE="/Game/BP/Second/BP_TriggerArea" FILE="../../../../../../project/UE/room_escape/Saved/Autosaves/Game/BP/Second/BP_TriggerArea_Auto2.uasset" SILENT=false AUTOSAVING=true
[2025.03.24-02.06.46:669][506]LogSavePackage: Moving '../../../../../../project/UE/room_escape/Saved/BP_TriggerArea_Auto21BDF7E624C477C69353D64B88EEE8DAB.tmp' to '../../../../../../project/UE/room_escape/Saved/Autosaves/Game/BP/Second/BP_TriggerArea_Auto2.uasset'
[2025.03.24-02.06.46:669][506]LogFileHelpers: Auto-saving content packages took 0.055
[2025.03.24-02.23.38:886][  1]LogUObjectHash: Compacting FUObjectHashTables data took   1.17ms
[2025.03.24-02.23.40:097][  1]LogSlate: Window 'Save Content' being destroyed
[2025.03.24-02.23.40:157][  1]Cmd: OBJ SAVEPACKAGE PACKAGE="/Game/BP/Second/BP_Button" FILE="../../../../../../project/UE/room_escape/Content/BP/Second/BP_Button.uasset" SILENT=true
[2025.03.24-02.23.40:167][  1]LogSavePackage: Moving '../../../../../../project/UE/room_escape/Saved/BP_Button6E244723496FEEF176FA3D8AECC09F82.tmp' to '../../../../../../project/UE/room_escape/Content/BP/Second/BP_Button.uasset'
[2025.03.24-02.23.40:167][  1]Cmd: OBJ SAVEPACKAGE PACKAGE="/Game/BP/Second/BP_SpotLight" FILE="../../../../../../project/UE/room_escape/Content/BP/Second/BP_SpotLight.uasset" SILENT=true
[2025.03.24-02.23.40:171][  1]LogSavePackage: Moving '../../../../../../project/UE/room_escape/Saved/BP_SpotLightD61D570F4D7A5076F84DBF8EC7FF46AB.tmp' to '../../../../../../project/UE/room_escape/Content/BP/Second/BP_SpotLight.uasset'
[2025.03.24-02.23.40:172][  1]Cmd: OBJ SAVEPACKAGE PACKAGE="/Game/BP/Second/BP_TriggerArea" FILE="../../../../../../project/UE/room_escape/Content/BP/Second/BP_TriggerArea.uasset" SILENT=true
[2025.03.24-02.23.40:183][  1]LogSavePackage: Moving '../../../../../../project/UE/room_escape/Saved/BP_TriggerAreaD2DD2A684B478A00FEB4869AA4AB41A1.tmp' to '../../../../../../project/UE/room_escape/Content/BP/Second/BP_TriggerArea.uasset'
[2025.03.24-02.23.40:215][  1]LogUObjectHash: Compacting FUObjectHashTables data took   0.70ms
[2025.03.24-02.23.40:247][  1]LogSavePackage: Moving '../../../../../../project/UE/room_escape/Saved/ThirdPersonExampleMap7F30D6B042E048777C4266B57E9D00EC.tmp' to '../../../../../../project/UE/room_escape/Content/ThirdPersonBP/Maps/ThirdPersonExampleMap.umap'
[2025.03.24-02.23.40:267][  1]LogFileHelpers: Saving map 'ThirdPersonExampleMap' took 0.082
[2025.03.24-02.23.40:288][  1]AssetCheck: New page: Asset Save: multiple assets
[2025.03.24-02.23.40:288][  1]LogContentValidation: Display: Validating World /Game/ThirdPersonBP/Maps/ThirdPersonExampleMap.ThirdPersonExampleMap
[2025.03.24-02.23.40:288][  1]LogContentValidation: Display: Validating Blueprint /Game/BP/Second/BP_SpotLight.BP_SpotLight
[2025.03.24-02.23.40:289][  1]LogContentValidation: Display: Validating Blueprint /Game/BP/Second/BP_TriggerArea.BP_TriggerArea
[2025.03.24-02.23.40:289][  1]LogContentValidation: Display: Validating Blueprint /Game/BP/Second/BP_Button.BP_Button
[2025.03.24-02.56.13:295][650]LogAudioMixer: Warning: Changing default audio render device to new device: {0.0.0.00000000}.{28889e13-a039-4157-b81b-f8eed91d53ed}.
[2025.03.24-02.56.13:295][650]LogAudioMixer: Resetting audio stream to device id 
[2025.03.24-02.56.13:347][650]LogAudioMixer: Display: 0: FrontLeft
[2025.03.24-02.56.13:347][650]LogAudioMixer: Display: 1: FrontRight
[2025.03.24-03.00.02:662][330]LogAudioMixer: Warning: Changing default audio render device to new device: {0.0.0.00000000}.{9cd014f6-e44b-4026-ac05-e666d50ce081}.
[2025.03.24-03.00.02:662][330]LogAudioMixer: Resetting audio stream to device id 
[2025.03.24-03.00.03:180][330]LogAudioMixer: Display: 0: FrontLeft
[2025.03.24-03.00.03:180][330]LogAudioMixer: Display: 1: FrontRight
[2025.03.24-03.00.05:603][334]LogAudioMixer: Warning: Changing default audio render device to new device: {0.0.0.00000000}.{28889e13-a039-4157-b81b-f8eed91d53ed}.
[2025.03.24-03.00.05:604][334]LogAudioMixer: Resetting audio stream to device id 
[2025.03.24-03.00.05:642][334]LogAudioMixer: Display: 0: FrontLeft
[2025.03.24-03.00.05:642][334]LogAudioMixer: Display: 1: FrontRight
[2025.03.24-03.00.07:649][335]LogAudioMixer: Resetting audio stream to device id 
[2025.03.24-03.00.07:694][335]LogAudioMixer: Display: 0: FrontLeft
[2025.03.24-03.00.07:694][335]LogAudioMixer: Display: 1: FrontRight
[2025.03.24-03.42.27:431][855]LogAudioMixer: Warning: Changing default audio render device to new device: {0.0.0.00000000}.{28889e13-a039-4157-b81b-f8eed91d53ed}.
[2025.03.24-03.42.27:431][855]LogAudioMixer: Resetting audio stream to device id 
[2025.03.24-03.42.27:480][855]LogAudioMixer: Display: 0: FrontLeft
[2025.03.24-03.42.27:480][855]LogAudioMixer: Display: 1: FrontRight
[2025.03.24-04.31.55:469][686]LogAudioMixer: Warning: Changing default audio render device to new device: {0.0.0.00000000}.{9cd014f6-e44b-4026-ac05-e666d50ce081}.
[2025.03.24-04.31.55:469][686]LogAudioMixer: Resetting audio stream to device id 
[2025.03.24-04.31.55:558][686]LogAudioMixer: Display: 0: FrontLeft
[2025.03.24-04.31.55:558][686]LogAudioMixer: Display: 1: FrontRight
[2025.03.24-04.33.34:133][ 79]LogSlate: Window 'Change Variable Type' being destroyed
[2025.03.24-04.34.08:373][112]LogSlate: Window 'Change Variable Type' being destroyed
[2025.03.24-04.34.08:858][113]LogUObjectHash: Compacting FUObjectHashTables data took   6.55ms
[2025.03.24-04.34.08:914][113]LogSavePackage: Moving '../../../../../../project/UE/room_escape/Saved/ThirdPersonExampleMap_Auto3F3B554A6453773926DD0F697AC9C6063.tmp' to '../../../../../../project/UE/room_escape/Saved/Autosaves/Game/ThirdPersonBP/Maps/ThirdPersonExampleMap_Auto3.umap'
[2025.03.24-04.34.08:916][113]LogFileHelpers: Editor autosave (incl. external actors) for '/Game/ThirdPersonBP/Maps/ThirdPersonExampleMap' took 0.290
[2025.03.24-04.34.08:916][113]LogFileHelpers: Editor autosave (incl. sublevels & external actors) for all levels took 0.290
[2025.03.24-04.34.08:917][113]OBJ SavePackage: Generating thumbnails for [2] asset(s) in package [/Game/BP/Second/BP_TriggerArea] ([2] browsable assets)...
[2025.03.24-04.34.08:937][113]OBJ SavePackage:     Rendered thumbnail for [Blueprint /Game/BP/Second/BP_TriggerArea.BP_TriggerArea]
[2025.03.24-04.34.08:937][113]OBJ SavePackage: Finished generating thumbnails for package [/Game/BP/Second/BP_TriggerArea]
[2025.03.24-04.34.08:937][113]Cmd: OBJ SAVEPACKAGE PACKAGE="/Game/BP/Second/BP_TriggerArea" FILE="../../../../../../project/UE/room_escape/Saved/Autosaves/Game/BP/Second/BP_TriggerArea_Auto3.uasset" SILENT=false AUTOSAVING=true
[2025.03.24-04.34.08:950][113]LogSavePackage: Moving '../../../../../../project/UE/room_escape/Saved/BP_TriggerArea_Auto30F9BBB1B45AE0B0AFC78F692A8246621.tmp' to '../../../../../../project/UE/room_escape/Saved/Autosaves/Game/BP/Second/BP_TriggerArea_Auto3.uasset'
[2025.03.24-04.34.08:951][113]LogFileHelpers: Auto-saving content packages took 0.035
[2025.03.24-04.34.11:307][216]LogSlate: Window 'Find in Blueprints' being destroyed
[2025.03.24-04.34.11:313][216]LogSlate: Window 'Find in Blueprints' being destroyed
[2025.03.24-04.34.41:542][569]LogEditorViewport: Clicking on Actor (LMB): BP_TriggerArea_C (BP_TriggerArea)
[2025.03.24-04.34.54:922][200]BlueprintLog: New page: Compile BP_TriggerArea
[2025.03.24-04.34.54:983][200]LogUObjectHash: Compacting FUObjectHashTables data took   2.51ms
[2025.03.24-04.37.03:176][399]BlueprintLog: New page: Compile BP_Button
[2025.03.24-04.37.03:240][399]LogUObjectHash: Compacting FUObjectHashTables data took   2.47ms
[2025.03.24-04.37.21:528][130]BlueprintLog: New page: Compile BP_SpotLight
[2025.03.24-04.37.21:592][130]LogUObjectHash: Compacting FUObjectHashTables data took   2.24ms
[2025.03.24-04.38.51:550][587]BlueprintLog: New page: Compile BP_TriggerArea
[2025.03.24-04.38.51:613][587]LogUObjectHash: Compacting FUObjectHashTables data took   5.13ms
[2025.03.24-04.39.02:703][124]LogTemp: Repeating last play command: Selected Viewport
[2025.03.24-04.39.02:715][124]LogPlayLevel: PlayLevel: No blueprints needed recompiling
[2025.03.24-04.39.02:715][124]PIE: New page: PIE session: ThirdPersonExampleMap (2025年3月24日 下午8:39:02)
[2025.03.24-04.39.02:716][124]LogPlayLevel: Creating play world package: /Game/ThirdPersonBP/Maps/UEDPIE_0_ThirdPersonExampleMap
[2025.03.24-04.39.02:735][124]LogPlayLevel: PIE: StaticDuplicateObject took: (0.018552s)
[2025.03.24-04.39.02:737][124]LogAIModule: Creating AISystem for world ThirdPersonExampleMap
[2025.03.24-04.39.02:737][124]LogPlayLevel: PIE: World Init took: (0.002448s)
[2025.03.24-04.39.02:737][124]LogPlayLevel: PIE: Created PIE world by copying editor world from /Game/ThirdPersonBP/Maps/ThirdPersonExampleMap.ThirdPersonExampleMap to /Game/ThirdPersonBP/Maps/UEDPIE_0_ThirdPersonExampleMap.ThirdPersonExampleMap (0.021487s)
[2025.03.24-04.39.02:768][124]LogUObjectHash: Compacting FUObjectHashTables data took   2.40ms
[2025.03.24-04.39.02:770][124]LogAudio: Display: Creating Audio Device:                 Id: 32, Scope: Unique, Realtime: True
[2025.03.24-04.39.02:770][124]LogAudioMixer: Display: Audio Mixer Platform Settings:
[2025.03.24-04.39.02:770][124]LogAudioMixer: Display: 	Sample Rate:						  48000
[2025.03.24-04.39.02:770][124]LogAudioMixer: Display: 	Callback Buffer Frame Size Requested: 1024
[2025.03.24-04.39.02:770][124]LogAudioMixer: Display: 	Callback Buffer Frame Size To Use:	  1024
[2025.03.24-04.39.02:770][124]LogAudioMixer: Display: 	Number of buffers to queue:			  2
[2025.03.24-04.39.02:770][124]LogAudioMixer: Display: 	Max Channels (voices):				  32
[2025.03.24-04.39.02:770][124]LogAudioMixer: Display: 	Number of Async Source Workers:		  0
[2025.03.24-04.39.02:770][124]LogAudio: Display: AudioDevice MaxSources: 32
[2025.03.24-04.39.02:770][124]LogAudio: Display: Audio Spatialization Plugin: None (built-in).
[2025.03.24-04.39.02:770][124]LogAudio: Display: Audio Reverb Plugin: None (built-in).
[2025.03.24-04.39.02:770][124]LogAudio: Display: Audio Occlusion Plugin: None (built-in).
[2025.03.24-04.39.02:770][124]LogAudioMixer: Display: Initializing audio mixer.
[2025.03.24-04.39.02:877][124]LogAudioMixer: Display: 0: FrontLeft
[2025.03.24-04.39.02:877][124]LogAudioMixer: Display: 1: FrontRight
[2025.03.24-04.39.02:917][124]LogAudioMixer: Display: Using Audio Device 扬声器 (适用于 I2S 音频的英特尔® 智音技术)
[2025.03.24-04.39.02:917][124]LogAudioMixer: Display: Initializing Sound Submixes...
[2025.03.24-04.39.02:917][124]LogAudioMixer: Display: Creating Master Submix 'MasterSubmixDefault'
[2025.03.24-04.39.02:917][124]LogAudioMixer: Display: Creating Master Submix 'MasterReverbSubmixDefault'
[2025.03.24-04.39.02:918][124]LogAudioMixer: Display: Creating Master Submix 'MasterEQSubmixDefault'
[2025.03.24-04.39.02:918][124]LogAudioMixer: FMixerPlatformXAudio2::StartAudioStream() called
[2025.03.24-04.39.02:918][124]LogAudioMixer: Display: Output buffers initialized: Frames=1024, Channels=2, Samples=2048
[2025.03.24-04.39.02:919][124]LogAudioMixer: Display: Starting AudioMixerPlatformInterface::RunInternal()
[2025.03.24-04.39.02:919][124]LogAudioMixer: Display: FMixerPlatformXAudio2::SubmitBuffer() called for the first time
[2025.03.24-04.39.02:919][124]LogInit: FAudioDevice initialized.
[2025.03.24-04.39.02:919][124]LogAudio: Display: Audio Device (ID: 32) registered with world 'ThirdPersonExampleMap'.
[2025.03.24-04.39.02:937][124]LogLoad: Game class is 'ThirdPersonGameMode_C'
[2025.03.24-04.39.02:941][124]LogWorld: Bringing World /Game/ThirdPersonBP/Maps/UEDPIE_0_ThirdPersonExampleMap.ThirdPersonExampleMap up for play (max tick rate 60) at 2025.03.24-12.39.02
[2025.03.24-04.39.02:942][124]LogWorld: Bringing up level for play took: 0.004582
[2025.03.24-04.39.02:942][124]LogOnline: OSS: Creating online subsystem instance for: :Context_50
[2025.03.24-04.39.02:945][124]PIE: Server logged in
[2025.03.24-04.39.02:946][124]PIE: Play in editor total start time 0.232 seconds.
[2025.03.24-04.39.11:434][605]LogSlate: Updating window title bar state: overlay mode, drag disabled, window buttons hidden, title bar hidden
[2025.03.24-04.39.11:434][605]LogWorld: BeginTearingDown for /Game/ThirdPersonBP/Maps/UEDPIE_0_ThirdPersonExampleMap
[2025.03.24-04.39.11:434][605]LogWorld: UWorld::CleanupWorld for ThirdPersonExampleMap, bSessionEnded=true, bCleanupResources=true
[2025.03.24-04.39.11:435][605]LogSlate: InvalidateAllWidgets triggered.  All widgets were invalidated
[2025.03.24-04.39.11:459][605]LogPlayLevel: Display: Shutting down PIE online subsystems
[2025.03.24-04.39.11:474][605]LogSlate: InvalidateAllWidgets triggered.  All widgets were invalidated
[2025.03.24-04.39.11:503][605]LogAudio: Display: Audio Device unregistered from world 'None'.
[2025.03.24-04.39.11:503][605]LogAudioMixer: FMixerPlatformXAudio2::StopAudioStream() called
[2025.03.24-04.39.11:505][605]LogAudioMixer: FMixerPlatformXAudio2::StopAudioStream() called
[2025.03.24-04.39.11:511][605]LogSlate: Updating window title bar state: overlay mode, drag disabled, window buttons hidden, title bar hidden
[2025.03.24-04.39.11:518][605]LogUObjectHash: Compacting FUObjectHashTables data took   1.99ms
[2025.03.24-04.39.11:563][606]LogPlayLevel: Display: Destroying online subsystem :Context_50
[2025.03.24-04.39.17:184][882]BlueprintLog: New page: Compile BP_TriggerArea
[2025.03.24-04.39.17:240][882]LogUObjectHash: Compacting FUObjectHashTables data took   2.26ms
[2025.03.24-04.39.18:049][918]LogTemp: Repeating last play command: Selected Viewport
[2025.03.24-04.39.18:058][918]LogPlayLevel: PlayLevel: No blueprints needed recompiling
[2025.03.24-04.39.18:058][918]PIE: New page: PIE session: ThirdPersonExampleMap (2025年3月24日 下午8:39:18)
[2025.03.24-04.39.18:059][918]LogPlayLevel: Creating play world package: /Game/ThirdPersonBP/Maps/UEDPIE_0_ThirdPersonExampleMap
[2025.03.24-04.39.18:082][918]LogPlayLevel: PIE: StaticDuplicateObject took: (0.022734s)
[2025.03.24-04.39.18:084][918]LogAIModule: Creating AISystem for world ThirdPersonExampleMap
[2025.03.24-04.39.18:084][918]LogPlayLevel: PIE: World Init took: (0.001783s)
[2025.03.24-04.39.18:084][918]LogPlayLevel: PIE: Created PIE world by copying editor world from /Game/ThirdPersonBP/Maps/ThirdPersonExampleMap.ThirdPersonExampleMap to /Game/ThirdPersonBP/Maps/UEDPIE_0_ThirdPersonExampleMap.ThirdPersonExampleMap (0.024787s)
[2025.03.24-04.39.18:120][918]LogUObjectHash: Compacting FUObjectHashTables data took   5.94ms
[2025.03.24-04.39.18:121][918]LogAudio: Display: Creating Audio Device:                 Id: 33, Scope: Unique, Realtime: True
[2025.03.24-04.39.18:121][918]LogAudioMixer: Display: Audio Mixer Platform Settings:
[2025.03.24-04.39.18:121][918]LogAudioMixer: Display: 	Sample Rate:						  48000
[2025.03.24-04.39.18:121][918]LogAudioMixer: Display: 	Callback Buffer Frame Size Requested: 1024
[2025.03.24-04.39.18:121][918]LogAudioMixer: Display: 	Callback Buffer Frame Size To Use:	  1024
[2025.03.24-04.39.18:121][918]LogAudioMixer: Display: 	Number of buffers to queue:			  2
[2025.03.24-04.39.18:121][918]LogAudioMixer: Display: 	Max Channels (voices):				  32
[2025.03.24-04.39.18:121][918]LogAudioMixer: Display: 	Number of Async Source Workers:		  0
[2025.03.24-04.39.18:121][918]LogAudio: Display: AudioDevice MaxSources: 32
[2025.03.24-04.39.18:122][918]LogAudio: Display: Audio Spatialization Plugin: None (built-in).
[2025.03.24-04.39.18:122][918]LogAudio: Display: Audio Reverb Plugin: None (built-in).
[2025.03.24-04.39.18:122][918]LogAudio: Display: Audio Occlusion Plugin: None (built-in).
[2025.03.24-04.39.18:122][918]LogAudioMixer: Display: Initializing audio mixer.
[2025.03.24-04.39.18:125][918]LogAudioMixer: Display: 0: FrontLeft
[2025.03.24-04.39.18:125][918]LogAudioMixer: Display: 1: FrontRight
[2025.03.24-04.39.18:171][918]LogAudioMixer: Display: Using Audio Device 扬声器 (适用于 I2S 音频的英特尔® 智音技术)
[2025.03.24-04.39.18:171][918]LogAudioMixer: Display: Initializing Sound Submixes...
[2025.03.24-04.39.18:171][918]LogAudioMixer: Display: Creating Master Submix 'MasterSubmixDefault'
[2025.03.24-04.39.18:171][918]LogAudioMixer: Display: Creating Master Submix 'MasterReverbSubmixDefault'
[2025.03.24-04.39.18:172][918]LogAudioMixer: Display: Creating Master Submix 'MasterEQSubmixDefault'
[2025.03.24-04.39.18:172][918]LogAudioMixer: FMixerPlatformXAudio2::StartAudioStream() called
[2025.03.24-04.39.18:172][918]LogAudioMixer: Display: Output buffers initialized: Frames=1024, Channels=2, Samples=2048
[2025.03.24-04.39.18:173][918]LogAudioMixer: Display: Starting AudioMixerPlatformInterface::RunInternal()
[2025.03.24-04.39.18:173][918]LogAudioMixer: Display: FMixerPlatformXAudio2::SubmitBuffer() called for the first time
[2025.03.24-04.39.18:173][918]LogInit: FAudioDevice initialized.
[2025.03.24-04.39.18:173][918]LogAudio: Display: Audio Device (ID: 33) registered with world 'ThirdPersonExampleMap'.
[2025.03.24-04.39.18:188][918]LogLoad: Game class is 'ThirdPersonGameMode_C'
[2025.03.24-04.39.18:192][918]LogWorld: Bringing World /Game/ThirdPersonBP/Maps/UEDPIE_0_ThirdPersonExampleMap.ThirdPersonExampleMap up for play (max tick rate 60) at 2025.03.24-12.39.18
[2025.03.24-04.39.18:193][918]LogWorld: Bringing up level for play took: 0.003994
[2025.03.24-04.39.18:193][918]LogOnline: OSS: Creating online subsystem instance for: :Context_51
[2025.03.24-04.39.18:196][918]PIE: Server logged in
[2025.03.24-04.39.18:198][918]PIE: Play in editor total start time 0.141 seconds.
[2025.03.24-04.40.08:533][850]LogSlate: Updating window title bar state: overlay mode, drag disabled, window buttons hidden, title bar hidden
[2025.03.24-04.40.08:533][850]LogWorld: BeginTearingDown for /Game/ThirdPersonBP/Maps/UEDPIE_0_ThirdPersonExampleMap
[2025.03.24-04.40.08:533][850]LogWorld: UWorld::CleanupWorld for ThirdPersonExampleMap, bSessionEnded=true, bCleanupResources=true
[2025.03.24-04.40.08:534][850]LogSlate: InvalidateAllWidgets triggered.  All widgets were invalidated
[2025.03.24-04.40.08:549][850]LogPlayLevel: Display: Shutting down PIE online subsystems
[2025.03.24-04.40.08:557][850]LogSlate: InvalidateAllWidgets triggered.  All widgets were invalidated
[2025.03.24-04.40.08:577][850]LogAudio: Display: Audio Device unregistered from world 'None'.
[2025.03.24-04.40.08:577][850]LogAudioMixer: FMixerPlatformXAudio2::StopAudioStream() called
[2025.03.24-04.40.08:578][850]LogAudioMixer: FMixerPlatformXAudio2::StopAudioStream() called
[2025.03.24-04.40.08:581][850]LogSlate: Updating window title bar state: overlay mode, drag disabled, window buttons hidden, title bar hidden
[2025.03.24-04.40.08:584][850]LogUObjectHash: Compacting FUObjectHashTables data took   1.71ms
[2025.03.24-04.40.08:625][851]LogPlayLevel: Display: Destroying online subsystem :Context_51
[2025.03.24-04.41.06:644][700]BlueprintLog: New page: Compile BP_TriggerArea
[2025.03.24-04.41.06:703][700]LogUObjectHash: Compacting FUObjectHashTables data took   2.36ms
[2025.03.24-04.41.07:561][741]LogTemp: Repeating last play command: Selected Viewport
[2025.03.24-04.41.07:571][741]LogPlayLevel: PlayLevel: No blueprints needed recompiling
[2025.03.24-04.41.07:571][741]PIE: New page: PIE session: ThirdPersonExampleMap (2025年3月24日 下午8:41:07)
[2025.03.24-04.41.07:572][741]LogPlayLevel: Creating play world package: /Game/ThirdPersonBP/Maps/UEDPIE_0_ThirdPersonExampleMap
[2025.03.24-04.41.07:587][741]LogPlayLevel: PIE: StaticDuplicateObject took: (0.014418s)
[2025.03.24-04.41.07:588][741]LogAIModule: Creating AISystem for world ThirdPersonExampleMap
[2025.03.24-04.41.07:589][741]LogPlayLevel: PIE: World Init took: (0.001473s)
[2025.03.24-04.41.07:589][741]LogPlayLevel: PIE: Created PIE world by copying editor world from /Game/ThirdPersonBP/Maps/ThirdPersonExampleMap.ThirdPersonExampleMap to /Game/ThirdPersonBP/Maps/UEDPIE_0_ThirdPersonExampleMap.ThirdPersonExampleMap (0.016224s)
[2025.03.24-04.41.07:614][741]LogUObjectHash: Compacting FUObjectHashTables data took   2.33ms
[2025.03.24-04.41.07:616][741]LogAudio: Display: Creating Audio Device:                 Id: 34, Scope: Unique, Realtime: True
[2025.03.24-04.41.07:616][741]LogAudioMixer: Display: Audio Mixer Platform Settings:
[2025.03.24-04.41.07:616][741]LogAudioMixer: Display: 	Sample Rate:						  48000
[2025.03.24-04.41.07:616][741]LogAudioMixer: Display: 	Callback Buffer Frame Size Requested: 1024
[2025.03.24-04.41.07:616][741]LogAudioMixer: Display: 	Callback Buffer Frame Size To Use:	  1024
[2025.03.24-04.41.07:616][741]LogAudioMixer: Display: 	Number of buffers to queue:			  2
[2025.03.24-04.41.07:616][741]LogAudioMixer: Display: 	Max Channels (voices):				  32
[2025.03.24-04.41.07:616][741]LogAudioMixer: Display: 	Number of Async Source Workers:		  0
[2025.03.24-04.41.07:616][741]LogAudio: Display: AudioDevice MaxSources: 32
[2025.03.24-04.41.07:616][741]LogAudio: Display: Audio Spatialization Plugin: None (built-in).
[2025.03.24-04.41.07:616][741]LogAudio: Display: Audio Reverb Plugin: None (built-in).
[2025.03.24-04.41.07:616][741]LogAudio: Display: Audio Occlusion Plugin: None (built-in).
[2025.03.24-04.41.07:616][741]LogAudioMixer: Display: Initializing audio mixer.
[2025.03.24-04.41.07:619][741]LogAudioMixer: Display: 0: FrontLeft
[2025.03.24-04.41.07:619][741]LogAudioMixer: Display: 1: FrontRight
[2025.03.24-04.41.07:653][741]LogAudioMixer: Display: Using Audio Device 扬声器 (适用于 I2S 音频的英特尔® 智音技术)
[2025.03.24-04.41.07:653][741]LogAudioMixer: Display: Initializing Sound Submixes...
[2025.03.24-04.41.07:653][741]LogAudioMixer: Display: Creating Master Submix 'MasterSubmixDefault'
[2025.03.24-04.41.07:653][741]LogAudioMixer: Display: Creating Master Submix 'MasterReverbSubmixDefault'
[2025.03.24-04.41.07:655][741]LogAudioMixer: Display: Creating Master Submix 'MasterEQSubmixDefault'
[2025.03.24-04.41.07:655][741]LogAudioMixer: FMixerPlatformXAudio2::StartAudioStream() called
[2025.03.24-04.41.07:655][741]LogAudioMixer: Display: Output buffers initialized: Frames=1024, Channels=2, Samples=2048
[2025.03.24-04.41.07:655][741]LogAudioMixer: Display: Starting AudioMixerPlatformInterface::RunInternal()
[2025.03.24-04.41.07:655][741]LogAudioMixer: Display: FMixerPlatformXAudio2::SubmitBuffer() called for the first time
[2025.03.24-04.41.07:655][741]LogInit: FAudioDevice initialized.
[2025.03.24-04.41.07:655][741]LogAudio: Display: Audio Device (ID: 34) registered with world 'ThirdPersonExampleMap'.
[2025.03.24-04.41.07:672][741]LogLoad: Game class is 'ThirdPersonGameMode_C'
[2025.03.24-04.41.07:675][741]LogWorld: Bringing World /Game/ThirdPersonBP/Maps/UEDPIE_0_ThirdPersonExampleMap.ThirdPersonExampleMap up for play (max tick rate 60) at 2025.03.24-12.41.07
[2025.03.24-04.41.07:675][741]LogWorld: Bringing up level for play took: 0.002517
[2025.03.24-04.41.07:675][741]LogOnline: OSS: Creating online subsystem instance for: :Context_52
[2025.03.24-04.41.07:678][741]PIE: Server logged in
[2025.03.24-04.41.07:679][741]PIE: Play in editor total start time 0.11 seconds.
[2025.03.24-04.41.22:803][626]LogSlate: Updating window title bar state: overlay mode, drag disabled, window buttons hidden, title bar hidden
[2025.03.24-04.41.22:803][626]LogWorld: BeginTearingDown for /Game/ThirdPersonBP/Maps/UEDPIE_0_ThirdPersonExampleMap
[2025.03.24-04.41.22:803][626]LogWorld: UWorld::CleanupWorld for ThirdPersonExampleMap, bSessionEnded=true, bCleanupResources=true
[2025.03.24-04.41.22:803][626]LogSlate: InvalidateAllWidgets triggered.  All widgets were invalidated
[2025.03.24-04.41.22:824][626]LogPlayLevel: Display: Shutting down PIE online subsystems
[2025.03.24-04.41.22:839][626]LogSlate: InvalidateAllWidgets triggered.  All widgets were invalidated
[2025.03.24-04.41.22:865][626]LogAudio: Display: Audio Device unregistered from world 'None'.
[2025.03.24-04.41.22:865][626]LogAudioMixer: FMixerPlatformXAudio2::StopAudioStream() called
[2025.03.24-04.41.22:866][626]LogAudioMixer: FMixerPlatformXAudio2::StopAudioStream() called
[2025.03.24-04.41.22:870][626]LogSlate: Updating window title bar state: overlay mode, drag disabled, window buttons hidden, title bar hidden
[2025.03.24-04.41.22:873][626]LogUObjectHash: Compacting FUObjectHashTables data took   1.56ms
[2025.03.24-04.41.22:908][627]LogPlayLevel: Display: Destroying online subsystem :Context_52
[2025.03.24-04.41.43:414][296]LogAssetEditorSubsystem: Opening Asset editor for Blueprint /Game/BP/Second/BP_Table.BP_Table
[2025.03.24-04.45.55:983][ 29]LogFactory: FactoryCreateFile: StaticMesh with FbxFactory (0 0 D:\Download\Browser\hamburger\source/HAMBURGER.fbx)
[2025.03.24-04.45.56:015][ 29]LogFbx: Loading FBX Scene from D:\Download\Browser\hamburger\source/HAMBURGER.fbx
[2025.03.24-04.45.56:059][ 29]LogFbx: FBX Scene Loaded Succesfully
[2025.03.24-04.45.59:355][ 29]LogSlate: Window 'FBX Import Options' being destroyed
[2025.03.24-04.45.59:397][ 29]LogMaterial: Display: Material /Game/MT/source/BREAD.BREAD needed to have new flag set bUsedWithSkeletalMesh !
[2025.03.24-04.45.59:403][ 29]LogMaterial: Display: Missing cached shadermap for BREAD in PCD3D_SM5, Default, SM5 (DDC key hash: 83B5BBA974C715965482D912740326C5F3A5B60E), compiling. 
[2025.03.24-04.45.59:467][ 29]LogShaderCompilers: Display: Submitted 32 shader compile jobs with 'Low' priority
[2025.03.24-04.45.59:474][ 29]LogMaterial: Display: Missing cached shadermap for BREAD in PCD3D_SM5, Default, SM5 (DDC key hash: C1651019772DE754ABA992439F71D881525E616C), compiling. 
[2025.03.24-04.45.59:482][ 29]LogMaterial: Display: Material /Game/MT/source/MEAT.MEAT needed to have new flag set bUsedWithSkeletalMesh !
[2025.03.24-04.45.59:507][ 29]LogMaterial: Display: Missing cached shadermap for MEAT in PCD3D_SM5, Default, SM5 (DDC key hash: C855678B3DF9CE88F630D20164DA25E979CE532F), compiling. 
[2025.03.24-04.45.59:529][ 29]LogShaderCompilers: Display: Submitted 32 shader compile jobs with 'Low' priority
[2025.03.24-04.45.59:532][ 29]LogFbxMaterialImport: Display: Unable to find Texture file /Users/macintosh/Desktop/sketchfab/HAMBURGER/MEAT-color.JPG
[2025.03.24-04.45.59:532][ 29]LogFbxMaterialImport: Display: Unable to find Texture file /Users/macintosh/Desktop/sketchfab/HAMBURGER/meat-normal.JPG
[2025.03.24-04.45.59:534][ 29]LogMaterial: Display: Missing cached shadermap for MEAT in PCD3D_SM5, Default, SM5 (DDC key hash: 8DE660C8ADAD943328A44A65BD813A4BCADD2F9A), compiling. 
[2025.03.24-04.45.59:541][ 29]LogMaterial: Display: Material /Game/MT/source/INGREDIENTS.INGREDIENTS needed to have new flag set bUsedWithSkeletalMesh !
[2025.03.24-04.45.59:545][ 29]LogMaterial: Display: Missing cached shadermap for INGREDIENTS in PCD3D_SM5, Default, SM5 (DDC key hash: 7852D4DBC9D7F6C96B99D331B82B37D88825FE2A), compiling. 
[2025.03.24-04.45.59:566][ 29]LogShaderCompilers: Display: Submitted 32 shader compile jobs with 'Low' priority
[2025.03.24-04.45.59:567][ 29]LogFbxMaterialImport: Display: Unable to find Texture file /Users/macintosh/Desktop/sketchfab/HAMBURGER/ingredients-C.jpg
[2025.03.24-04.45.59:567][ 29]LogFbxMaterialImport: Display: Unable to find Texture file /Users/macintosh/Desktop/sketchfab/HAMBURGER/ingredients-N.jpg
[2025.03.24-04.45.59:571][ 29]LogMaterial: Display: Missing cached shadermap for INGREDIENTS in PCD3D_SM5, Default, SM5 (DDC key hash: CBD4406A0B8EE5A6D71AE864EFB129CAC750C89D), compiling. 
[2025.03.24-04.45.59:574][ 29]LogFbx: Triangulating skeletal mesh HAMBURGER
[2025.03.24-04.46.00:740][ 29]LogFbx: Warning: Bones digested - 1  Depth of hierarchy - 1
[2025.03.24-04.46.02:193][ 29]LogSkeletalMesh: Section 0: Material=0, 6750 triangles
[2025.03.24-04.46.02:193][ 29]LogSkeletalMesh: Section 1: Material=1, 3010 triangles
[2025.03.24-04.46.02:193][ 29]LogSkeletalMesh: Section 2: Material=2, 61421 triangles
[2025.03.24-04.46.02:206][ 29]LogSkeletalMesh: Building Skeletal Mesh HAMBURGER...
[2025.03.24-04.46.03:531][ 29]LogSkeletalMesh: Section 0: Material=0, 6750 triangles
[2025.03.24-04.46.03:531][ 29]LogSkeletalMesh: Section 1: Material=1, 3010 triangles
[2025.03.24-04.46.03:531][ 29]LogSkeletalMesh: Section 2: Material=2, 61421 triangles
[2025.03.24-04.46.03:652][ 29]LogSkeletalMesh: Built Skeletal Mesh [1.45s] /Game/MT/source/HAMBURGER.HAMBURGER
[2025.03.24-04.46.03:674][ 29]LogSkeletalMesh: USkeletalMeshComponent::InitArticulated : Could not find root physics body: '/Engine/Transient.World_21:PersistentLevel.SkeletalMeshActor_0.SkeletalMeshComponent0'
[2025.03.24-04.46.03:674][ 29]LogWorld: UWorld::CleanupWorld for World_21, bSessionEnded=true, bCleanupResources=true
[2025.03.24-04.46.03:674][ 29]LogSlate: InvalidateAllWidgets triggered.  All widgets were invalidated
[2025.03.24-04.46.03:688][ 29]LogWorld: UWorld::CleanupWorld for World_22, bSessionEnded=true, bCleanupResources=true
[2025.03.24-04.46.03:688][ 29]LogSlate: InvalidateAllWidgets triggered.  All widgets were invalidated
[2025.03.24-04.46.03:745][ 29]FBXImport: Warning: No smoothing group information was found in this FBX scene.  Please make sure to enable the 'Export Smoothing Groups' option in the FBX Exporter plug-in before exporting the file.  Even for tools that don't support smoothing groups, the FBX Exporter will generate appropriate smoothing data at export-time so that correct vertex normals can be inferred while importing. 
[2025.03.24-04.46.03:746][ 29]FBXImport: Warning: Could not find the bind pose.  It will use time 0 as bind pose. 
[2025.03.24-04.46.03:938][ 30]LogShaderCompilers: Display: Submitted 2 shader compile jobs with 'ForceLocal' priority
[2025.03.24-04.46.03:946][ 30]LogShaderCompilers: Display: Worker (1/5): shaders left to compile 2
[2025.03.24-04.46.03:946][ 30]LogShaderCompilers: Display: Worker (2/5): shaders left to compile 1
[2025.03.24-04.46.03:946][ 30]LogShaderCompilers: Display: Started 2 'Local' shader compile jobs with 'ForceLocal' priority
[2025.03.24-04.46.03:959][ 30]LogShaderCompilers: Display: Submitted 30 shader compile jobs with 'Normal' priority
[2025.03.24-04.46.03:973][ 30]LogShaderCompilers: Display: Submitted 2 shader compile jobs with 'ForceLocal' priority
[2025.03.24-04.46.03:999][ 30]LogShaderCompilers: Display: Submitted 30 shader compile jobs with 'Normal' priority
[2025.03.24-04.46.04:027][ 31]LogShaderCompilers: Display: Submitted 2 shader compile jobs with 'ForceLocal' priority
[2025.03.24-04.46.04:051][ 32]LogShaderCompilers: Display: Worker (3/5): shaders left to compile 8
[2025.03.24-04.46.04:051][ 32]LogShaderCompilers: Display: Worker (4/5): shaders left to compile 5
[2025.03.24-04.46.04:051][ 32]LogShaderCompilers: Display: Started 6 'Local' shader compile jobs with 'ForceLocal' priority
[2025.03.24-04.46.04:163][ 33]LogShaderCompilers: Display: Submitted 2 shader compile jobs with 'ForceLocal' priority
[2025.03.24-04.46.04:193][ 33]LogShaderCompilers: Display: Submitted 28 shader compile jobs with 'Normal' priority
[2025.03.24-04.46.09:270][194]LogShaderCompilers: Display: Worker (2/5): shaders left to compile 4
[2025.03.24-04.46.09:271][194]LogShaderCompilers: Display: Started 2 'Local' shader compile jobs with 'ForceLocal' priority
[2025.03.24-04.46.09:271][194]LogShaderCompilers: Display: === FShaderJobCache stats ===
[2025.03.24-04.46.09:271][194]LogShaderCompilers: Display: Total job queries 192, among them cache hits 0 (0.00%)
[2025.03.24-04.46.09:271][194]LogShaderCompilers: Display: Tracking 1 distinct input hashes that result in 1 distinct outputs (100.00%)
[2025.03.24-04.46.09:271][194]LogShaderCompilers: Display: RAM used: 0.00 MB (0.00 GB) of 819.20 MB (0.80 GB) budget. Usage: 0.00%
[2025.03.24-04.46.09:271][194]LogShaderCompilers: Display: ================================================
[2025.03.24-04.46.09:686][207]LogShaderCompilers: Display: Worker (1/5): shaders left to compile 2
[2025.03.24-04.46.09:686][207]LogShaderCompilers: Display: Started 1 'Local' shader compile jobs with 'ForceLocal' priority
[2025.03.24-04.46.10:215][222]LogSlate: Window 'Message Log' being destroyed
[2025.03.24-04.46.10:261][222]LogSlate: Window 'Message Log' being destroyed
[2025.03.24-04.46.10:501][229]LogShaderCompilers: Display: Worker (4/5): shaders left to compile 1
[2025.03.24-04.46.10:501][229]LogShaderCompilers: Display: Started 1 'Local' shader compile jobs with 'ForceLocal' priority
[2025.03.24-04.46.11:108][242]LogShaderCompilers: Display: Worker (3/5): shaders left to compile 84
[2025.03.24-04.46.11:109][242]LogShaderCompilers: Display: Started 10 'Local' shader compile jobs with 'Normal' priority
[2025.03.24-04.46.11:362][246]LogShaderCompilers: Display: Worker (1/5): shaders left to compile 74
[2025.03.24-04.46.11:362][246]LogShaderCompilers: Display: Started 10 'Local' shader compile jobs with 'Normal' priority
[2025.03.24-04.46.11:683][251]LogShaderCompilers: Display: Worker (4/5): shaders left to compile 64
[2025.03.24-04.46.11:684][251]LogShaderCompilers: Display: Started 10 'Local' shader compile jobs with 'Normal' priority
[2025.03.24-04.46.11:733][252]LogShaderCompilers: Display: Worker (2/5): shaders left to compile 54
[2025.03.24-04.46.11:733][252]LogShaderCompilers: Display: Started 10 'Local' shader compile jobs with 'Normal' priority
[2025.03.24-04.46.18:664][382]LogShaderCompilers: Display: Worker (4/5): shaders left to compile 44
[2025.03.24-04.46.18:664][382]LogShaderCompilers: Display: Started 10 'Local' shader compile jobs with 'Normal' priority
[2025.03.24-04.46.21:554][469]LogShaderCompilers: Display: Worker (1/5): shaders left to compile 34
[2025.03.24-04.46.21:554][469]LogShaderCompilers: Display: Started 9 'Local' shader compile jobs with 'Normal' priority
[2025.03.24-04.46.23:464][524]LogShaderCompilers: Display: Worker (3/5): shaders left to compile 25
[2025.03.24-04.46.23:464][524]LogShaderCompilers: Display: Started 7 'Local' shader compile jobs with 'Normal' priority
[2025.03.24-04.46.24:494][553]LogContentBrowser: Attempting asset rename: source -> hamburger
[2025.03.24-04.46.24:670][553]Cmd: OBJ SAVEPACKAGE PACKAGE="/Game/MT/hamburger/HAMBURGER_PhysicsAsset" FILE="../../../../../../project/UE/room_escape/Content/MT/hamburger/HAMBURGER_PhysicsAsset.uasset" SILENT=true
[2025.03.24-04.46.24:679][553]LogSavePackage: Moving '../../../../../../project/UE/room_escape/Saved/HAMBURGER_PhysicsAsset0B034F2E4B318E05827C54AB5CD32805.tmp' to '../../../../../../project/UE/room_escape/Content/MT/hamburger/HAMBURGER_PhysicsAsset.uasset'
[2025.03.24-04.46.24:680][553]Cmd: OBJ SAVEPACKAGE PACKAGE="/Game/MT/hamburger/HAMBURGER_Skeleton" FILE="../../../../../../project/UE/room_escape/Content/MT/hamburger/HAMBURGER_Skeleton.uasset" SILENT=true
[2025.03.24-04.46.24:681][553]LogSavePackage: Moving '../../../../../../project/UE/room_escape/Saved/HAMBURGER_Skeleton3368A31742914EB5415B84A3823743B6.tmp' to '../../../../../../project/UE/room_escape/Content/MT/hamburger/HAMBURGER_Skeleton.uasset'
[2025.03.24-04.46.24:844][553]LogShaderCompilers: Display: Worker (2/5): shaders left to compile 18
[2025.03.24-04.46.24:844][553]LogShaderCompilers: Display: Started 5 'Local' shader compile jobs with 'Normal' priority
[2025.03.24-04.46.25:233][553]LogShaderCompilers: Display: Worker (4/5): shaders left to compile 13
[2025.03.24-04.46.25:233][553]LogShaderCompilers: Display: Started 4 'Local' shader compile jobs with 'Normal' priority
[2025.03.24-04.46.26:281][553]LogShaderCompilers: Display: Worker (4/5): shaders left to compile 9
[2025.03.24-04.46.26:281][553]LogShaderCompilers: Display: Started 3 'Local' shader compile jobs with 'Normal' priority
[2025.03.24-04.46.26:343][553]LogShaderCompilers: Display: Worker (1/5): shaders left to compile 6
[2025.03.24-04.46.26:343][553]LogShaderCompilers: Display: Started 2 'Local' shader compile jobs with 'Normal' priority
[2025.03.24-04.46.26:367][553]Cmd: OBJ SAVEPACKAGE PACKAGE="/Game/MT/hamburger/INGREDIENTS" FILE="../../../../../../project/UE/room_escape/Content/MT/hamburger/INGREDIENTS.uasset" SILENT=true
[2025.03.24-04.46.26:377][553]LogSavePackage: Moving '../../../../../../project/UE/room_escape/Saved/INGREDIENTS321ECAA94CB72E36BE88DFB7BE3ABB08.tmp' to '../../../../../../project/UE/room_escape/Content/MT/hamburger/INGREDIENTS.uasset'
[2025.03.24-04.46.26:484][553]LogShaderCompilers: Display: Worker (2/5): shaders left to compile 4
[2025.03.24-04.46.26:484][553]LogShaderCompilers: Display: Started 2 'Local' shader compile jobs with 'Normal' priority
[2025.03.24-04.46.27:103][553]LogShaderCompilers: Display: Worker (1/5): shaders left to compile 2
[2025.03.24-04.46.27:103][553]LogShaderCompilers: Display: Started 1 'Local' shader compile jobs with 'Normal' priority
[2025.03.24-04.46.27:311][553]LogShaderCompilers: Display: Worker (2/5): shaders left to compile 1
[2025.03.24-04.46.27:311][553]LogShaderCompilers: Display: Started 1 'Local' shader compile jobs with 'Normal' priority
[2025.03.24-04.46.27:573][553]Cmd: OBJ SAVEPACKAGE PACKAGE="/Game/MT/hamburger/MEAT" FILE="../../../../../../project/UE/room_escape/Content/MT/hamburger/MEAT.uasset" SILENT=true
[2025.03.24-04.46.27:577][553]LogSavePackage: Moving '../../../../../../project/UE/room_escape/Saved/MEAT3125652E449FE5ACDD3CD180B3696319.tmp' to '../../../../../../project/UE/room_escape/Content/MT/hamburger/MEAT.uasset'
[2025.03.24-04.46.27:597][553]Cmd: OBJ SAVEPACKAGE PACKAGE="/Game/MT/hamburger/BREAD" FILE="../../../../../../project/UE/room_escape/Content/MT/hamburger/BREAD.uasset" SILENT=true
[2025.03.24-04.46.27:602][553]LogSavePackage: Moving '../../../../../../project/UE/room_escape/Saved/BREAD8C3D98154C87E96394D91690A4550A8C.tmp' to '../../../../../../project/UE/room_escape/Content/MT/hamburger/BREAD.uasset'
[2025.03.24-04.46.27:622][553]Cmd: OBJ SAVEPACKAGE PACKAGE="/Game/MT/hamburger/HAMBURGER" FILE="../../../../../../project/UE/room_escape/Content/MT/hamburger/HAMBURGER.uasset" SILENT=true
[2025.03.24-04.46.27:777][553]LogSavePackage: Moving '../../../../../../project/UE/room_escape/Saved/HAMBURGER821F6580459DC839B744678DA0E0AD55.tmp' to '../../../../../../project/UE/room_escape/Content/MT/hamburger/HAMBURGER.uasset'
[2025.03.24-04.46.27:935][553]LogUObjectHash: Compacting FUObjectHashTables data took   2.24ms
[2025.03.24-04.46.27:969][553]LogUObjectHash: Compacting FUObjectHashTables data took   1.32ms
[2025.03.24-04.46.27:991][553]LogUObjectHash: Compacting FUObjectHashTables data took   0.37ms
[2025.03.24-04.46.28:012][553]LogUObjectHash: Compacting FUObjectHashTables data took   0.37ms
[2025.03.24-04.46.28:033][553]LogUObjectHash: Compacting FUObjectHashTables data took   0.40ms
[2025.03.24-04.46.28:056][553]LogUObjectHash: Compacting FUObjectHashTables data took   0.40ms
[2025.03.24-04.46.28:086][553]LogUObjectHash: Compacting FUObjectHashTables data took   1.12ms
[2025.03.24-04.46.28:107][553]LogUObjectHash: Compacting FUObjectHashTables data took   0.39ms
[2025.03.24-04.46.28:196][553]AssetCheck: New page: Asset Save: multiple assets
[2025.03.24-04.46.28:196][553]LogContentValidation: Display: Validating PhysicsAsset /Game/MT/hamburger/HAMBURGER_PhysicsAsset.HAMBURGER_PhysicsAsset
[2025.03.24-04.46.28:196][553]LogContentValidation: Display: Validating Skeleton /Game/MT/hamburger/HAMBURGER_Skeleton.HAMBURGER_Skeleton
[2025.03.24-04.46.28:196][553]LogContentValidation: Display: Validating Material /Game/MT/hamburger/INGREDIENTS.INGREDIENTS
[2025.03.24-04.46.28:196][553]LogContentValidation: Display: Validating Material /Game/MT/hamburger/MEAT.MEAT
[2025.03.24-04.46.28:196][553]LogContentValidation: Display: Validating Material /Game/MT/hamburger/BREAD.BREAD
[2025.03.24-04.46.28:196][553]LogContentValidation: Display: Validating SkeletalMesh /Game/MT/hamburger/HAMBURGER.HAMBURGER
[2025.03.24-04.46.40:717][864]LogContentBrowser: Deferred new asset folder creation: NewFolder
[2025.03.24-04.46.40:853][864]LogContentBrowser: Creating deferred item: NewFolder
[2025.03.24-04.46.44:811][ 17]LogContentBrowser: Attempting asset rename: NewFolder -> elevator
[2025.03.24-04.46.44:815][ 17]LogContentBrowser: End creating deferred item NewFolder
[2025.03.24-04.47.26:025][957]Cmd: OBJ SAVEPACKAGE PACKAGE="/Game/MT/elevator/elevator" FILE="../../../../../../project/UE/room_escape/Content/MT/elevator/elevator.uasset" SILENT=true
[2025.03.24-04.47.26:037][957]LogSavePackage: Moving '../../../../../../project/UE/room_escape/Saved/elevatorE423CC9B4380F2137CA5CB8F46970E43.tmp' to '../../../../../../project/UE/room_escape/Content/MT/elevator/elevator.uasset'
[2025.03.24-04.47.26:037][957]Cmd: OBJ SAVEPACKAGE PACKAGE="/Game/MT/elevator" FILE="../../../../../../project/UE/room_escape/Content/MT/elevator.uasset" SILENT=true
[2025.03.24-04.47.26:038][957]LogSavePackage: Moving '../../../../../../project/UE/room_escape/Saved/elevatorFF9A7A9B4337DD491F8F59BE69163D41.tmp' to '../../../../../../project/UE/room_escape/Content/MT/elevator.uasset'
[2025.03.24-04.47.26:044][957]Cmd: OBJ SAVEPACKAGE PACKAGE="/Game/MT/elevator/elevator1" FILE="../../../../../../project/UE/room_escape/Content/MT/elevator/elevator1.uasset" SILENT=true
[2025.03.24-04.47.26:048][957]LogSavePackage: Moving '../../../../../../project/UE/room_escape/Saved/elevator1D6231C7E405B4B5C000E6684181A7239.tmp' to '../../../../../../project/UE/room_escape/Content/MT/elevator/elevator1.uasset'
[2025.03.24-04.47.26:064][957]Cmd: OBJ SAVEPACKAGE PACKAGE="/Game/MT/elevator/elevator1_Mat" FILE="../../../../../../project/UE/room_escape/Content/MT/elevator/elevator1_Mat.uasset" SILENT=true
[2025.03.24-04.47.26:070][957]LogSavePackage: Moving '../../../../../../project/UE/room_escape/Saved/elevator1_Mat8E86912F45DF44BE153076BBEFA0A9A5.tmp' to '../../../../../../project/UE/room_escape/Content/MT/elevator/elevator1_Mat.uasset'
[2025.03.24-04.47.26:075][957]Cmd: OBJ SAVEPACKAGE PACKAGE="/Game/MT/elevator/elevator_ncl1_1" FILE="../../../../../../project/UE/room_escape/Content/MT/elevator/elevator_ncl1_1.uasset" SILENT=true
[2025.03.24-04.47.26:077][957]LogSavePackage: Moving '../../../../../../project/UE/room_escape/Saved/elevator_ncl1_1B8C415574184A0CB045082B8233972C8.tmp' to '../../../../../../project/UE/room_escape/Content/MT/elevator/elevator_ncl1_1.uasset'
[2025.03.24-04.47.26:083][957]Cmd: OBJ SAVEPACKAGE PACKAGE="/Game/MT/elevator/elevator_ncl1_2" FILE="../../../../../../project/UE/room_escape/Content/MT/elevator/elevator_ncl1_2.uasset" SILENT=true
[2025.03.24-04.47.26:086][957]LogSavePackage: Moving '../../../../../../project/UE/room_escape/Saved/elevator_ncl1_2BA1320BA4740F10E9BA5FA83E5D92329.tmp' to '../../../../../../project/UE/room_escape/Content/MT/elevator/elevator_ncl1_2.uasset'
[2025.03.24-04.47.26:092][957]Cmd: OBJ SAVEPACKAGE PACKAGE="/Game/MT/elevator/elevator_ncl1_3" FILE="../../../../../../project/UE/room_escape/Content/MT/elevator/elevator_ncl1_3.uasset" SILENT=true
[2025.03.24-04.47.26:095][957]LogSavePackage: Moving '../../../../../../project/UE/room_escape/Saved/elevator_ncl1_3A33AF49C4D772672CBC3D28DA7BDCBF0.tmp' to '../../../../../../project/UE/room_escape/Content/MT/elevator/elevator_ncl1_3.uasset'
[2025.03.24-04.47.26:113][957]Cmd: OBJ SAVEPACKAGE PACKAGE="/Game/MT/elevator/elevator_ncl1_1_Mat" FILE="../../../../../../project/UE/room_escape/Content/MT/elevator/elevator_ncl1_1_Mat.uasset" SILENT=true
[2025.03.24-04.47.26:117][957]LogSavePackage: Moving '../../../../../../project/UE/room_escape/Saved/elevator_ncl1_1_Mat103EA11746191BDDB792DB8352BF2677.tmp' to '../../../../../../project/UE/room_escape/Content/MT/elevator/elevator_ncl1_1_Mat.uasset'
[2025.03.24-04.47.26:118][957]Cmd: OBJ SAVEPACKAGE PACKAGE="/Game/MT/elevator_ncl1_1_Mat" FILE="../../../../../../project/UE/room_escape/Content/MT/elevator_ncl1_1_Mat.uasset" SILENT=true
[2025.03.24-04.47.26:119][957]LogSavePackage: Moving '../../../../../../project/UE/room_escape/Saved/elevator_ncl1_1_Mat9A73CE4643DF473E2031EE8B67EE7850.tmp' to '../../../../../../project/UE/room_escape/Content/MT/elevator_ncl1_1_Mat.uasset'
[2025.03.24-04.47.26:136][957]Cmd: OBJ SAVEPACKAGE PACKAGE="/Game/MT/elevator/elevator_ncl1_2_Mat" FILE="../../../../../../project/UE/room_escape/Content/MT/elevator/elevator_ncl1_2_Mat.uasset" SILENT=true
[2025.03.24-04.47.26:141][957]LogSavePackage: Moving '../../../../../../project/UE/room_escape/Saved/elevator_ncl1_2_Mat4A0623BC43F24DEF4FD2A5B1D37D2816.tmp' to '../../../../../../project/UE/room_escape/Content/MT/elevator/elevator_ncl1_2_Mat.uasset'
[2025.03.24-04.47.26:159][957]Cmd: OBJ SAVEPACKAGE PACKAGE="/Game/MT/elevator/elevator_ncl1_3_Mat" FILE="../../../../../../project/UE/room_escape/Content/MT/elevator/elevator_ncl1_3_Mat.uasset" SILENT=true
[2025.03.24-04.47.26:164][957]LogSavePackage: Moving '../../../../../../project/UE/room_escape/Saved/elevator_ncl1_3_Mat30771ED845D240B5F295A8BECF3E32D8.tmp' to '../../../../../../project/UE/room_escape/Content/MT/elevator/elevator_ncl1_3_Mat.uasset'
[2025.03.24-04.47.26:165][957]Cmd: OBJ SAVEPACKAGE PACKAGE="/Game/MT/elevator_ncl1_3_Mat" FILE="../../../../../../project/UE/room_escape/Content/MT/elevator_ncl1_3_Mat.uasset" SILENT=true
[2025.03.24-04.47.26:165][957]LogSavePackage: Moving '../../../../../../project/UE/room_escape/Saved/elevator_ncl1_3_MatA35BE14A40B8E1D836A9798190DBFDCF.tmp' to '../../../../../../project/UE/room_escape/Content/MT/elevator_ncl1_3_Mat.uasset'
[2025.03.24-04.47.26:184][957]Cmd: OBJ SAVEPACKAGE PACKAGE="/Game/MT/elevator/guide" FILE="../../../../../../project/UE/room_escape/Content/MT/elevator/guide.uasset" SILENT=true
[2025.03.24-04.47.26:190][957]LogSavePackage: Moving '../../../../../../project/UE/room_escape/Saved/guideCA7E684246786ACAB290E5B1AE317EF3.tmp' to '../../../../../../project/UE/room_escape/Content/MT/elevator/guide.uasset'
[2025.03.24-04.47.26:207][957]Cmd: OBJ SAVEPACKAGE PACKAGE="/Game/MT/elevator/light" FILE="../../../../../../project/UE/room_escape/Content/MT/elevator/light.uasset" SILENT=true
[2025.03.24-04.47.26:213][957]LogSavePackage: Moving '../../../../../../project/UE/room_escape/Saved/light46BC033042EFB777116FC2A844A9C06F.tmp' to '../../../../../../project/UE/room_escape/Content/MT/elevator/light.uasset'
[2025.03.24-04.47.26:231][957]Cmd: OBJ SAVEPACKAGE PACKAGE="/Game/MT/elevator/metal" FILE="../../../../../../project/UE/room_escape/Content/MT/elevator/metal.uasset" SILENT=true
[2025.03.24-04.47.26:235][957]LogSavePackage: Moving '../../../../../../project/UE/room_escape/Saved/metal48CF145A45469D0EF1977DA521C33522.tmp' to '../../../../../../project/UE/room_escape/Content/MT/elevator/metal.uasset'
[2025.03.24-04.47.26:251][957]Cmd: OBJ SAVEPACKAGE PACKAGE="/Game/MT/elevator/metal-buttons" FILE="../../../../../../project/UE/room_escape/Content/MT/elevator/metal-buttons.uasset" SILENT=true
[2025.03.24-04.47.26:256][957]LogSavePackage: Moving '../../../../../../project/UE/room_escape/Saved/metal-buttons0C2EADAC4650A8B9572A5BB7D455A478.tmp' to '../../../../../../project/UE/room_escape/Content/MT/elevator/metal-buttons.uasset'
[2025.03.24-04.47.26:273][957]Cmd: OBJ SAVEPACKAGE PACKAGE="/Game/MT/elevator/metal-flat" FILE="../../../../../../project/UE/room_escape/Content/MT/elevator/metal-flat.uasset" SILENT=true
[2025.03.24-04.47.26:278][957]LogSavePackage: Moving '../../../../../../project/UE/room_escape/Saved/metal-flat51F1D08340B7BABC937431A76C362B56.tmp' to '../../../../../../project/UE/room_escape/Content/MT/elevator/metal-flat.uasset'
[2025.03.24-04.47.26:296][957]Cmd: OBJ SAVEPACKAGE PACKAGE="/Game/MT/elevator/metal-handle" FILE="../../../../../../project/UE/room_escape/Content/MT/elevator/metal-handle.uasset" SILENT=true
[2025.03.24-04.47.26:301][957]LogSavePackage: Moving '../../../../../../project/UE/room_escape/Saved/metal-handleA742D1EB445A5351C01CE9B23AF01C23.tmp' to '../../../../../../project/UE/room_escape/Content/MT/elevator/metal-handle.uasset'
[2025.03.24-04.47.26:319][957]Cmd: OBJ SAVEPACKAGE PACKAGE="/Game/MT/elevator/metal_elevator_jpg" FILE="../../../../../../project/UE/room_escape/Content/MT/elevator/metal_elevator_jpg.uasset" SILENT=true
[2025.03.24-04.47.26:325][957]LogSavePackage: Moving '../../../../../../project/UE/room_escape/Saved/metal_elevator_jpg592075794585F863393073A1CEFB8514.tmp' to '../../../../../../project/UE/room_escape/Content/MT/elevator/metal_elevator_jpg.uasset'
[2025.03.24-04.47.26:343][957]Cmd: OBJ SAVEPACKAGE PACKAGE="/Game/MT/elevator/sweethome3d_window_mirror" FILE="../../../../../../project/UE/room_escape/Content/MT/elevator/sweethome3d_window_mirror.uasset" SILENT=true
[2025.03.24-04.47.26:347][957]LogSavePackage: Moving '../../../../../../project/UE/room_escape/Saved/sweethome3d_window_mirrorAE9DCAE7462DD27AFC87DABE407CC886.tmp' to '../../../../../../project/UE/room_escape/Content/MT/elevator/sweethome3d_window_mirror.uasset'
[2025.03.24-04.47.26:364][957]Cmd: OBJ SAVEPACKAGE PACKAGE="/Game/MT/elevator/dark-floor" FILE="../../../../../../project/UE/room_escape/Content/MT/elevator/dark-floor.uasset" SILENT=true
[2025.03.24-04.47.26:368][957]LogSavePackage: Moving '../../../../../../project/UE/room_escape/Saved/dark-floor4696EDBF41C799205E0203B2745C96F7.tmp' to '../../../../../../project/UE/room_escape/Content/MT/elevator/dark-floor.uasset'
[2025.03.24-04.47.26:632][957]LogUObjectHash: Compacting FUObjectHashTables data took   1.26ms
[2025.03.24-04.47.26:656][957]LogUObjectHash: Compacting FUObjectHashTables data took   0.39ms
[2025.03.24-04.47.26:677][957]LogUObjectHash: Compacting FUObjectHashTables data took   0.40ms
[2025.03.24-04.47.26:700][957]LogUObjectHash: Compacting FUObjectHashTables data took   0.51ms
[2025.03.24-04.47.26:722][957]LogUObjectHash: Compacting FUObjectHashTables data took   0.39ms
[2025.03.24-04.47.26:743][957]LogUObjectHash: Compacting FUObjectHashTables data took   0.39ms
[2025.03.24-04.47.26:763][957]LogUObjectHash: Compacting FUObjectHashTables data took   0.36ms
[2025.03.24-04.47.26:786][957]LogUObjectHash: Compacting FUObjectHashTables data took   0.38ms
[2025.03.24-04.47.26:807][957]LogUObjectHash: Compacting FUObjectHashTables data took   0.41ms
[2025.03.24-04.47.26:830][957]LogUObjectHash: Compacting FUObjectHashTables data took   0.40ms
[2025.03.24-04.47.26:851][957]LogUObjectHash: Compacting FUObjectHashTables data took   0.40ms
[2025.03.24-04.47.26:874][957]LogUObjectHash: Compacting FUObjectHashTables data took   0.41ms
[2025.03.24-04.47.26:895][957]LogUObjectHash: Compacting FUObjectHashTables data took   0.40ms
[2025.03.24-04.47.26:916][957]LogUObjectHash: Compacting FUObjectHashTables data took   0.36ms
[2025.03.24-04.47.26:939][957]LogUObjectHash: Compacting FUObjectHashTables data took   0.52ms
[2025.03.24-04.47.26:971][957]LogUObjectHash: Compacting FUObjectHashTables data took   1.45ms
[2025.03.24-04.47.26:993][957]LogUObjectHash: Compacting FUObjectHashTables data took   0.46ms
[2025.03.24-04.47.27:041][957]Cmd: OBJ SAVEPACKAGE PACKAGE="/Game/MT/display" FILE="../../../../../../project/UE/room_escape/Content/MT/display.uasset" SILENT=true
[2025.03.24-04.47.27:049][957]LogSavePackage: Moving '../../../../../../project/UE/room_escape/Saved/display264564034416E6F959E98BB306DFBF43.tmp' to '../../../../../../project/UE/room_escape/Content/MT/display.uasset'
[2025.03.24-04.47.27:050][957]Cmd: OBJ SAVEPACKAGE PACKAGE="/Game/BP/Second/BP_Button" FILE="../../../../../../project/UE/room_escape/Content/BP/Second/BP_Button.uasset" SILENT=true
[2025.03.24-04.47.27:055][957]LogSavePackage: Moving '../../../../../../project/UE/room_escape/Saved/BP_Button9330DBF44B27AE4C5B6CEF8D8A06601E.tmp' to '../../../../../../project/UE/room_escape/Content/BP/Second/BP_Button.uasset'
[2025.03.24-04.47.27:124][957]AssetCheck: New page: Asset Save: multiple assets
[2025.03.24-04.47.27:124][957]LogContentValidation: Display: Validating Texture2D /Game/MT/elevator/elevator_ncl1_1.elevator_ncl1_1
[2025.03.24-04.47.27:124][957]LogContentValidation: Display: Validating Material /Game/MT/elevator/elevator_ncl1_1_Mat.elevator_ncl1_1_Mat
[2025.03.24-04.47.27:124][957]LogContentValidation: Display: Validating Texture2D /Game/MT/elevator/elevator_ncl1_3.elevator_ncl1_3
[2025.03.24-04.47.27:124][957]LogContentValidation: Display: Validating Material /Game/MT/elevator/elevator_ncl1_3_Mat.elevator_ncl1_3_Mat
[2025.03.24-04.47.27:124][957]LogContentValidation: Display: Validating Material /Game/MT/elevator/dark-floor.dark-floor
[2025.03.24-04.47.27:124][957]LogContentValidation: Display: Validating Material /Game/MT/display.display
[2025.03.24-04.47.27:124][957]LogContentValidation: Display: Validating Texture2D /Game/MT/elevator/elevator_ncl1_2.elevator_ncl1_2
[2025.03.24-04.47.27:124][957]LogContentValidation: Display: Validating Material /Game/MT/elevator/guide.guide
[2025.03.24-04.47.27:124][957]LogContentValidation: Display: Validating Material /Game/MT/elevator/light.light
[2025.03.24-04.47.27:124][957]LogContentValidation: Display: Validating Texture2D /Game/MT/elevator/elevator1.elevator1
[2025.03.24-04.47.27:124][957]LogContentValidation: Display: Validating Material /Game/MT/elevator/metal-buttons.metal-buttons
[2025.03.24-04.47.27:124][957]LogContentValidation: Display: Validating Material /Game/MT/elevator/metal-flat.metal-flat
[2025.03.24-04.47.27:124][957]LogContentValidation: Display: Validating Material /Game/MT/elevator/metal-handle.metal-handle
[2025.03.24-04.47.27:124][957]LogContentValidation: Display: Validating Material /Game/MT/elevator/metal.metal
[2025.03.24-04.47.27:124][957]LogContentValidation: Display: Validating Material /Game/MT/elevator/metal_elevator_jpg.metal_elevator_jpg
[2025.03.24-04.47.27:124][957]LogContentValidation: Display: Validating Material /Game/MT/elevator/sweethome3d_window_mirror.sweethome3d_window_mirror
[2025.03.24-04.47.27:125][957]LogContentValidation: Display: Validating StaticMesh /Game/MT/elevator/elevator.elevator
[2025.03.24-04.47.27:125][957]LogContentValidation: Display: Validating Material /Game/MT/elevator/elevator1_Mat.elevator1_Mat
[2025.03.24-04.47.27:125][957]LogContentValidation: Display: Validating ObjectRedirector /Game/MT/elevator_ncl1_3_Mat.elevator_ncl1_3_Mat
[2025.03.24-04.47.27:125][957]LogContentValidation: Display: Validating ObjectRedirector /Game/MT/elevator_ncl1_1_Mat.elevator_ncl1_1_Mat
[2025.03.24-04.47.27:125][957]LogContentValidation: Display: Validating ObjectRedirector /Game/MT/elevator.elevator
[2025.03.24-04.47.27:125][957]LogContentValidation: Display: Validating Material /Game/MT/elevator/elevator_ncl1_2_Mat.elevator_ncl1_2_Mat
[2025.03.24-04.47.27:125][957]LogContentValidation: Display: Validating Blueprint /Game/BP/Second/BP_Button.BP_Button
[2025.03.24-04.47.30:044][ 44]LogContentBrowser: Deferred new asset folder creation: NewFolder
[2025.03.24-04.47.30:075][ 44]LogContentBrowser: Creating deferred item: NewFolder
[2025.03.24-04.47.35:081][160]LogContentBrowser: Attempting asset rename: NewFolder -> doorKey
[2025.03.24-04.47.35:086][160]LogContentBrowser: End creating deferred item NewFolder
[2025.03.24-04.47.39:454][285]Cmd: OBJ SAVEPACKAGE PACKAGE="/Game/MT/elevator/display" FILE="../../../../../../project/UE/room_escape/Content/MT/elevator/display.uasset" SILENT=true
[2025.03.24-04.47.39:459][285]LogSavePackage: Moving '../../../../../../project/UE/room_escape/Saved/displayB4DAC4B04A7E0E532DA8998F602AF42F.tmp' to '../../../../../../project/UE/room_escape/Content/MT/elevator/display.uasset'
[2025.03.24-04.47.39:543][285]LogUObjectHash: Compacting FUObjectHashTables data took   1.50ms
[2025.03.24-04.47.39:574][285]LogUObjectHash: Compacting FUObjectHashTables data took   1.28ms
[2025.03.24-04.47.39:595][285]LogUObjectHash: Compacting FUObjectHashTables data took   0.41ms
[2025.03.24-04.47.39:627][285]Cmd: OBJ SAVEPACKAGE PACKAGE="/Game/MT/elevator/elevator" FILE="../../../../../../project/UE/room_escape/Content/MT/elevator/elevator.uasset" SILENT=true
[2025.03.24-04.47.39:630][285]LogSavePackage: Moving '../../../../../../project/UE/room_escape/Saved/elevator3D3763034A70936524C54E981BB1FC15.tmp' to '../../../../../../project/UE/room_escape/Content/MT/elevator/elevator.uasset'
[2025.03.24-04.47.39:678][285]AssetCheck: New page: Asset Save: multiple assets
[2025.03.24-04.47.39:678][285]LogContentValidation: Display: Validating Material /Game/MT/elevator/display.display
[2025.03.24-04.47.39:678][285]LogContentValidation: Display: Validating StaticMesh /Game/MT/elevator/elevator.elevator
[2025.03.24-04.47.45:912][437]Cmd: OBJ SAVEPACKAGE PACKAGE="/Game/MT/doorKey/18926_Berlin_KeyMat" FILE="../../../../../../project/UE/room_escape/Content/MT/doorKey/18926_Berlin_KeyMat.uasset" SILENT=true
[2025.03.24-04.47.45:920][437]LogSavePackage: Moving '../../../../../../project/UE/room_escape/Saved/18926_Berlin_KeyMat311AF5CD495F6814F788FE98CC8EB59F.tmp' to '../../../../../../project/UE/room_escape/Content/MT/doorKey/18926_Berlin_KeyMat.uasset'
[2025.03.24-04.47.45:940][437]Cmd: OBJ SAVEPACKAGE PACKAGE="/Game/MT/doorKey/color-frame" FILE="../../../../../../project/UE/room_escape/Content/MT/doorKey/color-frame.uasset" SILENT=true
[2025.03.24-04.47.45:944][437]LogSavePackage: Moving '../../../../../../project/UE/room_escape/Saved/color-frameF3B565F9416E105E1B4B9AA4B5B667CC.tmp' to '../../../../../../project/UE/room_escape/Content/MT/doorKey/color-frame.uasset'
[2025.03.24-04.47.45:964][437]Cmd: OBJ SAVEPACKAGE PACKAGE="/Game/MT/doorKey/door_key" FILE="../../../../../../project/UE/room_escape/Content/MT/doorKey/door_key.uasset" SILENT=true
[2025.03.24-04.47.46:098][437]LogSavePackage: Moving '../../../../../../project/UE/room_escape/Saved/door_key6D858B7949AAB4447C16F4854A464B3A.tmp' to '../../../../../../project/UE/room_escape/Content/MT/doorKey/door_key.uasset'
[2025.03.24-04.47.46:213][437]LogUObjectHash: Compacting FUObjectHashTables data took   2.87ms
[2025.03.24-04.47.46:236][437]LogUObjectHash: Compacting FUObjectHashTables data took   0.41ms
[2025.03.24-04.47.46:258][437]LogUObjectHash: Compacting FUObjectHashTables data took   0.38ms
[2025.03.24-04.47.46:289][437]LogUObjectHash: Compacting FUObjectHashTables data took   1.31ms
[2025.03.24-04.47.46:315][437]LogUObjectHash: Compacting FUObjectHashTables data took   0.76ms
[2025.03.24-04.47.46:342][437]Cmd: OBJ SAVEPACKAGE PACKAGE="/Game/BP/Second/BP_Button" FILE="../../../../../../project/UE/room_escape/Content/BP/Second/BP_Button.uasset" SILENT=true
[2025.03.24-04.47.46:345][437]LogSavePackage: Moving '../../../../../../project/UE/room_escape/Saved/BP_Button6B77D5F940F9FFA36D34049EDCD3270C.tmp' to '../../../../../../project/UE/room_escape/Content/BP/Second/BP_Button.uasset'
[2025.03.24-04.47.46:346][437]Cmd: OBJ SAVEPACKAGE PACKAGE="/Game/MT/elevator/elevator" FILE="../../../../../../project/UE/room_escape/Content/MT/elevator/elevator.uasset" SILENT=true
[2025.03.24-04.47.46:349][437]LogSavePackage: Moving '../../../../../../project/UE/room_escape/Saved/elevatorF8A01969477BB2FC71A8498571840F39.tmp' to '../../../../../../project/UE/room_escape/Content/MT/elevator/elevator.uasset'
[2025.03.24-04.47.46:371][437]Cmd: OBJ SAVEPACKAGE PACKAGE="/Game/BP/First/BP_DoorKey" FILE="../../../../../../project/UE/room_escape/Content/BP/First/BP_DoorKey.uasset" SILENT=true
[2025.03.24-04.47.46:389][437]LogSavePackage: Moving '../../../../../../project/UE/room_escape/Saved/BP_DoorKey7144B9144043BB64BC2937A357DBED12.tmp' to '../../../../../../project/UE/room_escape/Content/BP/First/BP_DoorKey.uasset'
[2025.03.24-04.47.46:441][437]AssetCheck: New page: Asset Save: multiple assets
[2025.03.24-04.47.46:441][437]LogContentValidation: Display: Validating StaticMesh /Game/MT/doorKey/door_key.door_key
[2025.03.24-04.47.46:441][437]LogContentValidation: Display: Validating Blueprint /Game/BP/First/BP_DoorKey.BP_DoorKey
[2025.03.24-04.47.46:441][437]LogContentValidation: Display: Validating Material /Game/MT/doorKey/color-frame.color-frame
[2025.03.24-04.47.46:441][437]LogContentValidation: Display: Validating StaticMesh /Game/MT/elevator/elevator.elevator
[2025.03.24-04.47.46:441][437]LogContentValidation: Display: Validating Material /Game/MT/doorKey/18926_Berlin_KeyMat.18926_Berlin_KeyMat
[2025.03.24-04.47.46:441][437]LogContentValidation: Display: Validating Blueprint /Game/BP/Second/BP_Button.BP_Button
[2025.03.24-04.47.53:726][700]BlueprintLog: New page: Compile BP_Table
[2025.03.24-04.47.53:785][700]LogUObjectHash: Compacting FUObjectHashTables data took   1.93ms
[2025.03.24-04.47.55:125][752]BlueprintLog: New page: Compile BP_SpotLight
[2025.03.24-04.47.55:191][752]LogUObjectHash: Compacting FUObjectHashTables data took   2.29ms
[2025.03.24-04.48.00:426][981]BlueprintLog: New page: Compile BP_TriggerArea
[2025.03.24-04.48.00:489][981]LogUObjectHash: Compacting FUObjectHashTables data took   2.42ms
[2025.03.24-04.48.04:359][148]BlueprintLog: New page: Compile BP_Button
[2025.03.24-04.48.04:427][148]LogUObjectHash: Compacting FUObjectHashTables data took   2.37ms
[2025.03.24-04.49.16:069][331]LogEditorViewport: Clicking on Actor (LMB): SkeletalMeshActor (HAMBURGER)
[2025.03.24-04.49.17:734][396]Cmd: DELETE
[2025.03.24-04.49.17:735][396]Cmd: ACTOR DELETE
[2025.03.24-04.49.17:759][396]LogEditorActor: Deleted Actor: SkeletalMeshActor
[2025.03.24-04.49.17:794][396]LogUObjectHash: Compacting FUObjectHashTables data took   2.55ms
[2025.03.24-04.49.17:795][396]LogEditorActor: Deleted 1 Actors (0.043 secs)
[2025.03.24-04.49.18:735][437]LogEditorViewport: Clicking on Actor (LMB): StaticMeshActor (Floor2)
[2025.03.24-04.50.21:583][709]LogUObjectHash: Compacting FUObjectHashTables data took   2.13ms
[2025.03.24-04.50.21:616][709]LogSavePackage: Moving '../../../../../../project/UE/room_escape/Saved/ThirdPersonExampleMap_Auto45554C7704A94B86B946223A29107BA76.tmp' to '../../../../../../project/UE/room_escape/Saved/Autosaves/Game/ThirdPersonBP/Maps/ThirdPersonExampleMap_Auto4.umap'
[2025.03.24-04.50.21:618][709]LogFileHelpers: Editor autosave (incl. external actors) for '/Game/ThirdPersonBP/Maps/ThirdPersonExampleMap' took 0.064
[2025.03.24-04.50.21:618][709]LogFileHelpers: Editor autosave (incl. sublevels & external actors) for all levels took 0.064
[2025.03.24-04.50.21:618][709]OBJ SavePackage: Generating thumbnails for [2] asset(s) in package [/Game/BP/Second/BP_SpotLight] ([2] browsable assets)...
[2025.03.24-04.50.21:638][709]OBJ SavePackage:     Rendered thumbnail for [Blueprint /Game/BP/Second/BP_SpotLight.BP_SpotLight]
[2025.03.24-04.50.21:638][709]OBJ SavePackage: Finished generating thumbnails for package [/Game/BP/Second/BP_SpotLight]
[2025.03.24-04.50.21:638][709]Cmd: OBJ SAVEPACKAGE PACKAGE="/Game/BP/Second/BP_SpotLight" FILE="../../../../../../project/UE/room_escape/Saved/Autosaves/Game/BP/Second/BP_SpotLight_Auto4.uasset" SILENT=false AUTOSAVING=true
[2025.03.24-04.50.21:644][709]LogSavePackage: Moving '../../../../../../project/UE/room_escape/Saved/BP_SpotLight_Auto4E3DAE85F40152946B9BB3FA84996BF3A.tmp' to '../../../../../../project/UE/room_escape/Saved/Autosaves/Game/BP/Second/BP_SpotLight_Auto4.uasset'
[2025.03.24-04.50.21:644][709]OBJ SavePackage: Generating thumbnails for [2] asset(s) in package [/Game/BP/Second/BP_TriggerArea] ([2] browsable assets)...
[2025.03.24-04.50.21:664][709]OBJ SavePackage:     Rendered thumbnail for [Blueprint /Game/BP/Second/BP_TriggerArea.BP_TriggerArea]
[2025.03.24-04.50.21:664][709]OBJ SavePackage: Finished generating thumbnails for package [/Game/BP/Second/BP_TriggerArea]
[2025.03.24-04.50.21:664][709]Cmd: OBJ SAVEPACKAGE PACKAGE="/Game/BP/Second/BP_TriggerArea" FILE="../../../../../../project/UE/room_escape/Saved/Autosaves/Game/BP/Second/BP_TriggerArea_Auto4.uasset" SILENT=false AUTOSAVING=true
[2025.03.24-04.50.21:677][709]LogSavePackage: Moving '../../../../../../project/UE/room_escape/Saved/BP_TriggerArea_Auto422E27369450A0F2892CD16A258E0793B.tmp' to '../../../../../../project/UE/room_escape/Saved/Autosaves/Game/BP/Second/BP_TriggerArea_Auto4.uasset'
[2025.03.24-04.50.21:678][709]OBJ SavePackage: Generating thumbnails for [2] asset(s) in package [/Game/BP/Second/BP_Table] ([2] browsable assets)...
[2025.03.24-04.50.21:700][709]OBJ SavePackage:     Rendered thumbnail for [Blueprint /Game/BP/Second/BP_Table.BP_Table]
[2025.03.24-04.50.21:700][709]OBJ SavePackage: Finished generating thumbnails for package [/Game/BP/Second/BP_Table]
[2025.03.24-04.50.21:700][709]Cmd: OBJ SAVEPACKAGE PACKAGE="/Game/BP/Second/BP_Table" FILE="../../../../../../project/UE/room_escape/Saved/Autosaves/Game/BP/Second/BP_Table_Auto4.uasset" SILENT=false AUTOSAVING=true
[2025.03.24-04.50.21:709][709]LogSavePackage: Moving '../../../../../../project/UE/room_escape/Saved/BP_Table_Auto490A0AB884FF1DDD1E2107096B9350963.tmp' to '../../../../../../project/UE/room_escape/Saved/Autosaves/Game/BP/Second/BP_Table_Auto4.uasset'
[2025.03.24-04.50.21:710][709]LogFileHelpers: Auto-saving content packages took 0.092
[2025.03.24-04.51.20:788][210]LogFactory: FactoryCreateFile: Texture with ReimportTextureFactory (0 0 D:\Download\Browser\hamburger\textures/bread-N.jpeg)
[2025.03.24-04.51.20:992][210]LogTexture: Display: Building textures: bread-N (OODLE_BC5, 4000X4000)
[2025.03.24-04.51.21:344][210]LogTextureFormatOodle: Display: non-RDO encode 4000 x 4000 x 1 to format OODLE_BC5 (Oodle OodleTex_BC5U) lambda=0 effort=20 
[2025.03.24-04.51.21:426][210]LogFactory: FactoryCreateFile: Texture with ReimportTextureFactory (0 0 D:\Download\Browser\hamburger\textures/bread_color.jpeg)
[2025.03.24-04.51.21:629][210]LogTexture: Display: Building textures: bread_color (OODLE_AutoDXT, 4000X4000)
[2025.03.24-04.51.22:848][210]LogTextureFormatOodle: Display: non-RDO encode 4000 x 4000 x 1 to format OODLE_AutoDXT (Oodle OodleTex_BC1_WithTransparency) lambda=0 effort=20 
[2025.03.24-04.51.22:891][210]LogFactory: FactoryCreateFile: Texture with ReimportTextureFactory (0 0 D:\Download\Browser\hamburger\textures/bread_spec.jpg)
[2025.03.24-04.51.22:975][210]LogTexture: Display: Building textures: bread_spec (OODLE_AutoDXT, 4000X4000)
[2025.03.24-04.51.23:367][210]LogTextureFormatOodle: Display: non-RDO encode 4000 x 4000 x 1 to format OODLE_AutoDXT (Oodle OodleTex_BC1_WithTransparency) lambda=0 effort=20 
[2025.03.24-04.51.23:422][210]LogFactory: FactoryCreateFile: Texture with ReimportTextureFactory (0 0 D:\Download\Browser\hamburger\textures/ingredients-C.jpeg)
[2025.03.24-04.51.23:622][210]LogTexture: Display: Building textures: ingredients-C (BGRA8, 3811X3811)
[2025.03.24-04.51.24:027][210]LogFactory: FactoryCreateFile: Texture with ReimportTextureFactory (0 0 D:\Download\Browser\hamburger\textures/ingredients-stc.jpeg)
[2025.03.24-04.51.24:079][210]LogTexture: Display: Building textures: ingredients-stc (BGRA8, 3811X3811)
[2025.03.24-04.51.24:533][210]LogFactory: FactoryCreateFile: Texture with ReimportTextureFactory (0 0 D:\Download\Browser\hamburger\textures/internal_ground_ao_texture.jpeg)
[2025.03.24-04.51.24:536][210]LogTexture: Display: Building textures: internal_ground_ao_texture (OODLE_AutoDXT, 512X512)
[2025.03.24-04.51.24:588][210]LogFactory: FactoryCreateFile: Texture with ReimportTextureFactory (0 0 D:\Download\Browser\hamburger\textures/MEAT-color.jpeg)
[2025.03.24-04.51.24:762][210]LogTexture: Display: Building textures: MEAT-color (OODLE_AutoDXT, 4000X4000)
[2025.03.24-04.51.26:481][210]LogTextureFormatOodle: Display: non-RDO encode 4000 x 4000 x 1 to format OODLE_AutoDXT (Oodle OodleTex_BC1_WithTransparency) lambda=0 effort=20 
[2025.03.24-04.51.26:572][210]LogFactory: FactoryCreateFile: Texture with ReimportTextureFactory (0 0 D:\Download\Browser\hamburger\textures/meat-normal.jpeg)
[2025.03.24-04.51.26:869][210]LogTexture: Display: Building textures: meat-normal (OODLE_BC5, 4000X4000)
[2025.03.24-04.51.27:269][210]LogTextureFormatOodle: Display: non-RDO encode 4000 x 4000 x 1 to format OODLE_BC5 (Oodle OodleTex_BC5U) lambda=0 effort=20 
[2025.03.24-04.56.08:011][857]LogAssetTools: Warning: Failed to import 'D:\Download\Browser\hamburger.glb'. Unknown extension 'glb'.
[2025.03.24-04.56.19:487][122]LogEditorViewport: Clicking on Actor (LMB): StaticMeshActor (Floor2)
[2025.03.24-04.56.20:164][161]LogEditorViewport: Clicking on Actor (LMB): SkeletalMeshActor (HAMBURGER)
[2025.03.24-04.56.27:093][370]LogUObjectHash: Compacting FUObjectHashTables data took   2.02ms
[2025.03.24-04.56.28:726][370]LogSlate: Window 'Save Content' being destroyed
[2025.03.24-04.56.28:757][370]Cmd: OBJ SAVEPACKAGE PACKAGE="/Game/BP/Second/BP_SpotLight" FILE="../../../../../../project/UE/room_escape/Content/BP/Second/BP_SpotLight.uasset" SILENT=true
[2025.03.24-04.56.28:760][370]LogSavePackage: Moving '../../../../../../project/UE/room_escape/Saved/BP_SpotLight7073ADF34C5EF35123C1F8A5346FF266.tmp' to '../../../../../../project/UE/room_escape/Content/BP/Second/BP_SpotLight.uasset'
[2025.03.24-04.56.28:781][370]Cmd: OBJ SAVEPACKAGE PACKAGE="/Game/BP/Second/BP_Table" FILE="../../../../../../project/UE/room_escape/Content/BP/Second/BP_Table.uasset" SILENT=true
[2025.03.24-04.56.28:791][370]LogSavePackage: Moving '../../../../../../project/UE/room_escape/Saved/BP_TableF3F4805A4755222DDD164EBED44A632E.tmp' to '../../../../../../project/UE/room_escape/Content/BP/Second/BP_Table.uasset'
[2025.03.24-04.56.28:792][370]Cmd: OBJ SAVEPACKAGE PACKAGE="/Game/BP/Second/BP_TriggerArea" FILE="../../../../../../project/UE/room_escape/Content/BP/Second/BP_TriggerArea.uasset" SILENT=true
[2025.03.24-04.56.28:806][370]LogSavePackage: Moving '../../../../../../project/UE/room_escape/Saved/BP_TriggerAreaAFF072E5438B4B78DEC3E2A50B547453.tmp' to '../../../../../../project/UE/room_escape/Content/BP/Second/BP_TriggerArea.uasset'
[2025.03.24-04.56.28:813][370]Cmd: OBJ SAVEPACKAGE PACKAGE="/Game/MT/hamburger/textures/bread-N" FILE="../../../../../../project/UE/room_escape/Content/MT/hamburger/textures/bread-N.uasset" SILENT=true
[2025.03.24-04.56.29:937][370]LogSavePackage: Moving '../../../../../../project/UE/room_escape/Saved/bread-N883E62BF496375301D7C28AE8175A1ED.tmp' to '../../../../../../project/UE/room_escape/Content/MT/hamburger/textures/bread-N.uasset'
[2025.03.24-04.56.29:943][370]Cmd: OBJ SAVEPACKAGE PACKAGE="/Game/MT/hamburger/textures/bread_color" FILE="../../../../../../project/UE/room_escape/Content/MT/hamburger/textures/bread_color.uasset" SILENT=true
[2025.03.24-04.56.31:216][370]LogSavePackage: Moving '../../../../../../project/UE/room_escape/Saved/bread_colorC061C2A34CB7C05B696C899537D8E754.tmp' to '../../../../../../project/UE/room_escape/Content/MT/hamburger/textures/bread_color.uasset'
[2025.03.24-04.56.31:220][370]Cmd: OBJ SAVEPACKAGE PACKAGE="/Game/MT/hamburger/textures/bread_spec" FILE="../../../../../../project/UE/room_escape/Content/MT/hamburger/textures/bread_spec.uasset" SILENT=true
[2025.03.24-04.56.31:467][370]LogSavePackage: Moving '../../../../../../project/UE/room_escape/Saved/bread_spec5E8554FF4FE9102983EBF78E6790250F.tmp' to '../../../../../../project/UE/room_escape/Content/MT/hamburger/textures/bread_spec.uasset'
[2025.03.24-04.56.31:474][370]Cmd: OBJ SAVEPACKAGE PACKAGE="/Game/MT/hamburger/textures/ingredients-C" FILE="../../../../../../project/UE/room_escape/Content/MT/hamburger/textures/ingredients-C.uasset" SILENT=true
[2025.03.24-04.56.32:415][370]LogSavePackage: Moving '../../../../../../project/UE/room_escape/Saved/ingredients-C731800E140E95A9A8C0DD1B87B383C1E.tmp' to '../../../../../../project/UE/room_escape/Content/MT/hamburger/textures/ingredients-C.uasset'
[2025.03.24-04.56.32:427][370]Cmd: OBJ SAVEPACKAGE PACKAGE="/Game/MT/hamburger/textures/ingredients-stc" FILE="../../../../../../project/UE/room_escape/Content/MT/hamburger/textures/ingredients-stc.uasset" SILENT=true
[2025.03.24-04.56.32:655][370]LogSavePackage: Moving '../../../../../../project/UE/room_escape/Saved/ingredients-stcF2B1D340476D8084DE8F53AA5B600107.tmp' to '../../../../../../project/UE/room_escape/Content/MT/hamburger/textures/ingredients-stc.uasset'
[2025.03.24-04.56.32:679][370]LogSavePackage: Moving '../../../../../../project/UE/room_escape/Saved/internal_ground_ao_texture022024FF45F4EFD45331E3B26633BF52.tmp' to '../../../../../../project/UE/room_escape/Content/MT/hamburger/textures/internal_ground_ao_texture.uasset'
[2025.03.24-04.56.32:688][370]Cmd: OBJ SAVEPACKAGE PACKAGE="/Game/MT/hamburger/textures/MEAT-color" FILE="../../../../../../project/UE/room_escape/Content/MT/hamburger/textures/MEAT-color.uasset" SILENT=true
[2025.03.24-04.56.33:833][370]LogSavePackage: Moving '../../../../../../project/UE/room_escape/Saved/MEAT-color8E53C21046CA23F788E71F8F4018B171.tmp' to '../../../../../../project/UE/room_escape/Content/MT/hamburger/textures/MEAT-color.uasset'
[2025.03.24-04.56.33:844][370]Cmd: OBJ SAVEPACKAGE PACKAGE="/Game/MT/hamburger/textures/meat-normal" FILE="../../../../../../project/UE/room_escape/Content/MT/hamburger/textures/meat-normal.uasset" SILENT=true
[2025.03.24-04.56.35:857][370]LogSavePackage: Moving '../../../../../../project/UE/room_escape/Saved/meat-normal307FA2C549E51DCFC79B4E806B71A761.tmp' to '../../../../../../project/UE/room_escape/Content/MT/hamburger/textures/meat-normal.uasset'
[2025.03.24-04.56.35:891][370]LogUObjectHash: Compacting FUObjectHashTables data took   0.76ms
[2025.03.24-04.56.35:922][370]LogSavePackage: Moving '../../../../../../project/UE/room_escape/Saved/ThirdPersonExampleMapE88871604DCDAB8D258359B8CA119C4C.tmp' to '../../../../../../project/UE/room_escape/Content/ThirdPersonBP/Maps/ThirdPersonExampleMap.umap'
[2025.03.24-04.56.35:953][370]LogFileHelpers: Saving map 'ThirdPersonExampleMap' took 0.095
[2025.03.24-04.56.35:987][370]AssetCheck: New page: Asset Save: multiple assets
[2025.03.24-04.56.35:987][370]LogContentValidation: Display: Validating World /Game/ThirdPersonBP/Maps/ThirdPersonExampleMap.ThirdPersonExampleMap
[2025.03.24-04.56.35:987][370]LogContentValidation: Display: Validating Blueprint /Game/BP/Second/BP_SpotLight.BP_SpotLight
[2025.03.24-04.56.35:988][370]LogContentValidation: Display: Validating Blueprint /Game/BP/Second/BP_Table.BP_Table
[2025.03.24-04.56.35:988][370]LogContentValidation: Display: Validating Texture2D /Game/MT/hamburger/textures/meat-normal.meat-normal
[2025.03.24-04.56.35:988][370]LogContentValidation: Display: Validating Texture2D /Game/MT/hamburger/textures/MEAT-color.MEAT-color
[2025.03.24-04.56.35:988][370]LogContentValidation: Display: Validating Texture2D /Game/MT/hamburger/textures/internal_ground_ao_texture.internal_ground_ao_texture
[2025.03.24-04.56.35:988][370]LogContentValidation: Display: Validating Texture2D /Game/MT/hamburger/textures/ingredients-stc.ingredients-stc
[2025.03.24-04.56.35:988][370]LogContentValidation: Display: Validating Texture2D /Game/MT/hamburger/textures/ingredients-C.ingredients-C
[2025.03.24-04.56.35:988][370]LogContentValidation: Display: Validating Blueprint /Game/BP/Second/BP_TriggerArea.BP_TriggerArea
[2025.03.24-04.56.35:988][370]LogContentValidation: Display: Validating Texture2D /Game/MT/hamburger/textures/bread_spec.bread_spec
[2025.03.24-04.56.35:988][370]LogContentValidation: Display: Validating Texture2D /Game/MT/hamburger/textures/bread_color.bread_color
[2025.03.24-04.56.35:988][370]LogContentValidation: Display: Validating Texture2D /Game/MT/hamburger/textures/bread-N.bread-N
[2025.03.24-04.59.16:570][446]LogMaterial: Display: Material /Game/StarterContent/Materials/M_CobbleStone_Rough.M_CobbleStone_Rough needed to have new flag set bUsedWithSkeletalMesh !
[2025.03.24-04.59.16:579][446]LogMaterial: Display: Missing cached shadermap for M_CobbleStone_Rough in PCD3D_SM5, Default, SM5 (DDC key hash: 2F68FE79615A6C7DAF336B2D6237FEBBB3C28CD5), compiling. 
[2025.03.24-04.59.16:639][446]LogShaderCompilers: Display: Submitted 41 shader compile jobs with 'Low' priority
[2025.03.24-04.59.16:679][447]LogShaderCompilers: Display: Worker (1/5): shaders left to compile 41
[2025.03.24-04.59.16:679][447]LogShaderCompilers: Display: Worker (2/5): shaders left to compile 31
[2025.03.24-04.59.16:679][447]LogShaderCompilers: Display: Worker (3/5): shaders left to compile 21
[2025.03.24-04.59.16:679][447]LogShaderCompilers: Display: Worker (4/5): shaders left to compile 11
[2025.03.24-04.59.16:679][447]LogShaderCompilers: Display: Started 40 'Local' shader compile jobs with 'Low' priority
[2025.03.24-04.59.27:036][654]LogAssetEditorSubsystem: Opening Asset editor for Material /Game/MT/hamburger/BREAD.BREAD
[2025.03.24-04.59.27:044][654]LogMaterial: Display: Missing cached shadermap for BREAD in PCD3D_SM5, Default, SM5 (DDC key hash: 5AF135B6CC99D018EC9474FA914DEC0B5B7B07CE), compiling. 
[2025.03.24-04.59.27:143][654]LogShaderCompilers: Display: === FShaderJobCache stats ===
[2025.03.24-04.59.27:143][654]LogShaderCompilers: Display: Total job queries 256, among them cache hits 23 (8.98%)
[2025.03.24-04.59.27:143][654]LogShaderCompilers: Display: Tracking 96 distinct input hashes that result in 23 distinct outputs (23.96%)
[2025.03.24-04.59.27:143][654]LogShaderCompilers: Display: RAM used: 0.13 MB (0.00 GB) of 819.20 MB (0.80 GB) budget. Usage: 0.02%
[2025.03.24-04.59.27:143][654]LogShaderCompilers: Display: ================================================
[2025.03.24-04.59.27:166][654]LogTexture: Default maximum texture size for cubemaps generated from long-lat sources has been changed from 512 to unlimited. In order to preserve old behaiour for '/Engine/EditorMaterials/AssetViewer/EpicQuadPanorama_CC+EV1.EpicQuadPanorama_CC+EV1', its maximum texture size has been explicitly set to 512.
[2025.03.24-04.59.27:392][654]LogTexture: Default maximum texture size for cubemaps generated from long-lat sources has been changed from 512 to unlimited. In order to preserve old behaiour for '/Engine/MapTemplates/Sky/SunsetAmbientCubemap.SunsetAmbientCubemap', its maximum texture size has been explicitly set to 512.
[2025.03.24-04.59.27:675][654]LogMaterial: Display: Missing cached shadermap for BREAD in PCD3D_SM5, Default, SM5 (DDC key hash: B56031B95E254FA470F85E3052AC8FDFE600ABEA), compiling. 
[2025.03.24-04.59.27:679][654]LogMaterial: Display: Missing cached shadermap for FMatExpressionPreview MaterialExpressionVectorParameter_0 in PCD3D_SM5, Default, SM5 (DDC key hash: 3423A79D2920178E4D812D9B6609171588364593), compiling. 
[2025.03.24-04.59.27:727][654]MaterialEditorStats: Texture samplers: 0/16
[2025.03.24-04.59.27:897][655]LogShaderCompilers: Display: Submitted 2 shader compile jobs with 'ForceLocal' priority
[2025.03.24-04.59.27:897][655]MaterialEditorStats: Base pass shader: 119 instructions
[2025.03.24-04.59.27:897][655]MaterialEditorStats: Base pass shader with Volumetric Lightmap: 193 instructions
[2025.03.24-04.59.27:897][655]MaterialEditorStats: Base pass vertex shader: 42 instructions
[2025.03.24-04.59.27:897][655]MaterialEditorStats: Base pass vertex shader: 96 instructions
[2025.03.24-04.59.27:897][655]MaterialEditorStats: Texture samplers: 2/16
[2025.03.24-04.59.31:295][739]LogShaderCompilers: Display: Worker (1/5): shaders left to compile 2
[2025.03.24-04.59.31:295][739]LogShaderCompilers: Display: Started 1 'Local' shader compile jobs with 'ForceLocal' priority
[2025.03.24-04.59.32:527][782]LogShaderCompilers: Display: Worker (1/5): shaders left to compile 1
[2025.03.24-04.59.32:527][782]LogShaderCompilers: Display: Started 1 'Local' shader compile jobs with 'ForceLocal' priority
[2025.03.24-04.59.33:398][813]LogShaderCompilers: Display: Worker (1/5): shaders left to compile 1
[2025.03.24-04.59.33:398][813]LogShaderCompilers: Display: Started 1 'Local' shader compile jobs with 'Normal' priority
[2025.03.24-04.59.37:799][991]LogWorld: UWorld::CleanupWorld for World_24, bSessionEnded=true, bCleanupResources=true
[2025.03.24-04.59.37:800][991]LogSlate: InvalidateAllWidgets triggered.  All widgets were invalidated
[2025.03.24-04.59.40:402][ 52]LogAssetEditorSubsystem: Opening Asset editor for SkeletalMesh /Game/MT/hamburger/HAMBURGER.HAMBURGER
[2025.03.24-04.59.40:516][ 52]LogNativeClassHierarchy: Verbose: Native class hierarchy updated for 'SkeletonEditor' in 0.0014 seconds. Added 1 classes and 2 folders.
[2025.03.24-04.59.40:536][ 52]LogActorComponent: RegisterComponentWithWorld: (/Engine/Transient.World_25:PersistentLevel.AnimationEditorPreviewActor_0.DebugSkelMeshComponent_0) Already registered. Aborting.
[2025.03.24-04.59.40:570][ 52]LogNativeClassHierarchy: Verbose: Native class hierarchy updated for 'PinnedCommandList' in 0.0003 seconds. Added 1 classes and 0 folders.
[2025.03.24-04.59.41:474][ 53]LogRenderer: Reallocating scene render targets to support 1192x760 Format 10 NumSamples 1 (Frame:1).
[2025.03.24-05.00.03:855][574]LogMaterial: Display: Missing cached shadermap for bread-N_Mat in PCD3D_SM5, Default, SM5 (DDC key hash: 15EB2B2FEBD8A3F191B568D41A50771FB0D225A0), compiling. 
[2025.03.24-05.00.03:877][574]LogMaterial: Display: Material /Game/MT/hamburger/textures/bread-N_Mat.bread-N_Mat needed to have new flag set bUsedWithSkeletalMesh !
[2025.03.24-05.00.03:879][574]LogMaterial: Display: Missing cached shadermap for bread-N_Mat in PCD3D_SM5, Default, SM5 (DDC key hash: E73906F680028FB6702CAD9A2561FB087B03A8D9), compiling. 
[2025.03.24-05.00.03:907][574]LogShaderCompilers: Display: Submitted 32 shader compile jobs with 'Low' priority
[2025.03.24-05.00.03:919][574]LogShaderCompilers: Display: Worker (1/5): shaders left to compile 2
[2025.03.24-05.00.03:919][574]LogShaderCompilers: Display: Worker (2/5): shaders left to compile 1
[2025.03.24-05.00.03:919][574]LogShaderCompilers: Display: Worker (3/5): shaders left to compile 30
[2025.03.24-05.00.03:919][574]LogShaderCompilers: Display: Worker (4/5): shaders left to compile 22
[2025.03.24-05.00.03:919][574]LogShaderCompilers: Display: Started 16 'Local' shader compile jobs with 'Low' priority
[2025.03.24-05.00.03:919][574]LogShaderCompilers: Display: Started 2 'Local' shader compile jobs with 'ForceLocal' priority
[2025.03.24-05.00.04:745][593]LogShaderCompilers: Display: Worker (2/5): shaders left to compile 14
[2025.03.24-05.00.04:745][593]LogShaderCompilers: Display: Started 4 'Local' shader compile jobs with 'Normal' priority
[2025.03.24-05.00.05:107][602]LogShaderCompilers: Display: Worker (1/5): shaders left to compile 10
[2025.03.24-05.00.05:107][602]LogShaderCompilers: Display: Started 3 'Local' shader compile jobs with 'Normal' priority
[2025.03.24-05.00.06:805][644]LogShaderCompilers: Display: Worker (2/5): shaders left to compile 7
[2025.03.24-05.00.06:806][644]LogShaderCompilers: Display: Started 2 'Local' shader compile jobs with 'Normal' priority
[2025.03.24-05.00.07:990][673]LogShaderCompilers: Display: Worker (1/5): shaders left to compile 5
[2025.03.24-05.00.07:990][673]LogShaderCompilers: Display: Started 2 'Local' shader compile jobs with 'Normal' priority
[2025.03.24-05.00.08:686][683]LogShaderCompilers: Display: Worker (2/5): shaders left to compile 3
[2025.03.24-05.00.08:686][683]LogShaderCompilers: Display: Started 1 'Local' shader compile jobs with 'Normal' priority
[2025.03.24-05.00.08:686][683]LogUObjectHash: Compacting FUObjectHashTables data took   9.57ms
[2025.03.24-05.00.09:105][683]LogShaderCompilers: Display: Worker (1/5): shaders left to compile 2
[2025.03.24-05.00.09:105][683]LogShaderCompilers: Display: Started 1 'Local' shader compile jobs with 'Normal' priority
[2025.03.24-05.00.09:232][683]LogShaderCompilers: Display: Worker (2/5): shaders left to compile 1
[2025.03.24-05.00.09:232][683]LogShaderCompilers: Display: Started 1 'Local' shader compile jobs with 'Normal' priority
[2025.03.24-05.00.09:787][683]LogSlate: Window 'Delete Assets' being destroyed
[2025.03.24-05.00.09:916][683]LogUObjectGlobals: Force Deleting 1 Package(s):
	Asset Name: /Game/MT/hamburger/textures/bread-N_Mat.bread-N_Mat
[2025.03.24-05.00.12:839][683]LogUObjectHash: Compacting FUObjectHashTables data took   3.09ms
[2025.03.24-05.00.16:332][788]LogEditorViewport: Clicking on Actor (LMB): SkeletalMeshActor (HAMBURGER)
[2025.03.24-05.01.48:984][587]LogEditorViewport: Clicking on Actor (LMB): StaticMeshActor (Floor2)
[2025.03.24-05.02.03:652][ 25]LogEditorViewport: Clicking on Actor (LMB): SkeletalMeshActor (HAMBURGER)
[2025.03.24-05.02.36:561][905]LogMaterial: Display: Missing cached shadermap for bread_color_Mat in PCD3D_SM5, Default, SM5 (DDC key hash: 002C52FD444BDCB8A3CC819E69D2B7801BDE52D2), compiling. 
[2025.03.24-05.02.36:583][905]LogShaderCompilers: Display: Submitted 2 shader compile jobs with 'ForceLocal' priority
[2025.03.24-05.02.36:583][905]LogShaderCompilers: Display: Worker (1/5): shaders left to compile 2
[2025.03.24-05.02.36:583][905]LogShaderCompilers: Display: Worker (2/5): shaders left to compile 1
[2025.03.24-05.02.36:583][905]LogShaderCompilers: Display: Started 2 'Local' shader compile jobs with 'ForceLocal' priority
[2025.03.24-05.02.36:599][905]LogShaderCompilers: Display: Worker (3/5): shaders left to compile 8
[2025.03.24-05.02.36:599][905]LogShaderCompilers: Display: Submitted 14 shader compile jobs with 'Normal' priority
[2025.03.24-05.02.36:599][905]LogShaderCompilers: Display: Worker (4/5): shaders left to compile 11
[2025.03.24-05.02.36:599][905]LogShaderCompilers: Display: Started 6 'Local' shader compile jobs with 'Normal' priority
[2025.03.24-05.02.37:712][929]LogShaderCompilers: Display: Worker (2/5): shaders left to compile 1
[2025.03.24-05.02.37:713][929]LogShaderCompilers: Display: Started 1 'Local' shader compile jobs with 'ForceLocal' priority
[2025.03.24-05.02.37:716][929]LogShaderCompilers: Display: === FShaderJobCache stats ===
[2025.03.24-05.02.37:717][929]LogShaderCompilers: Display: Total job queries 335, among them cache hits 52 (15.52%)
[2025.03.24-05.02.37:717][929]LogShaderCompilers: Display: Tracking 172 distinct input hashes that result in 72 distinct outputs (41.86%)
[2025.03.24-05.02.37:717][929]LogShaderCompilers: Display: RAM used: 0.62 MB (0.00 GB) of 819.20 MB (0.80 GB) budget. Usage: 0.08%
[2025.03.24-05.02.37:717][929]LogShaderCompilers: Display: ================================================
[2025.03.24-05.02.38:750][955]LogShaderCompilers: Display: Worker (1/5): shaders left to compile 7
[2025.03.24-05.02.38:750][955]LogShaderCompilers: Display: Started 2 'Local' shader compile jobs with 'Normal' priority
[2025.03.24-05.02.39:385][971]LogShaderCompilers: Display: Worker (3/5): shaders left to compile 5
[2025.03.24-05.02.39:385][971]LogShaderCompilers: Display: Started 2 'Local' shader compile jobs with 'Normal' priority
[2025.03.24-05.02.39:443][972]LogShaderCompilers: Display: Worker (2/5): shaders left to compile 3
[2025.03.24-05.02.39:443][972]LogShaderCompilers: Display: Started 1 'Local' shader compile jobs with 'Normal' priority
[2025.03.24-05.02.40:431][999]Cmd: TRANSACTION UNDO
[2025.03.24-05.02.40:432][999]LogEditorTransaction: Undo Create Actors
[2025.03.24-05.02.40:468][999]LogShaderCompilers: Display: Worker (2/5): shaders left to compile 2
[2025.03.24-05.02.40:468][999]LogShaderCompilers: Display: Started 1 'Local' shader compile jobs with 'Normal' priority
[2025.03.24-05.02.40:477][999]LogActorComponent: RegisterComponentWithWorld: (/Engine/Transient.World_25:PersistentLevel.AnimationEditorPreviewActor_0.DebugSkelMeshComponent_0) Already registered. Aborting.
[2025.03.24-05.02.40:732][999]LogShaderCompilers: Display: Worker (1/5): shaders left to compile 1
[2025.03.24-05.02.40:732][999]LogShaderCompilers: Display: Started 1 'Local' shader compile jobs with 'Normal' priority
[2025.03.24-05.02.49:360][282]LogMaterial: Display: Material /Game/MT/hamburger/textures/bread_color_Mat.bread_color_Mat needed to have new flag set bUsedWithSkeletalMesh !
[2025.03.24-05.02.49:362][282]LogMaterial: Display: Missing cached shadermap for bread_color_Mat in PCD3D_SM5, Default, SM5 (DDC key hash: 8AB190FADBBF9DB31F6035582BCF77084F4903F6), compiling. 
[2025.03.24-05.02.49:389][282]LogShaderCompilers: Display: Submitted 16 shader compile jobs with 'Low' priority
[2025.03.24-05.02.49:429][283]LogShaderCompilers: Display: Worker (1/5): shaders left to compile 2
[2025.03.24-05.02.49:429][283]LogShaderCompilers: Display: Worker (2/5): shaders left to compile 1
[2025.03.24-05.02.49:429][283]LogShaderCompilers: Display: Worker (3/5): shaders left to compile 14
[2025.03.24-05.02.49:429][283]LogShaderCompilers: Display: Worker (4/5): shaders left to compile 10
[2025.03.24-05.02.49:429][283]LogShaderCompilers: Display: Started 8 'Local' shader compile jobs with 'Low' priority
[2025.03.24-05.02.49:429][283]LogShaderCompilers: Display: Started 2 'Local' shader compile jobs with 'ForceLocal' priority
[2025.03.24-05.02.50:109][302]LogEditorViewport: Clicking on Actor (LMB): StaticMeshActor (Floor2)
[2025.03.24-05.02.50:139][302]LogShaderCompilers: Display: Worker (2/5): shaders left to compile 6
[2025.03.24-05.02.50:140][302]LogShaderCompilers: Display: Started 2 'Local' shader compile jobs with 'Normal' priority
[2025.03.24-05.02.50:384][307]LogShaderCompilers: Display: Worker (1/5): shaders left to compile 4
[2025.03.24-05.02.50:384][307]LogShaderCompilers: Display: Started 2 'Local' shader compile jobs with 'Normal' priority
[2025.03.24-05.02.51:667][336]LogShaderCompilers: Display: Worker (3/5): shaders left to compile 2
[2025.03.24-05.02.51:667][336]LogShaderCompilers: Display: Started 1 'Local' shader compile jobs with 'Normal' priority
[2025.03.24-05.02.52:280][353]LogShaderCompilers: Display: Worker (3/5): shaders left to compile 1
[2025.03.24-05.02.52:280][353]LogShaderCompilers: Display: Started 1 'Local' shader compile jobs with 'Normal' priority
[2025.03.24-05.02.54:840][430]LogMaterial: Display: Missing cached shadermap for ingredients-C_Mat in PCD3D_SM5, Default, SM5 (DDC key hash: 958FCA73C47E48DF22988DA1A220DA40D442FB0F), compiling. 
[2025.03.24-05.02.54:856][430]LogMaterial: Display: Material /Game/MT/hamburger/textures/ingredients-C_Mat.ingredients-C_Mat needed to have new flag set bUsedWithSkeletalMesh !
[2025.03.24-05.02.54:857][430]LogMaterial: Display: Missing cached shadermap for ingredients-C_Mat in PCD3D_SM5, Default, SM5 (DDC key hash: 47DE4A9DE41F86AD3E2281317C21D8040CA3EF97), compiling. 
[2025.03.24-05.02.54:883][430]LogShaderCompilers: Display: Submitted 32 shader compile jobs with 'Low' priority
[2025.03.24-05.02.54:934][431]LogShaderCompilers: Display: Worker (1/5): shaders left to compile 2
[2025.03.24-05.02.54:934][431]LogShaderCompilers: Display: Worker (2/5): shaders left to compile 1
[2025.03.24-05.02.54:934][431]LogShaderCompilers: Display: Worker (3/5): shaders left to compile 30
[2025.03.24-05.02.54:934][431]LogShaderCompilers: Display: Worker (4/5): shaders left to compile 22
[2025.03.24-05.02.54:934][431]LogShaderCompilers: Display: Started 16 'Local' shader compile jobs with 'Low' priority
[2025.03.24-05.02.54:934][431]LogShaderCompilers: Display: Started 2 'Local' shader compile jobs with 'ForceLocal' priority
[2025.03.24-05.02.55:362][438]LogShaderCompilers: Display: Worker (2/5): shaders left to compile 14
[2025.03.24-05.02.55:362][438]LogShaderCompilers: Display: Started 4 'Local' shader compile jobs with 'Normal' priority
[2025.03.24-05.02.55:722][447]LogShaderCompilers: Display: Worker (1/5): shaders left to compile 10
[2025.03.24-05.02.55:722][447]LogShaderCompilers: Display: Started 3 'Local' shader compile jobs with 'Normal' priority
[2025.03.24-05.02.58:083][502]LogShaderCompilers: Display: Worker (2/5): shaders left to compile 7
[2025.03.24-05.02.58:083][502]LogShaderCompilers: Display: Started 2 'Local' shader compile jobs with 'Normal' priority
[2025.03.24-05.03.00:014][554]LogShaderCompilers: Display: Worker (2/5): shaders left to compile 5
[2025.03.24-05.03.00:014][554]LogShaderCompilers: Display: Started 2 'Local' shader compile jobs with 'Normal' priority
[2025.03.24-05.03.00:062][554]LogMaterial: Display: Missing cached shadermap for MEAT-color_Mat in PCD3D_SM5, Default, SM5 (DDC key hash: BEDCCB9A39A20D916F43ECDA271239B8D2CF00C2), compiling. 
[2025.03.24-05.03.00:084][554]LogMaterial: Display: Material /Game/MT/hamburger/textures/MEAT-color_Mat.MEAT-color_Mat needed to have new flag set bUsedWithSkeletalMesh !
[2025.03.24-05.03.00:086][554]LogMaterial: Display: Missing cached shadermap for MEAT-color_Mat in PCD3D_SM5, Default, SM5 (DDC key hash: 7FC2C937DCF7B565899DDFDD51252EBAE5E0D083), compiling. 
[2025.03.24-05.03.00:128][554]LogShaderCompilers: Display: Worker (1/5): shaders left to compile 3
[2025.03.24-05.03.00:128][554]LogShaderCompilers: Display: Started 1 'Local' shader compile jobs with 'Normal' priority
[2025.03.24-05.03.00:128][554]LogShaderCompilers: Display: Submitted 32 shader compile jobs with 'Low' priority
[2025.03.24-05.03.00:930][570]LogShaderCompilers: Display: Worker (1/5): shaders left to compile 4
[2025.03.24-05.03.00:930][570]LogShaderCompilers: Display: Started 2 'Local' shader compile jobs with 'ForceLocal' priority
[2025.03.24-05.03.01:671][588]LogShaderCompilers: Display: Worker (2/5): shaders left to compile 2
[2025.03.24-05.03.01:671][588]LogShaderCompilers: Display: Started 1 'Local' shader compile jobs with 'ForceLocal' priority
[2025.03.24-05.03.03:023][617]LogShaderCompilers: Display: Worker (2/5): shaders left to compile 1
[2025.03.24-05.03.03:023][617]LogShaderCompilers: Display: Started 1 'Local' shader compile jobs with 'ForceLocal' priority
[2025.03.24-05.03.03:290][623]LogShaderCompilers: Display: Worker (3/5): shaders left to compile 30
[2025.03.24-05.03.03:290][623]LogShaderCompilers: Display: Started 8 'Local' shader compile jobs with 'Normal' priority
[2025.03.24-05.03.03:578][627]LogShaderCompilers: Display: Worker (1/5): shaders left to compile 22
[2025.03.24-05.03.03:579][627]LogShaderCompilers: Display: Started 6 'Local' shader compile jobs with 'Normal' priority
[2025.03.24-05.03.03:726][631]LogShaderCompilers: Display: Worker (2/5): shaders left to compile 16
[2025.03.24-05.03.03:726][631]LogShaderCompilers: Display: Started 5 'Local' shader compile jobs with 'Normal' priority
[2025.03.24-05.03.04:234][643]LogMaterial: Display: Missing cached shadermap for internal_ground_ao_texture_Mat in PCD3D_SM5, Default, SM5 (DDC key hash: 61E91AD32AD9099F41C618A9C200C214A90C25FD), compiling. 
[2025.03.24-05.03.04:258][643]LogMaterial: Display: Material /Game/MT/hamburger/textures/internal_ground_ao_texture_Mat.internal_ground_ao_texture_Mat needed to have new flag set bUsedWithSkeletalMesh !
[2025.03.24-05.03.04:261][643]LogMaterial: Display: Missing cached shadermap for internal_ground_ao_texture_Mat in PCD3D_SM5, Default, SM5 (DDC key hash: DAC8631C53B38723F84EB29A9505AC3F14B5903B), compiling. 
[2025.03.24-05.03.04:296][643]LogShaderCompilers: Display: Submitted 32 shader compile jobs with 'Low' priority
[2025.03.24-05.03.06:048][678]LogShaderCompilers: Display: Worker (4/5): shaders left to compile 4
[2025.03.24-05.03.06:048][678]LogShaderCompilers: Display: Started 2 'Local' shader compile jobs with 'ForceLocal' priority
[2025.03.24-05.03.06:659][693]LogMaterial: Display: Missing cached shadermap for ingredients-stc_Mat in PCD3D_SM5, Default, SM5 (DDC key hash: 1710B0CEB28B85347DDD43D09A16E568980ADFFF), compiling. 
[2025.03.24-05.03.06:682][693]LogMaterial: Display: Material /Game/MT/hamburger/textures/ingredients-stc_Mat.ingredients-stc_Mat needed to have new flag set bUsedWithSkeletalMesh !
[2025.03.24-05.03.06:685][693]LogMaterial: Display: Missing cached shadermap for ingredients-stc_Mat in PCD3D_SM5, Default, SM5 (DDC key hash: AFF22ECE03D735E94EAD9F1A80ED328EAB7FA429), compiling. 
[2025.03.24-05.03.06:723][693]LogShaderCompilers: Display: Submitted 32 shader compile jobs with 'Low' priority
[2025.03.24-05.03.06:833][693]LogShaderCompilers: Display: Worker (2/5): shaders left to compile 4
[2025.03.24-05.03.06:833][693]LogShaderCompilers: Display: Started 2 'Local' shader compile jobs with 'ForceLocal' priority
[2025.03.24-05.03.07:641][709]LogShaderCompilers: Display: Worker (4/5): shaders left to compile 4
[2025.03.24-05.03.07:641][709]LogShaderCompilers: Display: Started 2 'Local' shader compile jobs with 'ForceLocal' priority
[2025.03.24-05.03.08:170][716]LogShaderCompilers: Display: Worker (2/5): shaders left to compile 2
[2025.03.24-05.03.08:170][716]LogShaderCompilers: Display: Started 1 'Local' shader compile jobs with 'ForceLocal' priority
[2025.03.24-05.03.09:032][736]LogShaderCompilers: Display: Worker (2/5): shaders left to compile 1
[2025.03.24-05.03.09:032][736]LogShaderCompilers: Display: Started 1 'Local' shader compile jobs with 'ForceLocal' priority
[2025.03.24-05.03.09:206][740]LogShaderCompilers: Display: Worker (1/5): shaders left to compile 67
[2025.03.24-05.03.09:206][740]LogShaderCompilers: Display: Started 10 'Local' shader compile jobs with 'Normal' priority
[2025.03.24-05.03.09:636][750]LogShaderCompilers: Display: Worker (4/5): shaders left to compile 57
[2025.03.24-05.03.09:636][750]LogShaderCompilers: Display: Started 10 'Local' shader compile jobs with 'Normal' priority
[2025.03.24-05.03.09:676][751]LogShaderCompilers: Display: Worker (2/5): shaders left to compile 47
[2025.03.24-05.03.09:676][751]LogShaderCompilers: Display: Started 10 'Local' shader compile jobs with 'Normal' priority
[2025.03.24-05.03.10:223][761]LogShaderCompilers: Display: Worker (3/5): shaders left to compile 37
[2025.03.24-05.03.10:223][761]LogShaderCompilers: Display: Started 10 'Local' shader compile jobs with 'Normal' priority
[2025.03.24-05.03.12:421][810]LogMaterial: Display: Missing cached shadermap for bread-N_Mat in PCD3D_SM5, Default, SM5 (DDC key hash: E3C0C5140D29B38F1391CFA49E9A20B33724C3C7), compiling. 
[2025.03.24-05.03.12:445][810]LogMaterial: Display: Material /Game/MT/hamburger/textures/bread-N_Mat.bread-N_Mat needed to have new flag set bUsedWithSkeletalMesh !
[2025.03.24-05.03.12:448][810]LogMaterial: Display: Missing cached shadermap for bread-N_Mat in PCD3D_SM5, Default, SM5 (DDC key hash: 5F7839A992693DC90DB02B3E7CC8C48F31C3155F), compiling. 
[2025.03.24-05.03.16:970][902]LogShaderCompilers: Display: Worker (2/5): shaders left to compile 27
[2025.03.24-05.03.16:971][902]LogShaderCompilers: Display: Started 7 'Local' shader compile jobs with 'Normal' priority
[2025.03.24-05.03.18:060][930]LogShaderCompilers: Display: Worker (4/5): shaders left to compile 20
[2025.03.24-05.03.18:062][930]LogShaderCompilers: Display: Started 6 'Local' shader compile jobs with 'Normal' priority
[2025.03.24-05.03.19:708][963]LogShaderCompilers: Display: Worker (1/5): shaders left to compile 14
[2025.03.24-05.03.19:708][963]LogShaderCompilers: Display: Started 4 'Local' shader compile jobs with 'Normal' priority
[2025.03.24-05.03.21:907][ 13]LogShaderCompilers: Display: Worker (3/5): shaders left to compile 10
[2025.03.24-05.03.21:908][ 13]LogShaderCompilers: Display: Started 3 'Local' shader compile jobs with 'Normal' priority
[2025.03.24-05.03.21:972][ 13]LogUObjectHash: Compacting FUObjectHashTables data took   7.91ms
[2025.03.24-05.03.22:412][ 13]LogShaderCompilers: Display: Worker (2/5): shaders left to compile 7
[2025.03.24-05.03.22:412][ 13]LogShaderCompilers: Display: Started 2 'Local' shader compile jobs with 'Normal' priority
[2025.03.24-05.03.22:486][ 13]LogShaderCompilers: Display: Worker (4/5): shaders left to compile 5
[2025.03.24-05.03.22:486][ 13]LogShaderCompilers: Display: Started 2 'Local' shader compile jobs with 'Normal' priority
[2025.03.24-05.03.22:525][ 13]LogShaderCompilers: Display: Worker (1/5): shaders left to compile 3
[2025.03.24-05.03.22:525][ 13]LogShaderCompilers: Display: Started 1 'Local' shader compile jobs with 'Normal' priority
[2025.03.24-05.03.22:965][ 13]LogShaderCompilers: Display: Worker (3/5): shaders left to compile 2
[2025.03.24-05.03.22:965][ 13]LogShaderCompilers: Display: Started 1 'Local' shader compile jobs with 'Normal' priority
[2025.03.24-05.03.22:985][ 13]LogShaderCompilers: Display: Worker (1/5): shaders left to compile 1
[2025.03.24-05.03.22:985][ 13]LogShaderCompilers: Display: Started 1 'Local' shader compile jobs with 'Normal' priority
[2025.03.24-05.03.23:167][ 13]LogSlate: Window 'Delete Assets' being destroyed
[2025.03.24-05.03.23:288][ 13]LogUObjectHash: Compacting FUObjectHashTables data took   5.36ms
[2025.03.24-05.05.15:925][975]BlueprintLog: New page: Compile BP_Table
[2025.03.24-05.05.16:013][975]LogUObjectHash: Compacting FUObjectHashTables data took   6.66ms
[2025.03.24-05.05.21:223][169]BlueprintLog: New page: Compile BP_Table
[2025.03.24-05.05.21:301][169]LogUObjectHash: Compacting FUObjectHashTables data took   8.39ms
[2025.03.24-05.05.32:247][536]BlueprintLog: New page: Compile BP_Table
[2025.03.24-05.05.32:315][536]LogUObjectHash: Compacting FUObjectHashTables data took   3.25ms
[2025.03.24-05.06.12:584][458]LogEditorViewport: Clicking on Actor (LMB): BP_SpotLight_C (BP_SpotLight)
[2025.03.24-05.06.23:387][982]LogEditorViewport: Clicking on Actor (LMB): StaticMeshActor (Floor2)
[2025.03.24-05.06.36:322][389]LogEditorViewport: Clicking on Actor (LMB): SkeletalMeshActor (HAMBURGER)
[2025.03.24-05.06.37:548][436]Cmd: DELETE
[2025.03.24-05.06.37:548][436]Cmd: ACTOR DELETE
[2025.03.24-05.06.37:554][436]LogEditorActor: Deleted Actor: SkeletalMeshActor
[2025.03.24-05.06.37:600][436]LogUObjectHash: Compacting FUObjectHashTables data took   4.86ms
[2025.03.24-05.06.37:605][436]LogEditorActor: Deleted 1 Actors (0.057 secs)
[2025.03.24-05.06.40:023][541]LogEditorViewport: Clicking on Actor (LMB): BP_Table_C (BP_Table)
[2025.03.24-05.06.49:273][905]LogEditorViewport: Clicking on Actor (LMB): BP_SpotLight_C (BP_SpotLight)
[2025.03.24-05.07.20:563][262]BlueprintLog: New page: Compile BP_TriggerArea
[2025.03.24-05.07.20:625][262]LogUObjectHash: Compacting FUObjectHashTables data took   2.86ms
[2025.03.24-05.07.25:786][512]LogEditorViewport: Clicking on Actor (LMB): BP_SpotLight_C (BP_SpotLight)
[2025.03.24-05.07.35:816][ 16]LogEditorViewport: Clicking on Actor (LMB): BP_SpotLight_C (BP_SpotLight)
[2025.03.24-05.07.58:234][130]LogUObjectHash: Compacting FUObjectHashTables data took   5.99ms
[2025.03.24-05.07.59:368][130]LogSlate: Window 'Save Content' being destroyed
[2025.03.24-05.07.59:424][130]Cmd: OBJ SAVEPACKAGE PACKAGE="/Game/BP/Second/BP_Table" FILE="../../../../../../project/UE/room_escape/Content/BP/Second/BP_Table.uasset" SILENT=true
[2025.03.24-05.07.59:432][130]LogSavePackage: Moving '../../../../../../project/UE/room_escape/Saved/BP_TableB39EAF784BDC982D7867C791DEFAFDB2.tmp' to '../../../../../../project/UE/room_escape/Content/BP/Second/BP_Table.uasset'
[2025.03.24-05.07.59:453][130]Cmd: OBJ SAVEPACKAGE PACKAGE="/Game/BP/Second/BP_TriggerArea" FILE="../../../../../../project/UE/room_escape/Content/BP/Second/BP_TriggerArea.uasset" SILENT=true
[2025.03.24-05.07.59:469][130]LogSavePackage: Moving '../../../../../../project/UE/room_escape/Saved/BP_TriggerArea4EAC249C4FD9BBB71551B3B4BCCE4D5F.tmp' to '../../../../../../project/UE/room_escape/Content/BP/Second/BP_TriggerArea.uasset'
[2025.03.24-05.07.59:510][130]Cmd: OBJ SAVEPACKAGE PACKAGE="/Game/MT/hamburger/textures/bread_color_Mat" FILE="../../../../../../project/UE/room_escape/Content/MT/hamburger/textures/bread_color_Mat.uasset" SILENT=true
[2025.03.24-05.07.59:516][130]LogSavePackage: Moving '../../../../../../project/UE/room_escape/Saved/bread_color_Mat0BC3F8F24F501BA77512DFB2B3604F24.tmp' to '../../../../../../project/UE/room_escape/Content/MT/hamburger/textures/bread_color_Mat.uasset'
[2025.03.24-05.07.59:536][130]Cmd: OBJ SAVEPACKAGE PACKAGE="/Game/MT/hamburger/textures/ingredients-C_Mat" FILE="../../../../../../project/UE/room_escape/Content/MT/hamburger/textures/ingredients-C_Mat.uasset" SILENT=true
[2025.03.24-05.07.59:542][130]LogSavePackage: Moving '../../../../../../project/UE/room_escape/Saved/ingredients-C_Mat7DD41EE54960DC51FF2146B1F522B3D7.tmp' to '../../../../../../project/UE/room_escape/Content/MT/hamburger/textures/ingredients-C_Mat.uasset'
[2025.03.24-05.07.59:563][130]Cmd: OBJ SAVEPACKAGE PACKAGE="/Game/MT/hamburger/textures/ingredients-stc_Mat" FILE="../../../../../../project/UE/room_escape/Content/MT/hamburger/textures/ingredients-stc_Mat.uasset" SILENT=true
[2025.03.24-05.07.59:569][130]LogSavePackage: Moving '../../../../../../project/UE/room_escape/Saved/ingredients-stc_Mat96666E4B435EC7F639775CA8D959B203.tmp' to '../../../../../../project/UE/room_escape/Content/MT/hamburger/textures/ingredients-stc_Mat.uasset'
[2025.03.24-05.07.59:592][130]LogSavePackage: Moving '../../../../../../project/UE/room_escape/Saved/internal_ground_ao_texture_Mat0F4D17F0471ED2EB3D86D3847665229D.tmp' to '../../../../../../project/UE/room_escape/Content/MT/hamburger/textures/internal_ground_ao_texture_Mat.uasset'
[2025.03.24-05.07.59:616][130]Cmd: OBJ SAVEPACKAGE PACKAGE="/Game/StarterContent/Materials/M_CobbleStone_Rough" FILE="../../../../../../project/UE/room_escape/Content/StarterContent/Materials/M_CobbleStone_Rough.uasset" SILENT=true
[2025.03.24-05.07.59:635][130]LogSavePackage: Moving '../../../../../../project/UE/room_escape/Saved/M_CobbleStone_RoughC2FC79BE4DC4274DBC4340B58F54046B.tmp' to '../../../../../../project/UE/room_escape/Content/StarterContent/Materials/M_CobbleStone_Rough.uasset'
[2025.03.24-05.07.59:655][130]Cmd: OBJ SAVEPACKAGE PACKAGE="/Game/MT/hamburger/textures/MEAT-color_Mat" FILE="../../../../../../project/UE/room_escape/Content/MT/hamburger/textures/MEAT-color_Mat.uasset" SILENT=true
[2025.03.24-05.07.59:660][130]LogSavePackage: Moving '../../../../../../project/UE/room_escape/Saved/MEAT-color_Mat640A1BD247BD8BFDB7348CBDF8EC201C.tmp' to '../../../../../../project/UE/room_escape/Content/MT/hamburger/textures/MEAT-color_Mat.uasset'
[2025.03.24-05.07.59:687][130]LogUObjectHash: Compacting FUObjectHashTables data took   1.06ms
[2025.03.24-05.07.59:716][130]LogSavePackage: Moving '../../../../../../project/UE/room_escape/Saved/ThirdPersonExampleMapB333A7514655FC200675EDB64F0C18F1.tmp' to '../../../../../../project/UE/room_escape/Content/ThirdPersonBP/Maps/ThirdPersonExampleMap.umap'
[2025.03.24-05.07.59:722][130]LogFileHelpers: Saving map 'ThirdPersonExampleMap' took 0.061
[2025.03.24-05.07.59:740][130]AssetCheck: New page: Asset Save: multiple assets
[2025.03.24-05.07.59:740][130]LogContentValidation: Display: Validating World /Game/ThirdPersonBP/Maps/ThirdPersonExampleMap.ThirdPersonExampleMap
[2025.03.24-05.07.59:740][130]LogContentValidation: Display: Validating Blueprint /Game/BP/Second/BP_Table.BP_Table
[2025.03.24-05.07.59:740][130]LogContentValidation: Display: Validating Material /Game/StarterContent/Materials/M_CobbleStone_Rough.M_CobbleStone_Rough
[2025.03.24-05.07.59:740][130]LogContentValidation: Display: Validating Blueprint /Game/BP/Second/BP_TriggerArea.BP_TriggerArea
[2025.03.24-05.07.59:740][130]LogContentValidation: Display: Validating Material /Game/MT/hamburger/textures/ingredients-stc_Mat.ingredients-stc_Mat
[2025.03.24-05.07.59:740][130]LogContentValidation: Display: Validating Material /Game/MT/hamburger/textures/internal_ground_ao_texture_Mat.internal_ground_ao_texture_Mat
[2025.03.24-05.07.59:740][130]LogContentValidation: Display: Validating Material /Game/MT/hamburger/textures/MEAT-color_Mat.MEAT-color_Mat
[2025.03.24-05.07.59:740][130]LogContentValidation: Display: Validating Material /Game/MT/hamburger/textures/ingredients-C_Mat.ingredients-C_Mat
[2025.03.24-05.07.59:740][130]LogContentValidation: Display: Validating Material /Game/MT/hamburger/textures/bread_color_Mat.bread_color_Mat
[2025.03.24-05.08.59:463][  8]LogEditorViewport: Clicking on Actor (LMB): BP_TriggerArea_C (BP_TriggerArea)
[2025.03.24-05.09.10:323][348]LogUObjectHash: Compacting FUObjectHashTables data took   6.95ms
[2025.03.24-05.09.11:497][348]LogSlate: Window 'Save Content' being destroyed
[2025.03.24-05.09.11:574][348]LogUObjectHash: Compacting FUObjectHashTables data took   0.56ms
[2025.03.24-05.09.11:607][348]LogSavePackage: Moving '../../../../../../project/UE/room_escape/Saved/ThirdPersonExampleMapDC56F8C7431F3CC87B9022BEF2366857.tmp' to '../../../../../../project/UE/room_escape/Content/ThirdPersonBP/Maps/ThirdPersonExampleMap.umap'
[2025.03.24-05.09.11:623][348]LogFileHelpers: Saving map 'ThirdPersonExampleMap' took 0.084
[2025.03.24-05.09.11:642][348]AssetCheck: New page: Asset Save: ThirdPersonExampleMap
[2025.03.24-05.09.11:642][348]LogContentValidation: Display: Validating World /Game/ThirdPersonBP/Maps/ThirdPersonExampleMap.ThirdPersonExampleMap
[2025.03.24-05.11.32:601][790]BlueprintLog: New page: Compile BP_TriggerArea
[2025.03.24-05.11.32:669][790]LogUObjectHash: Compacting FUObjectHashTables data took   2.92ms
[2025.03.24-05.11.33:601][833]LogTemp: Repeating last play command: Selected Viewport
[2025.03.24-05.11.33:615][833]BlueprintLog: New page: Pre-Play auto-recompile
[2025.03.24-05.11.33:615][833]LogPlayLevel: [PlayLevel] Compiling BP_DoorKey before play...
[2025.03.24-05.11.33:643][833]LogPlayLevel: [PlayLevel] Compiling ThirdPersonExampleMap before play...
[2025.03.24-05.11.33:702][833]LogUObjectHash: Compacting FUObjectHashTables data took   2.71ms
[2025.03.24-05.11.33:703][833]LogPlayLevel: PlayLevel: Blueprint regeneration took 88 ms (2 blueprints)
[2025.03.24-05.11.33:706][833]PIE: New page: PIE session: ThirdPersonExampleMap (2025年3月24日 下午9:11:33)
[2025.03.24-05.11.33:732][833]LogPlayLevel: Creating play world package: /Game/ThirdPersonBP/Maps/UEDPIE_0_ThirdPersonExampleMap
[2025.03.24-05.11.33:746][833]LogPlayLevel: PIE: StaticDuplicateObject took: (0.014055s)
[2025.03.24-05.11.33:750][833]LogAIModule: Creating AISystem for world ThirdPersonExampleMap
[2025.03.24-05.11.33:752][833]LogPlayLevel: PIE: World Init took: (0.005355s)
[2025.03.24-05.11.33:752][833]LogPlayLevel: PIE: Created PIE world by copying editor world from /Game/ThirdPersonBP/Maps/ThirdPersonExampleMap.ThirdPersonExampleMap to /Game/ThirdPersonBP/Maps/UEDPIE_0_ThirdPersonExampleMap.ThirdPersonExampleMap (0.019877s)
[2025.03.24-05.11.33:783][833]LogUObjectHash: Compacting FUObjectHashTables data took   4.23ms
[2025.03.24-05.11.33:785][833]LogAudio: Display: Creating Audio Device:                 Id: 35, Scope: Unique, Realtime: True
[2025.03.24-05.11.33:786][833]LogAudioMixer: Display: Audio Mixer Platform Settings:
[2025.03.24-05.11.33:786][833]LogAudioMixer: Display: 	Sample Rate:						  48000
[2025.03.24-05.11.33:786][833]LogAudioMixer: Display: 	Callback Buffer Frame Size Requested: 1024
[2025.03.24-05.11.33:786][833]LogAudioMixer: Display: 	Callback Buffer Frame Size To Use:	  1024
[2025.03.24-05.11.33:786][833]LogAudioMixer: Display: 	Number of buffers to queue:			  2
[2025.03.24-05.11.33:786][833]LogAudioMixer: Display: 	Max Channels (voices):				  32
[2025.03.24-05.11.33:786][833]LogAudioMixer: Display: 	Number of Async Source Workers:		  0
[2025.03.24-05.11.33:786][833]LogAudio: Display: AudioDevice MaxSources: 32
[2025.03.24-05.11.33:789][833]LogAudio: Display: Audio Spatialization Plugin: None (built-in).
[2025.03.24-05.11.33:789][833]LogAudio: Display: Audio Reverb Plugin: None (built-in).
[2025.03.24-05.11.33:789][833]LogAudio: Display: Audio Occlusion Plugin: None (built-in).
[2025.03.24-05.11.33:789][833]LogAudioMixer: Display: Initializing audio mixer.
[2025.03.24-05.11.33:797][833]LogAudioMixer: Display: 0: FrontLeft
[2025.03.24-05.11.33:797][833]LogAudioMixer: Display: 1: FrontRight
[2025.03.24-05.11.33:837][833]LogAudioMixer: Display: Using Audio Device 扬声器 (适用于 I2S 音频的英特尔® 智音技术)
[2025.03.24-05.11.33:837][833]LogAudioMixer: Display: Initializing Sound Submixes...
[2025.03.24-05.11.33:838][833]LogAudioMixer: Display: Creating Master Submix 'MasterSubmixDefault'
[2025.03.24-05.11.33:838][833]LogAudioMixer: Display: Creating Master Submix 'MasterReverbSubmixDefault'
[2025.03.24-05.11.33:839][833]LogAudioMixer: Display: Creating Master Submix 'MasterEQSubmixDefault'
[2025.03.24-05.11.33:839][833]LogAudioMixer: FMixerPlatformXAudio2::StartAudioStream() called
[2025.03.24-05.11.33:839][833]LogAudioMixer: Display: Output buffers initialized: Frames=1024, Channels=2, Samples=2048
[2025.03.24-05.11.33:841][833]LogAudioMixer: Display: Starting AudioMixerPlatformInterface::RunInternal()
[2025.03.24-05.11.33:841][833]LogAudioMixer: Display: FMixerPlatformXAudio2::SubmitBuffer() called for the first time
[2025.03.24-05.11.33:841][833]LogInit: FAudioDevice initialized.
[2025.03.24-05.11.33:841][833]LogAudio: Display: Audio Device (ID: 35) registered with world 'ThirdPersonExampleMap'.
[2025.03.24-05.11.33:865][833]LogLoad: Game class is 'ThirdPersonGameMode_C'
[2025.03.24-05.11.33:874][833]LogWorld: Bringing World /Game/ThirdPersonBP/Maps/UEDPIE_0_ThirdPersonExampleMap.ThirdPersonExampleMap up for play (max tick rate 60) at 2025.03.24-13.11.33
[2025.03.24-05.11.33:876][833]LogWorld: Bringing up level for play took: 0.010318
[2025.03.24-05.11.33:877][833]LogOnline: OSS: Creating online subsystem instance for: :Context_60
[2025.03.24-05.11.33:889][833]PIE: Server logged in
[2025.03.24-05.11.33:890][833]PIE: Play in editor total start time 0.279 seconds.
[2025.03.24-05.11.47:648][641]LogSlate: Updating window title bar state: overlay mode, drag disabled, window buttons hidden, title bar hidden
[2025.03.24-05.11.47:648][641]LogWorld: BeginTearingDown for /Game/ThirdPersonBP/Maps/UEDPIE_0_ThirdPersonExampleMap
[2025.03.24-05.11.47:649][641]LogWorld: UWorld::CleanupWorld for ThirdPersonExampleMap, bSessionEnded=true, bCleanupResources=true
[2025.03.24-05.11.47:650][641]LogSlate: InvalidateAllWidgets triggered.  All widgets were invalidated
[2025.03.24-05.11.47:668][641]LogPlayLevel: Display: Shutting down PIE online subsystems
[2025.03.24-05.11.47:676][641]LogSlate: InvalidateAllWidgets triggered.  All widgets were invalidated
[2025.03.24-05.11.47:704][641]LogSlate: Updating window title bar state: overlay mode, drag disabled, window buttons hidden, title bar hidden
[2025.03.24-05.11.47:705][641]LogAudioMixer: FMixerPlatformXAudio2::StopAudioStream() called
[2025.03.24-05.11.47:707][641]LogAudioMixer: FMixerPlatformXAudio2::StopAudioStream() called
[2025.03.24-05.11.47:716][641]LogUObjectHash: Compacting FUObjectHashTables data took   1.87ms
[2025.03.24-05.11.47:764][642]LogPlayLevel: Display: Destroying online subsystem :Context_60
[2025.03.24-05.12.10:446][445]BlueprintLog: New page: Compile BP_Table
[2025.03.24-05.12.10:533][445]LogUObjectHash: Compacting FUObjectHashTables data took   3.04ms
[2025.03.24-05.12.28:904][325]LogEditorViewport: Clicking on Actor (LMB): BP_Table_C (BP_Table)
[2025.03.24-05.12.40:363][906]LogTemp: Repeating last play command: Selected Viewport
[2025.03.24-05.12.40:371][906]LogPlayLevel: PlayLevel: No blueprints needed recompiling
[2025.03.24-05.12.40:372][906]PIE: New page: PIE session: ThirdPersonExampleMap (2025年3月24日 下午9:12:40)
[2025.03.24-05.12.40:376][906]LogPlayLevel: Creating play world package: /Game/ThirdPersonBP/Maps/UEDPIE_0_ThirdPersonExampleMap
[2025.03.24-05.12.40:392][906]LogPlayLevel: PIE: StaticDuplicateObject took: (0.015954s)
[2025.03.24-05.12.40:393][906]LogAIModule: Creating AISystem for world ThirdPersonExampleMap
[2025.03.24-05.12.40:393][906]LogPlayLevel: PIE: World Init took: (0.001738s)
[2025.03.24-05.12.40:394][906]LogPlayLevel: PIE: Created PIE world by copying editor world from /Game/ThirdPersonBP/Maps/ThirdPersonExampleMap.ThirdPersonExampleMap to /Game/ThirdPersonBP/Maps/UEDPIE_0_ThirdPersonExampleMap.ThirdPersonExampleMap (0.017965s)
[2025.03.24-05.12.40:432][906]LogUObjectHash: Compacting FUObjectHashTables data took   3.25ms
[2025.03.24-05.12.40:435][906]LogAudio: Display: Creating Audio Device:                 Id: 36, Scope: Unique, Realtime: True
[2025.03.24-05.12.40:435][906]LogAudioMixer: Display: Audio Mixer Platform Settings:
[2025.03.24-05.12.40:435][906]LogAudioMixer: Display: 	Sample Rate:						  48000
[2025.03.24-05.12.40:435][906]LogAudioMixer: Display: 	Callback Buffer Frame Size Requested: 1024
[2025.03.24-05.12.40:435][906]LogAudioMixer: Display: 	Callback Buffer Frame Size To Use:	  1024
[2025.03.24-05.12.40:435][906]LogAudioMixer: Display: 	Number of buffers to queue:			  2
[2025.03.24-05.12.40:435][906]LogAudioMixer: Display: 	Max Channels (voices):				  32
[2025.03.24-05.12.40:435][906]LogAudioMixer: Display: 	Number of Async Source Workers:		  0
[2025.03.24-05.12.40:435][906]LogAudio: Display: AudioDevice MaxSources: 32
[2025.03.24-05.12.40:436][906]LogAudio: Display: Audio Spatialization Plugin: None (built-in).
[2025.03.24-05.12.40:436][906]LogAudio: Display: Audio Reverb Plugin: None (built-in).
[2025.03.24-05.12.40:436][906]LogAudio: Display: Audio Occlusion Plugin: None (built-in).
[2025.03.24-05.12.40:436][906]LogAudioMixer: Display: Initializing audio mixer.
[2025.03.24-05.12.40:438][906]LogAudioMixer: Display: 0: FrontLeft
[2025.03.24-05.12.40:438][906]LogAudioMixer: Display: 1: FrontRight
[2025.03.24-05.12.40:476][906]LogAudioMixer: Display: Using Audio Device 扬声器 (适用于 I2S 音频的英特尔® 智音技术)
[2025.03.24-05.12.40:476][906]LogAudioMixer: Display: Initializing Sound Submixes...
[2025.03.24-05.12.40:476][906]LogAudioMixer: Display: Creating Master Submix 'MasterSubmixDefault'
[2025.03.24-05.12.40:476][906]LogAudioMixer: Display: Creating Master Submix 'MasterReverbSubmixDefault'
[2025.03.24-05.12.40:477][906]LogAudioMixer: Display: Creating Master Submix 'MasterEQSubmixDefault'
[2025.03.24-05.12.40:477][906]LogAudioMixer: FMixerPlatformXAudio2::StartAudioStream() called
[2025.03.24-05.12.40:477][906]LogAudioMixer: Display: Output buffers initialized: Frames=1024, Channels=2, Samples=2048
[2025.03.24-05.12.40:477][906]LogAudioMixer: Display: Starting AudioMixerPlatformInterface::RunInternal()
[2025.03.24-05.12.40:477][906]LogAudioMixer: Display: FMixerPlatformXAudio2::SubmitBuffer() called for the first time
[2025.03.24-05.12.40:477][906]LogInit: FAudioDevice initialized.
[2025.03.24-05.12.40:477][906]LogAudio: Display: Audio Device (ID: 36) registered with world 'ThirdPersonExampleMap'.
[2025.03.24-05.12.40:483][906]LogLoad: Game class is 'ThirdPersonGameMode_C'
[2025.03.24-05.12.40:485][906]LogWorld: Bringing World /Game/ThirdPersonBP/Maps/UEDPIE_0_ThirdPersonExampleMap.ThirdPersonExampleMap up for play (max tick rate 60) at 2025.03.24-13.12.40
[2025.03.24-05.12.40:485][906]LogWorld: Bringing up level for play took: 0.002189
[2025.03.24-05.12.40:487][906]LogOnline: OSS: Creating online subsystem instance for: :Context_61
[2025.03.24-05.12.40:489][906]PIE: Server logged in
[2025.03.24-05.12.40:489][906]PIE: Play in editor total start time 0.12 seconds.
[2025.03.24-05.12.43:352][ 72]LogSlate: Updating window title bar state: overlay mode, drag disabled, window buttons hidden, title bar hidden
[2025.03.24-05.12.43:353][ 72]LogWorld: BeginTearingDown for /Game/ThirdPersonBP/Maps/UEDPIE_0_ThirdPersonExampleMap
[2025.03.24-05.12.43:353][ 72]LogWorld: UWorld::CleanupWorld for ThirdPersonExampleMap, bSessionEnded=true, bCleanupResources=true
[2025.03.24-05.12.43:353][ 72]LogSlate: InvalidateAllWidgets triggered.  All widgets were invalidated
[2025.03.24-05.12.43:373][ 72]LogPlayLevel: Display: Shutting down PIE online subsystems
[2025.03.24-05.12.43:383][ 72]LogSlate: InvalidateAllWidgets triggered.  All widgets were invalidated
[2025.03.24-05.12.43:417][ 72]LogAudio: Display: Audio Device unregistered from world 'None'.
[2025.03.24-05.12.43:417][ 72]LogAudioMixer: FMixerPlatformXAudio2::StopAudioStream() called
[2025.03.24-05.12.43:418][ 72]LogAudioMixer: FMixerPlatformXAudio2::StopAudioStream() called
[2025.03.24-05.12.43:423][ 72]LogSlate: Updating window title bar state: overlay mode, drag disabled, window buttons hidden, title bar hidden
[2025.03.24-05.12.43:431][ 72]LogUObjectHash: Compacting FUObjectHashTables data took   6.51ms
[2025.03.24-05.12.43:475][ 73]LogPlayLevel: Display: Destroying online subsystem :Context_61
[2025.03.24-05.12.59:481][877]LogUObjectHash: Compacting FUObjectHashTables data took   1.96ms
[2025.03.24-05.12.59:516][877]LogSavePackage: Moving '../../../../../../project/UE/room_escape/Saved/ThirdPersonExampleMapE8ECF512454B088C10D3D9BFBC9DF8E3.tmp' to '../../../../../../project/UE/room_escape/Content/ThirdPersonBP/Maps/ThirdPersonExampleMap.umap'
[2025.03.24-05.12.59:647][877]LogSavePackage: Moving '../../../../../../project/UE/room_escape/Saved/ThirdPersonExampleMap_BuiltDataD725F51542AACA93B3E4049AF61F8D9F.tmp' to '../../../../../../project/UE/room_escape/Content/ThirdPersonBP/Maps/ThirdPersonExampleMap_BuiltData.uasset'
[2025.03.24-05.12.59:665][877]AssetCheck: New page: Asset Save: multiple assets
[2025.03.24-05.12.59:665][877]LogContentValidation: Display: Validating MapBuildDataRegistry /Game/ThirdPersonBP/Maps/ThirdPersonExampleMap_BuiltData.ThirdPersonExampleMap_BuiltData
[2025.03.24-05.12.59:665][877]LogContentValidation: Display: Validating World /Game/ThirdPersonBP/Maps/ThirdPersonExampleMap.ThirdPersonExampleMap
[2025.03.24-05.13.00:268][905]LogTemp: Repeating last play command: Selected Viewport
[2025.03.24-05.13.00:277][905]LogPlayLevel: PlayLevel: No blueprints needed recompiling
[2025.03.24-05.13.00:277][905]PIE: New page: PIE session: ThirdPersonExampleMap (2025年3月24日 下午9:13:00)
[2025.03.24-05.13.00:283][905]LogPlayLevel: Creating play world package: /Game/ThirdPersonBP/Maps/UEDPIE_0_ThirdPersonExampleMap
[2025.03.24-05.13.00:304][905]LogPlayLevel: PIE: StaticDuplicateObject took: (0.021042s)
[2025.03.24-05.13.00:306][905]LogAIModule: Creating AISystem for world ThirdPersonExampleMap
[2025.03.24-05.13.00:306][905]LogPlayLevel: PIE: World Init took: (0.002194s)
[2025.03.24-05.13.00:306][905]LogPlayLevel: PIE: Created PIE world by copying editor world from /Game/ThirdPersonBP/Maps/ThirdPersonExampleMap.ThirdPersonExampleMap to /Game/ThirdPersonBP/Maps/UEDPIE_0_ThirdPersonExampleMap.ThirdPersonExampleMap (0.023785s)
[2025.03.24-05.13.00:343][905]LogUObjectHash: Compacting FUObjectHashTables data took   2.52ms
[2025.03.24-05.13.00:343][905]LogAudio: Display: Creating Audio Device:                 Id: 37, Scope: Unique, Realtime: True
[2025.03.24-05.13.00:343][905]LogAudioMixer: Display: Audio Mixer Platform Settings:
[2025.03.24-05.13.00:343][905]LogAudioMixer: Display: 	Sample Rate:						  48000
[2025.03.24-05.13.00:343][905]LogAudioMixer: Display: 	Callback Buffer Frame Size Requested: 1024
[2025.03.24-05.13.00:343][905]LogAudioMixer: Display: 	Callback Buffer Frame Size To Use:	  1024
[2025.03.24-05.13.00:343][905]LogAudioMixer: Display: 	Number of buffers to queue:			  2
[2025.03.24-05.13.00:343][905]LogAudioMixer: Display: 	Max Channels (voices):				  32
[2025.03.24-05.13.00:343][905]LogAudioMixer: Display: 	Number of Async Source Workers:		  0
[2025.03.24-05.13.00:343][905]LogAudio: Display: AudioDevice MaxSources: 32
[2025.03.24-05.13.00:344][905]LogAudio: Display: Audio Spatialization Plugin: None (built-in).
[2025.03.24-05.13.00:344][905]LogAudio: Display: Audio Reverb Plugin: None (built-in).
[2025.03.24-05.13.00:344][905]LogAudio: Display: Audio Occlusion Plugin: None (built-in).
[2025.03.24-05.13.00:344][905]LogAudioMixer: Display: Initializing audio mixer.
[2025.03.24-05.13.00:347][905]LogAudioMixer: Display: 0: FrontLeft
[2025.03.24-05.13.00:347][905]LogAudioMixer: Display: 1: FrontRight
[2025.03.24-05.13.00:382][905]LogAudioMixer: Display: Using Audio Device 扬声器 (适用于 I2S 音频的英特尔® 智音技术)
[2025.03.24-05.13.00:383][905]LogAudioMixer: Display: Initializing Sound Submixes...
[2025.03.24-05.13.00:383][905]LogAudioMixer: Display: Creating Master Submix 'MasterSubmixDefault'
[2025.03.24-05.13.00:383][905]LogAudioMixer: Display: Creating Master Submix 'MasterReverbSubmixDefault'
[2025.03.24-05.13.00:383][905]LogAudioMixer: Display: Creating Master Submix 'MasterEQSubmixDefault'
[2025.03.24-05.13.00:383][905]LogAudioMixer: FMixerPlatformXAudio2::StartAudioStream() called
[2025.03.24-05.13.00:383][905]LogAudioMixer: Display: Output buffers initialized: Frames=1024, Channels=2, Samples=2048
[2025.03.24-05.13.00:384][905]LogAudioMixer: Display: Starting AudioMixerPlatformInterface::RunInternal()
[2025.03.24-05.13.00:384][905]LogAudioMixer: Display: FMixerPlatformXAudio2::SubmitBuffer() called for the first time
[2025.03.24-05.13.00:384][905]LogInit: FAudioDevice initialized.
[2025.03.24-05.13.00:384][905]LogAudio: Display: Audio Device (ID: 37) registered with world 'ThirdPersonExampleMap'.
[2025.03.24-05.13.00:391][905]LogLoad: Game class is 'ThirdPersonGameMode_C'
[2025.03.24-05.13.00:394][905]LogWorld: Bringing World /Game/ThirdPersonBP/Maps/UEDPIE_0_ThirdPersonExampleMap.ThirdPersonExampleMap up for play (max tick rate 60) at 2025.03.24-13.13.00
[2025.03.24-05.13.00:394][905]LogWorld: Bringing up level for play took: 0.002578
[2025.03.24-05.13.00:394][905]LogOnline: OSS: Creating online subsystem instance for: :Context_62
[2025.03.24-05.13.00:397][905]PIE: Server logged in
[2025.03.24-05.13.00:398][905]PIE: Play in editor total start time 0.122 seconds.
[2025.03.24-05.13.12:272][609]LogSlate: Updating window title bar state: overlay mode, drag disabled, window buttons hidden, title bar hidden
[2025.03.24-05.13.12:272][609]LogWorld: BeginTearingDown for /Game/ThirdPersonBP/Maps/UEDPIE_0_ThirdPersonExampleMap
[2025.03.24-05.13.12:272][609]LogWorld: UWorld::CleanupWorld for ThirdPersonExampleMap, bSessionEnded=true, bCleanupResources=true
[2025.03.24-05.13.12:273][609]LogSlate: InvalidateAllWidgets triggered.  All widgets were invalidated
[2025.03.24-05.13.12:283][609]LogPlayLevel: Display: Shutting down PIE online subsystems
[2025.03.24-05.13.12:294][609]LogSlate: InvalidateAllWidgets triggered.  All widgets were invalidated
[2025.03.24-05.13.12:327][609]LogSlate: Updating window title bar state: overlay mode, drag disabled, window buttons hidden, title bar hidden
[2025.03.24-05.13.12:329][609]LogAudioMixer: FMixerPlatformXAudio2::StopAudioStream() called
[2025.03.24-05.13.12:330][609]LogAudioMixer: FMixerPlatformXAudio2::StopAudioStream() called
[2025.03.24-05.13.12:337][609]LogUObjectHash: Compacting FUObjectHashTables data took   2.86ms
[2025.03.24-05.13.12:384][610]LogPlayLevel: Display: Destroying online subsystem :Context_62
[2025.03.24-05.13.41:037][779]LogAudioMixer: Warning: Changing default audio render device to new device: {0.0.0.00000000}.{28889e13-a039-4157-b81b-f8eed91d53ed}.
[2025.03.24-05.13.41:037][779]LogAudioMixer: Resetting audio stream to device id 
[2025.03.24-05.13.41:077][779]LogAudioMixer: Display: 0: FrontLeft
[2025.03.24-05.13.41:077][779]LogAudioMixer: Display: 1: FrontRight
[2025.03.24-05.14.06:250][853]LogD3D11RHI: Timed out while waiting for GPU to catch up. (0.5 s) (ErrorCode 00000001) (00000000)
[2025.03.24-05.14.19:988][894]LogD3D11RHI: Timed out while waiting for GPU to catch up. (0.5 s) (ErrorCode 00000001) (00000000)
[2025.03.24-05.14.23:680][905]LogD3D11RHI: Timed out while waiting for GPU to catch up. (0.5 s) (ErrorCode 00000001) (00000000)
[2025.03.24-05.15.15:658][ 60]LogD3D11RHI: Timed out while waiting for GPU to catch up. (0.5 s) (ErrorCode 00000001) (00000000)
[2025.03.24-05.15.26:736][ 93]LogD3D11RHI: Timed out while waiting for GPU to catch up. (0.5 s) (ErrorCode 00000001) (00000000)
[2025.03.24-05.16.47:524][326]LogAudioMixer: Warning: Changing default audio render device to new device: {0.0.0.00000000}.{9cd014f6-e44b-4026-ac05-e666d50ce081}.
[2025.03.24-05.16.47:524][326]LogAudioMixer: Resetting audio stream to device id 
[2025.03.24-05.16.47:564][326]LogAudioMixer: Display: 0: FrontLeft
[2025.03.24-05.16.47:564][326]LogAudioMixer: Display: 1: FrontRight
[2025.03.24-05.17.13:706][402]LogAudioMixer: Warning: Changing default audio render device to new device: {0.0.0.00000000}.{28889e13-a039-4157-b81b-f8eed91d53ed}.
[2025.03.24-05.17.13:706][402]LogAudioMixer: Resetting audio stream to device id 
[2025.03.24-05.17.13:738][402]LogAudioMixer: Display: 0: FrontLeft
[2025.03.24-05.17.13:738][402]LogAudioMixer: Display: 1: FrontRight
[2025.03.24-05.17.36:771][470]LogD3D11RHI: Timed out while waiting for GPU to catch up. (0.5 s) (ErrorCode 00000001) (00000000)
[2025.03.24-05.17.47:821][503]LogD3D11RHI: Timed out while waiting for GPU to catch up. (0.5 s) (ErrorCode 00000001) (00000000)
[2025.03.24-05.18.38:724][655]LogD3D11RHI: Timed out while waiting for GPU to catch up. (0.5 s) (ErrorCode 00000001) (00000000)
[2025.03.24-05.20.53:607][ 48]LogAudioMixer: Warning: Changing default audio render device to new device: {0.0.0.00000000}.{9cd014f6-e44b-4026-ac05-e666d50ce081}.
[2025.03.24-05.20.53:690][ 48]LogAudioMixer: Resetting audio stream to device id 
[2025.03.24-05.20.53:821][ 48]LogAudioMixer: Display: 0: FrontLeft
[2025.03.24-05.20.53:821][ 48]LogAudioMixer: Display: 1: FrontRight
[2025.03.24-05.20.54:845][ 49]LogAudioMixer: Resetting audio stream to device id 
[2025.03.24-05.20.54:895][ 49]LogAudioMixer: Display: 0: FrontLeft
[2025.03.24-05.20.54:896][ 49]LogAudioMixer: Display: 1: FrontRight
[2025.03.24-05.20.59:684][224]LogTemp: Repeating last play command: Selected Viewport
[2025.03.24-05.20.59:694][224]LogPlayLevel: PlayLevel: No blueprints needed recompiling
[2025.03.24-05.20.59:694][224]PIE: New page: PIE session: ThirdPersonExampleMap (2025年3月24日 下午9:20:59)
[2025.03.24-05.20.59:695][224]LogPlayLevel: Creating play world package: /Game/ThirdPersonBP/Maps/UEDPIE_0_ThirdPersonExampleMap
[2025.03.24-05.20.59:707][224]LogPlayLevel: PIE: StaticDuplicateObject took: (0.012939s)
[2025.03.24-05.20.59:709][224]LogAIModule: Creating AISystem for world ThirdPersonExampleMap
[2025.03.24-05.20.59:710][224]LogPlayLevel: PIE: World Init took: (0.001363s)
[2025.03.24-05.20.59:710][224]LogPlayLevel: PIE: Created PIE world by copying editor world from /Game/ThirdPersonBP/Maps/ThirdPersonExampleMap.ThirdPersonExampleMap to /Game/ThirdPersonBP/Maps/UEDPIE_0_ThirdPersonExampleMap.ThirdPersonExampleMap (0.014549s)
[2025.03.24-05.20.59:743][224]LogUObjectHash: Compacting FUObjectHashTables data took   1.92ms
[2025.03.24-05.20.59:745][224]LogAudio: Display: Creating Audio Device:                 Id: 38, Scope: Unique, Realtime: True
[2025.03.24-05.20.59:746][224]LogAudioMixer: Display: Audio Mixer Platform Settings:
[2025.03.24-05.20.59:746][224]LogAudioMixer: Display: 	Sample Rate:						  48000
[2025.03.24-05.20.59:746][224]LogAudioMixer: Display: 	Callback Buffer Frame Size Requested: 1024
[2025.03.24-05.20.59:746][224]LogAudioMixer: Display: 	Callback Buffer Frame Size To Use:	  1024
[2025.03.24-05.20.59:746][224]LogAudioMixer: Display: 	Number of buffers to queue:			  2
[2025.03.24-05.20.59:746][224]LogAudioMixer: Display: 	Max Channels (voices):				  32
[2025.03.24-05.20.59:746][224]LogAudioMixer: Display: 	Number of Async Source Workers:		  0
[2025.03.24-05.20.59:746][224]LogAudio: Display: AudioDevice MaxSources: 32
[2025.03.24-05.20.59:746][224]LogAudio: Display: Audio Spatialization Plugin: None (built-in).
[2025.03.24-05.20.59:746][224]LogAudio: Display: Audio Reverb Plugin: None (built-in).
[2025.03.24-05.20.59:746][224]LogAudio: Display: Audio Occlusion Plugin: None (built-in).
[2025.03.24-05.20.59:746][224]LogAudioMixer: Display: Initializing audio mixer.
[2025.03.24-05.20.59:749][224]LogAudioMixer: Display: 0: FrontLeft
[2025.03.24-05.20.59:749][224]LogAudioMixer: Display: 1: FrontRight
[2025.03.24-05.20.59:780][224]LogAudioMixer: Display: Using Audio Device 扬声器 (适用于 I2S 音频的英特尔® 智音技术)
[2025.03.24-05.20.59:781][224]LogAudioMixer: Display: Initializing Sound Submixes...
[2025.03.24-05.20.59:781][224]LogAudioMixer: Display: Creating Master Submix 'MasterSubmixDefault'
[2025.03.24-05.20.59:781][224]LogAudioMixer: Display: Creating Master Submix 'MasterReverbSubmixDefault'
[2025.03.24-05.20.59:782][224]LogAudioMixer: Display: Creating Master Submix 'MasterEQSubmixDefault'
[2025.03.24-05.20.59:782][224]LogAudioMixer: FMixerPlatformXAudio2::StartAudioStream() called
[2025.03.24-05.20.59:782][224]LogAudioMixer: Display: Output buffers initialized: Frames=1024, Channels=2, Samples=2048
[2025.03.24-05.20.59:783][224]LogAudioMixer: Display: Starting AudioMixerPlatformInterface::RunInternal()
[2025.03.24-05.20.59:784][224]LogAudioMixer: Display: FMixerPlatformXAudio2::SubmitBuffer() called for the first time
[2025.03.24-05.20.59:784][224]LogInit: FAudioDevice initialized.
[2025.03.24-05.20.59:784][224]LogAudio: Display: Audio Device (ID: 38) registered with world 'ThirdPersonExampleMap'.
[2025.03.24-05.20.59:798][224]LogLoad: Game class is 'ThirdPersonGameMode_C'
[2025.03.24-05.20.59:802][224]LogWorld: Bringing World /Game/ThirdPersonBP/Maps/UEDPIE_0_ThirdPersonExampleMap.ThirdPersonExampleMap up for play (max tick rate 60) at 2025.03.24-13.20.59
[2025.03.24-05.20.59:802][224]LogWorld: Bringing up level for play took: 0.002463
[2025.03.24-05.20.59:802][224]LogOnline: OSS: Creating online subsystem instance for: :Context_63
[2025.03.24-05.20.59:805][224]PIE: Server logged in
[2025.03.24-05.20.59:806][224]PIE: Play in editor total start time 0.115 seconds.
[2025.03.24-05.21.23:888][627]LogSlate: Updating window title bar state: overlay mode, drag disabled, window buttons hidden, title bar hidden
[2025.03.24-05.21.23:888][627]LogWorld: BeginTearingDown for /Game/ThirdPersonBP/Maps/UEDPIE_0_ThirdPersonExampleMap
[2025.03.24-05.21.23:890][627]LogWorld: UWorld::CleanupWorld for ThirdPersonExampleMap, bSessionEnded=true, bCleanupResources=true
[2025.03.24-05.21.23:890][627]LogSlate: InvalidateAllWidgets triggered.  All widgets were invalidated
[2025.03.24-05.21.23:903][627]LogPlayLevel: Display: Shutting down PIE online subsystems
[2025.03.24-05.21.23:913][627]LogSlate: InvalidateAllWidgets triggered.  All widgets were invalidated
[2025.03.24-05.21.23:947][627]LogAudio: Display: Audio Device unregistered from world 'None'.
[2025.03.24-05.21.23:947][627]LogAudioMixer: FMixerPlatformXAudio2::StopAudioStream() called
[2025.03.24-05.21.23:949][627]LogAudioMixer: FMixerPlatformXAudio2::StopAudioStream() called
[2025.03.24-05.21.23:953][627]LogSlate: Updating window title bar state: overlay mode, drag disabled, window buttons hidden, title bar hidden
[2025.03.24-05.21.23:956][627]LogUObjectHash: Compacting FUObjectHashTables data took   2.24ms
[2025.03.24-05.21.23:992][628]LogPlayLevel: Display: Destroying online subsystem :Context_63
[2025.03.24-05.21.28:151][851]LogEditorViewport: Clicking on Actor (LMB): ThirdPersonCharacter_C (ThirdPersonCharacter)
[2025.03.24-05.21.31:788][994]LogEditorViewport: Clicking on Actor (LMB): StaticMeshActor (Floor2)
[2025.03.24-05.21.33:816][ 94]LogTemp: Repeating last play command: Selected Viewport
[2025.03.24-05.21.33:824][ 94]LogPlayLevel: PlayLevel: No blueprints needed recompiling
[2025.03.24-05.21.33:824][ 94]PIE: New page: PIE session: ThirdPersonExampleMap (2025年3月24日 下午9:21:33)
[2025.03.24-05.21.33:826][ 94]LogPlayLevel: Creating play world package: /Game/ThirdPersonBP/Maps/UEDPIE_0_ThirdPersonExampleMap
[2025.03.24-05.21.33:841][ 94]LogPlayLevel: PIE: StaticDuplicateObject took: (0.014619s)
[2025.03.24-05.21.33:842][ 94]LogAIModule: Creating AISystem for world ThirdPersonExampleMap
[2025.03.24-05.21.33:842][ 94]LogPlayLevel: PIE: World Init took: (0.001014s)
[2025.03.24-05.21.33:842][ 94]LogPlayLevel: PIE: Created PIE world by copying editor world from /Game/ThirdPersonBP/Maps/ThirdPersonExampleMap.ThirdPersonExampleMap to /Game/ThirdPersonBP/Maps/UEDPIE_0_ThirdPersonExampleMap.ThirdPersonExampleMap (0.015919s)
[2025.03.24-05.21.33:877][ 94]LogUObjectHash: Compacting FUObjectHashTables data took   3.52ms
[2025.03.24-05.21.33:878][ 94]LogAudio: Display: Creating Audio Device:                 Id: 39, Scope: Unique, Realtime: True
[2025.03.24-05.21.33:878][ 94]LogAudioMixer: Display: Audio Mixer Platform Settings:
[2025.03.24-05.21.33:878][ 94]LogAudioMixer: Display: 	Sample Rate:						  48000
[2025.03.24-05.21.33:878][ 94]LogAudioMixer: Display: 	Callback Buffer Frame Size Requested: 1024
[2025.03.24-05.21.33:878][ 94]LogAudioMixer: Display: 	Callback Buffer Frame Size To Use:	  1024
[2025.03.24-05.21.33:878][ 94]LogAudioMixer: Display: 	Number of buffers to queue:			  2
[2025.03.24-05.21.33:878][ 94]LogAudioMixer: Display: 	Max Channels (voices):				  32
[2025.03.24-05.21.33:878][ 94]LogAudioMixer: Display: 	Number of Async Source Workers:		  0
[2025.03.24-05.21.33:878][ 94]LogAudio: Display: AudioDevice MaxSources: 32
[2025.03.24-05.21.33:878][ 94]LogAudio: Display: Audio Spatialization Plugin: None (built-in).
[2025.03.24-05.21.33:878][ 94]LogAudio: Display: Audio Reverb Plugin: None (built-in).
[2025.03.24-05.21.33:878][ 94]LogAudio: Display: Audio Occlusion Plugin: None (built-in).
[2025.03.24-05.21.33:878][ 94]LogAudioMixer: Display: Initializing audio mixer.
[2025.03.24-05.21.33:881][ 94]LogAudioMixer: Display: 0: FrontLeft
[2025.03.24-05.21.33:881][ 94]LogAudioMixer: Display: 1: FrontRight
[2025.03.24-05.21.33:915][ 94]LogAudioMixer: Display: Using Audio Device 扬声器 (适用于 I2S 音频的英特尔® 智音技术)
[2025.03.24-05.21.33:915][ 94]LogAudioMixer: Display: Initializing Sound Submixes...
[2025.03.24-05.21.33:915][ 94]LogAudioMixer: Display: Creating Master Submix 'MasterSubmixDefault'
[2025.03.24-05.21.33:915][ 94]LogAudioMixer: Display: Creating Master Submix 'MasterReverbSubmixDefault'
[2025.03.24-05.21.33:917][ 94]LogAudioMixer: Display: Creating Master Submix 'MasterEQSubmixDefault'
[2025.03.24-05.21.33:917][ 94]LogAudioMixer: FMixerPlatformXAudio2::StartAudioStream() called
[2025.03.24-05.21.33:917][ 94]LogAudioMixer: Display: Output buffers initialized: Frames=1024, Channels=2, Samples=2048
[2025.03.24-05.21.33:917][ 94]LogAudioMixer: Display: Starting AudioMixerPlatformInterface::RunInternal()
[2025.03.24-05.21.33:917][ 94]LogAudioMixer: Display: FMixerPlatformXAudio2::SubmitBuffer() called for the first time
[2025.03.24-05.21.33:917][ 94]LogInit: FAudioDevice initialized.
[2025.03.24-05.21.33:917][ 94]LogAudio: Display: Audio Device (ID: 39) registered with world 'ThirdPersonExampleMap'.
[2025.03.24-05.21.33:926][ 94]LogLoad: Game class is 'ThirdPersonGameMode_C'
[2025.03.24-05.21.33:929][ 94]LogWorld: Bringing World /Game/ThirdPersonBP/Maps/UEDPIE_0_ThirdPersonExampleMap.ThirdPersonExampleMap up for play (max tick rate 60) at 2025.03.24-13.21.33
[2025.03.24-05.21.33:929][ 94]LogWorld: Bringing up level for play took: 0.002116
[2025.03.24-05.21.33:929][ 94]LogOnline: OSS: Creating online subsystem instance for: :Context_64
[2025.03.24-05.21.33:931][ 94]PIE: Server logged in
[2025.03.24-05.21.33:932][ 94]PIE: Play in editor total start time 0.109 seconds.
[2025.03.24-05.21.37:500][299]LogSlate: Updating window title bar state: overlay mode, drag disabled, window buttons hidden, title bar hidden
[2025.03.24-05.21.37:500][299]LogWorld: BeginTearingDown for /Game/ThirdPersonBP/Maps/UEDPIE_0_ThirdPersonExampleMap
[2025.03.24-05.21.37:501][299]LogWorld: UWorld::CleanupWorld for ThirdPersonExampleMap, bSessionEnded=true, bCleanupResources=true
[2025.03.24-05.21.37:501][299]LogSlate: InvalidateAllWidgets triggered.  All widgets were invalidated
[2025.03.24-05.21.37:519][299]LogPlayLevel: Display: Shutting down PIE online subsystems
[2025.03.24-05.21.37:539][299]LogSlate: InvalidateAllWidgets triggered.  All widgets were invalidated
[2025.03.24-05.21.37:567][299]LogAudio: Display: Audio Device unregistered from world 'None'.
[2025.03.24-05.21.37:567][299]LogAudioMixer: FMixerPlatformXAudio2::StopAudioStream() called
[2025.03.24-05.21.37:568][299]LogAudioMixer: FMixerPlatformXAudio2::StopAudioStream() called
[2025.03.24-05.21.37:571][299]LogSlate: Updating window title bar state: overlay mode, drag disabled, window buttons hidden, title bar hidden
[2025.03.24-05.21.37:577][299]LogUObjectHash: Compacting FUObjectHashTables data took   4.38ms
[2025.03.24-05.21.37:618][300]LogPlayLevel: Display: Destroying online subsystem :Context_64
[2025.03.24-05.21.39:038][376]LogEditorViewport: Clicking on Actor (LMB): ThirdPersonCharacter_C (ThirdPersonCharacter)
[2025.03.24-05.21.42:311][500]LogTemp: Repeating last play command: Selected Viewport
[2025.03.24-05.21.42:323][500]LogPlayLevel: PlayLevel: No blueprints needed recompiling
[2025.03.24-05.21.42:323][500]PIE: New page: PIE session: ThirdPersonExampleMap (2025年3月24日 下午9:21:42)
[2025.03.24-05.21.42:325][500]LogPlayLevel: Creating play world package: /Game/ThirdPersonBP/Maps/UEDPIE_0_ThirdPersonExampleMap
[2025.03.24-05.21.42:344][500]LogPlayLevel: PIE: StaticDuplicateObject took: (0.019185s)
[2025.03.24-05.21.42:346][500]LogAIModule: Creating AISystem for world ThirdPersonExampleMap
[2025.03.24-05.21.42:346][500]LogPlayLevel: PIE: World Init took: (0.002037s)
[2025.03.24-05.21.42:346][500]LogPlayLevel: PIE: Created PIE world by copying editor world from /Game/ThirdPersonBP/Maps/ThirdPersonExampleMap.ThirdPersonExampleMap to /Game/ThirdPersonBP/Maps/UEDPIE_0_ThirdPersonExampleMap.ThirdPersonExampleMap (0.021593s)
[2025.03.24-05.21.42:388][500]LogUObjectHash: Compacting FUObjectHashTables data took   2.60ms
[2025.03.24-05.21.42:389][500]LogAudio: Display: Creating Audio Device:                 Id: 40, Scope: Unique, Realtime: True
[2025.03.24-05.21.42:389][500]LogAudioMixer: Display: Audio Mixer Platform Settings:
[2025.03.24-05.21.42:389][500]LogAudioMixer: Display: 	Sample Rate:						  48000
[2025.03.24-05.21.42:389][500]LogAudioMixer: Display: 	Callback Buffer Frame Size Requested: 1024
[2025.03.24-05.21.42:389][500]LogAudioMixer: Display: 	Callback Buffer Frame Size To Use:	  1024
[2025.03.24-05.21.42:389][500]LogAudioMixer: Display: 	Number of buffers to queue:			  2
[2025.03.24-05.21.42:390][500]LogAudioMixer: Display: 	Max Channels (voices):				  32
[2025.03.24-05.21.42:390][500]LogAudioMixer: Display: 	Number of Async Source Workers:		  0
[2025.03.24-05.21.42:390][500]LogAudio: Display: AudioDevice MaxSources: 32
[2025.03.24-05.21.42:390][500]LogAudio: Display: Audio Spatialization Plugin: None (built-in).
[2025.03.24-05.21.42:390][500]LogAudio: Display: Audio Reverb Plugin: None (built-in).
[2025.03.24-05.21.42:390][500]LogAudio: Display: Audio Occlusion Plugin: None (built-in).
[2025.03.24-05.21.42:390][500]LogAudioMixer: Display: Initializing audio mixer.
[2025.03.24-05.21.42:393][500]LogAudioMixer: Display: 0: FrontLeft
[2025.03.24-05.21.42:393][500]LogAudioMixer: Display: 1: FrontRight
[2025.03.24-05.21.42:432][500]LogAudioMixer: Display: Using Audio Device 扬声器 (适用于 I2S 音频的英特尔® 智音技术)
[2025.03.24-05.21.42:432][500]LogAudioMixer: Display: Initializing Sound Submixes...
[2025.03.24-05.21.42:432][500]LogAudioMixer: Display: Creating Master Submix 'MasterSubmixDefault'
[2025.03.24-05.21.42:432][500]LogAudioMixer: Display: Creating Master Submix 'MasterReverbSubmixDefault'
[2025.03.24-05.21.42:432][500]LogAudioMixer: Display: Creating Master Submix 'MasterEQSubmixDefault'
[2025.03.24-05.21.42:432][500]LogAudioMixer: FMixerPlatformXAudio2::StartAudioStream() called
[2025.03.24-05.21.42:432][500]LogAudioMixer: Display: Output buffers initialized: Frames=1024, Channels=2, Samples=2048
[2025.03.24-05.21.42:433][500]LogAudioMixer: Display: Starting AudioMixerPlatformInterface::RunInternal()
[2025.03.24-05.21.42:434][500]LogAudioMixer: Display: FMixerPlatformXAudio2::SubmitBuffer() called for the first time
[2025.03.24-05.21.42:434][500]LogInit: FAudioDevice initialized.
[2025.03.24-05.21.42:434][500]LogAudio: Display: Audio Device (ID: 40) registered with world 'ThirdPersonExampleMap'.
[2025.03.24-05.21.42:442][500]LogLoad: Game class is 'ThirdPersonGameMode_C'
[2025.03.24-05.21.42:445][500]LogWorld: Bringing World /Game/ThirdPersonBP/Maps/UEDPIE_0_ThirdPersonExampleMap.ThirdPersonExampleMap up for play (max tick rate 60) at 2025.03.24-13.21.42
[2025.03.24-05.21.42:446][500]LogWorld: Bringing up level for play took: 0.002925
[2025.03.24-05.21.42:446][500]LogOnline: OSS: Creating online subsystem instance for: :Context_65
[2025.03.24-05.21.42:448][500]PIE: Server logged in
[2025.03.24-05.21.42:449][500]PIE: Play in editor total start time 0.128 seconds.
[2025.03.24-05.21.54:999][238]LogSlate: Updating window title bar state: overlay mode, drag disabled, window buttons hidden, title bar hidden
[2025.03.24-05.21.55:000][238]LogWorld: BeginTearingDown for /Game/ThirdPersonBP/Maps/UEDPIE_0_ThirdPersonExampleMap
[2025.03.24-05.21.55:000][238]LogWorld: UWorld::CleanupWorld for ThirdPersonExampleMap, bSessionEnded=true, bCleanupResources=true
[2025.03.24-05.21.55:000][238]LogSlate: InvalidateAllWidgets triggered.  All widgets were invalidated
[2025.03.24-05.21.55:012][238]LogPlayLevel: Display: Shutting down PIE online subsystems
[2025.03.24-05.21.55:055][238]LogSlate: InvalidateAllWidgets triggered.  All widgets were invalidated
[2025.03.24-05.21.55:085][238]LogAudio: Display: Audio Device unregistered from world 'None'.
[2025.03.24-05.21.55:085][238]LogAudioMixer: FMixerPlatformXAudio2::StopAudioStream() called
[2025.03.24-05.21.55:086][238]LogAudioMixer: FMixerPlatformXAudio2::StopAudioStream() called
[2025.03.24-05.21.55:090][238]LogSlate: Updating window title bar state: overlay mode, drag disabled, window buttons hidden, title bar hidden
[2025.03.24-05.21.55:094][238]LogUObjectHash: Compacting FUObjectHashTables data took   2.30ms
[2025.03.24-05.21.55:149][239]LogPlayLevel: Display: Destroying online subsystem :Context_65
[2025.03.24-05.23.52:155][717]LogUObjectHash: Compacting FUObjectHashTables data took   2.10ms
[2025.03.24-05.23.52:185][717]LogSavePackage: Moving '../../../../../../project/UE/room_escape/Saved/ThirdPersonExampleMap_Auto5ECFAC70D4945350BBD6F4DA51037C957.tmp' to '../../../../../../project/UE/room_escape/Saved/Autosaves/Game/ThirdPersonBP/Maps/ThirdPersonExampleMap_Auto5.umap'
[2025.03.24-05.23.52:188][717]LogFileHelpers: Editor autosave (incl. external actors) for '/Game/ThirdPersonBP/Maps/ThirdPersonExampleMap' took 0.064
[2025.03.24-05.23.52:188][717]LogFileHelpers: Editor autosave (incl. sublevels & external actors) for all levels took 0.064
[2025.03.24-05.23.52:188][717]OBJ SavePackage: Generating thumbnails for [2] asset(s) in package [/Game/BP/Second/BP_TriggerArea] ([2] browsable assets)...
[2025.03.24-05.23.52:210][717]OBJ SavePackage:     Rendered thumbnail for [Blueprint /Game/BP/Second/BP_TriggerArea.BP_TriggerArea]
[2025.03.24-05.23.52:210][717]OBJ SavePackage: Finished generating thumbnails for package [/Game/BP/Second/BP_TriggerArea]
[2025.03.24-05.23.52:211][717]Cmd: OBJ SAVEPACKAGE PACKAGE="/Game/BP/Second/BP_TriggerArea" FILE="../../../../../../project/UE/room_escape/Saved/Autosaves/Game/BP/Second/BP_TriggerArea_Auto5.uasset" SILENT=false AUTOSAVING=true
[2025.03.24-05.23.52:222][717]LogSavePackage: Moving '../../../../../../project/UE/room_escape/Saved/BP_TriggerArea_Auto54FE0CB7040BBE32E8A9DE78B707F7E90.tmp' to '../../../../../../project/UE/room_escape/Saved/Autosaves/Game/BP/Second/BP_TriggerArea_Auto5.uasset'
[2025.03.24-05.23.52:223][717]OBJ SavePackage: Generating thumbnails for [2] asset(s) in package [/Game/BP/Second/BP_Table] ([2] browsable assets)...
[2025.03.24-05.23.52:244][717]OBJ SavePackage:     Rendered thumbnail for [Blueprint /Game/BP/Second/BP_Table.BP_Table]
[2025.03.24-05.23.52:244][717]OBJ SavePackage: Finished generating thumbnails for package [/Game/BP/Second/BP_Table]
[2025.03.24-05.23.52:244][717]Cmd: OBJ SAVEPACKAGE PACKAGE="/Game/BP/Second/BP_Table" FILE="../../../../../../project/UE/room_escape/Saved/Autosaves/Game/BP/Second/BP_Table_Auto5.uasset" SILENT=false AUTOSAVING=true
[2025.03.24-05.23.52:252][717]LogSavePackage: Moving '../../../../../../project/UE/room_escape/Saved/BP_Table_Auto55BACE06C4A28B033B27800B579DB4B9F.tmp' to '../../../../../../project/UE/room_escape/Saved/Autosaves/Game/BP/Second/BP_Table_Auto5.uasset'
[2025.03.24-05.23.52:252][717]LogFileHelpers: Auto-saving content packages took 0.065
[2025.03.24-05.26.23:352][496]LogEditorViewport: Clicking on Actor (LMB): ThirdPersonCharacter_C (ThirdPersonCharacter)
[2025.03.24-05.26.29:661][723]LogEditorViewport: Clicking on Actor (LMB): ThirdPersonCharacter_C (ThirdPersonCharacter)
[2025.03.24-05.26.41:844][134]LogTemp: Repeating last play command: Selected Viewport
[2025.03.24-05.26.41:856][134]LogPlayLevel: PlayLevel: No blueprints needed recompiling
[2025.03.24-05.26.41:856][134]PIE: New page: PIE session: ThirdPersonExampleMap (2025年3月24日 下午9:26:41)
[2025.03.24-05.26.41:859][134]LogPlayLevel: Creating play world package: /Game/ThirdPersonBP/Maps/UEDPIE_0_ThirdPersonExampleMap
[2025.03.24-05.26.41:886][134]LogPlayLevel: PIE: StaticDuplicateObject took: (0.027144s)
[2025.03.24-05.26.41:888][134]LogAIModule: Creating AISystem for world ThirdPersonExampleMap
[2025.03.24-05.26.41:888][134]LogPlayLevel: PIE: World Init took: (0.001979s)
[2025.03.24-05.26.41:888][134]LogPlayLevel: PIE: Created PIE world by copying editor world from /Game/ThirdPersonBP/Maps/ThirdPersonExampleMap.ThirdPersonExampleMap to /Game/ThirdPersonBP/Maps/UEDPIE_0_ThirdPersonExampleMap.ThirdPersonExampleMap (0.029489s)
[2025.03.24-05.26.41:946][134]LogUObjectHash: Compacting FUObjectHashTables data took   6.23ms
[2025.03.24-05.26.41:949][134]LogAudio: Display: Creating Audio Device:                 Id: 41, Scope: Unique, Realtime: True
[2025.03.24-05.26.41:949][134]LogAudioMixer: Display: Audio Mixer Platform Settings:
[2025.03.24-05.26.41:949][134]LogAudioMixer: Display: 	Sample Rate:						  48000
[2025.03.24-05.26.41:949][134]LogAudioMixer: Display: 	Callback Buffer Frame Size Requested: 1024
[2025.03.24-05.26.41:949][134]LogAudioMixer: Display: 	Callback Buffer Frame Size To Use:	  1024
[2025.03.24-05.26.41:949][134]LogAudioMixer: Display: 	Number of buffers to queue:			  2
[2025.03.24-05.26.41:949][134]LogAudioMixer: Display: 	Max Channels (voices):				  32
[2025.03.24-05.26.41:949][134]LogAudioMixer: Display: 	Number of Async Source Workers:		  0
[2025.03.24-05.26.41:949][134]LogAudio: Display: AudioDevice MaxSources: 32
[2025.03.24-05.26.41:950][134]LogAudio: Display: Audio Spatialization Plugin: None (built-in).
[2025.03.24-05.26.41:950][134]LogAudio: Display: Audio Reverb Plugin: None (built-in).
[2025.03.24-05.26.41:950][134]LogAudio: Display: Audio Occlusion Plugin: None (built-in).
[2025.03.24-05.26.41:950][134]LogAudioMixer: Display: Initializing audio mixer.
[2025.03.24-05.26.41:955][134]LogAudioMixer: Display: 0: FrontLeft
[2025.03.24-05.26.41:955][134]LogAudioMixer: Display: 1: FrontRight
[2025.03.24-05.26.42:070][134]LogAudioMixer: Display: Using Audio Device 扬声器 (适用于 I2S 音频的英特尔® 智音技术)
[2025.03.24-05.26.42:070][134]LogAudioMixer: Display: Initializing Sound Submixes...
[2025.03.24-05.26.42:070][134]LogAudioMixer: Display: Creating Master Submix 'MasterSubmixDefault'
[2025.03.24-05.26.42:070][134]LogAudioMixer: Display: Creating Master Submix 'MasterReverbSubmixDefault'
[2025.03.24-05.26.42:071][134]LogAudioMixer: Display: Creating Master Submix 'MasterEQSubmixDefault'
[2025.03.24-05.26.42:071][134]LogAudioMixer: FMixerPlatformXAudio2::StartAudioStream() called
[2025.03.24-05.26.42:071][134]LogAudioMixer: Display: Output buffers initialized: Frames=1024, Channels=2, Samples=2048
[2025.03.24-05.26.42:072][134]LogAudioMixer: Display: Starting AudioMixerPlatformInterface::RunInternal()
[2025.03.24-05.26.42:072][134]LogAudioMixer: Display: FMixerPlatformXAudio2::SubmitBuffer() called for the first time
[2025.03.24-05.26.42:072][134]LogInit: FAudioDevice initialized.
[2025.03.24-05.26.42:072][134]LogAudio: Display: Audio Device (ID: 41) registered with world 'ThirdPersonExampleMap'.
[2025.03.24-05.26.42:081][134]LogLoad: Game class is 'ThirdPersonGameMode_C'
[2025.03.24-05.26.42:084][134]LogWorld: Bringing World /Game/ThirdPersonBP/Maps/UEDPIE_0_ThirdPersonExampleMap.ThirdPersonExampleMap up for play (max tick rate 60) at 2025.03.24-13.26.42
[2025.03.24-05.26.42:084][134]LogWorld: Bringing up level for play took: 0.002526
[2025.03.24-05.26.42:084][134]LogOnline: OSS: Creating online subsystem instance for: :Context_66
[2025.03.24-05.26.42:087][134]PIE: Server logged in
[2025.03.24-05.26.42:088][134]PIE: Play in editor total start time 0.234 seconds.
[2025.03.24-05.27.05:388][476]LogSlate: Updating window title bar state: overlay mode, drag disabled, window buttons hidden, title bar hidden
[2025.03.24-05.27.05:388][476]LogWorld: BeginTearingDown for /Game/ThirdPersonBP/Maps/UEDPIE_0_ThirdPersonExampleMap
[2025.03.24-05.27.05:388][476]LogWorld: UWorld::CleanupWorld for ThirdPersonExampleMap, bSessionEnded=true, bCleanupResources=true
[2025.03.24-05.27.05:389][476]LogSlate: InvalidateAllWidgets triggered.  All widgets were invalidated
[2025.03.24-05.27.05:410][476]LogPlayLevel: Display: Shutting down PIE online subsystems
[2025.03.24-05.27.05:467][476]LogSlate: InvalidateAllWidgets triggered.  All widgets were invalidated
[2025.03.24-05.27.05:502][476]LogAudio: Display: Audio Device unregistered from world 'None'.
[2025.03.24-05.27.05:503][476]LogAudioMixer: FMixerPlatformXAudio2::StopAudioStream() called
[2025.03.24-05.27.05:504][476]LogAudioMixer: FMixerPlatformXAudio2::StopAudioStream() called
[2025.03.24-05.27.05:507][476]LogSlate: Updating window title bar state: overlay mode, drag disabled, window buttons hidden, title bar hidden
[2025.03.24-05.27.05:511][476]LogUObjectHash: Compacting FUObjectHashTables data took   2.41ms
[2025.03.24-05.27.05:570][477]LogPlayLevel: Display: Destroying online subsystem :Context_66
[2025.03.24-05.28.36:321][357]LogTemp: Repeating last play command: Selected Viewport
[2025.03.24-05.28.36:331][357]BlueprintLog: New page: Pre-Play auto-recompile
[2025.03.24-05.28.36:339][357]LogPlayLevel: [PlayLevel] Compiling BP_Button before play...
[2025.03.24-05.28.36:427][357]LogUObjectHash: Compacting FUObjectHashTables data took   3.82ms
[2025.03.24-05.28.36:430][357]LogPlayLevel: PlayLevel: Blueprint regeneration took 98 ms (1 blueprints)
[2025.03.24-05.28.36:430][357]PIE: New page: PIE session: ThirdPersonExampleMap (2025年3月24日 下午9:28:36)
[2025.03.24-05.28.36:431][357]LogPlayLevel: Creating play world package: /Game/ThirdPersonBP/Maps/UEDPIE_0_ThirdPersonExampleMap
[2025.03.24-05.28.36:445][357]LogPlayLevel: PIE: StaticDuplicateObject took: (0.013080s)
[2025.03.24-05.28.36:446][357]LogAIModule: Creating AISystem for world ThirdPersonExampleMap
[2025.03.24-05.28.36:446][357]LogPlayLevel: PIE: World Init took: (0.001642s)
[2025.03.24-05.28.36:446][357]LogPlayLevel: PIE: Created PIE world by copying editor world from /Game/ThirdPersonBP/Maps/ThirdPersonExampleMap.ThirdPersonExampleMap to /Game/ThirdPersonBP/Maps/UEDPIE_0_ThirdPersonExampleMap.ThirdPersonExampleMap (0.014960s)
[2025.03.24-05.28.36:478][357]LogUObjectHash: Compacting FUObjectHashTables data took   2.43ms
[2025.03.24-05.28.36:479][357]LogAudio: Display: Creating Audio Device:                 Id: 42, Scope: Unique, Realtime: True
[2025.03.24-05.28.36:479][357]LogAudioMixer: Display: Audio Mixer Platform Settings:
[2025.03.24-05.28.36:479][357]LogAudioMixer: Display: 	Sample Rate:						  48000
[2025.03.24-05.28.36:479][357]LogAudioMixer: Display: 	Callback Buffer Frame Size Requested: 1024
[2025.03.24-05.28.36:479][357]LogAudioMixer: Display: 	Callback Buffer Frame Size To Use:	  1024
[2025.03.24-05.28.36:479][357]LogAudioMixer: Display: 	Number of buffers to queue:			  2
[2025.03.24-05.28.36:479][357]LogAudioMixer: Display: 	Max Channels (voices):				  32
[2025.03.24-05.28.36:479][357]LogAudioMixer: Display: 	Number of Async Source Workers:		  0
[2025.03.24-05.28.36:479][357]LogAudio: Display: AudioDevice MaxSources: 32
[2025.03.24-05.28.36:480][357]LogAudio: Display: Audio Spatialization Plugin: None (built-in).
[2025.03.24-05.28.36:480][357]LogAudio: Display: Audio Reverb Plugin: None (built-in).
[2025.03.24-05.28.36:480][357]LogAudio: Display: Audio Occlusion Plugin: None (built-in).
[2025.03.24-05.28.36:480][357]LogAudioMixer: Display: Initializing audio mixer.
[2025.03.24-05.28.36:485][357]LogAudioMixer: Display: 0: FrontLeft
[2025.03.24-05.28.36:485][357]LogAudioMixer: Display: 1: FrontRight
[2025.03.24-05.28.36:521][357]LogAudioMixer: Display: Using Audio Device 扬声器 (适用于 I2S 音频的英特尔® 智音技术)
[2025.03.24-05.28.36:521][357]LogAudioMixer: Display: Initializing Sound Submixes...
[2025.03.24-05.28.36:521][357]LogAudioMixer: Display: Creating Master Submix 'MasterSubmixDefault'
[2025.03.24-05.28.36:522][357]LogAudioMixer: Display: Creating Master Submix 'MasterReverbSubmixDefault'
[2025.03.24-05.28.36:523][357]LogAudioMixer: Display: Creating Master Submix 'MasterEQSubmixDefault'
[2025.03.24-05.28.36:523][357]LogAudioMixer: FMixerPlatformXAudio2::StartAudioStream() called
[2025.03.24-05.28.36:523][357]LogAudioMixer: Display: Output buffers initialized: Frames=1024, Channels=2, Samples=2048
[2025.03.24-05.28.36:524][357]LogAudioMixer: Display: Starting AudioMixerPlatformInterface::RunInternal()
[2025.03.24-05.28.36:524][357]LogAudioMixer: Display: FMixerPlatformXAudio2::SubmitBuffer() called for the first time
[2025.03.24-05.28.36:524][357]LogInit: FAudioDevice initialized.
[2025.03.24-05.28.36:524][357]LogAudio: Display: Audio Device (ID: 42) registered with world 'ThirdPersonExampleMap'.
[2025.03.24-05.28.36:533][357]LogLoad: Game class is 'ThirdPersonGameMode_C'
[2025.03.24-05.28.36:536][357]LogWorld: Bringing World /Game/ThirdPersonBP/Maps/UEDPIE_0_ThirdPersonExampleMap.ThirdPersonExampleMap up for play (max tick rate 60) at 2025.03.24-13.28.36
[2025.03.24-05.28.36:537][357]LogWorld: Bringing up level for play took: 0.002602
[2025.03.24-05.28.36:537][357]LogOnline: OSS: Creating online subsystem instance for: :Context_67
[2025.03.24-05.28.36:540][357]PIE: Server logged in
[2025.03.24-05.28.36:541][357]PIE: Play in editor total start time 0.211 seconds.
[2025.03.24-05.28.50:857][180]LogSlate: Updating window title bar state: overlay mode, drag disabled, window buttons hidden, title bar hidden
[2025.03.24-05.28.50:858][180]LogWorld: BeginTearingDown for /Game/ThirdPersonBP/Maps/UEDPIE_0_ThirdPersonExampleMap
[2025.03.24-05.28.50:858][180]LogWorld: UWorld::CleanupWorld for ThirdPersonExampleMap, bSessionEnded=true, bCleanupResources=true
[2025.03.24-05.28.50:859][180]LogSlate: InvalidateAllWidgets triggered.  All widgets were invalidated
[2025.03.24-05.28.50:872][180]LogPlayLevel: Display: Shutting down PIE online subsystems
[2025.03.24-05.28.50:921][180]LogSlate: InvalidateAllWidgets triggered.  All widgets were invalidated
[2025.03.24-05.28.50:951][180]LogSlate: Updating window title bar state: overlay mode, drag disabled, window buttons hidden, title bar hidden
[2025.03.24-05.28.50:952][180]LogAudioMixer: FMixerPlatformXAudio2::StopAudioStream() called
[2025.03.24-05.28.50:953][180]LogAudioMixer: FMixerPlatformXAudio2::StopAudioStream() called
[2025.03.24-05.28.50:960][180]LogUObjectHash: Compacting FUObjectHashTables data took   2.39ms
[2025.03.24-05.28.51:030][181]LogPlayLevel: Display: Destroying online subsystem :Context_67
[2025.03.24-05.28.52:102][213]LogEditorViewport: Clicking on Actor (LMB): BP_Button_C (BP_Button)
[2025.03.24-05.29.42:871][220]BlueprintLog: New page: Compile BP_Button
[2025.03.24-05.29.42:955][220]LogUObjectHash: Compacting FUObjectHashTables data took   3.25ms
[2025.03.24-05.30.01:324][126]BlueprintLog: New page: Compile BP_Button
[2025.03.24-05.30.01:401][126]LogUObjectHash: Compacting FUObjectHashTables data took   8.17ms
[2025.03.24-05.30.03:631][236]LogTemp: Repeating last play command: Selected Viewport
[2025.03.24-05.30.03:639][236]LogPlayLevel: PlayLevel: No blueprints needed recompiling
[2025.03.24-05.30.03:639][236]PIE: New page: PIE session: ThirdPersonExampleMap (2025年3月24日 下午9:30:03)
[2025.03.24-05.30.03:640][236]LogPlayLevel: Creating play world package: /Game/ThirdPersonBP/Maps/UEDPIE_0_ThirdPersonExampleMap
[2025.03.24-05.30.03:658][236]LogPlayLevel: PIE: StaticDuplicateObject took: (0.017311s)
[2025.03.24-05.30.03:659][236]LogAIModule: Creating AISystem for world ThirdPersonExampleMap
[2025.03.24-05.30.03:659][236]LogPlayLevel: PIE: World Init took: (0.001317s)
[2025.03.24-05.30.03:659][236]LogPlayLevel: PIE: Created PIE world by copying editor world from /Game/ThirdPersonBP/Maps/ThirdPersonExampleMap.ThirdPersonExampleMap to /Game/ThirdPersonBP/Maps/UEDPIE_0_ThirdPersonExampleMap.ThirdPersonExampleMap (0.018841s)
[2025.03.24-05.30.03:701][236]LogUObjectHash: Compacting FUObjectHashTables data took   6.49ms
[2025.03.24-05.30.03:702][236]LogAudio: Display: Creating Audio Device:                 Id: 43, Scope: Unique, Realtime: True
[2025.03.24-05.30.03:702][236]LogAudioMixer: Display: Audio Mixer Platform Settings:
[2025.03.24-05.30.03:702][236]LogAudioMixer: Display: 	Sample Rate:						  48000
[2025.03.24-05.30.03:702][236]LogAudioMixer: Display: 	Callback Buffer Frame Size Requested: 1024
[2025.03.24-05.30.03:702][236]LogAudioMixer: Display: 	Callback Buffer Frame Size To Use:	  1024
[2025.03.24-05.30.03:702][236]LogAudioMixer: Display: 	Number of buffers to queue:			  2
[2025.03.24-05.30.03:702][236]LogAudioMixer: Display: 	Max Channels (voices):				  32
[2025.03.24-05.30.03:702][236]LogAudioMixer: Display: 	Number of Async Source Workers:		  0
[2025.03.24-05.30.03:702][236]LogAudio: Display: AudioDevice MaxSources: 32
[2025.03.24-05.30.03:703][236]LogAudio: Display: Audio Spatialization Plugin: None (built-in).
[2025.03.24-05.30.03:703][236]LogAudio: Display: Audio Reverb Plugin: None (built-in).
[2025.03.24-05.30.03:703][236]LogAudio: Display: Audio Occlusion Plugin: None (built-in).
[2025.03.24-05.30.03:703][236]LogAudioMixer: Display: Initializing audio mixer.
[2025.03.24-05.30.03:705][236]LogAudioMixer: Display: 0: FrontLeft
[2025.03.24-05.30.03:705][236]LogAudioMixer: Display: 1: FrontRight
[2025.03.24-05.30.03:745][236]LogAudioMixer: Display: Using Audio Device 扬声器 (适用于 I2S 音频的英特尔® 智音技术)
[2025.03.24-05.30.03:745][236]LogAudioMixer: Display: Initializing Sound Submixes...
[2025.03.24-05.30.03:745][236]LogAudioMixer: Display: Creating Master Submix 'MasterSubmixDefault'
[2025.03.24-05.30.03:745][236]LogAudioMixer: Display: Creating Master Submix 'MasterReverbSubmixDefault'
[2025.03.24-05.30.03:746][236]LogAudioMixer: Display: Creating Master Submix 'MasterEQSubmixDefault'
[2025.03.24-05.30.03:746][236]LogAudioMixer: FMixerPlatformXAudio2::StartAudioStream() called
[2025.03.24-05.30.03:746][236]LogAudioMixer: Display: Output buffers initialized: Frames=1024, Channels=2, Samples=2048
[2025.03.24-05.30.03:747][236]LogAudioMixer: Display: Starting AudioMixerPlatformInterface::RunInternal()
[2025.03.24-05.30.03:747][236]LogAudioMixer: Display: FMixerPlatformXAudio2::SubmitBuffer() called for the first time
[2025.03.24-05.30.03:747][236]LogInit: FAudioDevice initialized.
[2025.03.24-05.30.03:747][236]LogAudio: Display: Audio Device (ID: 43) registered with world 'ThirdPersonExampleMap'.
[2025.03.24-05.30.03:753][236]LogLoad: Game class is 'ThirdPersonGameMode_C'
[2025.03.24-05.30.03:756][236]LogWorld: Bringing World /Game/ThirdPersonBP/Maps/UEDPIE_0_ThirdPersonExampleMap.ThirdPersonExampleMap up for play (max tick rate 60) at 2025.03.24-13.30.03
[2025.03.24-05.30.03:758][236]LogWorld: Bringing up level for play took: 0.002545
[2025.03.24-05.30.03:758][236]LogOnline: OSS: Creating online subsystem instance for: :Context_68
[2025.03.24-05.30.03:760][236]PIE: Server logged in
[2025.03.24-05.30.03:761][236]PIE: Play in editor total start time 0.122 seconds.
[2025.03.24-05.30.15:754][947]LogBlueprintUserMessages: [BP_Button_2] Hello
[2025.03.24-05.30.18:432][107]LogBlueprintUserMessages: [BP_Button_2] Hello
[2025.03.24-05.30.29:430][762]LogBlueprintUserMessages: [BP_Button_2] Hello
[2025.03.24-05.30.32:306][933]LogBlueprintUserMessages: [BP_Button_2] Hello
[2025.03.24-05.30.41:196][462]LogBlueprintUserMessages: [BP_Button_2] Hello
[2025.03.24-05.30.44:271][645]LogBlueprintUserMessages: [BP_Button_2] Hello
[2025.03.24-05.30.52:756][148]LogSlate: Updating window title bar state: overlay mode, drag disabled, window buttons hidden, title bar hidden
[2025.03.24-05.30.52:756][148]LogWorld: BeginTearingDown for /Game/ThirdPersonBP/Maps/UEDPIE_0_ThirdPersonExampleMap
[2025.03.24-05.30.52:756][148]LogWorld: UWorld::CleanupWorld for ThirdPersonExampleMap, bSessionEnded=true, bCleanupResources=true
[2025.03.24-05.30.52:756][148]LogSlate: InvalidateAllWidgets triggered.  All widgets were invalidated
[2025.03.24-05.30.52:769][148]LogPlayLevel: Display: Shutting down PIE online subsystems
[2025.03.24-05.30.52:777][148]LogSlate: InvalidateAllWidgets triggered.  All widgets were invalidated
[2025.03.24-05.30.52:809][148]LogAudio: Display: Audio Device unregistered from world 'None'.
[2025.03.24-05.30.52:809][148]LogAudioMixer: FMixerPlatformXAudio2::StopAudioStream() called
[2025.03.24-05.30.52:811][148]LogAudioMixer: FMixerPlatformXAudio2::StopAudioStream() called
[2025.03.24-05.30.52:813][148]LogSlate: Updating window title bar state: overlay mode, drag disabled, window buttons hidden, title bar hidden
[2025.03.24-05.30.52:816][148]LogUObjectHash: Compacting FUObjectHashTables data took   2.10ms
[2025.03.24-05.30.52:852][149]LogPlayLevel: Display: Destroying online subsystem :Context_68
[2025.03.24-05.31.24:137][551]LogHttp: Warning: 000001EE24B16B00: invalid HTTP response code received. URL: https://datarouter.ol.epicgames.com/datarouter/api/v1/public/data?SessionID=%7BB9D62385-4F5B-E166-2578-BCB969684141%7D&AppID=UEEditor.Rocket.Release&AppVersion=4.27.2-18319896%2B%2B%2BUE4%2BRelease-4.27&UserID=4dadba1840df393f01f03bb4251131e7%7C8200f8875fa445f5b01f2fa9e0ce4780%7Cb587297a-ff5c-45fe-b03b-545ac00d4e54&AppEnvironment=datacollector-binary&UploadType=eteventstream, HTTP code: 0, content length: 0, actual payload size: 0
[2025.03.24-05.31.24:137][551]LogHttp: Warning: 000001EE24B16B00: request failed, libcurl error: 0 (No error)
[2025.03.24-05.31.24:137][551]LogHttp: Warning: 000001EE24B16B00: libcurl info message cache 0 (Found bundle for host datarouter.ol.epicgames.com: 0x1ed2879fd90 [can pipeline])
[2025.03.24-05.31.24:137][551]LogHttp: Warning: 000001EE24B16B00: libcurl info message cache 1 (Re-using existing connection! (#4) with proxy 127.0.0.1)
[2025.03.24-05.31.24:137][551]LogHttp: Warning: 000001EE24B16B00: libcurl info message cache 2 (Connected to 127.0.0.1 (127.0.0.1) port 56472 (#4))
[2025.03.24-05.31.24:137][551]LogHttp: Warning: 000001EE24B16B00: libcurl info message cache 3 (TLSv1.3 (OUT), TLS Unknown, Unknown (23):)
[2025.03.24-05.31.24:137][551]LogHttp: Warning: 000001EE24B16B00: libcurl info message cache 4 (TLSv1.3 (OUT), TLS Unknown, Unknown (23):)
[2025.03.24-05.31.24:137][551]LogHttp: Warning: 000001EE24B16B00: libcurl info message cache 5 (We are completely uploaded and fine)
[2025.03.24-05.31.24:137][551]LogHttp: Warning: 000001EE24B16B00: libcurl info message cache 6 (TLSv1.3 (IN), TLS Unknown, Unknown (21):)
[2025.03.24-05.31.24:137][551]LogHttp: Warning: 000001EE24B16B00: libcurl info message cache 7 (TLSv1.3 (IN), TLS alert, Client hello (1):)
[2025.03.24-05.31.24:138][551]LogHttp: Warning: 000001EE24B16B00: libcurl info message cache 8 (Connection died, retrying a fresh connect)
[2025.03.24-05.31.24:138][551]LogHttp: Warning: 000001EE24B16B00: libcurl info message cache 9 (necessary data rewind wasn't possible)
[2025.03.24-05.31.24:138][551]LogHttp: Warning: 000001EE24B16B00: libcurl info message cache 10 (Closing connection 4)
[2025.03.24-05.31.24:138][551]LogHttp: Warning: 000001EE24B16B00: libcurl info message cache 11 (TLSv1.3 (OUT), TLS Unknown, Unknown (21):)
[2025.03.24-05.31.24:138][551]LogHttp: Warning: 000001EE24B16B00: libcurl info message cache 12 (TLSv1.3 (OUT), TLS alert, Client hello (1):)
[2025.03.24-05.31.24:138][551]LogHttp: Warning: Retry exhausted on https://datarouter.ol.epicgames.com/datarouter/api/v1/public/data?SessionID=%7BB9D62385-4F5B-E166-2578-BCB969684141%7D&AppID=UEEditor.Rocket.Release&AppVersion=4.27.2-18319896%2B%2B%2BUE4%2BRelease-4.27&UserID=4dadba1840df393f01f03bb4251131e7%7C8200f8875fa445f5b01f2fa9e0ce4780%7Cb587297a-ff5c-45fe-b03b-545ac00d4e54&AppEnvironment=datacollector-binary&UploadType=eteventstream
[2025.03.24-05.32.00:902][ 43]LogEditorTransaction: Undo Modify Component(s)
[2025.03.24-05.32.00:938][ 43]LogActorComponent: RegisterComponentWithWorld: (/Engine/Transient.World_25:PersistentLevel.AnimationEditorPreviewActor_0.DebugSkelMeshComponent_0) Already registered. Aborting.
[2025.03.24-05.34.10:488][337]BlueprintLog: New page: Compile BP_Button
[2025.03.24-05.34.10:610][337]LogUObjectHash: Compacting FUObjectHashTables data took   3.80ms
[2025.03.24-05.34.15:932][552]LogTemp: Repeating last play command: Selected Viewport
[2025.03.24-05.34.15:940][552]LogPlayLevel: PlayLevel: No blueprints needed recompiling
[2025.03.24-05.34.15:940][552]PIE: New page: PIE session: ThirdPersonExampleMap (2025年3月24日 下午9:34:15)
[2025.03.24-05.34.15:943][552]LogPlayLevel: Creating play world package: /Game/ThirdPersonBP/Maps/UEDPIE_0_ThirdPersonExampleMap
[2025.03.24-05.34.15:968][552]LogPlayLevel: PIE: StaticDuplicateObject took: (0.024481s)
[2025.03.24-05.34.15:968][552]LogAIModule: Creating AISystem for world ThirdPersonExampleMap
[2025.03.24-05.34.15:970][552]LogPlayLevel: PIE: World Init took: (0.001211s)
[2025.03.24-05.34.15:970][552]LogPlayLevel: PIE: Created PIE world by copying editor world from /Game/ThirdPersonBP/Maps/ThirdPersonExampleMap.ThirdPersonExampleMap to /Game/ThirdPersonBP/Maps/UEDPIE_0_ThirdPersonExampleMap.ThirdPersonExampleMap (0.025951s)
[2025.03.24-05.34.16:005][552]LogUObjectHash: Compacting FUObjectHashTables data took   3.26ms
[2025.03.24-05.34.16:008][552]LogAudio: Display: Creating Audio Device:                 Id: 44, Scope: Unique, Realtime: True
[2025.03.24-05.34.16:008][552]LogAudioMixer: Display: Audio Mixer Platform Settings:
[2025.03.24-05.34.16:008][552]LogAudioMixer: Display: 	Sample Rate:						  48000
[2025.03.24-05.34.16:008][552]LogAudioMixer: Display: 	Callback Buffer Frame Size Requested: 1024
[2025.03.24-05.34.16:008][552]LogAudioMixer: Display: 	Callback Buffer Frame Size To Use:	  1024
[2025.03.24-05.34.16:008][552]LogAudioMixer: Display: 	Number of buffers to queue:			  2
[2025.03.24-05.34.16:008][552]LogAudioMixer: Display: 	Max Channels (voices):				  32
[2025.03.24-05.34.16:008][552]LogAudioMixer: Display: 	Number of Async Source Workers:		  0
[2025.03.24-05.34.16:008][552]LogAudio: Display: AudioDevice MaxSources: 32
[2025.03.24-05.34.16:008][552]LogAudio: Display: Audio Spatialization Plugin: None (built-in).
[2025.03.24-05.34.16:008][552]LogAudio: Display: Audio Reverb Plugin: None (built-in).
[2025.03.24-05.34.16:008][552]LogAudio: Display: Audio Occlusion Plugin: None (built-in).
[2025.03.24-05.34.16:008][552]LogAudioMixer: Display: Initializing audio mixer.
[2025.03.24-05.34.16:012][552]LogAudioMixer: Display: 0: FrontLeft
[2025.03.24-05.34.16:012][552]LogAudioMixer: Display: 1: FrontRight
[2025.03.24-05.34.16:050][552]LogAudioMixer: Display: Using Audio Device 扬声器 (适用于 I2S 音频的英特尔® 智音技术)
[2025.03.24-05.34.16:050][552]LogAudioMixer: Display: Initializing Sound Submixes...
[2025.03.24-05.34.16:050][552]LogAudioMixer: Display: Creating Master Submix 'MasterSubmixDefault'
[2025.03.24-05.34.16:050][552]LogAudioMixer: Display: Creating Master Submix 'MasterReverbSubmixDefault'
[2025.03.24-05.34.16:051][552]LogAudioMixer: Display: Creating Master Submix 'MasterEQSubmixDefault'
[2025.03.24-05.34.16:051][552]LogAudioMixer: FMixerPlatformXAudio2::StartAudioStream() called
[2025.03.24-05.34.16:051][552]LogAudioMixer: Display: Output buffers initialized: Frames=1024, Channels=2, Samples=2048
[2025.03.24-05.34.16:051][552]LogAudioMixer: Display: Starting AudioMixerPlatformInterface::RunInternal()
[2025.03.24-05.34.16:051][552]LogAudioMixer: Display: FMixerPlatformXAudio2::SubmitBuffer() called for the first time
[2025.03.24-05.34.16:051][552]LogInit: FAudioDevice initialized.
[2025.03.24-05.34.16:051][552]LogAudio: Display: Audio Device (ID: 44) registered with world 'ThirdPersonExampleMap'.
[2025.03.24-05.34.16:059][552]LogLoad: Game class is 'ThirdPersonGameMode_C'
[2025.03.24-05.34.16:062][552]LogWorld: Bringing World /Game/ThirdPersonBP/Maps/UEDPIE_0_ThirdPersonExampleMap.ThirdPersonExampleMap up for play (max tick rate 60) at 2025.03.24-13.34.16
[2025.03.24-05.34.16:062][552]LogWorld: Bringing up level for play took: 0.002616
[2025.03.24-05.34.16:062][552]LogOnline: OSS: Creating online subsystem instance for: :Context_69
[2025.03.24-05.34.16:064][552]PIE: Server logged in
[2025.03.24-05.34.16:065][552]PIE: Play in editor total start time 0.126 seconds.
[2025.03.24-05.34.20:360][801]LogBlueprintUserMessages: [BP_Button_2] Hello
[2025.03.24-05.34.23:183][968]LogBlueprintUserMessages: [BP_Button_2] Hello
[2025.03.24-05.34.26:552][167]LogBlueprintUserMessages: [BP_Button_2] Hello
[2025.03.24-05.34.28:895][305]LogSlate: Updating window title bar state: overlay mode, drag disabled, window buttons hidden, title bar hidden
[2025.03.24-05.34.28:895][305]LogWorld: BeginTearingDown for /Game/ThirdPersonBP/Maps/UEDPIE_0_ThirdPersonExampleMap
[2025.03.24-05.34.28:895][305]LogWorld: UWorld::CleanupWorld for ThirdPersonExampleMap, bSessionEnded=true, bCleanupResources=true
[2025.03.24-05.34.28:896][305]LogSlate: InvalidateAllWidgets triggered.  All widgets were invalidated
[2025.03.24-05.34.28:908][305]LogPlayLevel: Display: Shutting down PIE online subsystems
[2025.03.24-05.34.28:923][305]LogSlate: InvalidateAllWidgets triggered.  All widgets were invalidated
[2025.03.24-05.34.28:951][305]LogAudio: Display: Audio Device unregistered from world 'None'.
[2025.03.24-05.34.28:953][305]LogAudioMixer: FMixerPlatformXAudio2::StopAudioStream() called
[2025.03.24-05.34.28:954][305]LogAudioMixer: FMixerPlatformXAudio2::StopAudioStream() called
[2025.03.24-05.34.28:958][305]LogSlate: Updating window title bar state: overlay mode, drag disabled, window buttons hidden, title bar hidden
[2025.03.24-05.34.28:965][305]LogUObjectHash: Compacting FUObjectHashTables data took   5.81ms
[2025.03.24-05.34.29:019][306]LogPlayLevel: Display: Destroying online subsystem :Context_69
[2025.03.24-05.34.31:225][398]LogTemp: Repeating last play command: Selected Viewport
[2025.03.24-05.34.31:234][398]LogPlayLevel: PlayLevel: No blueprints needed recompiling
[2025.03.24-05.34.31:235][398]PIE: New page: PIE session: ThirdPersonExampleMap (2025年3月24日 下午9:34:31)
[2025.03.24-05.34.31:239][398]LogPlayLevel: Creating play world package: /Game/ThirdPersonBP/Maps/UEDPIE_0_ThirdPersonExampleMap
[2025.03.24-05.34.31:264][398]LogPlayLevel: PIE: StaticDuplicateObject took: (0.024962s)
[2025.03.24-05.34.31:265][398]LogAIModule: Creating AISystem for world ThirdPersonExampleMap
[2025.03.24-05.34.31:266][398]LogPlayLevel: PIE: World Init took: (0.001887s)
[2025.03.24-05.34.31:266][398]LogPlayLevel: PIE: Created PIE world by copying editor world from /Game/ThirdPersonBP/Maps/ThirdPersonExampleMap.ThirdPersonExampleMap to /Game/ThirdPersonBP/Maps/UEDPIE_0_ThirdPersonExampleMap.ThirdPersonExampleMap (0.027326s)
[2025.03.24-05.34.31:311][398]LogUObjectHash: Compacting FUObjectHashTables data took   5.61ms
[2025.03.24-05.34.31:313][398]LogAudio: Display: Creating Audio Device:                 Id: 45, Scope: Unique, Realtime: True
[2025.03.24-05.34.31:313][398]LogAudioMixer: Display: Audio Mixer Platform Settings:
[2025.03.24-05.34.31:313][398]LogAudioMixer: Display: 	Sample Rate:						  48000
[2025.03.24-05.34.31:313][398]LogAudioMixer: Display: 	Callback Buffer Frame Size Requested: 1024
[2025.03.24-05.34.31:313][398]LogAudioMixer: Display: 	Callback Buffer Frame Size To Use:	  1024
[2025.03.24-05.34.31:313][398]LogAudioMixer: Display: 	Number of buffers to queue:			  2
[2025.03.24-05.34.31:313][398]LogAudioMixer: Display: 	Max Channels (voices):				  32
[2025.03.24-05.34.31:313][398]LogAudioMixer: Display: 	Number of Async Source Workers:		  0
[2025.03.24-05.34.31:313][398]LogAudio: Display: AudioDevice MaxSources: 32
[2025.03.24-05.34.31:313][398]LogAudio: Display: Audio Spatialization Plugin: None (built-in).
[2025.03.24-05.34.31:313][398]LogAudio: Display: Audio Reverb Plugin: None (built-in).
[2025.03.24-05.34.31:313][398]LogAudio: Display: Audio Occlusion Plugin: None (built-in).
[2025.03.24-05.34.31:314][398]LogAudioMixer: Display: Initializing audio mixer.
[2025.03.24-05.34.31:316][398]LogAudioMixer: Display: 0: FrontLeft
[2025.03.24-05.34.31:317][398]LogAudioMixer: Display: 1: FrontRight
[2025.03.24-05.34.31:366][398]LogAudioMixer: Display: Using Audio Device 扬声器 (适用于 I2S 音频的英特尔® 智音技术)
[2025.03.24-05.34.31:367][398]LogAudioMixer: Display: Initializing Sound Submixes...
[2025.03.24-05.34.31:367][398]LogAudioMixer: Display: Creating Master Submix 'MasterSubmixDefault'
[2025.03.24-05.34.31:367][398]LogAudioMixer: Display: Creating Master Submix 'MasterReverbSubmixDefault'
[2025.03.24-05.34.31:367][398]LogAudioMixer: Display: Creating Master Submix 'MasterEQSubmixDefault'
[2025.03.24-05.34.31:367][398]LogAudioMixer: FMixerPlatformXAudio2::StartAudioStream() called
[2025.03.24-05.34.31:367][398]LogAudioMixer: Display: Output buffers initialized: Frames=1024, Channels=2, Samples=2048
[2025.03.24-05.34.31:368][398]LogAudioMixer: Display: Starting AudioMixerPlatformInterface::RunInternal()
[2025.03.24-05.34.31:368][398]LogAudioMixer: Display: FMixerPlatformXAudio2::SubmitBuffer() called for the first time
[2025.03.24-05.34.31:368][398]LogInit: FAudioDevice initialized.
[2025.03.24-05.34.31:368][398]LogAudio: Display: Audio Device (ID: 45) registered with world 'ThirdPersonExampleMap'.
[2025.03.24-05.34.31:382][398]LogLoad: Game class is 'ThirdPersonGameMode_C'
[2025.03.24-05.34.31:385][398]LogWorld: Bringing World /Game/ThirdPersonBP/Maps/UEDPIE_0_ThirdPersonExampleMap.ThirdPersonExampleMap up for play (max tick rate 60) at 2025.03.24-13.34.31
[2025.03.24-05.34.31:386][398]LogWorld: Bringing up level for play took: 0.003290
[2025.03.24-05.34.31:386][398]LogOnline: OSS: Creating online subsystem instance for: :Context_70
[2025.03.24-05.34.31:388][398]PIE: Server logged in
[2025.03.24-05.34.31:389][398]PIE: Play in editor total start time 0.155 seconds.
[2025.03.24-05.34.33:445][518]LogBlueprintUserMessages: [BP_Button_2] Hello
[2025.03.24-05.34.37:287][745]LogBlueprintUserMessages: [BP_Button_2] Hello
[2025.03.24-05.34.39:607][876]LogSlate: Updating window title bar state: overlay mode, drag disabled, window buttons hidden, title bar hidden
[2025.03.24-05.34.39:607][876]LogWorld: BeginTearingDown for /Game/ThirdPersonBP/Maps/UEDPIE_0_ThirdPersonExampleMap
[2025.03.24-05.34.39:607][876]LogWorld: UWorld::CleanupWorld for ThirdPersonExampleMap, bSessionEnded=true, bCleanupResources=true
[2025.03.24-05.34.39:608][876]LogSlate: InvalidateAllWidgets triggered.  All widgets were invalidated
[2025.03.24-05.34.39:630][876]LogPlayLevel: Display: Shutting down PIE online subsystems
[2025.03.24-05.34.39:645][876]LogSlate: InvalidateAllWidgets triggered.  All widgets were invalidated
[2025.03.24-05.34.39:672][876]LogSlate: Updating window title bar state: overlay mode, drag disabled, window buttons hidden, title bar hidden
[2025.03.24-05.34.39:672][876]LogAudioMixer: FMixerPlatformXAudio2::StopAudioStream() called
[2025.03.24-05.34.39:673][876]LogAudioMixer: FMixerPlatformXAudio2::StopAudioStream() called
[2025.03.24-05.34.39:680][876]LogUObjectHash: Compacting FUObjectHashTables data took   1.99ms
[2025.03.24-05.34.39:725][877]LogPlayLevel: Display: Destroying online subsystem :Context_70
[2025.03.24-05.35.00:247][700]LogTemp: Repeating last play command: Selected Viewport
[2025.03.24-05.35.00:257][700]BlueprintLog: New page: Pre-Play auto-recompile
[2025.03.24-05.35.00:258][700]LogPlayLevel: [PlayLevel] Compiling BP_Button before play...
[2025.03.24-05.35.00:346][700]LogUObjectHash: Compacting FUObjectHashTables data took   3.16ms
[2025.03.24-05.35.00:349][700]LogPlayLevel: PlayLevel: Blueprint regeneration took 93 ms (1 blueprints)
[2025.03.24-05.35.00:349][700]PIE: New page: PIE session: ThirdPersonExampleMap (2025年3月24日 下午9:35:00)
[2025.03.24-05.35.00:351][700]LogPlayLevel: Creating play world package: /Game/ThirdPersonBP/Maps/UEDPIE_0_ThirdPersonExampleMap
[2025.03.24-05.35.00:365][700]LogPlayLevel: PIE: StaticDuplicateObject took: (0.012458s)
[2025.03.24-05.35.00:366][700]LogAIModule: Creating AISystem for world ThirdPersonExampleMap
[2025.03.24-05.35.00:366][700]LogPlayLevel: PIE: World Init took: (0.001375s)
[2025.03.24-05.35.00:367][700]LogPlayLevel: PIE: Created PIE world by copying editor world from /Game/ThirdPersonBP/Maps/ThirdPersonExampleMap.ThirdPersonExampleMap to /Game/ThirdPersonBP/Maps/UEDPIE_0_ThirdPersonExampleMap.ThirdPersonExampleMap (0.014028s)
[2025.03.24-05.35.00:397][700]LogUObjectHash: Compacting FUObjectHashTables data took   2.05ms
[2025.03.24-05.35.00:397][700]LogAudio: Display: Creating Audio Device:                 Id: 46, Scope: Unique, Realtime: True
[2025.03.24-05.35.00:397][700]LogAudioMixer: Display: Audio Mixer Platform Settings:
[2025.03.24-05.35.00:397][700]LogAudioMixer: Display: 	Sample Rate:						  48000
[2025.03.24-05.35.00:397][700]LogAudioMixer: Display: 	Callback Buffer Frame Size Requested: 1024
[2025.03.24-05.35.00:397][700]LogAudioMixer: Display: 	Callback Buffer Frame Size To Use:	  1024
[2025.03.24-05.35.00:397][700]LogAudioMixer: Display: 	Number of buffers to queue:			  2
[2025.03.24-05.35.00:397][700]LogAudioMixer: Display: 	Max Channels (voices):				  32
[2025.03.24-05.35.00:397][700]LogAudioMixer: Display: 	Number of Async Source Workers:		  0
[2025.03.24-05.35.00:397][700]LogAudio: Display: AudioDevice MaxSources: 32
[2025.03.24-05.35.00:398][700]LogAudio: Display: Audio Spatialization Plugin: None (built-in).
[2025.03.24-05.35.00:398][700]LogAudio: Display: Audio Reverb Plugin: None (built-in).
[2025.03.24-05.35.00:398][700]LogAudio: Display: Audio Occlusion Plugin: None (built-in).
[2025.03.24-05.35.00:398][700]LogAudioMixer: Display: Initializing audio mixer.
[2025.03.24-05.35.00:401][700]LogAudioMixer: Display: 0: FrontLeft
[2025.03.24-05.35.00:401][700]LogAudioMixer: Display: 1: FrontRight
[2025.03.24-05.35.00:437][700]LogAudioMixer: Display: Using Audio Device 扬声器 (适用于 I2S 音频的英特尔® 智音技术)
[2025.03.24-05.35.00:438][700]LogAudioMixer: Display: Initializing Sound Submixes...
[2025.03.24-05.35.00:438][700]LogAudioMixer: Display: Creating Master Submix 'MasterSubmixDefault'
[2025.03.24-05.35.00:438][700]LogAudioMixer: Display: Creating Master Submix 'MasterReverbSubmixDefault'
[2025.03.24-05.35.00:438][700]LogAudioMixer: Display: Creating Master Submix 'MasterEQSubmixDefault'
[2025.03.24-05.35.00:438][700]LogAudioMixer: FMixerPlatformXAudio2::StartAudioStream() called
[2025.03.24-05.35.00:438][700]LogAudioMixer: Display: Output buffers initialized: Frames=1024, Channels=2, Samples=2048
[2025.03.24-05.35.00:439][700]LogAudioMixer: Display: Starting AudioMixerPlatformInterface::RunInternal()
[2025.03.24-05.35.00:439][700]LogAudioMixer: Display: FMixerPlatformXAudio2::SubmitBuffer() called for the first time
[2025.03.24-05.35.00:439][700]LogInit: FAudioDevice initialized.
[2025.03.24-05.35.00:439][700]LogAudio: Display: Audio Device (ID: 46) registered with world 'ThirdPersonExampleMap'.
[2025.03.24-05.35.00:452][700]LogLoad: Game class is 'ThirdPersonGameMode_C'
[2025.03.24-05.35.00:454][700]LogWorld: Bringing World /Game/ThirdPersonBP/Maps/UEDPIE_0_ThirdPersonExampleMap.ThirdPersonExampleMap up for play (max tick rate 60) at 2025.03.24-13.35.00
[2025.03.24-05.35.00:454][700]LogWorld: Bringing up level for play took: 0.002095
[2025.03.24-05.35.00:454][700]LogOnline: OSS: Creating online subsystem instance for: :Context_71
[2025.03.24-05.35.00:456][700]PIE: Server logged in
[2025.03.24-05.35.00:458][700]PIE: Play in editor total start time 0.202 seconds.
[2025.03.24-05.35.04:146][916]LogBlueprintUserMessages: [BP_Button_2] Hello
[2025.03.24-05.35.06:461][ 55]LogBlueprintUserMessages: [BP_Button_2] Hello
[2025.03.24-05.35.07:586][121]LogSlate: Updating window title bar state: overlay mode, drag disabled, window buttons hidden, title bar hidden
[2025.03.24-05.35.07:586][121]LogWorld: BeginTearingDown for /Game/ThirdPersonBP/Maps/UEDPIE_0_ThirdPersonExampleMap
[2025.03.24-05.35.07:586][121]LogWorld: UWorld::CleanupWorld for ThirdPersonExampleMap, bSessionEnded=true, bCleanupResources=true
[2025.03.24-05.35.07:587][121]LogSlate: InvalidateAllWidgets triggered.  All widgets were invalidated
[2025.03.24-05.35.07:606][121]LogPlayLevel: Display: Shutting down PIE online subsystems
[2025.03.24-05.35.07:616][121]LogSlate: InvalidateAllWidgets triggered.  All widgets were invalidated
[2025.03.24-05.35.07:644][121]LogSlate: Updating window title bar state: overlay mode, drag disabled, window buttons hidden, title bar hidden
[2025.03.24-05.35.07:644][121]LogAudioMixer: FMixerPlatformXAudio2::StopAudioStream() called
[2025.03.24-05.35.07:646][121]LogAudioMixer: FMixerPlatformXAudio2::StopAudioStream() called
[2025.03.24-05.35.07:654][121]LogUObjectHash: Compacting FUObjectHashTables data took   2.14ms
[2025.03.24-05.35.07:702][122]LogPlayLevel: Display: Destroying online subsystem :Context_71
[2025.03.24-05.35.48:249][852]LogUObjectHash: Compacting FUObjectHashTables data took   3.02ms
[2025.03.24-05.35.48:285][852]LogSavePackage: Moving '../../../../../../project/UE/room_escape/Saved/ThirdPersonExampleMap_Auto69AC002E54664BB4232090EB2EC34B2EE.tmp' to '../../../../../../project/UE/room_escape/Saved/Autosaves/Game/ThirdPersonBP/Maps/ThirdPersonExampleMap_Auto6.umap'
[2025.03.24-05.35.48:286][852]LogFileHelpers: Editor autosave (incl. external actors) for '/Game/ThirdPersonBP/Maps/ThirdPersonExampleMap' took 0.076
[2025.03.24-05.35.48:286][852]LogFileHelpers: Editor autosave (incl. sublevels & external actors) for all levels took 0.076
[2025.03.24-05.35.48:287][852]OBJ SavePackage: Generating thumbnails for [2] asset(s) in package [/Game/BP/Second/BP_TriggerArea] ([2] browsable assets)...
[2025.03.24-05.35.48:313][852]OBJ SavePackage:     Rendered thumbnail for [Blueprint /Game/BP/Second/BP_TriggerArea.BP_TriggerArea]
[2025.03.24-05.35.48:315][852]OBJ SavePackage: Finished generating thumbnails for package [/Game/BP/Second/BP_TriggerArea]
[2025.03.24-05.35.48:315][852]Cmd: OBJ SAVEPACKAGE PACKAGE="/Game/BP/Second/BP_TriggerArea" FILE="../../../../../../project/UE/room_escape/Saved/Autosaves/Game/BP/Second/BP_TriggerArea_Auto6.uasset" SILENT=false AUTOSAVING=true
[2025.03.24-05.35.48:331][852]LogSavePackage: Moving '../../../../../../project/UE/room_escape/Saved/BP_TriggerArea_Auto652107AA54CA2F8261C1958AB4B862166.tmp' to '../../../../../../project/UE/room_escape/Saved/Autosaves/Game/BP/Second/BP_TriggerArea_Auto6.uasset'
[2025.03.24-05.35.48:331][852]OBJ SavePackage: Generating thumbnails for [0] asset(s) in package [/Game/BP/Second/BP_Button] ([2] browsable assets)...
[2025.03.24-05.35.48:331][852]OBJ SavePackage: Finished generating thumbnails for package [/Game/BP/Second/BP_Button]
[2025.03.24-05.35.48:331][852]Cmd: OBJ SAVEPACKAGE PACKAGE="/Game/BP/Second/BP_Button" FILE="../../../../../../project/UE/room_escape/Saved/Autosaves/Game/BP/Second/BP_Button_Auto6.uasset" SILENT=false AUTOSAVING=true
[2025.03.24-05.35.48:339][852]LogSavePackage: Moving '../../../../../../project/UE/room_escape/Saved/BP_Button_Auto66D5A990C4F0B7914C4D9CB8E98E662BD.tmp' to '../../../../../../project/UE/room_escape/Saved/Autosaves/Game/BP/Second/BP_Button_Auto6.uasset'
[2025.03.24-05.35.48:339][852]LogFileHelpers: Auto-saving content packages took 0.053
[2025.03.24-05.36.30:345][ 74]LogWorld: UWorld::CleanupWorld for World_25, bSessionEnded=true, bCleanupResources=true
[2025.03.24-05.36.30:345][ 74]LogSlate: InvalidateAllWidgets triggered.  All widgets were invalidated
[2025.03.24-05.36.52:750][254]BlueprintLog: New page: Compile BP_Table
[2025.03.24-05.36.52:822][254]LogUObjectHash: Compacting FUObjectHashTables data took   3.37ms
[2025.03.24-05.36.56:734][435]BlueprintLog: New page: Compile BP_TriggerArea
[2025.03.24-05.36.56:799][435]LogUObjectHash: Compacting FUObjectHashTables data took   9.18ms
[2025.03.24-05.37.16:584][416]LogSlate: Prevented a slow task dialog from being summoned while a context menu was open
[2025.03.24-05.37.16:623][416]LogEditorClassViewer: Warning: Class /Engine/Tutorial/InWorldBlueprintEditing/TutorialAssets/IWBE_Blutility.IWBE_Blutility_C has parent /Script/Blutility.PlacedEditorUtilityBase, but this parent is not found. The Class will not be shown in ClassViewer.
[2025.03.24-05.39.02:582][132]BlueprintLog: New page: Compile BP_Button
[2025.03.24-05.39.02:654][132]LogUObjectHash: Compacting FUObjectHashTables data took   3.78ms
[2025.03.24-05.39.08:922][478]LogTemp: Repeating last play command: Selected Viewport
[2025.03.24-05.39.08:930][478]LogPlayLevel: PlayLevel: No blueprints needed recompiling
[2025.03.24-05.39.08:930][478]PIE: New page: PIE session: ThirdPersonExampleMap (2025年3月24日 下午9:39:08)
[2025.03.24-05.39.08:930][478]LogPlayLevel: Creating play world package: /Game/ThirdPersonBP/Maps/UEDPIE_0_ThirdPersonExampleMap
[2025.03.24-05.39.08:944][478]LogPlayLevel: PIE: StaticDuplicateObject took: (0.015439s)
[2025.03.24-05.39.08:945][478]LogAIModule: Creating AISystem for world ThirdPersonExampleMap
[2025.03.24-05.39.08:946][478]LogPlayLevel: PIE: World Init took: (0.001192s)
[2025.03.24-05.39.08:946][478]LogPlayLevel: PIE: Created PIE world by copying editor world from /Game/ThirdPersonBP/Maps/ThirdPersonExampleMap.ThirdPersonExampleMap to /Game/ThirdPersonBP/Maps/UEDPIE_0_ThirdPersonExampleMap.ThirdPersonExampleMap (0.016812s)
[2025.03.24-05.39.08:982][478]LogUObjectHash: Compacting FUObjectHashTables data took   6.58ms
[2025.03.24-05.39.08:985][478]LogAudio: Display: Creating Audio Device:                 Id: 47, Scope: Unique, Realtime: True
[2025.03.24-05.39.08:985][478]LogAudioMixer: Display: Audio Mixer Platform Settings:
[2025.03.24-05.39.08:985][478]LogAudioMixer: Display: 	Sample Rate:						  48000
[2025.03.24-05.39.08:985][478]LogAudioMixer: Display: 	Callback Buffer Frame Size Requested: 1024
[2025.03.24-05.39.08:985][478]LogAudioMixer: Display: 	Callback Buffer Frame Size To Use:	  1024
[2025.03.24-05.39.08:985][478]LogAudioMixer: Display: 	Number of buffers to queue:			  2
[2025.03.24-05.39.08:985][478]LogAudioMixer: Display: 	Max Channels (voices):				  32
[2025.03.24-05.39.08:985][478]LogAudioMixer: Display: 	Number of Async Source Workers:		  0
[2025.03.24-05.39.08:985][478]LogAudio: Display: AudioDevice MaxSources: 32
[2025.03.24-05.39.08:985][478]LogAudio: Display: Audio Spatialization Plugin: None (built-in).
[2025.03.24-05.39.08:985][478]LogAudio: Display: Audio Reverb Plugin: None (built-in).
[2025.03.24-05.39.08:985][478]LogAudio: Display: Audio Occlusion Plugin: None (built-in).
[2025.03.24-05.39.08:985][478]LogAudioMixer: Display: Initializing audio mixer.
[2025.03.24-05.39.08:988][478]LogAudioMixer: Display: 0: FrontLeft
[2025.03.24-05.39.08:988][478]LogAudioMixer: Display: 1: FrontRight
[2025.03.24-05.39.09:025][478]LogAudioMixer: Display: Using Audio Device 扬声器 (适用于 I2S 音频的英特尔® 智音技术)
[2025.03.24-05.39.09:025][478]LogAudioMixer: Display: Initializing Sound Submixes...
[2025.03.24-05.39.09:025][478]LogAudioMixer: Display: Creating Master Submix 'MasterSubmixDefault'
[2025.03.24-05.39.09:025][478]LogAudioMixer: Display: Creating Master Submix 'MasterReverbSubmixDefault'
[2025.03.24-05.39.09:026][478]LogAudioMixer: Display: Creating Master Submix 'MasterEQSubmixDefault'
[2025.03.24-05.39.09:026][478]LogAudioMixer: FMixerPlatformXAudio2::StartAudioStream() called
[2025.03.24-05.39.09:026][478]LogAudioMixer: Display: Output buffers initialized: Frames=1024, Channels=2, Samples=2048
[2025.03.24-05.39.09:026][478]LogAudioMixer: Display: Starting AudioMixerPlatformInterface::RunInternal()
[2025.03.24-05.39.09:026][478]LogAudioMixer: Display: FMixerPlatformXAudio2::SubmitBuffer() called for the first time
[2025.03.24-05.39.09:026][478]LogInit: FAudioDevice initialized.
[2025.03.24-05.39.09:026][478]LogAudio: Display: Audio Device (ID: 47) registered with world 'ThirdPersonExampleMap'.
[2025.03.24-05.39.09:035][478]LogLoad: Game class is 'ThirdPersonGameMode_C'
[2025.03.24-05.39.09:038][478]LogWorld: Bringing World /Game/ThirdPersonBP/Maps/UEDPIE_0_ThirdPersonExampleMap.ThirdPersonExampleMap up for play (max tick rate 60) at 2025.03.24-13.39.09
[2025.03.24-05.39.09:038][478]LogWorld: Bringing up level for play took: 0.002143
[2025.03.24-05.39.09:038][478]LogOnline: OSS: Creating online subsystem instance for: :Context_72
[2025.03.24-05.39.09:041][478]PIE: Server logged in
[2025.03.24-05.39.09:041][478]PIE: Play in editor total start time 0.113 seconds.
[2025.03.24-05.39.11:380][615]LogBlueprintUserMessages: [BP_Button_2] 还没吃饭！
[2025.03.24-05.39.13:411][737]LogBlueprintUserMessages: [BP_Button_2] 还没吃饭！
[2025.03.24-05.39.15:603][865]LogSlate: Updating window title bar state: overlay mode, drag disabled, window buttons hidden, title bar hidden
[2025.03.24-05.39.15:603][865]LogWorld: BeginTearingDown for /Game/ThirdPersonBP/Maps/UEDPIE_0_ThirdPersonExampleMap
[2025.03.24-05.39.15:603][865]LogWorld: UWorld::CleanupWorld for ThirdPersonExampleMap, bSessionEnded=true, bCleanupResources=true
[2025.03.24-05.39.15:603][865]LogSlate: InvalidateAllWidgets triggered.  All widgets were invalidated
[2025.03.24-05.39.15:617][865]LogPlayLevel: Display: Shutting down PIE online subsystems
[2025.03.24-05.39.15:626][865]LogSlate: InvalidateAllWidgets triggered.  All widgets were invalidated
[2025.03.24-05.39.15:655][865]LogAudio: Display: Audio Device unregistered from world 'None'.
[2025.03.24-05.39.15:655][865]LogAudioMixer: FMixerPlatformXAudio2::StopAudioStream() called
[2025.03.24-05.39.15:657][865]LogAudioMixer: FMixerPlatformXAudio2::StopAudioStream() called
[2025.03.24-05.39.15:660][865]LogSlate: Updating window title bar state: overlay mode, drag disabled, window buttons hidden, title bar hidden
[2025.03.24-05.39.15:664][865]LogUObjectHash: Compacting FUObjectHashTables data took   2.32ms
[2025.03.24-05.39.15:703][866]LogPlayLevel: Display: Destroying online subsystem :Context_72
[2025.03.24-05.41.13:924][707]LogEditorTransaction: Undo Modify Component(s)
[2025.03.24-05.41.30:286][351]LogEditorTransaction: Undo Set Scale
[2025.03.24-05.42.15:563][140]BlueprintLog: New page: Compile BP_Table
[2025.03.24-05.42.15:654][140]LogUObjectHash: Compacting FUObjectHashTables data took   3.51ms
[2025.03.24-05.43.16:614][423]LogUObjectHash: Compacting FUObjectHashTables data took   7.87ms
[2025.03.24-05.43.17:574][423]LogSlate: Window 'Save Content' being destroyed
[2025.03.24-05.43.17:613][423]Cmd: OBJ SAVEPACKAGE PACKAGE="/Game/BP/Second/BP_Button" FILE="../../../../../../project/UE/room_escape/Content/BP/Second/BP_Button.uasset" SILENT=true
[2025.03.24-05.43.17:624][423]LogSavePackage: Moving '../../../../../../project/UE/room_escape/Saved/BP_Button8E48070D4D2BF0885DBA35B6E0E38D8E.tmp' to '../../../../../../project/UE/room_escape/Content/BP/Second/BP_Button.uasset'
[2025.03.24-05.43.17:646][423]Cmd: OBJ SAVEPACKAGE PACKAGE="/Game/BP/Second/BP_Table" FILE="../../../../../../project/UE/room_escape/Content/BP/Second/BP_Table.uasset" SILENT=true
[2025.03.24-05.43.17:653][423]LogSavePackage: Moving '../../../../../../project/UE/room_escape/Saved/BP_Table7693FD5E4A1E7483BD17DDBDBC5D7283.tmp' to '../../../../../../project/UE/room_escape/Content/BP/Second/BP_Table.uasset'
[2025.03.24-05.43.17:675][423]Cmd: OBJ SAVEPACKAGE PACKAGE="/Game/BP/Second/BP_TriggerArea" FILE="../../../../../../project/UE/room_escape/Content/BP/Second/BP_TriggerArea.uasset" SILENT=true
[2025.03.24-05.43.17:688][423]LogSavePackage: Moving '../../../../../../project/UE/room_escape/Saved/BP_TriggerArea22661BC04D78B451B7896CBE6FEA023D.tmp' to '../../../../../../project/UE/room_escape/Content/BP/Second/BP_TriggerArea.uasset'
[2025.03.24-05.43.17:724][423]LogUObjectHash: Compacting FUObjectHashTables data took   0.76ms
[2025.03.24-05.43.17:762][423]LogSavePackage: Moving '../../../../../../project/UE/room_escape/Saved/ThirdPersonExampleMapD3669D9C4573E7E596EAD48C21C4E47B.tmp' to '../../../../../../project/UE/room_escape/Content/ThirdPersonBP/Maps/ThirdPersonExampleMap.umap'
[2025.03.24-05.43.17:783][423]LogFileHelpers: Saving map 'ThirdPersonExampleMap' took 0.094
[2025.03.24-05.43.17:800][423]AssetCheck: New page: Asset Save: multiple assets
[2025.03.24-05.43.17:800][423]LogContentValidation: Display: Validating World /Game/ThirdPersonBP/Maps/ThirdPersonExampleMap.ThirdPersonExampleMap
[2025.03.24-05.43.17:801][423]LogContentValidation: Display: Validating Blueprint /Game/BP/Second/BP_Table.BP_Table
[2025.03.24-05.43.17:801][423]LogContentValidation: Display: Validating Blueprint /Game/BP/Second/BP_TriggerArea.BP_TriggerArea
[2025.03.24-05.43.17:801][423]LogContentValidation: Display: Validating Blueprint /Game/BP/Second/BP_Button.BP_Button
[2025.03.24-05.43.47:215][810]LogSlate: Window 'Change Variable Type' being destroyed
[2025.03.24-05.43.48:920][891]LogSlate: Window 'Find in Blueprints' being destroyed
[2025.03.24-05.43.48:933][891]LogSlate: Window 'Find in Blueprints' being destroyed
[2025.03.24-05.43.54:434][164]BlueprintLog: New page: Compile BP_TriggerArea
[2025.03.24-05.43.54:497][164]LogUObjectHash: Compacting FUObjectHashTables data took   3.52ms
[2025.03.24-05.44.23:612][673]LogSlate: Prevented a slow task dialog from being summoned while a context menu was open
[2025.03.24-05.44.23:638][673]LogEditorClassViewer: Warning: Class /Engine/Tutorial/InWorldBlueprintEditing/TutorialAssets/IWBE_Blutility.IWBE_Blutility_C has parent /Script/Blutility.PlacedEditorUtilityBase, but this parent is not found. The Class will not be shown in ClassViewer.
[2025.03.24-05.46.23:518][ 96]BlueprintLog: New page: Compile BP_Table
[2025.03.24-05.46.23:600][ 96]LogUObjectHash: Compacting FUObjectHashTables data took   3.63ms
[2025.03.24-05.46.26:018][212]BlueprintLog: New page: Compile BP_TriggerArea
[2025.03.24-05.46.26:095][212]LogUObjectHash: Compacting FUObjectHashTables data took   3.58ms
[2025.03.24-05.46.32:304][497]LogTemp: Repeating last play command: Selected Viewport
[2025.03.24-05.46.32:315][497]LogPlayLevel: PlayLevel: No blueprints needed recompiling
[2025.03.24-05.46.32:316][497]PIE: New page: PIE session: ThirdPersonExampleMap (2025年3月24日 下午9:46:32)
[2025.03.24-05.46.32:316][497]LogPlayLevel: Creating play world package: /Game/ThirdPersonBP/Maps/UEDPIE_0_ThirdPersonExampleMap
[2025.03.24-05.46.32:345][497]LogPlayLevel: PIE: StaticDuplicateObject took: (0.029160s)
[2025.03.24-05.46.32:347][497]LogAIModule: Creating AISystem for world ThirdPersonExampleMap
[2025.03.24-05.46.32:347][497]LogPlayLevel: PIE: World Init took: (0.001625s)
[2025.03.24-05.46.32:347][497]LogPlayLevel: PIE: Created PIE world by copying editor world from /Game/ThirdPersonBP/Maps/ThirdPersonExampleMap.ThirdPersonExampleMap to /Game/ThirdPersonBP/Maps/UEDPIE_0_ThirdPersonExampleMap.ThirdPersonExampleMap (0.031060s)
[2025.03.24-05.46.32:390][497]LogUObjectHash: Compacting FUObjectHashTables data took   3.80ms
[2025.03.24-05.46.32:392][497]LogAudio: Display: Creating Audio Device:                 Id: 48, Scope: Unique, Realtime: True
[2025.03.24-05.46.32:392][497]LogAudioMixer: Display: Audio Mixer Platform Settings:
[2025.03.24-05.46.32:392][497]LogAudioMixer: Display: 	Sample Rate:						  48000
[2025.03.24-05.46.32:392][497]LogAudioMixer: Display: 	Callback Buffer Frame Size Requested: 1024
[2025.03.24-05.46.32:392][497]LogAudioMixer: Display: 	Callback Buffer Frame Size To Use:	  1024
[2025.03.24-05.46.32:392][497]LogAudioMixer: Display: 	Number of buffers to queue:			  2
[2025.03.24-05.46.32:392][497]LogAudioMixer: Display: 	Max Channels (voices):				  32
[2025.03.24-05.46.32:392][497]LogAudioMixer: Display: 	Number of Async Source Workers:		  0
[2025.03.24-05.46.32:392][497]LogAudio: Display: AudioDevice MaxSources: 32
[2025.03.24-05.46.32:393][497]LogAudio: Display: Audio Spatialization Plugin: None (built-in).
[2025.03.24-05.46.32:393][497]LogAudio: Display: Audio Reverb Plugin: None (built-in).
[2025.03.24-05.46.32:393][497]LogAudio: Display: Audio Occlusion Plugin: None (built-in).
[2025.03.24-05.46.32:393][497]LogAudioMixer: Display: Initializing audio mixer.
[2025.03.24-05.46.32:396][497]LogAudioMixer: Display: 0: FrontLeft
[2025.03.24-05.46.32:396][497]LogAudioMixer: Display: 1: FrontRight
[2025.03.24-05.46.32:435][497]LogAudioMixer: Display: Using Audio Device 扬声器 (适用于 I2S 音频的英特尔® 智音技术)
[2025.03.24-05.46.32:435][497]LogAudioMixer: Display: Initializing Sound Submixes...
[2025.03.24-05.46.32:435][497]LogAudioMixer: Display: Creating Master Submix 'MasterSubmixDefault'
[2025.03.24-05.46.32:435][497]LogAudioMixer: Display: Creating Master Submix 'MasterReverbSubmixDefault'
[2025.03.24-05.46.32:435][497]LogAudioMixer: Display: Creating Master Submix 'MasterEQSubmixDefault'
[2025.03.24-05.46.32:436][497]LogAudioMixer: FMixerPlatformXAudio2::StartAudioStream() called
[2025.03.24-05.46.32:436][497]LogAudioMixer: Display: Output buffers initialized: Frames=1024, Channels=2, Samples=2048
[2025.03.24-05.46.32:437][497]LogAudioMixer: Display: Starting AudioMixerPlatformInterface::RunInternal()
[2025.03.24-05.46.32:437][497]LogAudioMixer: Display: FMixerPlatformXAudio2::SubmitBuffer() called for the first time
[2025.03.24-05.46.32:437][497]LogInit: FAudioDevice initialized.
[2025.03.24-05.46.32:437][497]LogAudio: Display: Audio Device (ID: 48) registered with world 'ThirdPersonExampleMap'.
[2025.03.24-05.46.32:447][497]LogLoad: Game class is 'ThirdPersonGameMode_C'
[2025.03.24-05.46.32:450][497]LogWorld: Bringing World /Game/ThirdPersonBP/Maps/UEDPIE_0_ThirdPersonExampleMap.ThirdPersonExampleMap up for play (max tick rate 60) at 2025.03.24-13.46.32
[2025.03.24-05.46.32:450][497]LogWorld: Bringing up level for play took: 0.002502
[2025.03.24-05.46.32:450][497]LogOnline: OSS: Creating online subsystem instance for: :Context_73
[2025.03.24-05.46.32:453][497]PIE: Server logged in
[2025.03.24-05.46.32:454][497]PIE: Play in editor total start time 0.14 seconds.
[2025.03.24-05.46.40:991][998]LogSlate: Updating window title bar state: overlay mode, drag disabled, window buttons hidden, title bar hidden
[2025.03.24-05.46.40:991][998]LogWorld: BeginTearingDown for /Game/ThirdPersonBP/Maps/UEDPIE_0_ThirdPersonExampleMap
[2025.03.24-05.46.40:991][998]LogWorld: UWorld::CleanupWorld for ThirdPersonExampleMap, bSessionEnded=true, bCleanupResources=true
[2025.03.24-05.46.40:992][998]LogSlate: InvalidateAllWidgets triggered.  All widgets were invalidated
[2025.03.24-05.46.41:011][998]LogPlayLevel: Display: Shutting down PIE online subsystems
[2025.03.24-05.46.41:023][998]LogSlate: InvalidateAllWidgets triggered.  All widgets were invalidated
[2025.03.24-05.46.41:062][998]LogAudio: Display: Audio Device unregistered from world 'None'.
[2025.03.24-05.46.41:062][998]LogAudioMixer: FMixerPlatformXAudio2::StopAudioStream() called
[2025.03.24-05.46.41:064][998]LogAudioMixer: FMixerPlatformXAudio2::StopAudioStream() called
[2025.03.24-05.46.41:068][998]LogSlate: Updating window title bar state: overlay mode, drag disabled, window buttons hidden, title bar hidden
[2025.03.24-05.46.41:075][998]LogUObjectHash: Compacting FUObjectHashTables data took   5.62ms
[2025.03.24-05.46.41:129][999]LogPlayLevel: Display: Destroying online subsystem :Context_73
[2025.03.24-05.47.18:906][908]BlueprintLog: New page: Compile BP_Table
[2025.03.24-05.47.18:973][908]LogUObjectHash: Compacting FUObjectHashTables data took   3.45ms
[2025.03.24-05.47.20:572][976]LogTemp: Repeating last play command: Selected Viewport
[2025.03.24-05.47.20:581][976]LogPlayLevel: PlayLevel: No blueprints needed recompiling
[2025.03.24-05.47.20:582][976]PIE: New page: PIE session: ThirdPersonExampleMap (2025年3月24日 下午9:47:20)
[2025.03.24-05.47.20:582][976]LogPlayLevel: Creating play world package: /Game/ThirdPersonBP/Maps/UEDPIE_0_ThirdPersonExampleMap
[2025.03.24-05.47.20:600][976]LogPlayLevel: PIE: StaticDuplicateObject took: (0.017936s)
[2025.03.24-05.47.20:602][976]LogAIModule: Creating AISystem for world ThirdPersonExampleMap
[2025.03.24-05.47.20:602][976]LogPlayLevel: PIE: World Init took: (0.001600s)
[2025.03.24-05.47.20:602][976]LogPlayLevel: PIE: Created PIE world by copying editor world from /Game/ThirdPersonBP/Maps/ThirdPersonExampleMap.ThirdPersonExampleMap to /Game/ThirdPersonBP/Maps/UEDPIE_0_ThirdPersonExampleMap.ThirdPersonExampleMap (0.019767s)
[2025.03.24-05.47.20:636][976]LogUObjectHash: Compacting FUObjectHashTables data took   3.06ms
[2025.03.24-05.47.20:637][976]LogAudio: Display: Creating Audio Device:                 Id: 49, Scope: Unique, Realtime: True
[2025.03.24-05.47.20:637][976]LogAudioMixer: Display: Audio Mixer Platform Settings:
[2025.03.24-05.47.20:637][976]LogAudioMixer: Display: 	Sample Rate:						  48000
[2025.03.24-05.47.20:637][976]LogAudioMixer: Display: 	Callback Buffer Frame Size Requested: 1024
[2025.03.24-05.47.20:637][976]LogAudioMixer: Display: 	Callback Buffer Frame Size To Use:	  1024
[2025.03.24-05.47.20:637][976]LogAudioMixer: Display: 	Number of buffers to queue:			  2
[2025.03.24-05.47.20:637][976]LogAudioMixer: Display: 	Max Channels (voices):				  32
[2025.03.24-05.47.20:637][976]LogAudioMixer: Display: 	Number of Async Source Workers:		  0
[2025.03.24-05.47.20:637][976]LogAudio: Display: AudioDevice MaxSources: 32
[2025.03.24-05.47.20:638][976]LogAudio: Display: Audio Spatialization Plugin: None (built-in).
[2025.03.24-05.47.20:638][976]LogAudio: Display: Audio Reverb Plugin: None (built-in).
[2025.03.24-05.47.20:638][976]LogAudio: Display: Audio Occlusion Plugin: None (built-in).
[2025.03.24-05.47.20:638][976]LogAudioMixer: Display: Initializing audio mixer.
[2025.03.24-05.47.20:641][976]LogAudioMixer: Display: 0: FrontLeft
[2025.03.24-05.47.20:641][976]LogAudioMixer: Display: 1: FrontRight
[2025.03.24-05.47.20:675][976]LogAudioMixer: Display: Using Audio Device 扬声器 (适用于 I2S 音频的英特尔® 智音技术)
[2025.03.24-05.47.20:675][976]LogAudioMixer: Display: Initializing Sound Submixes...
[2025.03.24-05.47.20:675][976]LogAudioMixer: Display: Creating Master Submix 'MasterSubmixDefault'
[2025.03.24-05.47.20:675][976]LogAudioMixer: Display: Creating Master Submix 'MasterReverbSubmixDefault'
[2025.03.24-05.47.20:676][976]LogAudioMixer: Display: Creating Master Submix 'MasterEQSubmixDefault'
[2025.03.24-05.47.20:676][976]LogAudioMixer: FMixerPlatformXAudio2::StartAudioStream() called
[2025.03.24-05.47.20:676][976]LogAudioMixer: Display: Output buffers initialized: Frames=1024, Channels=2, Samples=2048
[2025.03.24-05.47.20:677][976]LogAudioMixer: Display: Starting AudioMixerPlatformInterface::RunInternal()
[2025.03.24-05.47.20:677][976]LogAudioMixer: Display: FMixerPlatformXAudio2::SubmitBuffer() called for the first time
[2025.03.24-05.47.20:677][976]LogInit: FAudioDevice initialized.
[2025.03.24-05.47.20:677][976]LogAudio: Display: Audio Device (ID: 49) registered with world 'ThirdPersonExampleMap'.
[2025.03.24-05.47.20:685][976]LogLoad: Game class is 'ThirdPersonGameMode_C'
[2025.03.24-05.47.20:688][976]LogWorld: Bringing World /Game/ThirdPersonBP/Maps/UEDPIE_0_ThirdPersonExampleMap.ThirdPersonExampleMap up for play (max tick rate 60) at 2025.03.24-13.47.20
[2025.03.24-05.47.20:688][976]LogWorld: Bringing up level for play took: 0.002006
[2025.03.24-05.47.20:688][976]LogOnline: OSS: Creating online subsystem instance for: :Context_74
[2025.03.24-05.47.20:690][976]PIE: Server logged in
[2025.03.24-05.47.20:691][976]PIE: Play in editor total start time 0.111 seconds.
[2025.03.24-05.47.23:479][137]LogBlueprintUserMessages: [BP_Table_2] 还没开灯
[2025.03.24-05.47.26:410][305]LogSlate: Updating window title bar state: overlay mode, drag disabled, window buttons hidden, title bar hidden
[2025.03.24-05.47.26:410][305]LogWorld: BeginTearingDown for /Game/ThirdPersonBP/Maps/UEDPIE_0_ThirdPersonExampleMap
[2025.03.24-05.47.26:411][305]LogWorld: UWorld::CleanupWorld for ThirdPersonExampleMap, bSessionEnded=true, bCleanupResources=true
[2025.03.24-05.47.26:411][305]LogSlate: InvalidateAllWidgets triggered.  All widgets were invalidated
[2025.03.24-05.47.26:425][305]LogPlayLevel: Display: Shutting down PIE online subsystems
[2025.03.24-05.47.26:438][305]LogSlate: InvalidateAllWidgets triggered.  All widgets were invalidated
[2025.03.24-05.47.26:468][305]LogAudio: Display: Audio Device unregistered from world 'None'.
[2025.03.24-05.47.26:468][305]LogAudioMixer: FMixerPlatformXAudio2::StopAudioStream() called
[2025.03.24-05.47.26:470][305]LogAudioMixer: FMixerPlatformXAudio2::StopAudioStream() called
[2025.03.24-05.47.26:475][305]LogSlate: Updating window title bar state: overlay mode, drag disabled, window buttons hidden, title bar hidden
[2025.03.24-05.47.26:480][305]LogUObjectHash: Compacting FUObjectHashTables data took   4.61ms
[2025.03.24-05.47.26:524][306]LogPlayLevel: Display: Destroying online subsystem :Context_74
[2025.03.24-05.48.15:141][858]LogEditorViewport: Clicking on Actor (LMB): StaticMeshActor (Wall16)
[2025.03.24-05.48.16:242][914]LogEditorViewport: Clicking on Actor (LMB): BP_Button_C (BP_Button)
[2025.03.24-05.48.18:194][ 22]LogTemp: Repeating last play command: Selected Viewport
[2025.03.24-05.48.18:204][ 22]BlueprintLog: New page: Pre-Play auto-recompile
[2025.03.24-05.48.18:207][ 22]LogPlayLevel: [PlayLevel] Compiling BP_Table before play...
[2025.03.24-05.48.18:211][ 22]LogBlueprint: Error: [AssetLog] D:\project\UE\room_escape\Content\BP\Second\BP_Table.uasset: [Compiler] The type of  Object  is undetermined.  Connect something to  Cast To ThirdPersonCharacter  to imply a specific type.
[2025.03.24-05.48.18:212][ 22]LogBlueprint: Error: [AssetLog] D:\project\UE\room_escape\Content\BP\Second\BP_Table.uasset: [Compiler] The current value of the ' Object ' pin is invalid: Unsupported type Object Wildcard on pin Object
[2025.03.24-05.48.18:327][ 22]LogUObjectHash: Compacting FUObjectHashTables data took   8.50ms
[2025.03.24-05.48.18:331][ 22]LogPlayLevel: PlayLevel: Blueprint regeneration took 127 ms (1 blueprints)
[2025.03.24-05.48.18:332][ 22]BlueprintLog: Warning: Blueprint failed to compile:  BP_Table
[2025.03.24-05.48.18:332][ 22]LogCustomDialog: Dialog displayed:
[2025.03.24-05.48.19:757][ 22]LogSlate: Window 'Blueprint Compilation Errors' being destroyed
[2025.03.24-05.48.21:094][ 82]LogSlate: Window 'Message Log' being destroyed
[2025.03.24-05.48.21:133][ 82]LogSlate: Window 'Message Log' being destroyed
[2025.03.24-05.51.15:735][162]LogSlate: Prevented a slow task dialog from being summoned while a context menu was open
[2025.03.24-05.51.15:764][162]LogEditorClassViewer: Warning: Class /Engine/Tutorial/InWorldBlueprintEditing/TutorialAssets/IWBE_Blutility.IWBE_Blutility_C has parent /Script/Blutility.PlacedEditorUtilityBase, but this parent is not found. The Class will not be shown in ClassViewer.
[2025.03.24-05.52.10:517][846]LogEditorViewport: Clicking on Actor (LMB): ThirdPersonCharacter_C (ThirdPersonCharacter)
[2025.03.24-05.52.41:180][ 17]BlueprintLog: New page: Compile BP_Table
[2025.03.24-05.52.41:255][ 17]LogUObjectHash: Compacting FUObjectHashTables data took   3.87ms
[2025.03.24-05.52.46:028][197]LogTemp: Repeating last play command: Selected Viewport
[2025.03.24-05.52.46:038][197]LogPlayLevel: PlayLevel: No blueprints needed recompiling
[2025.03.24-05.52.46:038][197]PIE: New page: PIE session: ThirdPersonExampleMap (2025年3月24日 下午9:52:46)
[2025.03.24-05.52.46:039][197]LogPlayLevel: Creating play world package: /Game/ThirdPersonBP/Maps/UEDPIE_0_ThirdPersonExampleMap
[2025.03.24-05.52.46:058][197]LogPlayLevel: PIE: StaticDuplicateObject took: (0.018824s)
[2025.03.24-05.52.46:059][197]LogAIModule: Creating AISystem for world ThirdPersonExampleMap
[2025.03.24-05.52.46:060][197]LogPlayLevel: PIE: World Init took: (0.001353s)
[2025.03.24-05.52.46:060][197]LogPlayLevel: PIE: Created PIE world by copying editor world from /Game/ThirdPersonBP/Maps/ThirdPersonExampleMap.ThirdPersonExampleMap to /Game/ThirdPersonBP/Maps/UEDPIE_0_ThirdPersonExampleMap.ThirdPersonExampleMap (0.020455s)
[2025.03.24-05.52.46:102][197]LogUObjectHash: Compacting FUObjectHashTables data took   5.41ms
[2025.03.24-05.52.46:105][197]LogAudio: Display: Creating Audio Device:                 Id: 50, Scope: Unique, Realtime: True
[2025.03.24-05.52.46:105][197]LogAudioMixer: Display: Audio Mixer Platform Settings:
[2025.03.24-05.52.46:105][197]LogAudioMixer: Display: 	Sample Rate:						  48000
[2025.03.24-05.52.46:105][197]LogAudioMixer: Display: 	Callback Buffer Frame Size Requested: 1024
[2025.03.24-05.52.46:105][197]LogAudioMixer: Display: 	Callback Buffer Frame Size To Use:	  1024
[2025.03.24-05.52.46:105][197]LogAudioMixer: Display: 	Number of buffers to queue:			  2
[2025.03.24-05.52.46:105][197]LogAudioMixer: Display: 	Max Channels (voices):				  32
[2025.03.24-05.52.46:105][197]LogAudioMixer: Display: 	Number of Async Source Workers:		  0
[2025.03.24-05.52.46:105][197]LogAudio: Display: AudioDevice MaxSources: 32
[2025.03.24-05.52.46:106][197]LogAudio: Display: Audio Spatialization Plugin: None (built-in).
[2025.03.24-05.52.46:106][197]LogAudio: Display: Audio Reverb Plugin: None (built-in).
[2025.03.24-05.52.46:106][197]LogAudio: Display: Audio Occlusion Plugin: None (built-in).
[2025.03.24-05.52.46:106][197]LogAudioMixer: Display: Initializing audio mixer.
[2025.03.24-05.52.46:109][197]LogAudioMixer: Display: 0: FrontLeft
[2025.03.24-05.52.46:109][197]LogAudioMixer: Display: 1: FrontRight
[2025.03.24-05.52.46:154][197]LogAudioMixer: Display: Using Audio Device 扬声器 (适用于 I2S 音频的英特尔® 智音技术)
[2025.03.24-05.52.46:155][197]LogAudioMixer: Display: Initializing Sound Submixes...
[2025.03.24-05.52.46:155][197]LogAudioMixer: Display: Creating Master Submix 'MasterSubmixDefault'
[2025.03.24-05.52.46:155][197]LogAudioMixer: Display: Creating Master Submix 'MasterReverbSubmixDefault'
[2025.03.24-05.52.46:155][197]LogAudioMixer: Display: Creating Master Submix 'MasterEQSubmixDefault'
[2025.03.24-05.52.46:155][197]LogAudioMixer: FMixerPlatformXAudio2::StartAudioStream() called
[2025.03.24-05.52.46:155][197]LogAudioMixer: Display: Output buffers initialized: Frames=1024, Channels=2, Samples=2048
[2025.03.24-05.52.46:157][197]LogAudioMixer: Display: Starting AudioMixerPlatformInterface::RunInternal()
[2025.03.24-05.52.46:157][197]LogAudioMixer: Display: FMixerPlatformXAudio2::SubmitBuffer() called for the first time
[2025.03.24-05.52.46:157][197]LogInit: FAudioDevice initialized.
[2025.03.24-05.52.46:157][197]LogAudio: Display: Audio Device (ID: 50) registered with world 'ThirdPersonExampleMap'.
[2025.03.24-05.52.46:166][197]LogLoad: Game class is 'ThirdPersonGameMode_C'
[2025.03.24-05.52.46:169][197]LogWorld: Bringing World /Game/ThirdPersonBP/Maps/UEDPIE_0_ThirdPersonExampleMap.ThirdPersonExampleMap up for play (max tick rate 60) at 2025.03.24-13.52.46
[2025.03.24-05.52.46:169][197]LogWorld: Bringing up level for play took: 0.002775
[2025.03.24-05.52.46:169][197]LogOnline: OSS: Creating online subsystem instance for: :Context_75
[2025.03.24-05.52.46:174][197]PIE: Server logged in
[2025.03.24-05.52.46:174][197]PIE: Play in editor total start time 0.138 seconds.
[2025.03.24-05.52.54:150][663]LogSlate: Updating window title bar state: overlay mode, drag disabled, window buttons hidden, title bar hidden
[2025.03.24-05.52.54:150][663]LogWorld: BeginTearingDown for /Game/ThirdPersonBP/Maps/UEDPIE_0_ThirdPersonExampleMap
[2025.03.24-05.52.54:150][663]LogWorld: UWorld::CleanupWorld for ThirdPersonExampleMap, bSessionEnded=true, bCleanupResources=true
[2025.03.24-05.52.54:151][663]LogSlate: InvalidateAllWidgets triggered.  All widgets were invalidated
[2025.03.24-05.52.54:167][663]LogPlayLevel: Display: Shutting down PIE online subsystems
[2025.03.24-05.52.54:199][663]LogSlate: InvalidateAllWidgets triggered.  All widgets were invalidated
[2025.03.24-05.52.54:227][663]LogAudio: Display: Audio Device unregistered from world 'None'.
[2025.03.24-05.52.54:227][663]LogAudioMixer: FMixerPlatformXAudio2::StopAudioStream() called
[2025.03.24-05.52.54:228][663]LogAudioMixer: FMixerPlatformXAudio2::StopAudioStream() called
[2025.03.24-05.52.54:231][663]LogSlate: Updating window title bar state: overlay mode, drag disabled, window buttons hidden, title bar hidden
[2025.03.24-05.52.54:235][663]LogUObjectHash: Compacting FUObjectHashTables data took   2.00ms
[2025.03.24-05.52.54:292][664]LogPlayLevel: Display: Destroying online subsystem :Context_75
[2025.03.24-05.53.47:293][713]BlueprintLog: New page: Compile BP_Button
[2025.03.24-05.53.47:356][713]LogUObjectHash: Compacting FUObjectHashTables data took   3.37ms
[2025.03.24-05.53.49:955][810]LogTemp: Repeating last play command: Selected Viewport
[2025.03.24-05.53.49:964][810]LogPlayLevel: PlayLevel: No blueprints needed recompiling
[2025.03.24-05.53.49:964][810]PIE: New page: PIE session: ThirdPersonExampleMap (2025年3月24日 下午9:53:49)
[2025.03.24-05.53.49:964][810]LogPlayLevel: Creating play world package: /Game/ThirdPersonBP/Maps/UEDPIE_0_ThirdPersonExampleMap
[2025.03.24-05.53.49:978][810]LogPlayLevel: PIE: StaticDuplicateObject took: (0.013965s)
[2025.03.24-05.53.49:980][810]LogAIModule: Creating AISystem for world ThirdPersonExampleMap
[2025.03.24-05.53.49:980][810]LogPlayLevel: PIE: World Init took: (0.001441s)
[2025.03.24-05.53.49:980][810]LogPlayLevel: PIE: Created PIE world by copying editor world from /Game/ThirdPersonBP/Maps/ThirdPersonExampleMap.ThirdPersonExampleMap to /Game/ThirdPersonBP/Maps/UEDPIE_0_ThirdPersonExampleMap.ThirdPersonExampleMap (0.015621s)
[2025.03.24-05.53.50:014][810]LogUObjectHash: Compacting FUObjectHashTables data took   3.28ms
[2025.03.24-05.53.50:015][810]LogAudio: Display: Creating Audio Device:                 Id: 51, Scope: Unique, Realtime: True
[2025.03.24-05.53.50:015][810]LogAudioMixer: Display: Audio Mixer Platform Settings:
[2025.03.24-05.53.50:015][810]LogAudioMixer: Display: 	Sample Rate:						  48000
[2025.03.24-05.53.50:015][810]LogAudioMixer: Display: 	Callback Buffer Frame Size Requested: 1024
[2025.03.24-05.53.50:015][810]LogAudioMixer: Display: 	Callback Buffer Frame Size To Use:	  1024
[2025.03.24-05.53.50:015][810]LogAudioMixer: Display: 	Number of buffers to queue:			  2
[2025.03.24-05.53.50:015][810]LogAudioMixer: Display: 	Max Channels (voices):				  32
[2025.03.24-05.53.50:015][810]LogAudioMixer: Display: 	Number of Async Source Workers:		  0
[2025.03.24-05.53.50:015][810]LogAudio: Display: AudioDevice MaxSources: 32
[2025.03.24-05.53.50:015][810]LogAudio: Display: Audio Spatialization Plugin: None (built-in).
[2025.03.24-05.53.50:015][810]LogAudio: Display: Audio Reverb Plugin: None (built-in).
[2025.03.24-05.53.50:015][810]LogAudio: Display: Audio Occlusion Plugin: None (built-in).
[2025.03.24-05.53.50:015][810]LogAudioMixer: Display: Initializing audio mixer.
[2025.03.24-05.53.50:018][810]LogAudioMixer: Display: 0: FrontLeft
[2025.03.24-05.53.50:018][810]LogAudioMixer: Display: 1: FrontRight
[2025.03.24-05.53.50:053][810]LogAudioMixer: Display: Using Audio Device 扬声器 (适用于 I2S 音频的英特尔® 智音技术)
[2025.03.24-05.53.50:053][810]LogAudioMixer: Display: Initializing Sound Submixes...
[2025.03.24-05.53.50:053][810]LogAudioMixer: Display: Creating Master Submix 'MasterSubmixDefault'
[2025.03.24-05.53.50:053][810]LogAudioMixer: Display: Creating Master Submix 'MasterReverbSubmixDefault'
[2025.03.24-05.53.50:053][810]LogAudioMixer: Display: Creating Master Submix 'MasterEQSubmixDefault'
[2025.03.24-05.53.50:053][810]LogAudioMixer: FMixerPlatformXAudio2::StartAudioStream() called
[2025.03.24-05.53.50:053][810]LogAudioMixer: Display: Output buffers initialized: Frames=1024, Channels=2, Samples=2048
[2025.03.24-05.53.50:054][810]LogAudioMixer: Display: Starting AudioMixerPlatformInterface::RunInternal()
[2025.03.24-05.53.50:054][810]LogAudioMixer: Display: FMixerPlatformXAudio2::SubmitBuffer() called for the first time
[2025.03.24-05.53.50:054][810]LogInit: FAudioDevice initialized.
[2025.03.24-05.53.50:054][810]LogAudio: Display: Audio Device (ID: 51) registered with world 'ThirdPersonExampleMap'.
[2025.03.24-05.53.50:065][810]LogLoad: Game class is 'ThirdPersonGameMode_C'
[2025.03.24-05.53.50:069][810]LogWorld: Bringing World /Game/ThirdPersonBP/Maps/UEDPIE_0_ThirdPersonExampleMap.ThirdPersonExampleMap up for play (max tick rate 60) at 2025.03.24-13.53.50
[2025.03.24-05.53.50:069][810]LogWorld: Bringing up level for play took: 0.002226
[2025.03.24-05.53.50:069][810]LogOnline: OSS: Creating online subsystem instance for: :Context_76
[2025.03.24-05.53.50:071][810]PIE: Server logged in
[2025.03.24-05.53.50:071][810]PIE: Play in editor total start time 0.109 seconds.
[2025.03.24-05.54.17:679][438]LogSlate: Updating window title bar state: overlay mode, drag disabled, window buttons hidden, title bar hidden
[2025.03.24-05.54.17:679][438]LogWorld: BeginTearingDown for /Game/ThirdPersonBP/Maps/UEDPIE_0_ThirdPersonExampleMap
[2025.03.24-05.54.17:680][438]LogWorld: UWorld::CleanupWorld for ThirdPersonExampleMap, bSessionEnded=true, bCleanupResources=true
[2025.03.24-05.54.17:680][438]LogSlate: InvalidateAllWidgets triggered.  All widgets were invalidated
[2025.03.24-05.54.17:696][438]LogPlayLevel: Display: Shutting down PIE online subsystems
[2025.03.24-05.54.17:727][438]LogSlate: InvalidateAllWidgets triggered.  All widgets were invalidated
[2025.03.24-05.54.17:753][438]LogAudio: Display: Audio Device unregistered from world 'None'.
[2025.03.24-05.54.17:753][438]LogAudioMixer: FMixerPlatformXAudio2::StopAudioStream() called
[2025.03.24-05.54.17:755][438]LogAudioMixer: FMixerPlatformXAudio2::StopAudioStream() called
[2025.03.24-05.54.17:758][438]LogSlate: Updating window title bar state: overlay mode, drag disabled, window buttons hidden, title bar hidden
[2025.03.24-05.54.17:762][438]LogUObjectHash: Compacting FUObjectHashTables data took   1.97ms
[2025.03.24-05.54.17:823][439]LogPlayLevel: Display: Destroying online subsystem :Context_76
[2025.03.24-05.55.50:656][ 85]BlueprintLog: New page: Compile BP_Button
[2025.03.24-05.55.50:721][ 85]LogUObjectHash: Compacting FUObjectHashTables data took   3.36ms
[2025.03.24-05.56.43:259][ 92]BlueprintLog: New page: Compile BP_Button
[2025.03.24-05.56.43:348][ 92]LogUObjectHash: Compacting FUObjectHashTables data took   8.85ms
[2025.03.24-05.56.44:302][127]LogTemp: Repeating last play command: Selected Viewport
[2025.03.24-05.56.44:312][127]LogPlayLevel: PlayLevel: No blueprints needed recompiling
[2025.03.24-05.56.44:312][127]PIE: New page: PIE session: ThirdPersonExampleMap (2025年3月24日 下午9:56:44)
[2025.03.24-05.56.44:312][127]LogPlayLevel: Creating play world package: /Game/ThirdPersonBP/Maps/UEDPIE_0_ThirdPersonExampleMap
[2025.03.24-05.56.44:335][127]LogPlayLevel: PIE: StaticDuplicateObject took: (0.021865s)
[2025.03.24-05.56.44:336][127]LogAIModule: Creating AISystem for world ThirdPersonExampleMap
[2025.03.24-05.56.44:337][127]LogPlayLevel: PIE: World Init took: (0.002753s)
[2025.03.24-05.56.44:337][127]LogPlayLevel: PIE: Created PIE world by copying editor world from /Game/ThirdPersonBP/Maps/ThirdPersonExampleMap.ThirdPersonExampleMap to /Game/ThirdPersonBP/Maps/UEDPIE_0_ThirdPersonExampleMap.ThirdPersonExampleMap (0.024920s)
[2025.03.24-05.56.44:373][127]LogUObjectHash: Compacting FUObjectHashTables data took   3.39ms
[2025.03.24-05.56.44:377][127]LogAudio: Display: Creating Audio Device:                 Id: 52, Scope: Unique, Realtime: True
[2025.03.24-05.56.44:377][127]LogAudioMixer: Display: Audio Mixer Platform Settings:
[2025.03.24-05.56.44:377][127]LogAudioMixer: Display: 	Sample Rate:						  48000
[2025.03.24-05.56.44:377][127]LogAudioMixer: Display: 	Callback Buffer Frame Size Requested: 1024
[2025.03.24-05.56.44:377][127]LogAudioMixer: Display: 	Callback Buffer Frame Size To Use:	  1024
[2025.03.24-05.56.44:377][127]LogAudioMixer: Display: 	Number of buffers to queue:			  2
[2025.03.24-05.56.44:377][127]LogAudioMixer: Display: 	Max Channels (voices):				  32
[2025.03.24-05.56.44:377][127]LogAudioMixer: Display: 	Number of Async Source Workers:		  0
[2025.03.24-05.56.44:377][127]LogAudio: Display: AudioDevice MaxSources: 32
[2025.03.24-05.56.44:377][127]LogAudio: Display: Audio Spatialization Plugin: None (built-in).
[2025.03.24-05.56.44:377][127]LogAudio: Display: Audio Reverb Plugin: None (built-in).
[2025.03.24-05.56.44:377][127]LogAudio: Display: Audio Occlusion Plugin: None (built-in).
[2025.03.24-05.56.44:377][127]LogAudioMixer: Display: Initializing audio mixer.
[2025.03.24-05.56.44:380][127]LogAudioMixer: Display: 0: FrontLeft
[2025.03.24-05.56.44:380][127]LogAudioMixer: Display: 1: FrontRight
[2025.03.24-05.56.44:421][127]LogAudioMixer: Display: Using Audio Device 扬声器 (适用于 I2S 音频的英特尔® 智音技术)
[2025.03.24-05.56.44:421][127]LogAudioMixer: Display: Initializing Sound Submixes...
[2025.03.24-05.56.44:422][127]LogAudioMixer: Display: Creating Master Submix 'MasterSubmixDefault'
[2025.03.24-05.56.44:422][127]LogAudioMixer: Display: Creating Master Submix 'MasterReverbSubmixDefault'
[2025.03.24-05.56.44:422][127]LogAudioMixer: Display: Creating Master Submix 'MasterEQSubmixDefault'
[2025.03.24-05.56.44:422][127]LogAudioMixer: FMixerPlatformXAudio2::StartAudioStream() called
[2025.03.24-05.56.44:422][127]LogAudioMixer: Display: Output buffers initialized: Frames=1024, Channels=2, Samples=2048
[2025.03.24-05.56.44:423][127]LogAudioMixer: Display: Starting AudioMixerPlatformInterface::RunInternal()
[2025.03.24-05.56.44:423][127]LogAudioMixer: Display: FMixerPlatformXAudio2::SubmitBuffer() called for the first time
[2025.03.24-05.56.44:423][127]LogInit: FAudioDevice initialized.
[2025.03.24-05.56.44:423][127]LogAudio: Display: Audio Device (ID: 52) registered with world 'ThirdPersonExampleMap'.
[2025.03.24-05.56.44:438][127]LogLoad: Game class is 'ThirdPersonGameMode_C'
[2025.03.24-05.56.44:441][127]LogWorld: Bringing World /Game/ThirdPersonBP/Maps/UEDPIE_0_ThirdPersonExampleMap.ThirdPersonExampleMap up for play (max tick rate 60) at 2025.03.24-13.56.44
[2025.03.24-05.56.44:442][127]LogWorld: Bringing up level for play took: 0.002804
[2025.03.24-05.56.44:442][127]LogOnline: OSS: Creating online subsystem instance for: :Context_77
[2025.03.24-05.56.44:443][127]PIE: Server logged in
[2025.03.24-05.56.44:444][127]PIE: Play in editor total start time 0.134 seconds.
[2025.03.24-05.56.54:275][697]LogScript: Warning: Attempted to access HAMBURGER via property HAMBURGER, but HAMBURGER is pending kill
	BP_Table_C /Game/ThirdPersonBP/Maps/UEDPIE_0_ThirdPersonExampleMap.ThirdPersonExampleMap:PersistentLevel.BP_Table_2
	Function /Game/BP/Second/BP_Table.BP_Table_C:ExecuteUbergraph_BP_Table:0134
[2025.03.24-05.56.54:276][697]PIE: Error: Blueprint Runtime Error: "Attempted to access HAMBURGER via property HAMBURGER, but HAMBURGER is pending kill". Blueprint:  BP_Table Function:  Execute Ubergraph BP Table Graph:  EventGraph Node:  DestroyComponent
[2025.03.24-05.56.55:749][783]LogSlate: Updating window title bar state: overlay mode, drag disabled, window buttons hidden, title bar hidden
[2025.03.24-05.56.55:749][783]LogWorld: BeginTearingDown for /Game/ThirdPersonBP/Maps/UEDPIE_0_ThirdPersonExampleMap
[2025.03.24-05.56.55:750][783]LogWorld: UWorld::CleanupWorld for ThirdPersonExampleMap, bSessionEnded=true, bCleanupResources=true
[2025.03.24-05.56.55:751][783]LogSlate: InvalidateAllWidgets triggered.  All widgets were invalidated
[2025.03.24-05.56.55:767][783]LogPlayLevel: Display: Shutting down PIE online subsystems
[2025.03.24-05.56.55:800][783]LogSlate: InvalidateAllWidgets triggered.  All widgets were invalidated
[2025.03.24-05.56.55:830][783]LogAudio: Display: Audio Device unregistered from world 'None'.
[2025.03.24-05.56.55:830][783]LogAudioMixer: FMixerPlatformXAudio2::StopAudioStream() called
[2025.03.24-05.56.55:831][783]LogAudioMixer: FMixerPlatformXAudio2::StopAudioStream() called
[2025.03.24-05.56.55:835][783]LogSlate: Updating window title bar state: overlay mode, drag disabled, window buttons hidden, title bar hidden
[2025.03.24-05.56.55:843][783]LogUObjectHash: Compacting FUObjectHashTables data took   4.64ms
[2025.03.24-05.56.56:045][784]LogPlayLevel: Display: Destroying online subsystem :Context_77
[2025.03.24-05.57.07:970][216]LogSlate: Window 'Message Log' being destroyed
[2025.03.24-05.57.08:003][216]LogSlate: Window 'Message Log' being destroyed
[2025.03.24-05.58.56:427][448]BlueprintLog: New page: Compile BP_Table
[2025.03.24-05.58.56:506][448]LogUObjectHash: Compacting FUObjectHashTables data took   3.64ms
[2025.03.24-05.59.04:741][769]BlueprintLog: New page: Compile BP_Button
[2025.03.24-05.59.04:822][769]LogUObjectHash: Compacting FUObjectHashTables data took   3.87ms
[2025.03.24-05.59.06:125][818]LogTemp: Repeating last play command: Selected Viewport
[2025.03.24-05.59.06:133][818]LogPlayLevel: PlayLevel: No blueprints needed recompiling
[2025.03.24-05.59.06:133][818]PIE: New page: PIE session: ThirdPersonExampleMap (2025年3月24日 下午9:59:06)
[2025.03.24-05.59.06:137][818]LogPlayLevel: Creating play world package: /Game/ThirdPersonBP/Maps/UEDPIE_0_ThirdPersonExampleMap
[2025.03.24-05.59.06:161][818]LogPlayLevel: PIE: StaticDuplicateObject took: (0.023870s)
[2025.03.24-05.59.06:163][818]LogAIModule: Creating AISystem for world ThirdPersonExampleMap
[2025.03.24-05.59.06:163][818]LogPlayLevel: PIE: World Init took: (0.002757s)
[2025.03.24-05.59.06:163][818]LogPlayLevel: PIE: Created PIE world by copying editor world from /Game/ThirdPersonBP/Maps/ThirdPersonExampleMap.ThirdPersonExampleMap to /Game/ThirdPersonBP/Maps/UEDPIE_0_ThirdPersonExampleMap.ThirdPersonExampleMap (0.027093s)
[2025.03.24-05.59.06:202][818]LogUObjectHash: Compacting FUObjectHashTables data took   3.10ms
[2025.03.24-05.59.06:203][818]LogAudio: Display: Creating Audio Device:                 Id: 53, Scope: Unique, Realtime: True
[2025.03.24-05.59.06:203][818]LogAudioMixer: Display: Audio Mixer Platform Settings:
[2025.03.24-05.59.06:203][818]LogAudioMixer: Display: 	Sample Rate:						  48000
[2025.03.24-05.59.06:203][818]LogAudioMixer: Display: 	Callback Buffer Frame Size Requested: 1024
[2025.03.24-05.59.06:203][818]LogAudioMixer: Display: 	Callback Buffer Frame Size To Use:	  1024
[2025.03.24-05.59.06:203][818]LogAudioMixer: Display: 	Number of buffers to queue:			  2
[2025.03.24-05.59.06:203][818]LogAudioMixer: Display: 	Max Channels (voices):				  32
[2025.03.24-05.59.06:203][818]LogAudioMixer: Display: 	Number of Async Source Workers:		  0
[2025.03.24-05.59.06:203][818]LogAudio: Display: AudioDevice MaxSources: 32
[2025.03.24-05.59.06:203][818]LogAudio: Display: Audio Spatialization Plugin: None (built-in).
[2025.03.24-05.59.06:203][818]LogAudio: Display: Audio Reverb Plugin: None (built-in).
[2025.03.24-05.59.06:203][818]LogAudio: Display: Audio Occlusion Plugin: None (built-in).
[2025.03.24-05.59.06:203][818]LogAudioMixer: Display: Initializing audio mixer.
[2025.03.24-05.59.06:205][818]LogAudioMixer: Display: 0: FrontLeft
[2025.03.24-05.59.06:205][818]LogAudioMixer: Display: 1: FrontRight
[2025.03.24-05.59.06:244][818]LogAudioMixer: Display: Using Audio Device 扬声器 (适用于 I2S 音频的英特尔® 智音技术)
[2025.03.24-05.59.06:244][818]LogAudioMixer: Display: Initializing Sound Submixes...
[2025.03.24-05.59.06:244][818]LogAudioMixer: Display: Creating Master Submix 'MasterSubmixDefault'
[2025.03.24-05.59.06:244][818]LogAudioMixer: Display: Creating Master Submix 'MasterReverbSubmixDefault'
[2025.03.24-05.59.06:245][818]LogAudioMixer: Display: Creating Master Submix 'MasterEQSubmixDefault'
[2025.03.24-05.59.06:245][818]LogAudioMixer: FMixerPlatformXAudio2::StartAudioStream() called
[2025.03.24-05.59.06:245][818]LogAudioMixer: Display: Output buffers initialized: Frames=1024, Channels=2, Samples=2048
[2025.03.24-05.59.06:245][818]LogAudioMixer: Display: Starting AudioMixerPlatformInterface::RunInternal()
[2025.03.24-05.59.06:245][818]LogAudioMixer: Display: FMixerPlatformXAudio2::SubmitBuffer() called for the first time
[2025.03.24-05.59.06:245][818]LogInit: FAudioDevice initialized.
[2025.03.24-05.59.06:245][818]LogAudio: Display: Audio Device (ID: 53) registered with world 'ThirdPersonExampleMap'.
[2025.03.24-05.59.06:257][818]LogLoad: Game class is 'ThirdPersonGameMode_C'
[2025.03.24-05.59.06:262][818]LogWorld: Bringing World /Game/ThirdPersonBP/Maps/UEDPIE_0_ThirdPersonExampleMap.ThirdPersonExampleMap up for play (max tick rate 60) at 2025.03.24-13.59.06
[2025.03.24-05.59.06:263][818]LogWorld: Bringing up level for play took: 0.004029
[2025.03.24-05.59.06:263][818]LogOnline: OSS: Creating online subsystem instance for: :Context_78
[2025.03.24-05.59.06:265][818]PIE: Server logged in
[2025.03.24-05.59.06:266][818]PIE: Play in editor total start time 0.135 seconds.
[2025.03.24-05.59.23:872][853]LogBlueprintUserMessages: [BP_Button_2] 还没吃饭！
[2025.03.24-05.59.27:247][ 49]LogSlate: Updating window title bar state: overlay mode, drag disabled, window buttons hidden, title bar hidden
[2025.03.24-05.59.27:247][ 49]LogWorld: BeginTearingDown for /Game/ThirdPersonBP/Maps/UEDPIE_0_ThirdPersonExampleMap
[2025.03.24-05.59.27:247][ 49]LogWorld: UWorld::CleanupWorld for ThirdPersonExampleMap, bSessionEnded=true, bCleanupResources=true
[2025.03.24-05.59.27:247][ 49]LogSlate: InvalidateAllWidgets triggered.  All widgets were invalidated
[2025.03.24-05.59.27:268][ 49]LogPlayLevel: Display: Shutting down PIE online subsystems
[2025.03.24-05.59.27:302][ 49]LogSlate: InvalidateAllWidgets triggered.  All widgets were invalidated
[2025.03.24-05.59.27:331][ 49]LogAudio: Display: Audio Device unregistered from world 'None'.
[2025.03.24-05.59.27:331][ 49]LogAudioMixer: FMixerPlatformXAudio2::StopAudioStream() called
[2025.03.24-05.59.27:333][ 49]LogAudioMixer: FMixerPlatformXAudio2::StopAudioStream() called
[2025.03.24-05.59.27:337][ 49]LogSlate: Updating window title bar state: overlay mode, drag disabled, window buttons hidden, title bar hidden
[2025.03.24-05.59.27:342][ 49]LogUObjectHash: Compacting FUObjectHashTables data took   4.17ms
[2025.03.24-05.59.27:400][ 50]LogPlayLevel: Display: Destroying online subsystem :Context_78
[2025.03.24-05.59.50:765][914]LogTemp: Repeating last play command: Selected Viewport
[2025.03.24-05.59.50:773][914]BlueprintLog: New page: Pre-Play auto-recompile
[2025.03.24-05.59.50:779][914]LogPlayLevel: [PlayLevel] Compiling BP_Table before play...
[2025.03.24-05.59.50:888][914]LogUObjectHash: Compacting FUObjectHashTables data took   6.42ms
[2025.03.24-05.59.50:891][914]LogPlayLevel: PlayLevel: Blueprint regeneration took 117 ms (1 blueprints)
[2025.03.24-05.59.50:891][914]PIE: New page: PIE session: ThirdPersonExampleMap (2025年3月24日 下午9:59:50)
[2025.03.24-05.59.50:891][914]LogPlayLevel: Creating play world package: /Game/ThirdPersonBP/Maps/UEDPIE_0_ThirdPersonExampleMap
[2025.03.24-05.59.50:905][914]LogPlayLevel: PIE: StaticDuplicateObject took: (0.013846s)
[2025.03.24-05.59.50:906][914]LogAIModule: Creating AISystem for world ThirdPersonExampleMap
[2025.03.24-05.59.50:906][914]LogPlayLevel: PIE: World Init took: (0.001599s)
[2025.03.24-05.59.50:906][914]LogPlayLevel: PIE: Created PIE world by copying editor world from /Game/ThirdPersonBP/Maps/ThirdPersonExampleMap.ThirdPersonExampleMap to /Game/ThirdPersonBP/Maps/UEDPIE_0_ThirdPersonExampleMap.ThirdPersonExampleMap (0.015658s)
[2025.03.24-05.59.50:942][914]LogUObjectHash: Compacting FUObjectHashTables data took   2.18ms
[2025.03.24-05.59.50:942][914]LogAudio: Display: Creating Audio Device:                 Id: 54, Scope: Unique, Realtime: True
[2025.03.24-05.59.50:942][914]LogAudioMixer: Display: Audio Mixer Platform Settings:
[2025.03.24-05.59.50:942][914]LogAudioMixer: Display: 	Sample Rate:						  48000
[2025.03.24-05.59.50:942][914]LogAudioMixer: Display: 	Callback Buffer Frame Size Requested: 1024
[2025.03.24-05.59.50:942][914]LogAudioMixer: Display: 	Callback Buffer Frame Size To Use:	  1024
[2025.03.24-05.59.50:942][914]LogAudioMixer: Display: 	Number of buffers to queue:			  2
[2025.03.24-05.59.50:942][914]LogAudioMixer: Display: 	Max Channels (voices):				  32
[2025.03.24-05.59.50:942][914]LogAudioMixer: Display: 	Number of Async Source Workers:		  0
[2025.03.24-05.59.50:942][914]LogAudio: Display: AudioDevice MaxSources: 32
[2025.03.24-05.59.50:943][914]LogAudio: Display: Audio Spatialization Plugin: None (built-in).
[2025.03.24-05.59.50:943][914]LogAudio: Display: Audio Reverb Plugin: None (built-in).
[2025.03.24-05.59.50:943][914]LogAudio: Display: Audio Occlusion Plugin: None (built-in).
[2025.03.24-05.59.50:943][914]LogAudioMixer: Display: Initializing audio mixer.
[2025.03.24-05.59.50:946][914]LogAudioMixer: Display: 0: FrontLeft
[2025.03.24-05.59.50:946][914]LogAudioMixer: Display: 1: FrontRight
[2025.03.24-05.59.50:980][914]LogAudioMixer: Display: Using Audio Device 扬声器 (适用于 I2S 音频的英特尔® 智音技术)
[2025.03.24-05.59.50:981][914]LogAudioMixer: Display: Initializing Sound Submixes...
[2025.03.24-05.59.50:981][914]LogAudioMixer: Display: Creating Master Submix 'MasterSubmixDefault'
[2025.03.24-05.59.50:981][914]LogAudioMixer: Display: Creating Master Submix 'MasterReverbSubmixDefault'
[2025.03.24-05.59.50:981][914]LogAudioMixer: Display: Creating Master Submix 'MasterEQSubmixDefault'
[2025.03.24-05.59.50:981][914]LogAudioMixer: FMixerPlatformXAudio2::StartAudioStream() called
[2025.03.24-05.59.50:981][914]LogAudioMixer: Display: Output buffers initialized: Frames=1024, Channels=2, Samples=2048
[2025.03.24-05.59.50:982][914]LogAudioMixer: Display: Starting AudioMixerPlatformInterface::RunInternal()
[2025.03.24-05.59.50:982][914]LogAudioMixer: Display: FMixerPlatformXAudio2::SubmitBuffer() called for the first time
[2025.03.24-05.59.50:982][914]LogInit: FAudioDevice initialized.
[2025.03.24-05.59.50:983][914]LogAudio: Display: Audio Device (ID: 54) registered with world 'ThirdPersonExampleMap'.
[2025.03.24-05.59.51:000][914]LogLoad: Game class is 'ThirdPersonGameMode_C'
[2025.03.24-05.59.51:003][914]LogWorld: Bringing World /Game/ThirdPersonBP/Maps/UEDPIE_0_ThirdPersonExampleMap.ThirdPersonExampleMap up for play (max tick rate 60) at 2025.03.24-13.59.51
[2025.03.24-05.59.51:003][914]LogWorld: Bringing up level for play took: 0.002830
[2025.03.24-05.59.51:004][914]LogOnline: OSS: Creating online subsystem instance for: :Context_79
[2025.03.24-05.59.51:007][914]PIE: Server logged in
[2025.03.24-05.59.51:007][914]PIE: Play in editor total start time 0.235 seconds.
[2025.03.24-05.59.54:906][133]LogBlueprintUserMessages: [BP_Table_2] 还没开灯
[2025.03.24-05.59.59:178][382]LogSlate: Updating window title bar state: overlay mode, drag disabled, window buttons hidden, title bar hidden
[2025.03.24-05.59.59:178][382]LogWorld: BeginTearingDown for /Game/ThirdPersonBP/Maps/UEDPIE_0_ThirdPersonExampleMap
[2025.03.24-05.59.59:178][382]LogWorld: UWorld::CleanupWorld for ThirdPersonExampleMap, bSessionEnded=true, bCleanupResources=true
[2025.03.24-05.59.59:179][382]LogSlate: InvalidateAllWidgets triggered.  All widgets were invalidated
[2025.03.24-05.59.59:200][382]LogPlayLevel: Display: Shutting down PIE online subsystems
[2025.03.24-05.59.59:232][382]LogSlate: InvalidateAllWidgets triggered.  All widgets were invalidated
[2025.03.24-05.59.59:260][382]LogSlate: Updating window title bar state: overlay mode, drag disabled, window buttons hidden, title bar hidden
[2025.03.24-05.59.59:261][382]LogAudioMixer: FMixerPlatformXAudio2::StopAudioStream() called
[2025.03.24-05.59.59:262][382]LogAudioMixer: FMixerPlatformXAudio2::StopAudioStream() called
[2025.03.24-05.59.59:270][382]LogUObjectHash: Compacting FUObjectHashTables data took   2.27ms
[2025.03.24-05.59.59:347][383]LogPlayLevel: Display: Destroying online subsystem :Context_79
[2025.03.24-06.00.04:995][584]LogTemp: Repeating last play command: Selected Viewport
[2025.03.24-06.00.05:002][584]LogPlayLevel: PlayLevel: No blueprints needed recompiling
[2025.03.24-06.00.05:002][584]PIE: New page: PIE session: ThirdPersonExampleMap (2025年3月24日 下午10:00:05)
[2025.03.24-06.00.05:003][584]LogPlayLevel: Creating play world package: /Game/ThirdPersonBP/Maps/UEDPIE_0_ThirdPersonExampleMap
[2025.03.24-06.00.05:028][584]LogPlayLevel: PIE: StaticDuplicateObject took: (0.025426s)
[2025.03.24-06.00.05:029][584]LogAIModule: Creating AISystem for world ThirdPersonExampleMap
[2025.03.24-06.00.05:029][584]LogPlayLevel: PIE: World Init took: (0.001605s)
[2025.03.24-06.00.05:030][584]LogPlayLevel: PIE: Created PIE world by copying editor world from /Game/ThirdPersonBP/Maps/ThirdPersonExampleMap.ThirdPersonExampleMap to /Game/ThirdPersonBP/Maps/UEDPIE_0_ThirdPersonExampleMap.ThirdPersonExampleMap (0.027407s)
[2025.03.24-06.00.05:066][584]LogUObjectHash: Compacting FUObjectHashTables data took   4.69ms
[2025.03.24-06.00.05:068][584]LogAudio: Display: Creating Audio Device:                 Id: 55, Scope: Unique, Realtime: True
[2025.03.24-06.00.05:068][584]LogAudioMixer: Display: Audio Mixer Platform Settings:
[2025.03.24-06.00.05:068][584]LogAudioMixer: Display: 	Sample Rate:						  48000
[2025.03.24-06.00.05:068][584]LogAudioMixer: Display: 	Callback Buffer Frame Size Requested: 1024
[2025.03.24-06.00.05:068][584]LogAudioMixer: Display: 	Callback Buffer Frame Size To Use:	  1024
[2025.03.24-06.00.05:068][584]LogAudioMixer: Display: 	Number of buffers to queue:			  2
[2025.03.24-06.00.05:068][584]LogAudioMixer: Display: 	Max Channels (voices):				  32
[2025.03.24-06.00.05:068][584]LogAudioMixer: Display: 	Number of Async Source Workers:		  0
[2025.03.24-06.00.05:068][584]LogAudio: Display: AudioDevice MaxSources: 32
[2025.03.24-06.00.05:069][584]LogAudio: Display: Audio Spatialization Plugin: None (built-in).
[2025.03.24-06.00.05:069][584]LogAudio: Display: Audio Reverb Plugin: None (built-in).
[2025.03.24-06.00.05:069][584]LogAudio: Display: Audio Occlusion Plugin: None (built-in).
[2025.03.24-06.00.05:069][584]LogAudioMixer: Display: Initializing audio mixer.
[2025.03.24-06.00.05:071][584]LogAudioMixer: Display: 0: FrontLeft
[2025.03.24-06.00.05:071][584]LogAudioMixer: Display: 1: FrontRight
[2025.03.24-06.00.05:106][584]LogAudioMixer: Display: Using Audio Device 扬声器 (适用于 I2S 音频的英特尔® 智音技术)
[2025.03.24-06.00.05:106][584]LogAudioMixer: Display: Initializing Sound Submixes...
[2025.03.24-06.00.05:106][584]LogAudioMixer: Display: Creating Master Submix 'MasterSubmixDefault'
[2025.03.24-06.00.05:106][584]LogAudioMixer: Display: Creating Master Submix 'MasterReverbSubmixDefault'
[2025.03.24-06.00.05:107][584]LogAudioMixer: Display: Creating Master Submix 'MasterEQSubmixDefault'
[2025.03.24-06.00.05:107][584]LogAudioMixer: FMixerPlatformXAudio2::StartAudioStream() called
[2025.03.24-06.00.05:107][584]LogAudioMixer: Display: Output buffers initialized: Frames=1024, Channels=2, Samples=2048
[2025.03.24-06.00.05:108][584]LogAudioMixer: Display: Starting AudioMixerPlatformInterface::RunInternal()
[2025.03.24-06.00.05:108][584]LogAudioMixer: Display: FMixerPlatformXAudio2::SubmitBuffer() called for the first time
[2025.03.24-06.00.05:108][584]LogInit: FAudioDevice initialized.
[2025.03.24-06.00.05:108][584]LogAudio: Display: Audio Device (ID: 55) registered with world 'ThirdPersonExampleMap'.
[2025.03.24-06.00.05:116][584]LogLoad: Game class is 'ThirdPersonGameMode_C'
[2025.03.24-06.00.05:119][584]LogWorld: Bringing World /Game/ThirdPersonBP/Maps/UEDPIE_0_ThirdPersonExampleMap.ThirdPersonExampleMap up for play (max tick rate 60) at 2025.03.24-14.00.05
[2025.03.24-06.00.05:119][584]LogWorld: Bringing up level for play took: 0.002114
[2025.03.24-06.00.05:119][584]LogOnline: OSS: Creating online subsystem instance for: :Context_80
[2025.03.24-06.00.05:122][584]PIE: Server logged in
[2025.03.24-06.00.05:122][584]PIE: Play in editor total start time 0.122 seconds.
[2025.03.24-06.00.18:407][360]LogSlate: Updating window title bar state: overlay mode, drag disabled, window buttons hidden, title bar hidden
[2025.03.24-06.00.18:407][360]LogWorld: BeginTearingDown for /Game/ThirdPersonBP/Maps/UEDPIE_0_ThirdPersonExampleMap
[2025.03.24-06.00.18:407][360]LogWorld: UWorld::CleanupWorld for ThirdPersonExampleMap, bSessionEnded=true, bCleanupResources=true
[2025.03.24-06.00.18:408][360]LogSlate: InvalidateAllWidgets triggered.  All widgets were invalidated
[2025.03.24-06.00.18:427][360]LogPlayLevel: Display: Shutting down PIE online subsystems
[2025.03.24-06.00.18:473][360]LogSlate: InvalidateAllWidgets triggered.  All widgets were invalidated
[2025.03.24-06.00.18:509][360]LogSlate: Updating window title bar state: overlay mode, drag disabled, window buttons hidden, title bar hidden
[2025.03.24-06.00.18:509][360]LogAudioMixer: FMixerPlatformXAudio2::StopAudioStream() called
[2025.03.24-06.00.18:510][360]LogAudioMixer: FMixerPlatformXAudio2::StopAudioStream() called
[2025.03.24-06.00.18:522][360]LogUObjectHash: Compacting FUObjectHashTables data took   5.01ms
[2025.03.24-06.00.18:594][361]LogPlayLevel: Display: Destroying online subsystem :Context_80
[2025.03.24-06.00.42:902][237]BlueprintLog: New page: Compile BP_Button
[2025.03.24-06.00.42:971][237]LogUObjectHash: Compacting FUObjectHashTables data took   2.83ms
[2025.03.24-06.00.45:263][317]LogTemp: Repeating last play command: Selected Viewport
[2025.03.24-06.00.45:270][317]LogPlayLevel: PlayLevel: No blueprints needed recompiling
[2025.03.24-06.00.45:270][317]PIE: New page: PIE session: ThirdPersonExampleMap (2025年3月24日 下午10:00:45)
[2025.03.24-06.00.45:270][317]LogPlayLevel: Creating play world package: /Game/ThirdPersonBP/Maps/UEDPIE_0_ThirdPersonExampleMap
[2025.03.24-06.00.45:291][317]LogPlayLevel: PIE: StaticDuplicateObject took: (0.021094s)
[2025.03.24-06.00.45:293][317]LogAIModule: Creating AISystem for world ThirdPersonExampleMap
[2025.03.24-06.00.45:294][317]LogPlayLevel: PIE: World Init took: (0.002551s)
[2025.03.24-06.00.45:294][317]LogPlayLevel: PIE: Created PIE world by copying editor world from /Game/ThirdPersonBP/Maps/ThirdPersonExampleMap.ThirdPersonExampleMap to /Game/ThirdPersonBP/Maps/UEDPIE_0_ThirdPersonExampleMap.ThirdPersonExampleMap (0.024108s)
[2025.03.24-06.00.45:331][317]LogUObjectHash: Compacting FUObjectHashTables data took   3.20ms
[2025.03.24-06.00.45:332][317]LogAudio: Display: Creating Audio Device:                 Id: 56, Scope: Unique, Realtime: True
[2025.03.24-06.00.45:332][317]LogAudioMixer: Display: Audio Mixer Platform Settings:
[2025.03.24-06.00.45:332][317]LogAudioMixer: Display: 	Sample Rate:						  48000
[2025.03.24-06.00.45:332][317]LogAudioMixer: Display: 	Callback Buffer Frame Size Requested: 1024
[2025.03.24-06.00.45:332][317]LogAudioMixer: Display: 	Callback Buffer Frame Size To Use:	  1024
[2025.03.24-06.00.45:332][317]LogAudioMixer: Display: 	Number of buffers to queue:			  2
[2025.03.24-06.00.45:332][317]LogAudioMixer: Display: 	Max Channels (voices):				  32
[2025.03.24-06.00.45:332][317]LogAudioMixer: Display: 	Number of Async Source Workers:		  0
[2025.03.24-06.00.45:332][317]LogAudio: Display: AudioDevice MaxSources: 32
[2025.03.24-06.00.45:333][317]LogAudio: Display: Audio Spatialization Plugin: None (built-in).
[2025.03.24-06.00.45:333][317]LogAudio: Display: Audio Reverb Plugin: None (built-in).
[2025.03.24-06.00.45:333][317]LogAudio: Display: Audio Occlusion Plugin: None (built-in).
[2025.03.24-06.00.45:333][317]LogAudioMixer: Display: Initializing audio mixer.
[2025.03.24-06.00.45:336][317]LogAudioMixer: Display: 0: FrontLeft
[2025.03.24-06.00.45:336][317]LogAudioMixer: Display: 1: FrontRight
[2025.03.24-06.00.45:373][317]LogAudioMixer: Display: Using Audio Device 扬声器 (适用于 I2S 音频的英特尔® 智音技术)
[2025.03.24-06.00.45:373][317]LogAudioMixer: Display: Initializing Sound Submixes...
[2025.03.24-06.00.45:373][317]LogAudioMixer: Display: Creating Master Submix 'MasterSubmixDefault'
[2025.03.24-06.00.45:373][317]LogAudioMixer: Display: Creating Master Submix 'MasterReverbSubmixDefault'
[2025.03.24-06.00.45:374][317]LogAudioMixer: Display: Creating Master Submix 'MasterEQSubmixDefault'
[2025.03.24-06.00.45:374][317]LogAudioMixer: FMixerPlatformXAudio2::StartAudioStream() called
[2025.03.24-06.00.45:374][317]LogAudioMixer: Display: Output buffers initialized: Frames=1024, Channels=2, Samples=2048
[2025.03.24-06.00.45:375][317]LogAudioMixer: Display: Starting AudioMixerPlatformInterface::RunInternal()
[2025.03.24-06.00.45:375][317]LogAudioMixer: Display: FMixerPlatformXAudio2::SubmitBuffer() called for the first time
[2025.03.24-06.00.45:375][317]LogInit: FAudioDevice initialized.
[2025.03.24-06.00.45:375][317]LogAudio: Display: Audio Device (ID: 56) registered with world 'ThirdPersonExampleMap'.
[2025.03.24-06.00.45:388][317]LogLoad: Game class is 'ThirdPersonGameMode_C'
[2025.03.24-06.00.45:393][317]LogWorld: Bringing World /Game/ThirdPersonBP/Maps/UEDPIE_0_ThirdPersonExampleMap.ThirdPersonExampleMap up for play (max tick rate 60) at 2025.03.24-14.00.45
[2025.03.24-06.00.45:393][317]LogWorld: Bringing up level for play took: 0.003025
[2025.03.24-06.00.45:393][317]LogOnline: OSS: Creating online subsystem instance for: :Context_81
[2025.03.24-06.00.45:396][317]PIE: Server logged in
[2025.03.24-06.00.45:397][317]PIE: Play in editor total start time 0.128 seconds.
[2025.03.24-06.00.52:954][756]LogBlueprintUserMessages: [BP_Button_2] 还没吃饭！
[2025.03.24-06.00.55:736][917]LogSlate: Updating window title bar state: overlay mode, drag disabled, window buttons hidden, title bar hidden
[2025.03.24-06.00.55:736][917]LogWorld: BeginTearingDown for /Game/ThirdPersonBP/Maps/UEDPIE_0_ThirdPersonExampleMap
[2025.03.24-06.00.55:736][917]LogWorld: UWorld::CleanupWorld for ThirdPersonExampleMap, bSessionEnded=true, bCleanupResources=true
[2025.03.24-06.00.55:736][917]LogSlate: InvalidateAllWidgets triggered.  All widgets were invalidated
[2025.03.24-06.00.55:754][917]LogPlayLevel: Display: Shutting down PIE online subsystems
[2025.03.24-06.00.55:786][917]LogSlate: InvalidateAllWidgets triggered.  All widgets were invalidated
[2025.03.24-06.00.55:813][917]LogAudio: Display: Audio Device unregistered from world 'None'.
[2025.03.24-06.00.55:814][917]LogAudioMixer: FMixerPlatformXAudio2::StopAudioStream() called
[2025.03.24-06.00.55:815][917]LogAudioMixer: FMixerPlatformXAudio2::StopAudioStream() called
[2025.03.24-06.00.55:818][917]LogSlate: Updating window title bar state: overlay mode, drag disabled, window buttons hidden, title bar hidden
[2025.03.24-06.00.55:823][917]LogUObjectHash: Compacting FUObjectHashTables data took   2.01ms
[2025.03.24-06.00.55:885][918]LogPlayLevel: Display: Destroying online subsystem :Context_81
[2025.03.24-06.01.10:465][481]BlueprintLog: New page: Compile BP_Table
[2025.03.24-06.01.10:548][481]LogUObjectHash: Compacting FUObjectHashTables data took   3.96ms
[2025.03.24-06.01.42:046][703]BlueprintLog: New page: Compile BP_Table
[2025.03.24-06.01.42:124][703]LogUObjectHash: Compacting FUObjectHashTables data took   7.45ms
[2025.03.24-06.01.43:301][745]LogTemp: Repeating last play command: Selected Viewport
[2025.03.24-06.01.43:310][745]LogPlayLevel: PlayLevel: No blueprints needed recompiling
[2025.03.24-06.01.43:311][745]PIE: New page: PIE session: ThirdPersonExampleMap (2025年3月24日 下午10:01:43)
[2025.03.24-06.01.43:311][745]LogPlayLevel: Creating play world package: /Game/ThirdPersonBP/Maps/UEDPIE_0_ThirdPersonExampleMap
[2025.03.24-06.01.43:330][745]LogPlayLevel: PIE: StaticDuplicateObject took: (0.018954s)
[2025.03.24-06.01.43:331][745]LogAIModule: Creating AISystem for world ThirdPersonExampleMap
[2025.03.24-06.01.43:331][745]LogPlayLevel: PIE: World Init took: (0.001074s)
[2025.03.24-06.01.43:331][745]LogPlayLevel: PIE: Created PIE world by copying editor world from /Game/ThirdPersonBP/Maps/ThirdPersonExampleMap.ThirdPersonExampleMap to /Game/ThirdPersonBP/Maps/UEDPIE_0_ThirdPersonExampleMap.ThirdPersonExampleMap (0.020205s)
[2025.03.24-06.01.43:369][745]LogUObjectHash: Compacting FUObjectHashTables data took   6.57ms
[2025.03.24-06.01.43:370][745]LogAudio: Display: Creating Audio Device:                 Id: 57, Scope: Unique, Realtime: True
[2025.03.24-06.01.43:370][745]LogAudioMixer: Display: Audio Mixer Platform Settings:
[2025.03.24-06.01.43:370][745]LogAudioMixer: Display: 	Sample Rate:						  48000
[2025.03.24-06.01.43:370][745]LogAudioMixer: Display: 	Callback Buffer Frame Size Requested: 1024
[2025.03.24-06.01.43:370][745]LogAudioMixer: Display: 	Callback Buffer Frame Size To Use:	  1024
[2025.03.24-06.01.43:370][745]LogAudioMixer: Display: 	Number of buffers to queue:			  2
[2025.03.24-06.01.43:370][745]LogAudioMixer: Display: 	Max Channels (voices):				  32
[2025.03.24-06.01.43:370][745]LogAudioMixer: Display: 	Number of Async Source Workers:		  0
[2025.03.24-06.01.43:370][745]LogAudio: Display: AudioDevice MaxSources: 32
[2025.03.24-06.01.43:370][745]LogAudio: Display: Audio Spatialization Plugin: None (built-in).
[2025.03.24-06.01.43:370][745]LogAudio: Display: Audio Reverb Plugin: None (built-in).
[2025.03.24-06.01.43:370][745]LogAudio: Display: Audio Occlusion Plugin: None (built-in).
[2025.03.24-06.01.43:370][745]LogAudioMixer: Display: Initializing audio mixer.
[2025.03.24-06.01.43:373][745]LogAudioMixer: Display: 0: FrontLeft
[2025.03.24-06.01.43:373][745]LogAudioMixer: Display: 1: FrontRight
[2025.03.24-06.01.43:410][745]LogAudioMixer: Display: Using Audio Device 扬声器 (适用于 I2S 音频的英特尔® 智音技术)
[2025.03.24-06.01.43:410][745]LogAudioMixer: Display: Initializing Sound Submixes...
[2025.03.24-06.01.43:410][745]LogAudioMixer: Display: Creating Master Submix 'MasterSubmixDefault'
[2025.03.24-06.01.43:410][745]LogAudioMixer: Display: Creating Master Submix 'MasterReverbSubmixDefault'
[2025.03.24-06.01.43:411][745]LogAudioMixer: Display: Creating Master Submix 'MasterEQSubmixDefault'
[2025.03.24-06.01.43:411][745]LogAudioMixer: FMixerPlatformXAudio2::StartAudioStream() called
[2025.03.24-06.01.43:411][745]LogAudioMixer: Display: Output buffers initialized: Frames=1024, Channels=2, Samples=2048
[2025.03.24-06.01.43:413][745]LogAudioMixer: Display: Starting AudioMixerPlatformInterface::RunInternal()
[2025.03.24-06.01.43:413][745]LogAudioMixer: Display: FMixerPlatformXAudio2::SubmitBuffer() called for the first time
[2025.03.24-06.01.43:413][745]LogInit: FAudioDevice initialized.
[2025.03.24-06.01.43:413][745]LogAudio: Display: Audio Device (ID: 57) registered with world 'ThirdPersonExampleMap'.
[2025.03.24-06.01.43:427][745]LogLoad: Game class is 'ThirdPersonGameMode_C'
[2025.03.24-06.01.43:430][745]LogWorld: Bringing World /Game/ThirdPersonBP/Maps/UEDPIE_0_ThirdPersonExampleMap.ThirdPersonExampleMap up for play (max tick rate 60) at 2025.03.24-14.01.43
[2025.03.24-06.01.43:430][745]LogWorld: Bringing up level for play took: 0.002946
[2025.03.24-06.01.43:431][745]LogOnline: OSS: Creating online subsystem instance for: :Context_82
[2025.03.24-06.01.43:434][745]PIE: Server logged in
[2025.03.24-06.01.43:434][745]PIE: Play in editor total start time 0.124 seconds.
[2025.03.24-06.01.55:262][436]LogScript: Warning: Attempted to access HAMBURGER via property HAMBURGER, but HAMBURGER is pending kill
	BP_TriggerArea_C /Game/ThirdPersonBP/Maps/UEDPIE_0_ThirdPersonExampleMap.ThirdPersonExampleMap:PersistentLevel.BP_TriggerArea_2
	Function /Game/BP/Second/BP_TriggerArea.BP_TriggerArea_C:ExecuteUbergraph_BP_TriggerArea:0071
[2025.03.24-06.01.55:262][436]PIE: Error: Blueprint Runtime Error: "Attempted to access HAMBURGER via property HAMBURGER, but HAMBURGER is pending kill". Blueprint:  BP_TriggerArea Function:  Execute Ubergraph BP Trigger Area Graph:  EventGraph Node:  Set Visibility
[2025.03.24-06.01.57:968][595]LogScript: Warning: Attempted to access HAMBURGER via property HAMBURGER, but HAMBURGER is pending kill
	BP_Table_C /Game/ThirdPersonBP/Maps/UEDPIE_0_ThirdPersonExampleMap.ThirdPersonExampleMap:PersistentLevel.BP_Table_2
	Function /Game/BP/Second/BP_Table.BP_Table_C:ExecuteUbergraph_BP_Table:00D8
[2025.03.24-06.01.57:968][595]PIE: Error: Blueprint Runtime Error: "Attempted to access HAMBURGER via property HAMBURGER, but HAMBURGER is pending kill". Blueprint:  BP_Table Function:  Execute Ubergraph BP Table Graph:  EventGraph Node:  DestroyComponent
[2025.03.24-06.02.05:349][ 12]LogScript: Warning: Accessed None trying to read property HAMBURGER
	BP_Table_C /Game/ThirdPersonBP/Maps/UEDPIE_0_ThirdPersonExampleMap.ThirdPersonExampleMap:PersistentLevel.BP_Table_2
	Function /Game/BP/Second/BP_Table.BP_Table_C:ExecuteUbergraph_BP_Table:00D8
[2025.03.24-06.02.05:349][ 12]PIE: Error: Blueprint Runtime Error: "Accessed None trying to read property HAMBURGER". Blueprint:  BP_Table Function:  Execute Ubergraph BP Table Graph:  EventGraph Node:  DestroyComponent
[2025.03.24-06.02.20:069][871]LogSlate: Updating window title bar state: overlay mode, drag disabled, window buttons hidden, title bar hidden
[2025.03.24-06.02.20:069][871]LogWorld: BeginTearingDown for /Game/ThirdPersonBP/Maps/UEDPIE_0_ThirdPersonExampleMap
[2025.03.24-06.02.20:069][871]LogWorld: UWorld::CleanupWorld for ThirdPersonExampleMap, bSessionEnded=true, bCleanupResources=true
[2025.03.24-06.02.20:069][871]LogSlate: InvalidateAllWidgets triggered.  All widgets were invalidated
[2025.03.24-06.02.20:091][871]LogPlayLevel: Display: Shutting down PIE online subsystems
[2025.03.24-06.02.20:122][871]LogSlate: InvalidateAllWidgets triggered.  All widgets were invalidated
[2025.03.24-06.02.20:148][871]LogAudio: Display: Audio Device unregistered from world 'None'.
[2025.03.24-06.02.20:148][871]LogAudioMixer: FMixerPlatformXAudio2::StopAudioStream() called
[2025.03.24-06.02.20:149][871]LogAudioMixer: FMixerPlatformXAudio2::StopAudioStream() called
[2025.03.24-06.02.20:152][871]LogSlate: Updating window title bar state: overlay mode, drag disabled, window buttons hidden, title bar hidden
[2025.03.24-06.02.20:156][871]LogUObjectHash: Compacting FUObjectHashTables data took   2.09ms
[2025.03.24-06.02.20:316][872]LogPlayLevel: Display: Destroying online subsystem :Context_82
[2025.03.24-06.02.23:582][988]LogSlate: Window 'Message Log' being destroyed
[2025.03.24-06.02.23:595][988]LogSlate: Window 'Message Log' being destroyed
[2025.03.24-06.02.55:404][194]BlueprintLog: New page: Compile BP_Table
[2025.03.24-06.02.55:480][194]LogUObjectHash: Compacting FUObjectHashTables data took   7.06ms
[2025.03.24-06.02.56:448][229]LogTemp: Repeating last play command: Selected Viewport
[2025.03.24-06.02.56:459][229]LogPlayLevel: PlayLevel: No blueprints needed recompiling
[2025.03.24-06.02.56:459][229]PIE: New page: PIE session: ThirdPersonExampleMap (2025年3月24日 下午10:02:56)
[2025.03.24-06.02.56:459][229]LogPlayLevel: Creating play world package: /Game/ThirdPersonBP/Maps/UEDPIE_0_ThirdPersonExampleMap
[2025.03.24-06.02.56:481][229]LogPlayLevel: PIE: StaticDuplicateObject took: (0.021477s)
[2025.03.24-06.02.56:483][229]LogAIModule: Creating AISystem for world ThirdPersonExampleMap
[2025.03.24-06.02.56:483][229]LogPlayLevel: PIE: World Init took: (0.001928s)
[2025.03.24-06.02.56:483][229]LogPlayLevel: PIE: Created PIE world by copying editor world from /Game/ThirdPersonBP/Maps/ThirdPersonExampleMap.ThirdPersonExampleMap to /Game/ThirdPersonBP/Maps/UEDPIE_0_ThirdPersonExampleMap.ThirdPersonExampleMap (0.023763s)
[2025.03.24-06.02.56:525][229]LogUObjectHash: Compacting FUObjectHashTables data took   3.91ms
[2025.03.24-06.02.56:526][229]LogAudio: Display: Creating Audio Device:                 Id: 58, Scope: Unique, Realtime: True
[2025.03.24-06.02.56:526][229]LogAudioMixer: Display: Audio Mixer Platform Settings:
[2025.03.24-06.02.56:526][229]LogAudioMixer: Display: 	Sample Rate:						  48000
[2025.03.24-06.02.56:526][229]LogAudioMixer: Display: 	Callback Buffer Frame Size Requested: 1024
[2025.03.24-06.02.56:526][229]LogAudioMixer: Display: 	Callback Buffer Frame Size To Use:	  1024
[2025.03.24-06.02.56:526][229]LogAudioMixer: Display: 	Number of buffers to queue:			  2
[2025.03.24-06.02.56:526][229]LogAudioMixer: Display: 	Max Channels (voices):				  32
[2025.03.24-06.02.56:526][229]LogAudioMixer: Display: 	Number of Async Source Workers:		  0
[2025.03.24-06.02.56:526][229]LogAudio: Display: AudioDevice MaxSources: 32
[2025.03.24-06.02.56:527][229]LogAudio: Display: Audio Spatialization Plugin: None (built-in).
[2025.03.24-06.02.56:527][229]LogAudio: Display: Audio Reverb Plugin: None (built-in).
[2025.03.24-06.02.56:527][229]LogAudio: Display: Audio Occlusion Plugin: None (built-in).
[2025.03.24-06.02.56:527][229]LogAudioMixer: Display: Initializing audio mixer.
[2025.03.24-06.02.56:530][229]LogAudioMixer: Display: 0: FrontLeft
[2025.03.24-06.02.56:530][229]LogAudioMixer: Display: 1: FrontRight
[2025.03.24-06.02.56:571][229]LogAudioMixer: Display: Using Audio Device 扬声器 (适用于 I2S 音频的英特尔® 智音技术)
[2025.03.24-06.02.56:572][229]LogAudioMixer: Display: Initializing Sound Submixes...
[2025.03.24-06.02.56:572][229]LogAudioMixer: Display: Creating Master Submix 'MasterSubmixDefault'
[2025.03.24-06.02.56:572][229]LogAudioMixer: Display: Creating Master Submix 'MasterReverbSubmixDefault'
[2025.03.24-06.02.56:572][229]LogAudioMixer: Display: Creating Master Submix 'MasterEQSubmixDefault'
[2025.03.24-06.02.56:572][229]LogAudioMixer: FMixerPlatformXAudio2::StartAudioStream() called
[2025.03.24-06.02.56:572][229]LogAudioMixer: Display: Output buffers initialized: Frames=1024, Channels=2, Samples=2048
[2025.03.24-06.02.56:574][229]LogAudioMixer: Display: Starting AudioMixerPlatformInterface::RunInternal()
[2025.03.24-06.02.56:574][229]LogAudioMixer: Display: FMixerPlatformXAudio2::SubmitBuffer() called for the first time
[2025.03.24-06.02.56:574][229]LogInit: FAudioDevice initialized.
[2025.03.24-06.02.56:574][229]LogAudio: Display: Audio Device (ID: 58) registered with world 'ThirdPersonExampleMap'.
[2025.03.24-06.02.56:593][229]LogLoad: Game class is 'ThirdPersonGameMode_C'
[2025.03.24-06.02.56:597][229]LogWorld: Bringing World /Game/ThirdPersonBP/Maps/UEDPIE_0_ThirdPersonExampleMap.ThirdPersonExampleMap up for play (max tick rate 60) at 2025.03.24-14.02.56
[2025.03.24-06.02.56:597][229]LogWorld: Bringing up level for play took: 0.003892
[2025.03.24-06.02.56:600][229]LogOnline: OSS: Creating online subsystem instance for: :Context_83
[2025.03.24-06.02.56:603][229]PIE: Server logged in
[2025.03.24-06.02.56:604][229]PIE: Play in editor total start time 0.147 seconds.
[2025.03.24-06.03.09:114][913]LogScript: Warning: Attempted to access HAMBURGER via property HAMBURGER, but HAMBURGER is pending kill
	BP_Table_C /Game/ThirdPersonBP/Maps/UEDPIE_0_ThirdPersonExampleMap.ThirdPersonExampleMap:PersistentLevel.BP_Table_2
	Function /Game/BP/Second/BP_Table.BP_Table_C:ExecuteUbergraph_BP_Table:00D8
[2025.03.24-06.03.09:114][913]PIE: Error: Blueprint Runtime Error: "Attempted to access HAMBURGER via property HAMBURGER, but HAMBURGER is pending kill". Blueprint:  BP_Table Function:  Execute Ubergraph BP Table Graph:  EventGraph Node:  DestroyComponent
[2025.03.24-06.03.18:115][437]LogScript: Warning: Attempted to access HAMBURGER via property HAMBURGER, but HAMBURGER is pending kill
	BP_Table_C /Game/ThirdPersonBP/Maps/UEDPIE_0_ThirdPersonExampleMap.ThirdPersonExampleMap:PersistentLevel.BP_Table_2
	Function /Game/BP/Second/BP_Table.BP_Table_C:ExecuteUbergraph_BP_Table:00D8
[2025.03.24-06.03.18:115][437]PIE: Error: Blueprint Runtime Error: "Attempted to access HAMBURGER via property HAMBURGER, but HAMBURGER is pending kill". Blueprint:  BP_Table Function:  Execute Ubergraph BP Table Graph:  EventGraph Node:  DestroyComponent
[2025.03.24-06.03.24:655][800]LogScript: Warning: Attempted to access HAMBURGER via property HAMBURGER, but HAMBURGER is pending kill
	BP_Table_C /Game/ThirdPersonBP/Maps/UEDPIE_0_ThirdPersonExampleMap.ThirdPersonExampleMap:PersistentLevel.BP_Table_2
	Function /Game/BP/Second/BP_Table.BP_Table_C:ExecuteUbergraph_BP_Table:00D8
[2025.03.24-06.03.24:657][800]PIE: Error: Blueprint Runtime Error: "Attempted to access HAMBURGER via property HAMBURGER, but HAMBURGER is pending kill". Blueprint:  BP_Table Function:  Execute Ubergraph BP Table Graph:  EventGraph Node:  DestroyComponent
[2025.03.24-06.03.25:888][870]LogSlate: Updating window title bar state: overlay mode, drag disabled, window buttons hidden, title bar hidden
[2025.03.24-06.03.25:888][870]LogWorld: BeginTearingDown for /Game/ThirdPersonBP/Maps/UEDPIE_0_ThirdPersonExampleMap
[2025.03.24-06.03.25:888][870]LogWorld: UWorld::CleanupWorld for ThirdPersonExampleMap, bSessionEnded=true, bCleanupResources=true
[2025.03.24-06.03.25:889][870]LogSlate: InvalidateAllWidgets triggered.  All widgets were invalidated
[2025.03.24-06.03.25:906][870]LogPlayLevel: Display: Shutting down PIE online subsystems
[2025.03.24-06.03.25:937][870]LogSlate: InvalidateAllWidgets triggered.  All widgets were invalidated
[2025.03.24-06.03.25:966][870]LogAudio: Display: Audio Device unregistered from world 'None'.
[2025.03.24-06.03.25:967][870]LogAudioMixer: FMixerPlatformXAudio2::StopAudioStream() called
[2025.03.24-06.03.25:968][870]LogAudioMixer: FMixerPlatformXAudio2::StopAudioStream() called
[2025.03.24-06.03.25:971][870]LogSlate: Updating window title bar state: overlay mode, drag disabled, window buttons hidden, title bar hidden
[2025.03.24-06.03.25:976][870]LogUObjectHash: Compacting FUObjectHashTables data took   1.76ms
[2025.03.24-06.03.26:146][871]LogPlayLevel: Display: Destroying online subsystem :Context_83
[2025.03.24-06.03.40:344][380]LogSlate: Window 'Message Log' being destroyed
[2025.03.24-06.03.40:380][380]LogSlate: Window 'Message Log' being destroyed
[2025.03.24-06.04.16:143][666]BlueprintLog: New page: Compile BP_Table
[2025.03.24-06.04.16:219][666]LogUObjectHash: Compacting FUObjectHashTables data took   3.24ms
[2025.03.24-06.04.41:199][556]BlueprintLog: New page: Compile BP_Table
[2025.03.24-06.04.41:280][556]LogUObjectHash: Compacting FUObjectHashTables data took   3.54ms
[2025.03.24-06.04.53:470][  5]BlueprintLog: New page: Compile BP_Table
[2025.03.24-06.04.53:544][  5]LogUObjectHash: Compacting FUObjectHashTables data took   3.81ms
[2025.03.24-06.04.54:330][ 33]LogTemp: Repeating last play command: Selected Viewport
[2025.03.24-06.04.54:336][ 33]LogPlayLevel: PlayLevel: No blueprints needed recompiling
[2025.03.24-06.04.54:336][ 33]PIE: New page: PIE session: ThirdPersonExampleMap (2025年3月24日 下午10:04:54)
[2025.03.24-06.04.54:336][ 33]LogPlayLevel: Creating play world package: /Game/ThirdPersonBP/Maps/UEDPIE_0_ThirdPersonExampleMap
[2025.03.24-06.04.54:359][ 33]LogPlayLevel: PIE: StaticDuplicateObject took: (0.021867s)
[2025.03.24-06.04.54:360][ 33]LogAIModule: Creating AISystem for world ThirdPersonExampleMap
[2025.03.24-06.04.54:360][ 33]LogPlayLevel: PIE: World Init took: (0.001066s)
[2025.03.24-06.04.54:361][ 33]LogPlayLevel: PIE: Created PIE world by copying editor world from /Game/ThirdPersonBP/Maps/ThirdPersonExampleMap.ThirdPersonExampleMap to /Game/ThirdPersonBP/Maps/UEDPIE_0_ThirdPersonExampleMap.ThirdPersonExampleMap (0.023125s)
[2025.03.24-06.04.54:396][ 33]LogUObjectHash: Compacting FUObjectHashTables data took   3.32ms
[2025.03.24-06.04.54:398][ 33]LogAudio: Display: Creating Audio Device:                 Id: 59, Scope: Unique, Realtime: True
[2025.03.24-06.04.54:398][ 33]LogAudioMixer: Display: Audio Mixer Platform Settings:
[2025.03.24-06.04.54:398][ 33]LogAudioMixer: Display: 	Sample Rate:						  48000
[2025.03.24-06.04.54:398][ 33]LogAudioMixer: Display: 	Callback Buffer Frame Size Requested: 1024
[2025.03.24-06.04.54:398][ 33]LogAudioMixer: Display: 	Callback Buffer Frame Size To Use:	  1024
[2025.03.24-06.04.54:398][ 33]LogAudioMixer: Display: 	Number of buffers to queue:			  2
[2025.03.24-06.04.54:398][ 33]LogAudioMixer: Display: 	Max Channels (voices):				  32
[2025.03.24-06.04.54:398][ 33]LogAudioMixer: Display: 	Number of Async Source Workers:		  0
[2025.03.24-06.04.54:398][ 33]LogAudio: Display: AudioDevice MaxSources: 32
[2025.03.24-06.04.54:398][ 33]LogAudio: Display: Audio Spatialization Plugin: None (built-in).
[2025.03.24-06.04.54:398][ 33]LogAudio: Display: Audio Reverb Plugin: None (built-in).
[2025.03.24-06.04.54:398][ 33]LogAudio: Display: Audio Occlusion Plugin: None (built-in).
[2025.03.24-06.04.54:398][ 33]LogAudioMixer: Display: Initializing audio mixer.
[2025.03.24-06.04.54:401][ 33]LogAudioMixer: Display: 0: FrontLeft
[2025.03.24-06.04.54:401][ 33]LogAudioMixer: Display: 1: FrontRight
[2025.03.24-06.04.54:437][ 33]LogAudioMixer: Display: Using Audio Device 扬声器 (适用于 I2S 音频的英特尔® 智音技术)
[2025.03.24-06.04.54:437][ 33]LogAudioMixer: Display: Initializing Sound Submixes...
[2025.03.24-06.04.54:437][ 33]LogAudioMixer: Display: Creating Master Submix 'MasterSubmixDefault'
[2025.03.24-06.04.54:438][ 33]LogAudioMixer: Display: Creating Master Submix 'MasterReverbSubmixDefault'
[2025.03.24-06.04.54:438][ 33]LogAudioMixer: Display: Creating Master Submix 'MasterEQSubmixDefault'
[2025.03.24-06.04.54:438][ 33]LogAudioMixer: FMixerPlatformXAudio2::StartAudioStream() called
[2025.03.24-06.04.54:438][ 33]LogAudioMixer: Display: Output buffers initialized: Frames=1024, Channels=2, Samples=2048
[2025.03.24-06.04.54:439][ 33]LogAudioMixer: Display: Starting AudioMixerPlatformInterface::RunInternal()
[2025.03.24-06.04.54:439][ 33]LogAudioMixer: Display: FMixerPlatformXAudio2::SubmitBuffer() called for the first time
[2025.03.24-06.04.54:439][ 33]LogInit: FAudioDevice initialized.
[2025.03.24-06.04.54:439][ 33]LogAudio: Display: Audio Device (ID: 59) registered with world 'ThirdPersonExampleMap'.
[2025.03.24-06.04.54:457][ 33]LogLoad: Game class is 'ThirdPersonGameMode_C'
[2025.03.24-06.04.54:461][ 33]LogWorld: Bringing World /Game/ThirdPersonBP/Maps/UEDPIE_0_ThirdPersonExampleMap.ThirdPersonExampleMap up for play (max tick rate 60) at 2025.03.24-14.04.54
[2025.03.24-06.04.54:461][ 33]LogWorld: Bringing up level for play took: 0.003110
[2025.03.24-06.04.54:461][ 33]LogOnline: OSS: Creating online subsystem instance for: :Context_84
[2025.03.24-06.04.54:463][ 33]PIE: Server logged in
[2025.03.24-06.04.54:464][ 33]PIE: Play in editor total start time 0.129 seconds.
[2025.03.24-06.05.29:087][930]LogScript: Warning: Accessed None trying to read property HAMBURGER
	BP_TriggerArea_C /Game/ThirdPersonBP/Maps/UEDPIE_0_ThirdPersonExampleMap.ThirdPersonExampleMap:PersistentLevel.BP_TriggerArea_2
	Function /Game/BP/Second/BP_TriggerArea.BP_TriggerArea_C:ExecuteUbergraph_BP_TriggerArea:0071
[2025.03.24-06.05.29:087][930]PIE: Error: Blueprint Runtime Error: "Accessed None trying to read property HAMBURGER". Blueprint:  BP_TriggerArea Function:  Execute Ubergraph BP Trigger Area Graph:  EventGraph Node:  Set Visibility
[2025.03.24-06.05.29:895][976]LogSlate: Updating window title bar state: overlay mode, drag disabled, window buttons hidden, title bar hidden
[2025.03.24-06.05.29:896][976]LogWorld: BeginTearingDown for /Game/ThirdPersonBP/Maps/UEDPIE_0_ThirdPersonExampleMap
[2025.03.24-06.05.29:896][976]LogWorld: UWorld::CleanupWorld for ThirdPersonExampleMap, bSessionEnded=true, bCleanupResources=true
[2025.03.24-06.05.29:896][976]LogSlate: InvalidateAllWidgets triggered.  All widgets were invalidated
[2025.03.24-06.05.29:913][976]LogPlayLevel: Display: Shutting down PIE online subsystems
[2025.03.24-06.05.29:944][976]LogSlate: InvalidateAllWidgets triggered.  All widgets were invalidated
[2025.03.24-06.05.29:971][976]LogAudio: Display: Audio Device unregistered from world 'None'.
[2025.03.24-06.05.29:972][976]LogAudioMixer: FMixerPlatformXAudio2::StopAudioStream() called
[2025.03.24-06.05.29:973][976]LogAudioMixer: FMixerPlatformXAudio2::StopAudioStream() called
[2025.03.24-06.05.29:975][976]LogSlate: Updating window title bar state: overlay mode, drag disabled, window buttons hidden, title bar hidden
[2025.03.24-06.05.29:979][976]LogUObjectHash: Compacting FUObjectHashTables data took   1.93ms
[2025.03.24-06.05.30:130][977]LogPlayLevel: Display: Destroying online subsystem :Context_84
[2025.03.24-06.05.44:826][519]LogSlate: Window 'Message Log' being destroyed
[2025.03.24-06.05.44:860][519]LogSlate: Window 'Message Log' being destroyed
[2025.03.24-06.07.43:353][796]LogEditorTransaction: Undo Move Node
[2025.03.24-06.07.43:854][805]LogEditorTransaction: Undo Delete current selection
[2025.03.24-06.07.45:696][870]LogEditorTransaction: Undo Move Node
[2025.03.24-06.07.46:578][900]LogEditorTransaction: Undo Create Pin Link
[2025.03.24-06.07.47:324][925]LogEditorTransaction: Undo Add Node
[2025.03.24-06.07.48:009][946]LogEditorTransaction: Undo Move Node
[2025.03.24-06.07.48:719][969]LogEditorTransaction: Undo Break Node Links
[2025.03.24-06.08.55:981][451]BlueprintLog: New page: Compile BP_Table
[2025.03.24-06.08.56:066][451]LogUObjectHash: Compacting FUObjectHashTables data took   3.81ms
[2025.03.24-06.09.00:208][601]LogTemp: Repeating last play command: Selected Viewport
[2025.03.24-06.09.00:214][601]LogPlayLevel: PlayLevel: No blueprints needed recompiling
[2025.03.24-06.09.00:214][601]PIE: New page: PIE session: ThirdPersonExampleMap (2025年3月24日 下午10:09:00)
[2025.03.24-06.09.00:214][601]LogPlayLevel: Creating play world package: /Game/ThirdPersonBP/Maps/UEDPIE_0_ThirdPersonExampleMap
[2025.03.24-06.09.00:237][601]LogPlayLevel: PIE: StaticDuplicateObject took: (0.022515s)
[2025.03.24-06.09.00:239][601]LogAIModule: Creating AISystem for world ThirdPersonExampleMap
[2025.03.24-06.09.00:239][601]LogPlayLevel: PIE: World Init took: (0.001671s)
[2025.03.24-06.09.00:239][601]LogPlayLevel: PIE: Created PIE world by copying editor world from /Game/ThirdPersonBP/Maps/ThirdPersonExampleMap.ThirdPersonExampleMap to /Game/ThirdPersonBP/Maps/UEDPIE_0_ThirdPersonExampleMap.ThirdPersonExampleMap (0.024367s)
[2025.03.24-06.09.00:274][601]LogUObjectHash: Compacting FUObjectHashTables data took   3.17ms
[2025.03.24-06.09.00:275][601]LogAudio: Display: Creating Audio Device:                 Id: 60, Scope: Unique, Realtime: True
[2025.03.24-06.09.00:276][601]LogAudioMixer: Display: Audio Mixer Platform Settings:
[2025.03.24-06.09.00:276][601]LogAudioMixer: Display: 	Sample Rate:						  48000
[2025.03.24-06.09.00:276][601]LogAudioMixer: Display: 	Callback Buffer Frame Size Requested: 1024
[2025.03.24-06.09.00:276][601]LogAudioMixer: Display: 	Callback Buffer Frame Size To Use:	  1024
[2025.03.24-06.09.00:276][601]LogAudioMixer: Display: 	Number of buffers to queue:			  2
[2025.03.24-06.09.00:276][601]LogAudioMixer: Display: 	Max Channels (voices):				  32
[2025.03.24-06.09.00:276][601]LogAudioMixer: Display: 	Number of Async Source Workers:		  0
[2025.03.24-06.09.00:276][601]LogAudio: Display: AudioDevice MaxSources: 32
[2025.03.24-06.09.00:276][601]LogAudio: Display: Audio Spatialization Plugin: None (built-in).
[2025.03.24-06.09.00:276][601]LogAudio: Display: Audio Reverb Plugin: None (built-in).
[2025.03.24-06.09.00:276][601]LogAudio: Display: Audio Occlusion Plugin: None (built-in).
[2025.03.24-06.09.00:276][601]LogAudioMixer: Display: Initializing audio mixer.
[2025.03.24-06.09.00:279][601]LogAudioMixer: Display: 0: FrontLeft
[2025.03.24-06.09.00:279][601]LogAudioMixer: Display: 1: FrontRight
[2025.03.24-06.09.00:316][601]LogAudioMixer: Display: Using Audio Device 扬声器 (适用于 I2S 音频的英特尔® 智音技术)
[2025.03.24-06.09.00:316][601]LogAudioMixer: Display: Initializing Sound Submixes...
[2025.03.24-06.09.00:316][601]LogAudioMixer: Display: Creating Master Submix 'MasterSubmixDefault'
[2025.03.24-06.09.00:316][601]LogAudioMixer: Display: Creating Master Submix 'MasterReverbSubmixDefault'
[2025.03.24-06.09.00:317][601]LogAudioMixer: Display: Creating Master Submix 'MasterEQSubmixDefault'
[2025.03.24-06.09.00:317][601]LogAudioMixer: FMixerPlatformXAudio2::StartAudioStream() called
[2025.03.24-06.09.00:317][601]LogAudioMixer: Display: Output buffers initialized: Frames=1024, Channels=2, Samples=2048
[2025.03.24-06.09.00:317][601]LogAudioMixer: Display: Starting AudioMixerPlatformInterface::RunInternal()
[2025.03.24-06.09.00:317][601]LogAudioMixer: Display: FMixerPlatformXAudio2::SubmitBuffer() called for the first time
[2025.03.24-06.09.00:318][601]LogInit: FAudioDevice initialized.
[2025.03.24-06.09.00:318][601]LogAudio: Display: Audio Device (ID: 60) registered with world 'ThirdPersonExampleMap'.
[2025.03.24-06.09.00:336][601]LogLoad: Game class is 'ThirdPersonGameMode_C'
[2025.03.24-06.09.00:339][601]LogWorld: Bringing World /Game/ThirdPersonBP/Maps/UEDPIE_0_ThirdPersonExampleMap.ThirdPersonExampleMap up for play (max tick rate 60) at 2025.03.24-14.09.00
[2025.03.24-06.09.00:339][601]LogWorld: Bringing up level for play took: 0.002557
[2025.03.24-06.09.00:339][601]LogOnline: OSS: Creating online subsystem instance for: :Context_85
[2025.03.24-06.09.00:343][601]PIE: Server logged in
[2025.03.24-06.09.00:344][601]PIE: Play in editor total start time 0.131 seconds.
[2025.03.24-06.09.16:064][453]LogSlate: Updating window title bar state: overlay mode, drag disabled, window buttons hidden, title bar hidden
[2025.03.24-06.09.16:064][453]LogWorld: BeginTearingDown for /Game/ThirdPersonBP/Maps/UEDPIE_0_ThirdPersonExampleMap
[2025.03.24-06.09.16:064][453]LogWorld: UWorld::CleanupWorld for ThirdPersonExampleMap, bSessionEnded=true, bCleanupResources=true
[2025.03.24-06.09.16:065][453]LogSlate: InvalidateAllWidgets triggered.  All widgets were invalidated
[2025.03.24-06.09.16:086][453]LogPlayLevel: Display: Shutting down PIE online subsystems
[2025.03.24-06.09.16:117][453]LogSlate: InvalidateAllWidgets triggered.  All widgets were invalidated
[2025.03.24-06.09.16:144][453]LogAudio: Display: Audio Device unregistered from world 'None'.
[2025.03.24-06.09.16:144][453]LogAudioMixer: FMixerPlatformXAudio2::StopAudioStream() called
[2025.03.24-06.09.16:145][453]LogAudioMixer: FMixerPlatformXAudio2::StopAudioStream() called
[2025.03.24-06.09.16:148][453]LogSlate: Updating window title bar state: overlay mode, drag disabled, window buttons hidden, title bar hidden
[2025.03.24-06.09.16:152][453]LogUObjectHash: Compacting FUObjectHashTables data took   2.04ms
[2025.03.24-06.09.16:210][454]LogPlayLevel: Display: Destroying online subsystem :Context_85
[2025.03.24-06.09.17:968][509]LogTemp: Repeating last play command: Selected Viewport
[2025.03.24-06.09.17:974][509]LogPlayLevel: PlayLevel: No blueprints needed recompiling
[2025.03.24-06.09.17:974][509]PIE: New page: PIE session: ThirdPersonExampleMap (2025年3月24日 下午10:09:17)
[2025.03.24-06.09.17:975][509]LogPlayLevel: Creating play world package: /Game/ThirdPersonBP/Maps/UEDPIE_0_ThirdPersonExampleMap
[2025.03.24-06.09.17:995][509]LogPlayLevel: PIE: StaticDuplicateObject took: (0.020808s)
[2025.03.24-06.09.17:996][509]LogAIModule: Creating AISystem for world ThirdPersonExampleMap
[2025.03.24-06.09.17:996][509]LogPlayLevel: PIE: World Init took: (0.001088s)
[2025.03.24-06.09.17:996][509]LogPlayLevel: PIE: Created PIE world by copying editor world from /Game/ThirdPersonBP/Maps/ThirdPersonExampleMap.ThirdPersonExampleMap to /Game/ThirdPersonBP/Maps/UEDPIE_0_ThirdPersonExampleMap.ThirdPersonExampleMap (0.022064s)
[2025.03.24-06.09.18:030][509]LogUObjectHash: Compacting FUObjectHashTables data took   2.14ms
[2025.03.24-06.09.18:031][509]LogAudio: Display: Creating Audio Device:                 Id: 61, Scope: Unique, Realtime: True
[2025.03.24-06.09.18:032][509]LogAudioMixer: Display: Audio Mixer Platform Settings:
[2025.03.24-06.09.18:032][509]LogAudioMixer: Display: 	Sample Rate:						  48000
[2025.03.24-06.09.18:032][509]LogAudioMixer: Display: 	Callback Buffer Frame Size Requested: 1024
[2025.03.24-06.09.18:032][509]LogAudioMixer: Display: 	Callback Buffer Frame Size To Use:	  1024
[2025.03.24-06.09.18:032][509]LogAudioMixer: Display: 	Number of buffers to queue:			  2
[2025.03.24-06.09.18:032][509]LogAudioMixer: Display: 	Max Channels (voices):				  32
[2025.03.24-06.09.18:032][509]LogAudioMixer: Display: 	Number of Async Source Workers:		  0
[2025.03.24-06.09.18:032][509]LogAudio: Display: AudioDevice MaxSources: 32
[2025.03.24-06.09.18:032][509]LogAudio: Display: Audio Spatialization Plugin: None (built-in).
[2025.03.24-06.09.18:032][509]LogAudio: Display: Audio Reverb Plugin: None (built-in).
[2025.03.24-06.09.18:032][509]LogAudio: Display: Audio Occlusion Plugin: None (built-in).
[2025.03.24-06.09.18:032][509]LogAudioMixer: Display: Initializing audio mixer.
[2025.03.24-06.09.18:033][509]LogAudioMixer: Display: 0: FrontLeft
[2025.03.24-06.09.18:033][509]LogAudioMixer: Display: 1: FrontRight
[2025.03.24-06.09.18:067][509]LogAudioMixer: Display: Using Audio Device 扬声器 (适用于 I2S 音频的英特尔® 智音技术)
[2025.03.24-06.09.18:067][509]LogAudioMixer: Display: Initializing Sound Submixes...
[2025.03.24-06.09.18:067][509]LogAudioMixer: Display: Creating Master Submix 'MasterSubmixDefault'
[2025.03.24-06.09.18:067][509]LogAudioMixer: Display: Creating Master Submix 'MasterReverbSubmixDefault'
[2025.03.24-06.09.18:067][509]LogAudioMixer: Display: Creating Master Submix 'MasterEQSubmixDefault'
[2025.03.24-06.09.18:067][509]LogAudioMixer: FMixerPlatformXAudio2::StartAudioStream() called
[2025.03.24-06.09.18:067][509]LogAudioMixer: Display: Output buffers initialized: Frames=1024, Channels=2, Samples=2048
[2025.03.24-06.09.18:068][509]LogAudioMixer: Display: Starting AudioMixerPlatformInterface::RunInternal()
[2025.03.24-06.09.18:068][509]LogAudioMixer: Display: FMixerPlatformXAudio2::SubmitBuffer() called for the first time
[2025.03.24-06.09.18:068][509]LogInit: FAudioDevice initialized.
[2025.03.24-06.09.18:068][509]LogAudio: Display: Audio Device (ID: 61) registered with world 'ThirdPersonExampleMap'.
[2025.03.24-06.09.18:079][509]LogLoad: Game class is 'ThirdPersonGameMode_C'
[2025.03.24-06.09.18:082][509]LogWorld: Bringing World /Game/ThirdPersonBP/Maps/UEDPIE_0_ThirdPersonExampleMap.ThirdPersonExampleMap up for play (max tick rate 60) at 2025.03.24-14.09.18
[2025.03.24-06.09.18:083][509]LogWorld: Bringing up level for play took: 0.001960
[2025.03.24-06.09.18:083][509]LogOnline: OSS: Creating online subsystem instance for: :Context_86
[2025.03.24-06.09.18:085][509]PIE: Server logged in
[2025.03.24-06.09.18:085][509]PIE: Play in editor total start time 0.113 seconds.
[2025.03.24-06.09.34:733][393]LogSlate: Updating window title bar state: overlay mode, drag disabled, window buttons hidden, title bar hidden
[2025.03.24-06.09.34:733][393]LogWorld: BeginTearingDown for /Game/ThirdPersonBP/Maps/UEDPIE_0_ThirdPersonExampleMap
[2025.03.24-06.09.34:733][393]LogWorld: UWorld::CleanupWorld for ThirdPersonExampleMap, bSessionEnded=true, bCleanupResources=true
[2025.03.24-06.09.34:734][393]LogSlate: InvalidateAllWidgets triggered.  All widgets were invalidated
[2025.03.24-06.09.34:751][393]LogPlayLevel: Display: Shutting down PIE online subsystems
[2025.03.24-06.09.34:787][393]LogSlate: InvalidateAllWidgets triggered.  All widgets were invalidated
[2025.03.24-06.09.34:819][393]LogSlate: Updating window title bar state: overlay mode, drag disabled, window buttons hidden, title bar hidden
[2025.03.24-06.09.34:819][393]LogAudioMixer: FMixerPlatformXAudio2::StopAudioStream() called
[2025.03.24-06.09.34:820][393]LogAudioMixer: FMixerPlatformXAudio2::StopAudioStream() called
[2025.03.24-06.09.34:828][393]LogUObjectHash: Compacting FUObjectHashTables data took   2.10ms
[2025.03.24-06.09.34:892][394]LogPlayLevel: Display: Destroying online subsystem :Context_86
[2025.03.24-06.09.36:273][446]LogTemp: Repeating last play command: Selected Viewport
[2025.03.24-06.09.36:279][446]LogPlayLevel: PlayLevel: No blueprints needed recompiling
[2025.03.24-06.09.36:279][446]PIE: New page: PIE session: ThirdPersonExampleMap (2025年3月24日 下午10:09:36)
[2025.03.24-06.09.36:280][446]LogPlayLevel: Creating play world package: /Game/ThirdPersonBP/Maps/UEDPIE_0_ThirdPersonExampleMap
[2025.03.24-06.09.36:303][446]LogPlayLevel: PIE: StaticDuplicateObject took: (0.024062s)
[2025.03.24-06.09.36:304][446]LogAIModule: Creating AISystem for world ThirdPersonExampleMap
[2025.03.24-06.09.36:305][446]LogPlayLevel: PIE: World Init took: (0.001605s)
[2025.03.24-06.09.36:305][446]LogPlayLevel: PIE: Created PIE world by copying editor world from /Game/ThirdPersonBP/Maps/ThirdPersonExampleMap.ThirdPersonExampleMap to /Game/ThirdPersonBP/Maps/UEDPIE_0_ThirdPersonExampleMap.ThirdPersonExampleMap (0.025959s)
[2025.03.24-06.09.36:341][446]LogUObjectHash: Compacting FUObjectHashTables data took   2.34ms
[2025.03.24-06.09.36:343][446]LogAudio: Display: Creating Audio Device:                 Id: 62, Scope: Unique, Realtime: True
[2025.03.24-06.09.36:343][446]LogAudioMixer: Display: Audio Mixer Platform Settings:
[2025.03.24-06.09.36:343][446]LogAudioMixer: Display: 	Sample Rate:						  48000
[2025.03.24-06.09.36:343][446]LogAudioMixer: Display: 	Callback Buffer Frame Size Requested: 1024
[2025.03.24-06.09.36:343][446]LogAudioMixer: Display: 	Callback Buffer Frame Size To Use:	  1024
[2025.03.24-06.09.36:343][446]LogAudioMixer: Display: 	Number of buffers to queue:			  2
[2025.03.24-06.09.36:343][446]LogAudioMixer: Display: 	Max Channels (voices):				  32
[2025.03.24-06.09.36:343][446]LogAudioMixer: Display: 	Number of Async Source Workers:		  0
[2025.03.24-06.09.36:343][446]LogAudio: Display: AudioDevice MaxSources: 32
[2025.03.24-06.09.36:344][446]LogAudio: Display: Audio Spatialization Plugin: None (built-in).
[2025.03.24-06.09.36:344][446]LogAudio: Display: Audio Reverb Plugin: None (built-in).
[2025.03.24-06.09.36:344][446]LogAudio: Display: Audio Occlusion Plugin: None (built-in).
[2025.03.24-06.09.36:344][446]LogAudioMixer: Display: Initializing audio mixer.
[2025.03.24-06.09.36:346][446]LogAudioMixer: Display: 0: FrontLeft
[2025.03.24-06.09.36:346][446]LogAudioMixer: Display: 1: FrontRight
[2025.03.24-06.09.36:381][446]LogAudioMixer: Display: Using Audio Device 扬声器 (适用于 I2S 音频的英特尔® 智音技术)
[2025.03.24-06.09.36:381][446]LogAudioMixer: Display: Initializing Sound Submixes...
[2025.03.24-06.09.36:381][446]LogAudioMixer: Display: Creating Master Submix 'MasterSubmixDefault'
[2025.03.24-06.09.36:381][446]LogAudioMixer: Display: Creating Master Submix 'MasterReverbSubmixDefault'
[2025.03.24-06.09.36:383][446]LogAudioMixer: Display: Creating Master Submix 'MasterEQSubmixDefault'
[2025.03.24-06.09.36:383][446]LogAudioMixer: FMixerPlatformXAudio2::StartAudioStream() called
[2025.03.24-06.09.36:383][446]LogAudioMixer: Display: Output buffers initialized: Frames=1024, Channels=2, Samples=2048
[2025.03.24-06.09.36:384][446]LogAudioMixer: Display: Starting AudioMixerPlatformInterface::RunInternal()
[2025.03.24-06.09.36:384][446]LogAudioMixer: Display: FMixerPlatformXAudio2::SubmitBuffer() called for the first time
[2025.03.24-06.09.36:384][446]LogInit: FAudioDevice initialized.
[2025.03.24-06.09.36:384][446]LogAudio: Display: Audio Device (ID: 62) registered with world 'ThirdPersonExampleMap'.
[2025.03.24-06.09.36:391][446]LogLoad: Game class is 'ThirdPersonGameMode_C'
[2025.03.24-06.09.36:394][446]LogWorld: Bringing World /Game/ThirdPersonBP/Maps/UEDPIE_0_ThirdPersonExampleMap.ThirdPersonExampleMap up for play (max tick rate 60) at 2025.03.24-14.09.36
[2025.03.24-06.09.36:395][446]LogWorld: Bringing up level for play took: 0.002486
[2025.03.24-06.09.36:395][446]LogOnline: OSS: Creating online subsystem instance for: :Context_87
[2025.03.24-06.09.36:397][446]PIE: Server logged in
[2025.03.24-06.09.36:398][446]PIE: Play in editor total start time 0.12 seconds.
[2025.03.24-06.10.01:663][781]LogSlate: Updating window title bar state: overlay mode, drag disabled, window buttons hidden, title bar hidden
[2025.03.24-06.10.01:664][781]LogWorld: BeginTearingDown for /Game/ThirdPersonBP/Maps/UEDPIE_0_ThirdPersonExampleMap
[2025.03.24-06.10.01:664][781]LogWorld: UWorld::CleanupWorld for ThirdPersonExampleMap, bSessionEnded=true, bCleanupResources=true
[2025.03.24-06.10.01:664][781]LogSlate: InvalidateAllWidgets triggered.  All widgets were invalidated
[2025.03.24-06.10.01:682][781]LogPlayLevel: Display: Shutting down PIE online subsystems
[2025.03.24-06.10.01:727][781]LogSlate: InvalidateAllWidgets triggered.  All widgets were invalidated
[2025.03.24-06.10.01:759][781]LogSlate: Updating window title bar state: overlay mode, drag disabled, window buttons hidden, title bar hidden
[2025.03.24-06.10.01:760][781]LogAudioMixer: FMixerPlatformXAudio2::StopAudioStream() called
[2025.03.24-06.10.01:761][781]LogAudioMixer: FMixerPlatformXAudio2::StopAudioStream() called
[2025.03.24-06.10.01:770][781]LogUObjectHash: Compacting FUObjectHashTables data took   2.66ms
[2025.03.24-06.10.01:849][782]LogPlayLevel: Display: Destroying online subsystem :Context_87
[2025.03.24-06.10.29:181][941]LogUObjectHash: Compacting FUObjectHashTables data took   1.72ms
[2025.03.24-06.10.29:212][941]LogSavePackage: Moving '../../../../../../project/UE/room_escape/Saved/ThirdPersonExampleMap_Auto7695D46CD41234A96C9219F95BFA28EC8.tmp' to '../../../../../../project/UE/room_escape/Saved/Autosaves/Game/ThirdPersonBP/Maps/ThirdPersonExampleMap_Auto7.umap'
[2025.03.24-06.10.29:213][941]LogFileHelpers: Editor autosave (incl. external actors) for '/Game/ThirdPersonBP/Maps/ThirdPersonExampleMap' took 0.060
[2025.03.24-06.10.29:213][941]LogFileHelpers: Editor autosave (incl. sublevels & external actors) for all levels took 0.060
[2025.03.24-06.10.29:214][941]OBJ SavePackage: Generating thumbnails for [2] asset(s) in package [/Game/BP/Second/BP_TriggerArea] ([2] browsable assets)...
[2025.03.24-06.10.29:231][941]OBJ SavePackage:     Rendered thumbnail for [Blueprint /Game/BP/Second/BP_TriggerArea.BP_TriggerArea]
[2025.03.24-06.10.29:231][941]OBJ SavePackage: Finished generating thumbnails for package [/Game/BP/Second/BP_TriggerArea]
[2025.03.24-06.10.29:231][941]Cmd: OBJ SAVEPACKAGE PACKAGE="/Game/BP/Second/BP_TriggerArea" FILE="../../../../../../project/UE/room_escape/Saved/Autosaves/Game/BP/Second/BP_TriggerArea_Auto7.uasset" SILENT=false AUTOSAVING=true
[2025.03.24-06.10.29:248][941]LogSavePackage: Moving '../../../../../../project/UE/room_escape/Saved/BP_TriggerArea_Auto75DDC18E642723C2453807FABCBE77169.tmp' to '../../../../../../project/UE/room_escape/Saved/Autosaves/Game/BP/Second/BP_TriggerArea_Auto7.uasset'
[2025.03.24-06.10.29:249][941]OBJ SavePackage: Generating thumbnails for [2] asset(s) in package [/Game/BP/Second/BP_Table] ([2] browsable assets)...
[2025.03.24-06.10.29:267][941]OBJ SavePackage:     Rendered thumbnail for [Blueprint /Game/BP/Second/BP_Table.BP_Table]
[2025.03.24-06.10.29:267][941]OBJ SavePackage: Finished generating thumbnails for package [/Game/BP/Second/BP_Table]
[2025.03.24-06.10.29:267][941]Cmd: OBJ SAVEPACKAGE PACKAGE="/Game/BP/Second/BP_Table" FILE="../../../../../../project/UE/room_escape/Saved/Autosaves/Game/BP/Second/BP_Table_Auto7.uasset" SILENT=false AUTOSAVING=true
[2025.03.24-06.10.29:283][941]LogSavePackage: Moving '../../../../../../project/UE/room_escape/Saved/BP_Table_Auto7835AB1CB4FE3AD4051DF3FA01D495833.tmp' to '../../../../../../project/UE/room_escape/Saved/Autosaves/Game/BP/Second/BP_Table_Auto7.uasset'
[2025.03.24-06.10.29:283][941]OBJ SavePackage: Generating thumbnails for [0] asset(s) in package [/Game/BP/Second/BP_Button] ([2] browsable assets)...
[2025.03.24-06.10.29:283][941]OBJ SavePackage: Finished generating thumbnails for package [/Game/BP/Second/BP_Button]
[2025.03.24-06.10.29:283][941]Cmd: OBJ SAVEPACKAGE PACKAGE="/Game/BP/Second/BP_Button" FILE="../../../../../../project/UE/room_escape/Saved/Autosaves/Game/BP/Second/BP_Button_Auto7.uasset" SILENT=false AUTOSAVING=true
[2025.03.24-06.10.29:290][941]LogSavePackage: Moving '../../../../../../project/UE/room_escape/Saved/BP_Button_Auto7D143DC9D4FE30A414DD6529093987927.tmp' to '../../../../../../project/UE/room_escape/Saved/Autosaves/Game/BP/Second/BP_Button_Auto7.uasset'
[2025.03.24-06.10.29:291][941]LogFileHelpers: Auto-saving content packages took 0.078
[2025.03.24-06.10.49:200][999]LogAudioMixer: Warning: Changing default audio render device to new device: {0.0.0.00000000}.{28889e13-a039-4157-b81b-f8eed91d53ed}.
[2025.03.24-06.10.49:200][999]LogAudioMixer: Resetting audio stream to device id 
[2025.03.24-06.10.49:240][999]LogAudioMixer: Display: 0: FrontLeft
[2025.03.24-06.10.49:240][999]LogAudioMixer: Display: 1: FrontRight
[2025.03.24-06.28.02:157][ 71]LogAudioMixer: Warning: Changing default audio render device to new device: {0.0.0.00000000}.{9cd014f6-e44b-4026-ac05-e666d50ce081}.
[2025.03.24-06.28.02:286][ 71]LogAudioMixer: Resetting audio stream to device id 
[2025.03.24-06.28.02:342][ 71]LogAudioMixer: Display: 0: FrontLeft
[2025.03.24-06.28.02:342][ 71]LogAudioMixer: Display: 1: FrontRight
[2025.03.24-06.28.16:503][524]LogSlate: Window 'Message Log' being destroyed
[2025.03.24-06.28.16:538][524]LogSlate: Window 'Message Log' being destroyed
[2025.03.24-06.28.21:784][701]LogSlate: Window 'Message Log' being destroyed
[2025.03.24-06.28.21:820][701]LogSlate: Window 'Message Log' being destroyed
[2025.03.24-06.28.24:978][817]LogEditorTransaction: Warning: Canceling transaction partially is unsupported. Canceling Rotate Atmosphere Light 0 entirely.
[2025.03.24-06.28.27:839][924]BlueprintLog: New page: Compile BP_Table
[2025.03.24-06.28.27:910][924]LogUObjectHash: Compacting FUObjectHashTables data took   3.19ms
[2025.03.24-06.28.54:348][149]LogUObjectHash: Compacting FUObjectHashTables data took   2.31ms
[2025.03.24-06.28.54:383][149]LogSavePackage: Moving '../../../../../../project/UE/room_escape/Saved/ThirdPersonExampleMap_Auto8F257BF8E461529252A2C8F9365D895D4.tmp' to '../../../../../../project/UE/room_escape/Saved/Autosaves/Game/ThirdPersonBP/Maps/ThirdPersonExampleMap_Auto8.umap'
[2025.03.24-06.28.54:385][149]LogFileHelpers: Editor autosave (incl. external actors) for '/Game/ThirdPersonBP/Maps/ThirdPersonExampleMap' took 0.066
[2025.03.24-06.28.54:385][149]LogFileHelpers: Editor autosave (incl. sublevels & external actors) for all levels took 0.066
[2025.03.24-06.28.54:385][149]OBJ SavePackage: Generating thumbnails for [2] asset(s) in package [/Game/BP/Second/BP_TriggerArea] ([2] browsable assets)...
[2025.03.24-06.28.54:405][149]OBJ SavePackage:     Rendered thumbnail for [Blueprint /Game/BP/Second/BP_TriggerArea.BP_TriggerArea]
[2025.03.24-06.28.54:405][149]OBJ SavePackage: Finished generating thumbnails for package [/Game/BP/Second/BP_TriggerArea]
[2025.03.24-06.28.54:405][149]Cmd: OBJ SAVEPACKAGE PACKAGE="/Game/BP/Second/BP_TriggerArea" FILE="../../../../../../project/UE/room_escape/Saved/Autosaves/Game/BP/Second/BP_TriggerArea_Auto8.uasset" SILENT=false AUTOSAVING=true
[2025.03.24-06.28.54:419][149]LogSavePackage: Moving '../../../../../../project/UE/room_escape/Saved/BP_TriggerArea_Auto86DC5AEE74FB6B25FC919DF94071F9B36.tmp' to '../../../../../../project/UE/room_escape/Saved/Autosaves/Game/BP/Second/BP_TriggerArea_Auto8.uasset'
[2025.03.24-06.28.54:420][149]OBJ SavePackage: Generating thumbnails for [0] asset(s) in package [/Game/BP/Second/BP_Button] ([2] browsable assets)...
[2025.03.24-06.28.54:420][149]OBJ SavePackage: Finished generating thumbnails for package [/Game/BP/Second/BP_Button]
[2025.03.24-06.28.54:420][149]Cmd: OBJ SAVEPACKAGE PACKAGE="/Game/BP/Second/BP_Button" FILE="../../../../../../project/UE/room_escape/Saved/Autosaves/Game/BP/Second/BP_Button_Auto8.uasset" SILENT=false AUTOSAVING=true
[2025.03.24-06.28.54:427][149]LogSavePackage: Moving '../../../../../../project/UE/room_escape/Saved/BP_Button_Auto8D2F9DD254A55950E78B87C87E1EE17DC.tmp' to '../../../../../../project/UE/room_escape/Saved/Autosaves/Game/BP/Second/BP_Button_Auto8.uasset'
[2025.03.24-06.28.54:428][149]LogFileHelpers: Auto-saving content packages took 0.042
[2025.03.24-06.51.33:162][172]LogAudioMixer: Warning: Changing default audio render device to new device: {0.0.0.00000000}.{28889e13-a039-4157-b81b-f8eed91d53ed}.
[2025.03.24-06.51.33:162][172]LogAudioMixer: Resetting audio stream to device id 
[2025.03.24-06.51.33:203][172]LogAudioMixer: Display: 0: FrontLeft
[2025.03.24-06.51.33:203][172]LogAudioMixer: Display: 1: FrontRight
[2025.03.24-06.51.57:711][245]LogD3D11RHI: Timed out while waiting for GPU to catch up. (0.5 s) (ErrorCode 00000001) (00000000)
[2025.03.24-06.52.19:190][299]LogAudioMixer: Warning: Changing default audio render device to new device: {0.0.0.00000000}.{9cd014f6-e44b-4026-ac05-e666d50ce081}.
[2025.03.24-06.52.19:321][299]LogAudioMixer: Resetting audio stream to device id 
[2025.03.24-06.52.19:373][299]LogAudioMixer: Display: 0: FrontLeft
[2025.03.24-06.52.19:373][299]LogAudioMixer: Display: 1: FrontRight
[2025.03.24-06.55.14:257][308]LogEditorViewport: Clicking on Actor (LMB): StaticMeshActor (Floor2)
[2025.03.24-06.55.15:146][341]LogEditorViewport: Clicking on Actor (context menu): StaticMeshActor (Floor2)
[2025.03.24-06.55.15:680][359]LogEditorViewport: Clicking on Actor (LMB): StaticMeshActor (Floor2)
[2025.03.24-06.55.16:702][398]LogTemp: Repeating last play command: Selected Viewport
[2025.03.24-06.55.16:713][398]LogPlayLevel: PlayLevel: No blueprints needed recompiling
[2025.03.24-06.55.16:713][398]PIE: New page: PIE session: ThirdPersonExampleMap (2025年3月24日 下午10:55:16)
[2025.03.24-06.55.16:715][398]LogPlayLevel: Creating play world package: /Game/ThirdPersonBP/Maps/UEDPIE_0_ThirdPersonExampleMap
[2025.03.24-06.55.16:743][398]LogPlayLevel: PIE: StaticDuplicateObject took: (0.027267s)
[2025.03.24-06.55.16:745][398]LogAIModule: Creating AISystem for world ThirdPersonExampleMap
[2025.03.24-06.55.16:745][398]LogPlayLevel: PIE: World Init took: (0.001488s)
[2025.03.24-06.55.16:745][398]LogPlayLevel: PIE: Created PIE world by copying editor world from /Game/ThirdPersonBP/Maps/ThirdPersonExampleMap.ThirdPersonExampleMap to /Game/ThirdPersonBP/Maps/UEDPIE_0_ThirdPersonExampleMap.ThirdPersonExampleMap (0.029446s)
[2025.03.24-06.55.16:784][398]LogUObjectHash: Compacting FUObjectHashTables data took   2.33ms
[2025.03.24-06.55.16:789][398]LogAudio: Display: Creating Audio Device:                 Id: 63, Scope: Unique, Realtime: True
[2025.03.24-06.55.16:790][398]LogAudioMixer: Display: Audio Mixer Platform Settings:
[2025.03.24-06.55.16:790][398]LogAudioMixer: Display: 	Sample Rate:						  48000
[2025.03.24-06.55.16:790][398]LogAudioMixer: Display: 	Callback Buffer Frame Size Requested: 1024
[2025.03.24-06.55.16:790][398]LogAudioMixer: Display: 	Callback Buffer Frame Size To Use:	  1024
[2025.03.24-06.55.16:790][398]LogAudioMixer: Display: 	Number of buffers to queue:			  2
[2025.03.24-06.55.16:790][398]LogAudioMixer: Display: 	Max Channels (voices):				  32
[2025.03.24-06.55.16:790][398]LogAudioMixer: Display: 	Number of Async Source Workers:		  0
[2025.03.24-06.55.16:790][398]LogAudio: Display: AudioDevice MaxSources: 32
[2025.03.24-06.55.16:790][398]LogAudio: Display: Audio Spatialization Plugin: None (built-in).
[2025.03.24-06.55.16:790][398]LogAudio: Display: Audio Reverb Plugin: None (built-in).
[2025.03.24-06.55.16:790][398]LogAudio: Display: Audio Occlusion Plugin: None (built-in).
[2025.03.24-06.55.16:790][398]LogAudioMixer: Display: Initializing audio mixer.
[2025.03.24-06.55.16:793][398]LogAudioMixer: Display: 0: FrontLeft
[2025.03.24-06.55.16:793][398]LogAudioMixer: Display: 1: FrontRight
[2025.03.24-06.55.16:827][398]LogAudioMixer: Display: Using Audio Device 扬声器 (适用于 I2S 音频的英特尔® 智音技术)
[2025.03.24-06.55.16:828][398]LogAudioMixer: Display: Initializing Sound Submixes...
[2025.03.24-06.55.16:828][398]LogAudioMixer: Display: Creating Master Submix 'MasterSubmixDefault'
[2025.03.24-06.55.16:828][398]LogAudioMixer: Display: Creating Master Submix 'MasterReverbSubmixDefault'
[2025.03.24-06.55.16:828][398]LogAudioMixer: Display: Creating Master Submix 'MasterEQSubmixDefault'
[2025.03.24-06.55.16:828][398]LogAudioMixer: FMixerPlatformXAudio2::StartAudioStream() called
[2025.03.24-06.55.16:828][398]LogAudioMixer: Display: Output buffers initialized: Frames=1024, Channels=2, Samples=2048
[2025.03.24-06.55.16:831][398]LogAudioMixer: Display: Starting AudioMixerPlatformInterface::RunInternal()
[2025.03.24-06.55.16:831][398]LogAudioMixer: Display: FMixerPlatformXAudio2::SubmitBuffer() called for the first time
[2025.03.24-06.55.16:831][398]LogInit: FAudioDevice initialized.
[2025.03.24-06.55.16:831][398]LogAudio: Display: Audio Device (ID: 63) registered with world 'ThirdPersonExampleMap'.
[2025.03.24-06.55.16:842][398]LogLoad: Game class is 'ThirdPersonGameMode_C'
[2025.03.24-06.55.16:847][398]LogWorld: Bringing World /Game/ThirdPersonBP/Maps/UEDPIE_0_ThirdPersonExampleMap.ThirdPersonExampleMap up for play (max tick rate 60) at 2025.03.24-14.55.16
[2025.03.24-06.55.16:847][398]LogWorld: Bringing up level for play took: 0.003514
[2025.03.24-06.55.16:847][398]LogOnline: OSS: Creating online subsystem instance for: :Context_88
[2025.03.24-06.55.16:850][398]PIE: Server logged in
[2025.03.24-06.55.16:851][398]PIE: Play in editor total start time 0.139 seconds.
[2025.03.24-06.55.33:522][374]LogSlate: Updating window title bar state: overlay mode, drag disabled, window buttons hidden, title bar hidden
[2025.03.24-06.55.33:522][374]LogWorld: BeginTearingDown for /Game/ThirdPersonBP/Maps/UEDPIE_0_ThirdPersonExampleMap
[2025.03.24-06.55.33:522][374]LogWorld: UWorld::CleanupWorld for ThirdPersonExampleMap, bSessionEnded=true, bCleanupResources=true
[2025.03.24-06.55.33:523][374]LogSlate: InvalidateAllWidgets triggered.  All widgets were invalidated
[2025.03.24-06.55.33:558][374]LogPlayLevel: Display: Shutting down PIE online subsystems
[2025.03.24-06.55.33:584][374]LogSlate: InvalidateAllWidgets triggered.  All widgets were invalidated
[2025.03.24-06.55.33:611][374]LogAudio: Display: Audio Device unregistered from world 'None'.
[2025.03.24-06.55.33:612][374]LogAudioMixer: FMixerPlatformXAudio2::StopAudioStream() called
[2025.03.24-06.55.33:613][374]LogAudioMixer: FMixerPlatformXAudio2::StopAudioStream() called
[2025.03.24-06.55.33:616][374]LogSlate: Updating window title bar state: overlay mode, drag disabled, window buttons hidden, title bar hidden
[2025.03.24-06.55.33:620][374]LogUObjectHash: Compacting FUObjectHashTables data took   1.93ms
[2025.03.24-06.55.33:671][375]LogPlayLevel: Display: Destroying online subsystem :Context_88
[2025.03.24-06.55.34:936][428]LogTemp: Repeating last play command: Selected Viewport
[2025.03.24-06.55.34:944][428]LogPlayLevel: PlayLevel: No blueprints needed recompiling
[2025.03.24-06.55.34:944][428]PIE: New page: PIE session: ThirdPersonExampleMap (2025年3月24日 下午10:55:34)
[2025.03.24-06.55.34:948][428]LogPlayLevel: Creating play world package: /Game/ThirdPersonBP/Maps/UEDPIE_0_ThirdPersonExampleMap
[2025.03.24-06.55.34:972][428]LogPlayLevel: PIE: StaticDuplicateObject took: (0.024040s)
[2025.03.24-06.55.34:974][428]LogAIModule: Creating AISystem for world ThirdPersonExampleMap
[2025.03.24-06.55.34:975][428]LogPlayLevel: PIE: World Init took: (0.002223s)
[2025.03.24-06.55.34:975][428]LogPlayLevel: PIE: Created PIE world by copying editor world from /Game/ThirdPersonBP/Maps/ThirdPersonExampleMap.ThirdPersonExampleMap to /Game/ThirdPersonBP/Maps/UEDPIE_0_ThirdPersonExampleMap.ThirdPersonExampleMap (0.026620s)
[2025.03.24-06.55.35:009][428]LogUObjectHash: Compacting FUObjectHashTables data took   3.18ms
[2025.03.24-06.55.35:011][428]LogAudio: Display: Creating Audio Device:                 Id: 64, Scope: Unique, Realtime: True
[2025.03.24-06.55.35:011][428]LogAudioMixer: Display: Audio Mixer Platform Settings:
[2025.03.24-06.55.35:011][428]LogAudioMixer: Display: 	Sample Rate:						  48000
[2025.03.24-06.55.35:011][428]LogAudioMixer: Display: 	Callback Buffer Frame Size Requested: 1024
[2025.03.24-06.55.35:011][428]LogAudioMixer: Display: 	Callback Buffer Frame Size To Use:	  1024
[2025.03.24-06.55.35:011][428]LogAudioMixer: Display: 	Number of buffers to queue:			  2
[2025.03.24-06.55.35:011][428]LogAudioMixer: Display: 	Max Channels (voices):				  32
[2025.03.24-06.55.35:011][428]LogAudioMixer: Display: 	Number of Async Source Workers:		  0
[2025.03.24-06.55.35:011][428]LogAudio: Display: AudioDevice MaxSources: 32
[2025.03.24-06.55.35:012][428]LogAudio: Display: Audio Spatialization Plugin: None (built-in).
[2025.03.24-06.55.35:012][428]LogAudio: Display: Audio Reverb Plugin: None (built-in).
[2025.03.24-06.55.35:012][428]LogAudio: Display: Audio Occlusion Plugin: None (built-in).
[2025.03.24-06.55.35:012][428]LogAudioMixer: Display: Initializing audio mixer.
[2025.03.24-06.55.35:014][428]LogAudioMixer: Display: 0: FrontLeft
[2025.03.24-06.55.35:014][428]LogAudioMixer: Display: 1: FrontRight
[2025.03.24-06.55.35:050][428]LogAudioMixer: Display: Using Audio Device 扬声器 (适用于 I2S 音频的英特尔® 智音技术)
[2025.03.24-06.55.35:050][428]LogAudioMixer: Display: Initializing Sound Submixes...
[2025.03.24-06.55.35:050][428]LogAudioMixer: Display: Creating Master Submix 'MasterSubmixDefault'
[2025.03.24-06.55.35:050][428]LogAudioMixer: Display: Creating Master Submix 'MasterReverbSubmixDefault'
[2025.03.24-06.55.35:051][428]LogAudioMixer: Display: Creating Master Submix 'MasterEQSubmixDefault'
[2025.03.24-06.55.35:051][428]LogAudioMixer: FMixerPlatformXAudio2::StartAudioStream() called
[2025.03.24-06.55.35:051][428]LogAudioMixer: Display: Output buffers initialized: Frames=1024, Channels=2, Samples=2048
[2025.03.24-06.55.35:052][428]LogAudioMixer: Display: Starting AudioMixerPlatformInterface::RunInternal()
[2025.03.24-06.55.35:052][428]LogAudioMixer: Display: FMixerPlatformXAudio2::SubmitBuffer() called for the first time
[2025.03.24-06.55.35:052][428]LogInit: FAudioDevice initialized.
[2025.03.24-06.55.35:052][428]LogAudio: Display: Audio Device (ID: 64) registered with world 'ThirdPersonExampleMap'.
[2025.03.24-06.55.35:062][428]LogLoad: Game class is 'ThirdPersonGameMode_C'
[2025.03.24-06.55.35:065][428]LogWorld: Bringing World /Game/ThirdPersonBP/Maps/UEDPIE_0_ThirdPersonExampleMap.ThirdPersonExampleMap up for play (max tick rate 60) at 2025.03.24-14.55.35
[2025.03.24-06.55.35:065][428]LogWorld: Bringing up level for play took: 0.002144
[2025.03.24-06.55.35:065][428]LogOnline: OSS: Creating online subsystem instance for: :Context_89
[2025.03.24-06.55.35:067][428]PIE: Server logged in
[2025.03.24-06.55.35:068][428]PIE: Play in editor total start time 0.126 seconds.
[2025.03.24-06.56.02:401][ 24]LogSlate: Updating window title bar state: overlay mode, drag disabled, window buttons hidden, title bar hidden
[2025.03.24-06.56.02:401][ 24]LogWorld: BeginTearingDown for /Game/ThirdPersonBP/Maps/UEDPIE_0_ThirdPersonExampleMap
[2025.03.24-06.56.02:402][ 24]LogWorld: UWorld::CleanupWorld for ThirdPersonExampleMap, bSessionEnded=true, bCleanupResources=true
[2025.03.24-06.56.02:403][ 24]LogSlate: InvalidateAllWidgets triggered.  All widgets were invalidated
[2025.03.24-06.56.02:428][ 24]LogPlayLevel: Display: Shutting down PIE online subsystems
[2025.03.24-06.56.02:448][ 24]LogSlate: InvalidateAllWidgets triggered.  All widgets were invalidated
[2025.03.24-06.56.02:476][ 24]LogSlate: Updating window title bar state: overlay mode, drag disabled, window buttons hidden, title bar hidden
[2025.03.24-06.56.02:476][ 24]LogAudioMixer: FMixerPlatformXAudio2::StopAudioStream() called
[2025.03.24-06.56.02:478][ 24]LogAudioMixer: FMixerPlatformXAudio2::StopAudioStream() called
[2025.03.24-06.56.02:485][ 24]LogUObjectHash: Compacting FUObjectHashTables data took   1.86ms
[2025.03.24-06.56.02:534][ 25]LogPlayLevel: Display: Destroying online subsystem :Context_89
[2025.03.24-06.56.21:965][782]LogUObjectHash: Compacting FUObjectHashTables data took   6.21ms
[2025.03.24-06.56.22:992][782]LogSlate: Window 'Save Content' being destroyed
[2025.03.24-06.56.23:037][782]Cmd: OBJ SAVEPACKAGE PACKAGE="/Game/BP/Second/BP_Button" FILE="../../../../../../project/UE/room_escape/Content/BP/Second/BP_Button.uasset" SILENT=true
[2025.03.24-06.56.23:053][782]LogSavePackage: Moving '../../../../../../project/UE/room_escape/Saved/BP_Button05A7F35D468306DE969992A7AB9659D2.tmp' to '../../../../../../project/UE/room_escape/Content/BP/Second/BP_Button.uasset'
[2025.03.24-06.56.23:074][782]Cmd: OBJ SAVEPACKAGE PACKAGE="/Game/BP/Second/BP_Table" FILE="../../../../../../project/UE/room_escape/Content/BP/Second/BP_Table.uasset" SILENT=true
[2025.03.24-06.56.23:098][782]LogSavePackage: Moving '../../../../../../project/UE/room_escape/Saved/BP_TableA344F49941DE04BD511B6490DEAE18DC.tmp' to '../../../../../../project/UE/room_escape/Content/BP/Second/BP_Table.uasset'
[2025.03.24-06.56.23:098][782]Cmd: OBJ SAVEPACKAGE PACKAGE="/Game/BP/Second/BP_TriggerArea" FILE="../../../../../../project/UE/room_escape/Content/BP/Second/BP_TriggerArea.uasset" SILENT=true
[2025.03.24-06.56.23:110][782]LogSavePackage: Moving '../../../../../../project/UE/room_escape/Saved/BP_TriggerAreaADF3E83D4918E718596929A1DD6005B2.tmp' to '../../../../../../project/UE/room_escape/Content/BP/Second/BP_TriggerArea.uasset'
[2025.03.24-06.56.23:141][782]LogUObjectHash: Compacting FUObjectHashTables data took   0.54ms
[2025.03.24-06.56.23:170][782]LogSavePackage: Moving '../../../../../../project/UE/room_escape/Saved/ThirdPersonExampleMap79E33890456BFA0F010AED8D855A2FCE.tmp' to '../../../../../../project/UE/room_escape/Content/ThirdPersonBP/Maps/ThirdPersonExampleMap.umap'
[2025.03.24-06.56.23:207][782]LogFileHelpers: Saving map 'ThirdPersonExampleMap' took 0.097
[2025.03.24-06.56.23:234][782]AssetCheck: New page: Asset Save: multiple assets
[2025.03.24-06.56.23:234][782]LogContentValidation: Display: Validating World /Game/ThirdPersonBP/Maps/ThirdPersonExampleMap.ThirdPersonExampleMap
[2025.03.24-06.56.23:234][782]LogContentValidation: Display: Validating Blueprint /Game/BP/Second/BP_Table.BP_Table
[2025.03.24-06.56.23:234][782]LogContentValidation: Display: Validating Blueprint /Game/BP/Second/BP_TriggerArea.BP_TriggerArea
[2025.03.24-06.56.23:234][782]LogContentValidation: Display: Validating Blueprint /Game/BP/Second/BP_Button.BP_Button
[2025.03.24-06.57.47:064][687]LogTemp: Repeating last play command: Selected Viewport
[2025.03.24-06.57.47:073][687]BlueprintLog: New page: Pre-Play auto-recompile
[2025.03.24-06.57.47:074][687]LogPlayLevel: [PlayLevel] Compiling BP_Table before play...
[2025.03.24-06.57.47:161][687]LogUObjectHash: Compacting FUObjectHashTables data took   3.41ms
[2025.03.24-06.57.47:164][687]LogPlayLevel: PlayLevel: Blueprint regeneration took 92 ms (1 blueprints)
[2025.03.24-06.57.47:164][687]PIE: New page: PIE session: ThirdPersonExampleMap (2025年3月24日 下午10:57:47)
[2025.03.24-06.57.47:164][687]LogPlayLevel: Creating play world package: /Game/ThirdPersonBP/Maps/UEDPIE_0_ThirdPersonExampleMap
[2025.03.24-06.57.47:178][687]LogPlayLevel: PIE: StaticDuplicateObject took: (0.012304s)
[2025.03.24-06.57.47:179][687]LogAIModule: Creating AISystem for world ThirdPersonExampleMap
[2025.03.24-06.57.47:179][687]LogPlayLevel: PIE: World Init took: (0.001465s)
[2025.03.24-06.57.47:179][687]LogPlayLevel: PIE: Created PIE world by copying editor world from /Game/ThirdPersonBP/Maps/ThirdPersonExampleMap.ThirdPersonExampleMap to /Game/ThirdPersonBP/Maps/UEDPIE_0_ThirdPersonExampleMap.ThirdPersonExampleMap (0.013947s)
[2025.03.24-06.57.47:211][687]LogUObjectHash: Compacting FUObjectHashTables data took   1.95ms
[2025.03.24-06.57.47:212][687]LogAudio: Display: Creating Audio Device:                 Id: 65, Scope: Unique, Realtime: True
[2025.03.24-06.57.47:213][687]LogAudioMixer: Display: Audio Mixer Platform Settings:
[2025.03.24-06.57.47:213][687]LogAudioMixer: Display: 	Sample Rate:						  48000
[2025.03.24-06.57.47:213][687]LogAudioMixer: Display: 	Callback Buffer Frame Size Requested: 1024
[2025.03.24-06.57.47:213][687]LogAudioMixer: Display: 	Callback Buffer Frame Size To Use:	  1024
[2025.03.24-06.57.47:213][687]LogAudioMixer: Display: 	Number of buffers to queue:			  2
[2025.03.24-06.57.47:213][687]LogAudioMixer: Display: 	Max Channels (voices):				  32
[2025.03.24-06.57.47:213][687]LogAudioMixer: Display: 	Number of Async Source Workers:		  0
[2025.03.24-06.57.47:213][687]LogAudio: Display: AudioDevice MaxSources: 32
[2025.03.24-06.57.47:213][687]LogAudio: Display: Audio Spatialization Plugin: None (built-in).
[2025.03.24-06.57.47:213][687]LogAudio: Display: Audio Reverb Plugin: None (built-in).
[2025.03.24-06.57.47:213][687]LogAudio: Display: Audio Occlusion Plugin: None (built-in).
[2025.03.24-06.57.47:213][687]LogAudioMixer: Display: Initializing audio mixer.
[2025.03.24-06.57.47:215][687]LogAudioMixer: Display: 0: FrontLeft
[2025.03.24-06.57.47:215][687]LogAudioMixer: Display: 1: FrontRight
[2025.03.24-06.57.47:249][687]LogAudioMixer: Display: Using Audio Device 扬声器 (适用于 I2S 音频的英特尔® 智音技术)
[2025.03.24-06.57.47:249][687]LogAudioMixer: Display: Initializing Sound Submixes...
[2025.03.24-06.57.47:249][687]LogAudioMixer: Display: Creating Master Submix 'MasterSubmixDefault'
[2025.03.24-06.57.47:249][687]LogAudioMixer: Display: Creating Master Submix 'MasterReverbSubmixDefault'
[2025.03.24-06.57.47:249][687]LogAudioMixer: Display: Creating Master Submix 'MasterEQSubmixDefault'
[2025.03.24-06.57.47:249][687]LogAudioMixer: FMixerPlatformXAudio2::StartAudioStream() called
[2025.03.24-06.57.47:249][687]LogAudioMixer: Display: Output buffers initialized: Frames=1024, Channels=2, Samples=2048
[2025.03.24-06.57.47:251][687]LogAudioMixer: Display: Starting AudioMixerPlatformInterface::RunInternal()
[2025.03.24-06.57.47:251][687]LogAudioMixer: Display: FMixerPlatformXAudio2::SubmitBuffer() called for the first time
[2025.03.24-06.57.47:251][687]LogInit: FAudioDevice initialized.
[2025.03.24-06.57.47:251][687]LogAudio: Display: Audio Device (ID: 65) registered with world 'ThirdPersonExampleMap'.
[2025.03.24-06.57.47:268][687]LogLoad: Game class is 'ThirdPersonGameMode_C'
[2025.03.24-06.57.47:271][687]LogWorld: Bringing World /Game/ThirdPersonBP/Maps/UEDPIE_0_ThirdPersonExampleMap.ThirdPersonExampleMap up for play (max tick rate 60) at 2025.03.24-14.57.47
[2025.03.24-06.57.47:271][687]LogWorld: Bringing up level for play took: 0.002875
[2025.03.24-06.57.47:271][687]LogOnline: OSS: Creating online subsystem instance for: :Context_90
[2025.03.24-06.57.47:274][687]PIE: Server logged in
[2025.03.24-06.57.47:274][687]PIE: Play in editor total start time 0.204 seconds.
[2025.03.24-06.57.53:739][ 53]LogSlate: Updating window title bar state: overlay mode, drag disabled, window buttons hidden, title bar hidden
[2025.03.24-06.57.53:739][ 53]LogWorld: BeginTearingDown for /Game/ThirdPersonBP/Maps/UEDPIE_0_ThirdPersonExampleMap
[2025.03.24-06.57.53:739][ 53]LogWorld: UWorld::CleanupWorld for ThirdPersonExampleMap, bSessionEnded=true, bCleanupResources=true
[2025.03.24-06.57.53:740][ 53]LogSlate: InvalidateAllWidgets triggered.  All widgets were invalidated
[2025.03.24-06.57.53:764][ 53]LogPlayLevel: Display: Shutting down PIE online subsystems
[2025.03.24-06.57.53:791][ 53]LogSlate: InvalidateAllWidgets triggered.  All widgets were invalidated
[2025.03.24-06.57.53:820][ 53]LogSlate: Updating window title bar state: overlay mode, drag disabled, window buttons hidden, title bar hidden
[2025.03.24-06.57.53:821][ 53]LogAudioMixer: FMixerPlatformXAudio2::StopAudioStream() called
[2025.03.24-06.57.53:822][ 53]LogAudioMixer: FMixerPlatformXAudio2::StopAudioStream() called
[2025.03.24-06.57.53:829][ 53]LogUObjectHash: Compacting FUObjectHashTables data took   2.40ms
[2025.03.24-06.57.53:890][ 54]LogPlayLevel: Display: Destroying online subsystem :Context_90
[2025.03.24-06.58.27:413][588]LogTemp: Repeating last play command: Selected Viewport
[2025.03.24-06.58.27:424][588]BlueprintLog: New page: Pre-Play auto-recompile
[2025.03.24-06.58.27:425][588]LogPlayLevel: [PlayLevel] Compiling BP_Table before play...
[2025.03.24-06.58.27:515][588]LogUObjectHash: Compacting FUObjectHashTables data took   2.99ms
[2025.03.24-06.58.27:516][588]LogPlayLevel: PlayLevel: Blueprint regeneration took 92 ms (1 blueprints)
[2025.03.24-06.58.27:516][588]PIE: New page: PIE session: ThirdPersonExampleMap (2025年3月24日 下午10:58:27)
[2025.03.24-06.58.27:517][588]LogPlayLevel: Creating play world package: /Game/ThirdPersonBP/Maps/UEDPIE_0_ThirdPersonExampleMap
[2025.03.24-06.58.27:532][588]LogPlayLevel: PIE: StaticDuplicateObject took: (0.013778s)
[2025.03.24-06.58.27:533][588]LogAIModule: Creating AISystem for world ThirdPersonExampleMap
[2025.03.24-06.58.27:533][588]LogPlayLevel: PIE: World Init took: (0.001061s)
[2025.03.24-06.58.27:533][588]LogPlayLevel: PIE: Created PIE world by copying editor world from /Game/ThirdPersonBP/Maps/ThirdPersonExampleMap.ThirdPersonExampleMap to /Game/ThirdPersonBP/Maps/UEDPIE_0_ThirdPersonExampleMap.ThirdPersonExampleMap (0.015022s)
[2025.03.24-06.58.27:564][588]LogUObjectHash: Compacting FUObjectHashTables data took   1.94ms
[2025.03.24-06.58.27:565][588]LogAudio: Display: Creating Audio Device:                 Id: 66, Scope: Unique, Realtime: True
[2025.03.24-06.58.27:565][588]LogAudioMixer: Display: Audio Mixer Platform Settings:
[2025.03.24-06.58.27:565][588]LogAudioMixer: Display: 	Sample Rate:						  48000
[2025.03.24-06.58.27:565][588]LogAudioMixer: Display: 	Callback Buffer Frame Size Requested: 1024
[2025.03.24-06.58.27:565][588]LogAudioMixer: Display: 	Callback Buffer Frame Size To Use:	  1024
[2025.03.24-06.58.27:565][588]LogAudioMixer: Display: 	Number of buffers to queue:			  2
[2025.03.24-06.58.27:565][588]LogAudioMixer: Display: 	Max Channels (voices):				  32
[2025.03.24-06.58.27:565][588]LogAudioMixer: Display: 	Number of Async Source Workers:		  0
[2025.03.24-06.58.27:565][588]LogAudio: Display: AudioDevice MaxSources: 32
[2025.03.24-06.58.27:566][588]LogAudio: Display: Audio Spatialization Plugin: None (built-in).
[2025.03.24-06.58.27:566][588]LogAudio: Display: Audio Reverb Plugin: None (built-in).
[2025.03.24-06.58.27:566][588]LogAudio: Display: Audio Occlusion Plugin: None (built-in).
[2025.03.24-06.58.27:566][588]LogAudioMixer: Display: Initializing audio mixer.
[2025.03.24-06.58.27:568][588]LogAudioMixer: Display: 0: FrontLeft
[2025.03.24-06.58.27:568][588]LogAudioMixer: Display: 1: FrontRight
[2025.03.24-06.58.27:600][588]LogAudioMixer: Display: Using Audio Device 扬声器 (适用于 I2S 音频的英特尔® 智音技术)
[2025.03.24-06.58.27:601][588]LogAudioMixer: Display: Initializing Sound Submixes...
[2025.03.24-06.58.27:601][588]LogAudioMixer: Display: Creating Master Submix 'MasterSubmixDefault'
[2025.03.24-06.58.27:601][588]LogAudioMixer: Display: Creating Master Submix 'MasterReverbSubmixDefault'
[2025.03.24-06.58.27:601][588]LogAudioMixer: Display: Creating Master Submix 'MasterEQSubmixDefault'
[2025.03.24-06.58.27:601][588]LogAudioMixer: FMixerPlatformXAudio2::StartAudioStream() called
[2025.03.24-06.58.27:601][588]LogAudioMixer: Display: Output buffers initialized: Frames=1024, Channels=2, Samples=2048
[2025.03.24-06.58.27:602][588]LogAudioMixer: Display: Starting AudioMixerPlatformInterface::RunInternal()
[2025.03.24-06.58.27:603][588]LogAudioMixer: Display: FMixerPlatformXAudio2::SubmitBuffer() called for the first time
[2025.03.24-06.58.27:603][588]LogInit: FAudioDevice initialized.
[2025.03.24-06.58.27:603][588]LogAudio: Display: Audio Device (ID: 66) registered with world 'ThirdPersonExampleMap'.
[2025.03.24-06.58.27:622][588]LogLoad: Game class is 'ThirdPersonGameMode_C'
[2025.03.24-06.58.27:625][588]LogWorld: Bringing World /Game/ThirdPersonBP/Maps/UEDPIE_0_ThirdPersonExampleMap.ThirdPersonExampleMap up for play (max tick rate 60) at 2025.03.24-14.58.27
[2025.03.24-06.58.27:625][588]LogWorld: Bringing up level for play took: 0.002579
[2025.03.24-06.58.27:625][588]LogOnline: OSS: Creating online subsystem instance for: :Context_91
[2025.03.24-06.58.27:629][588]PIE: Server logged in
[2025.03.24-06.58.27:630][588]PIE: Play in editor total start time 0.207 seconds.
[2025.03.24-06.58.39:019][232]LogSlate: Updating window title bar state: overlay mode, drag disabled, window buttons hidden, title bar hidden
[2025.03.24-06.58.39:019][232]LogWorld: BeginTearingDown for /Game/ThirdPersonBP/Maps/UEDPIE_0_ThirdPersonExampleMap
[2025.03.24-06.58.39:020][232]LogWorld: UWorld::CleanupWorld for ThirdPersonExampleMap, bSessionEnded=true, bCleanupResources=true
[2025.03.24-06.58.39:020][232]LogSlate: InvalidateAllWidgets triggered.  All widgets were invalidated
[2025.03.24-06.58.39:040][232]LogPlayLevel: Display: Shutting down PIE online subsystems
[2025.03.24-06.58.39:057][232]LogSlate: InvalidateAllWidgets triggered.  All widgets were invalidated
[2025.03.24-06.58.39:084][232]LogSlate: Updating window title bar state: overlay mode, drag disabled, window buttons hidden, title bar hidden
[2025.03.24-06.58.39:085][232]LogAudioMixer: FMixerPlatformXAudio2::StopAudioStream() called
[2025.03.24-06.58.39:085][232]LogAudioMixer: FMixerPlatformXAudio2::StopAudioStream() called
[2025.03.24-06.58.39:095][232]LogUObjectHash: Compacting FUObjectHashTables data took   4.39ms
[2025.03.24-06.58.39:156][233]LogPlayLevel: Display: Destroying online subsystem :Context_91
[2025.03.24-06.58.58:580][147]BlueprintLog: New page: Compile BP_Table
[2025.03.24-06.58.58:648][147]LogUObjectHash: Compacting FUObjectHashTables data took   3.19ms
[2025.03.24-06.58.59:610][186]LogTemp: Repeating last play command: Selected Viewport
[2025.03.24-06.58.59:617][186]LogPlayLevel: PlayLevel: No blueprints needed recompiling
[2025.03.24-06.58.59:617][186]PIE: New page: PIE session: ThirdPersonExampleMap (2025年3月24日 下午10:58:59)
[2025.03.24-06.58.59:618][186]LogPlayLevel: Creating play world package: /Game/ThirdPersonBP/Maps/UEDPIE_0_ThirdPersonExampleMap
[2025.03.24-06.58.59:633][186]LogPlayLevel: PIE: StaticDuplicateObject took: (0.014529s)
[2025.03.24-06.58.59:635][186]LogAIModule: Creating AISystem for world ThirdPersonExampleMap
[2025.03.24-06.58.59:635][186]LogPlayLevel: PIE: World Init took: (0.001061s)
[2025.03.24-06.58.59:635][186]LogPlayLevel: PIE: Created PIE world by copying editor world from /Game/ThirdPersonBP/Maps/ThirdPersonExampleMap.ThirdPersonExampleMap to /Game/ThirdPersonBP/Maps/UEDPIE_0_ThirdPersonExampleMap.ThirdPersonExampleMap (0.016630s)
[2025.03.24-06.58.59:675][186]LogUObjectHash: Compacting FUObjectHashTables data took   3.32ms
[2025.03.24-06.58.59:677][186]LogAudio: Display: Creating Audio Device:                 Id: 67, Scope: Unique, Realtime: True
[2025.03.24-06.58.59:677][186]LogAudioMixer: Display: Audio Mixer Platform Settings:
[2025.03.24-06.58.59:677][186]LogAudioMixer: Display: 	Sample Rate:						  48000
[2025.03.24-06.58.59:677][186]LogAudioMixer: Display: 	Callback Buffer Frame Size Requested: 1024
[2025.03.24-06.58.59:677][186]LogAudioMixer: Display: 	Callback Buffer Frame Size To Use:	  1024
[2025.03.24-06.58.59:677][186]LogAudioMixer: Display: 	Number of buffers to queue:			  2
[2025.03.24-06.58.59:677][186]LogAudioMixer: Display: 	Max Channels (voices):				  32
[2025.03.24-06.58.59:677][186]LogAudioMixer: Display: 	Number of Async Source Workers:		  0
[2025.03.24-06.58.59:677][186]LogAudio: Display: AudioDevice MaxSources: 32
[2025.03.24-06.58.59:678][186]LogAudio: Display: Audio Spatialization Plugin: None (built-in).
[2025.03.24-06.58.59:678][186]LogAudio: Display: Audio Reverb Plugin: None (built-in).
[2025.03.24-06.58.59:678][186]LogAudio: Display: Audio Occlusion Plugin: None (built-in).
[2025.03.24-06.58.59:678][186]LogAudioMixer: Display: Initializing audio mixer.
[2025.03.24-06.58.59:680][186]LogAudioMixer: Display: 0: FrontLeft
[2025.03.24-06.58.59:680][186]LogAudioMixer: Display: 1: FrontRight
[2025.03.24-06.58.59:713][186]LogAudioMixer: Display: Using Audio Device 扬声器 (适用于 I2S 音频的英特尔® 智音技术)
[2025.03.24-06.58.59:713][186]LogAudioMixer: Display: Initializing Sound Submixes...
[2025.03.24-06.58.59:713][186]LogAudioMixer: Display: Creating Master Submix 'MasterSubmixDefault'
[2025.03.24-06.58.59:713][186]LogAudioMixer: Display: Creating Master Submix 'MasterReverbSubmixDefault'
[2025.03.24-06.58.59:714][186]LogAudioMixer: Display: Creating Master Submix 'MasterEQSubmixDefault'
[2025.03.24-06.58.59:714][186]LogAudioMixer: FMixerPlatformXAudio2::StartAudioStream() called
[2025.03.24-06.58.59:714][186]LogAudioMixer: Display: Output buffers initialized: Frames=1024, Channels=2, Samples=2048
[2025.03.24-06.58.59:715][186]LogAudioMixer: Display: Starting AudioMixerPlatformInterface::RunInternal()
[2025.03.24-06.58.59:715][186]LogAudioMixer: Display: FMixerPlatformXAudio2::SubmitBuffer() called for the first time
[2025.03.24-06.58.59:715][186]LogInit: FAudioDevice initialized.
[2025.03.24-06.58.59:715][186]LogAudio: Display: Audio Device (ID: 67) registered with world 'ThirdPersonExampleMap'.
[2025.03.24-06.58.59:733][186]LogLoad: Game class is 'ThirdPersonGameMode_C'
[2025.03.24-06.58.59:737][186]LogWorld: Bringing World /Game/ThirdPersonBP/Maps/UEDPIE_0_ThirdPersonExampleMap.ThirdPersonExampleMap up for play (max tick rate 60) at 2025.03.24-14.58.59
[2025.03.24-06.58.59:738][186]LogWorld: Bringing up level for play took: 0.003510
[2025.03.24-06.58.59:738][186]LogOnline: OSS: Creating online subsystem instance for: :Context_92
[2025.03.24-06.58.59:740][186]LogBlueprintUserMessages: [BP_Table_2] Hello
[2025.03.24-06.58.59:740][186]PIE: Server logged in
[2025.03.24-06.58.59:741][186]PIE: Play in editor total start time 0.125 seconds.
[2025.03.24-06.59.15:990][123]LogSlate: Updating window title bar state: overlay mode, drag disabled, window buttons hidden, title bar hidden
[2025.03.24-06.59.15:990][123]LogWorld: BeginTearingDown for /Game/ThirdPersonBP/Maps/UEDPIE_0_ThirdPersonExampleMap
[2025.03.24-06.59.15:991][123]LogWorld: UWorld::CleanupWorld for ThirdPersonExampleMap, bSessionEnded=true, bCleanupResources=true
[2025.03.24-06.59.15:991][123]LogSlate: InvalidateAllWidgets triggered.  All widgets were invalidated
[2025.03.24-06.59.16:013][123]LogPlayLevel: Display: Shutting down PIE online subsystems
[2025.03.24-06.59.16:029][123]LogSlate: InvalidateAllWidgets triggered.  All widgets were invalidated
[2025.03.24-06.59.16:057][123]LogAudio: Display: Audio Device unregistered from world 'None'.
[2025.03.24-06.59.16:057][123]LogAudioMixer: FMixerPlatformXAudio2::StopAudioStream() called
[2025.03.24-06.59.16:058][123]LogAudioMixer: FMixerPlatformXAudio2::StopAudioStream() called
[2025.03.24-06.59.16:062][123]LogSlate: Updating window title bar state: overlay mode, drag disabled, window buttons hidden, title bar hidden
[2025.03.24-06.59.16:065][123]LogUObjectHash: Compacting FUObjectHashTables data took   2.29ms
[2025.03.24-06.59.16:123][124]LogPlayLevel: Display: Destroying online subsystem :Context_92
[2025.03.24-06.59.25:060][527]BlueprintLog: New page: Compile BP_Table
[2025.03.24-06.59.25:128][527]LogUObjectHash: Compacting FUObjectHashTables data took   5.84ms
[2025.03.24-06.59.25:985][564]LogTemp: Repeating last play command: Selected Viewport
[2025.03.24-06.59.25:993][564]LogPlayLevel: PlayLevel: No blueprints needed recompiling
[2025.03.24-06.59.25:993][564]PIE: New page: PIE session: ThirdPersonExampleMap (2025年3月24日 下午10:59:25)
[2025.03.24-06.59.25:993][564]LogPlayLevel: Creating play world package: /Game/ThirdPersonBP/Maps/UEDPIE_0_ThirdPersonExampleMap
[2025.03.24-06.59.26:010][564]LogPlayLevel: PIE: StaticDuplicateObject took: (0.016133s)
[2025.03.24-06.59.26:010][564]LogAIModule: Creating AISystem for world ThirdPersonExampleMap
[2025.03.24-06.59.26:011][564]LogPlayLevel: PIE: World Init took: (0.001135s)
[2025.03.24-06.59.26:011][564]LogPlayLevel: PIE: Created PIE world by copying editor world from /Game/ThirdPersonBP/Maps/ThirdPersonExampleMap.ThirdPersonExampleMap to /Game/ThirdPersonBP/Maps/UEDPIE_0_ThirdPersonExampleMap.ThirdPersonExampleMap (0.017512s)
[2025.03.24-06.59.26:044][564]LogUObjectHash: Compacting FUObjectHashTables data took   3.22ms
[2025.03.24-06.59.26:044][564]LogAudio: Display: Creating Audio Device:                 Id: 68, Scope: Unique, Realtime: True
[2025.03.24-06.59.26:044][564]LogAudioMixer: Display: Audio Mixer Platform Settings:
[2025.03.24-06.59.26:044][564]LogAudioMixer: Display: 	Sample Rate:						  48000
[2025.03.24-06.59.26:044][564]LogAudioMixer: Display: 	Callback Buffer Frame Size Requested: 1024
[2025.03.24-06.59.26:044][564]LogAudioMixer: Display: 	Callback Buffer Frame Size To Use:	  1024
[2025.03.24-06.59.26:046][564]LogAudioMixer: Display: 	Number of buffers to queue:			  2
[2025.03.24-06.59.26:046][564]LogAudioMixer: Display: 	Max Channels (voices):				  32
[2025.03.24-06.59.26:046][564]LogAudioMixer: Display: 	Number of Async Source Workers:		  0
[2025.03.24-06.59.26:046][564]LogAudio: Display: AudioDevice MaxSources: 32
[2025.03.24-06.59.26:046][564]LogAudio: Display: Audio Spatialization Plugin: None (built-in).
[2025.03.24-06.59.26:046][564]LogAudio: Display: Audio Reverb Plugin: None (built-in).
[2025.03.24-06.59.26:046][564]LogAudio: Display: Audio Occlusion Plugin: None (built-in).
[2025.03.24-06.59.26:046][564]LogAudioMixer: Display: Initializing audio mixer.
[2025.03.24-06.59.26:048][564]LogAudioMixer: Display: 0: FrontLeft
[2025.03.24-06.59.26:048][564]LogAudioMixer: Display: 1: FrontRight
[2025.03.24-06.59.26:083][564]LogAudioMixer: Display: Using Audio Device 扬声器 (适用于 I2S 音频的英特尔® 智音技术)
[2025.03.24-06.59.26:083][564]LogAudioMixer: Display: Initializing Sound Submixes...
[2025.03.24-06.59.26:083][564]LogAudioMixer: Display: Creating Master Submix 'MasterSubmixDefault'
[2025.03.24-06.59.26:083][564]LogAudioMixer: Display: Creating Master Submix 'MasterReverbSubmixDefault'
[2025.03.24-06.59.26:084][564]LogAudioMixer: Display: Creating Master Submix 'MasterEQSubmixDefault'
[2025.03.24-06.59.26:084][564]LogAudioMixer: FMixerPlatformXAudio2::StartAudioStream() called
[2025.03.24-06.59.26:084][564]LogAudioMixer: Display: Output buffers initialized: Frames=1024, Channels=2, Samples=2048
[2025.03.24-06.59.26:085][564]LogAudioMixer: Display: Starting AudioMixerPlatformInterface::RunInternal()
[2025.03.24-06.59.26:085][564]LogAudioMixer: Display: FMixerPlatformXAudio2::SubmitBuffer() called for the first time
[2025.03.24-06.59.26:085][564]LogInit: FAudioDevice initialized.
[2025.03.24-06.59.26:085][564]LogAudio: Display: Audio Device (ID: 68) registered with world 'ThirdPersonExampleMap'.
[2025.03.24-06.59.26:101][564]LogLoad: Game class is 'ThirdPersonGameMode_C'
[2025.03.24-06.59.26:104][564]LogWorld: Bringing World /Game/ThirdPersonBP/Maps/UEDPIE_0_ThirdPersonExampleMap.ThirdPersonExampleMap up for play (max tick rate 60) at 2025.03.24-14.59.26
[2025.03.24-06.59.26:104][564]LogWorld: Bringing up level for play took: 0.002539
[2025.03.24-06.59.26:104][564]LogOnline: OSS: Creating online subsystem instance for: :Context_93
[2025.03.24-06.59.26:107][564]LogBlueprintUserMessages: [BP_Table_2] Hello
[2025.03.24-06.59.26:109][564]PIE: Server logged in
[2025.03.24-06.59.26:110][564]PIE: Play in editor total start time 0.118 seconds.
[2025.03.24-06.59.27:886][662]LogBlueprintUserMessages: [BP_Table_2] Hello
[2025.03.24-06.59.30:555][814]LogBlueprintUserMessages: [BP_Table_2] Hello
[2025.03.24-06.59.32:141][906]LogBlueprintUserMessages: [BP_Table_2] Hello
[2025.03.24-06.59.32:589][931]LogSlate: Updating window title bar state: overlay mode, drag disabled, window buttons hidden, title bar hidden
[2025.03.24-06.59.32:589][931]LogWorld: BeginTearingDown for /Game/ThirdPersonBP/Maps/UEDPIE_0_ThirdPersonExampleMap
[2025.03.24-06.59.32:589][931]LogWorld: UWorld::CleanupWorld for ThirdPersonExampleMap, bSessionEnded=true, bCleanupResources=true
[2025.03.24-06.59.32:590][931]LogSlate: InvalidateAllWidgets triggered.  All widgets were invalidated
[2025.03.24-06.59.32:611][931]LogPlayLevel: Display: Shutting down PIE online subsystems
[2025.03.24-06.59.32:633][931]LogSlate: InvalidateAllWidgets triggered.  All widgets were invalidated
[2025.03.24-06.59.32:663][931]LogAudio: Display: Audio Device unregistered from world 'None'.
[2025.03.24-06.59.32:664][931]LogAudioMixer: FMixerPlatformXAudio2::StopAudioStream() called
[2025.03.24-06.59.32:665][931]LogAudioMixer: FMixerPlatformXAudio2::StopAudioStream() called
[2025.03.24-06.59.32:670][931]LogSlate: Updating window title bar state: overlay mode, drag disabled, window buttons hidden, title bar hidden
[2025.03.24-06.59.32:673][931]LogUObjectHash: Compacting FUObjectHashTables data took   2.12ms
[2025.03.24-06.59.32:732][932]LogPlayLevel: Display: Destroying online subsystem :Context_93
[2025.03.24-06.59.59:111][246]LogSlate: Window 'Event Graph' being destroyed
[2025.03.24-07.00.00:753][343]LogSlate: Window 'BP_Button' being destroyed
[2025.03.24-07.01.25:440][316]BlueprintLog: New page: Compile BP_Table
[2025.03.24-07.01.25:453][316]LogBlueprint: Warning: [AssetLog] D:\project\UE\room_escape\Content\BP\Second\BP_Table.uasset: [Compiler] Get All Actors Of Class  was pruned because its Exec pin is not connected, the connected value is not available and will instead be read as default
[2025.03.24-07.01.25:455][316]LogBlueprint: Error: [AssetLog] D:\project\UE\room_escape\Content\BP\Second\BP_Table.uasset: [Compiler] The current value of the ' Array ' pin is invalid: Array inputs (like 'Target Array') must have an input wired into them (try connecting a MakeArray node).
[2025.03.24-07.01.25:506][316]LogUObjectHash: Compacting FUObjectHashTables data took   2.93ms
[2025.03.24-07.02.48:529][195]BlueprintLog: New page: Compile BP_Table
[2025.03.24-07.02.48:580][195]LogUObjectHash: Compacting FUObjectHashTables data took   3.04ms
[2025.03.24-07.02.52:093][403]LogTemp: Repeating last play command: Selected Viewport
[2025.03.24-07.02.52:098][403]LogPlayLevel: PlayLevel: No blueprints needed recompiling
[2025.03.24-07.02.52:099][403]PIE: New page: PIE session: ThirdPersonExampleMap (2025年3月24日 下午11:02:52)
[2025.03.24-07.02.52:099][403]LogPlayLevel: Creating play world package: /Game/ThirdPersonBP/Maps/UEDPIE_0_ThirdPersonExampleMap
[2025.03.24-07.02.52:109][403]LogPlayLevel: PIE: StaticDuplicateObject took: (0.010955s)
[2025.03.24-07.02.52:110][403]LogAIModule: Creating AISystem for world ThirdPersonExampleMap
[2025.03.24-07.02.52:110][403]LogPlayLevel: PIE: World Init took: (0.001068s)
[2025.03.24-07.02.52:110][403]LogPlayLevel: PIE: Created PIE world by copying editor world from /Game/ThirdPersonBP/Maps/ThirdPersonExampleMap.ThirdPersonExampleMap to /Game/ThirdPersonBP/Maps/UEDPIE_0_ThirdPersonExampleMap.ThirdPersonExampleMap (0.012211s)
[2025.03.24-07.02.52:143][403]LogUObjectHash: Compacting FUObjectHashTables data took   3.55ms
[2025.03.24-07.02.52:144][403]LogAudio: Display: Creating Audio Device:                 Id: 69, Scope: Unique, Realtime: True
[2025.03.24-07.02.52:144][403]LogAudioMixer: Display: Audio Mixer Platform Settings:
[2025.03.24-07.02.52:144][403]LogAudioMixer: Display: 	Sample Rate:						  48000
[2025.03.24-07.02.52:144][403]LogAudioMixer: Display: 	Callback Buffer Frame Size Requested: 1024
[2025.03.24-07.02.52:144][403]LogAudioMixer: Display: 	Callback Buffer Frame Size To Use:	  1024
[2025.03.24-07.02.52:144][403]LogAudioMixer: Display: 	Number of buffers to queue:			  2
[2025.03.24-07.02.52:144][403]LogAudioMixer: Display: 	Max Channels (voices):				  32
[2025.03.24-07.02.52:144][403]LogAudioMixer: Display: 	Number of Async Source Workers:		  0
[2025.03.24-07.02.52:144][403]LogAudio: Display: AudioDevice MaxSources: 32
[2025.03.24-07.02.52:144][403]LogAudio: Display: Audio Spatialization Plugin: None (built-in).
[2025.03.24-07.02.52:144][403]LogAudio: Display: Audio Reverb Plugin: None (built-in).
[2025.03.24-07.02.52:144][403]LogAudio: Display: Audio Occlusion Plugin: None (built-in).
[2025.03.24-07.02.52:144][403]LogAudioMixer: Display: Initializing audio mixer.
[2025.03.24-07.02.52:148][403]LogAudioMixer: Display: 0: FrontLeft
[2025.03.24-07.02.52:148][403]LogAudioMixer: Display: 1: FrontRight
[2025.03.24-07.02.52:179][403]LogAudioMixer: Display: Using Audio Device 扬声器 (适用于 I2S 音频的英特尔® 智音技术)
[2025.03.24-07.02.52:179][403]LogAudioMixer: Display: Initializing Sound Submixes...
[2025.03.24-07.02.52:179][403]LogAudioMixer: Display: Creating Master Submix 'MasterSubmixDefault'
[2025.03.24-07.02.52:179][403]LogAudioMixer: Display: Creating Master Submix 'MasterReverbSubmixDefault'
[2025.03.24-07.02.52:179][403]LogAudioMixer: Display: Creating Master Submix 'MasterEQSubmixDefault'
[2025.03.24-07.02.52:179][403]LogAudioMixer: FMixerPlatformXAudio2::StartAudioStream() called
[2025.03.24-07.02.52:179][403]LogAudioMixer: Display: Output buffers initialized: Frames=1024, Channels=2, Samples=2048
[2025.03.24-07.02.52:180][403]LogAudioMixer: Display: Starting AudioMixerPlatformInterface::RunInternal()
[2025.03.24-07.02.52:180][403]LogAudioMixer: Display: FMixerPlatformXAudio2::SubmitBuffer() called for the first time
[2025.03.24-07.02.52:180][403]LogInit: FAudioDevice initialized.
[2025.03.24-07.02.52:180][403]LogAudio: Display: Audio Device (ID: 69) registered with world 'ThirdPersonExampleMap'.
[2025.03.24-07.02.52:230][403]LogSlate: Updating window title bar state: overlay mode, drag disabled, window buttons hidden, title bar hidden
[2025.03.24-07.02.52:232][403]LogLoad: Game class is 'ThirdPersonGameMode_C'
[2025.03.24-07.02.52:235][403]LogWorld: Bringing World /Game/ThirdPersonBP/Maps/UEDPIE_0_ThirdPersonExampleMap.ThirdPersonExampleMap up for play (max tick rate 60) at 2025.03.24-15.02.52
[2025.03.24-07.02.52:235][403]LogWorld: Bringing up level for play took: 0.003222
[2025.03.24-07.02.52:236][403]LogOnline: OSS: Creating online subsystem instance for: :Context_94
[2025.03.24-07.02.52:237][403]LogGameMode: FindPlayerStart: PATHS NOT DEFINED or NO PLAYERSTART with positive rating
[2025.03.24-07.02.52:241][403]PIE: Server logged in
[2025.03.24-07.02.52:242][403]PIE: Play in editor total start time 0.144 seconds.
[2025.03.24-07.02.52:287][404]LogRenderer: Reallocating scene render targets to support 1912x1000 Format 10 NumSamples 1 (Frame:1).
[2025.03.24-07.02.59:179][632]LogSlate: Updating window title bar state: overlay mode, drag disabled, window buttons hidden, title bar hidden
[2025.03.24-07.02.59:179][632]LogWorld: BeginTearingDown for /Game/ThirdPersonBP/Maps/UEDPIE_0_ThirdPersonExampleMap
[2025.03.24-07.02.59:180][632]LogSlate: Window 'room_escape Preview [NetMode: Standalone]  (64-bit/Windows) ' being destroyed
[2025.03.24-07.02.59:215][632]LogWorld: UWorld::CleanupWorld for ThirdPersonExampleMap, bSessionEnded=true, bCleanupResources=true
[2025.03.24-07.02.59:216][632]LogSlate: InvalidateAllWidgets triggered.  All widgets were invalidated
[2025.03.24-07.02.59:239][632]LogPlayLevel: Display: Shutting down PIE online subsystems
[2025.03.24-07.02.59:254][632]LogSlate: InvalidateAllWidgets triggered.  All widgets were invalidated
[2025.03.24-07.02.59:286][632]LogAudio: Display: Audio Device unregistered from world 'None'.
[2025.03.24-07.02.59:286][632]LogAudioMixer: FMixerPlatformXAudio2::StopAudioStream() called
[2025.03.24-07.02.59:287][632]LogAudioMixer: FMixerPlatformXAudio2::StopAudioStream() called
[2025.03.24-07.02.59:299][632]LogUObjectHash: Compacting FUObjectHashTables data took   5.11ms
[2025.03.24-07.02.59:333][633]LogPlayLevel: Display: Destroying online subsystem :Context_94
[2025.03.24-07.04.29:097][897]LogTemp: Repeating last play command: Selected Viewport
[2025.03.24-07.04.29:102][897]BlueprintLog: New page: Pre-Play auto-recompile
[2025.03.24-07.04.29:102][897]LogPlayLevel: [PlayLevel] Compiling BP_Button before play...
[2025.03.24-07.04.29:173][897]LogUObjectHash: Compacting FUObjectHashTables data took   2.43ms
[2025.03.24-07.04.29:174][897]LogPlayLevel: PlayLevel: Blueprint regeneration took 73 ms (1 blueprints)
[2025.03.24-07.04.29:175][897]PIE: New page: PIE session: ThirdPersonExampleMap (2025年3月24日 下午11:04:29)
[2025.03.24-07.04.29:175][897]LogPlayLevel: Creating play world package: /Game/ThirdPersonBP/Maps/UEDPIE_0_ThirdPersonExampleMap
[2025.03.24-07.04.29:186][897]LogPlayLevel: PIE: StaticDuplicateObject took: (0.011291s)
[2025.03.24-07.04.29:187][897]LogAIModule: Creating AISystem for world ThirdPersonExampleMap
[2025.03.24-07.04.29:188][897]LogPlayLevel: PIE: World Init took: (0.001194s)
[2025.03.24-07.04.29:188][897]LogPlayLevel: PIE: Created PIE world by copying editor world from /Game/ThirdPersonBP/Maps/ThirdPersonExampleMap.ThirdPersonExampleMap to /Game/ThirdPersonBP/Maps/UEDPIE_0_ThirdPersonExampleMap.ThirdPersonExampleMap (0.012719s)
[2025.03.24-07.04.29:217][897]LogUObjectHash: Compacting FUObjectHashTables data took   3.88ms
[2025.03.24-07.04.29:220][897]LogAudio: Display: Creating Audio Device:                 Id: 70, Scope: Unique, Realtime: True
[2025.03.24-07.04.29:220][897]LogAudioMixer: Display: Audio Mixer Platform Settings:
[2025.03.24-07.04.29:220][897]LogAudioMixer: Display: 	Sample Rate:						  48000
[2025.03.24-07.04.29:220][897]LogAudioMixer: Display: 	Callback Buffer Frame Size Requested: 1024
[2025.03.24-07.04.29:220][897]LogAudioMixer: Display: 	Callback Buffer Frame Size To Use:	  1024
[2025.03.24-07.04.29:220][897]LogAudioMixer: Display: 	Number of buffers to queue:			  2
[2025.03.24-07.04.29:220][897]LogAudioMixer: Display: 	Max Channels (voices):				  32
[2025.03.24-07.04.29:220][897]LogAudioMixer: Display: 	Number of Async Source Workers:		  0
[2025.03.24-07.04.29:220][897]LogAudio: Display: AudioDevice MaxSources: 32
[2025.03.24-07.04.29:221][897]LogAudio: Display: Audio Spatialization Plugin: None (built-in).
[2025.03.24-07.04.29:221][897]LogAudio: Display: Audio Reverb Plugin: None (built-in).
[2025.03.24-07.04.29:221][897]LogAudio: Display: Audio Occlusion Plugin: None (built-in).
[2025.03.24-07.04.29:221][897]LogAudioMixer: Display: Initializing audio mixer.
[2025.03.24-07.04.29:223][897]LogAudioMixer: Display: 0: FrontLeft
[2025.03.24-07.04.29:223][897]LogAudioMixer: Display: 1: FrontRight
[2025.03.24-07.04.29:252][897]LogAudioMixer: Display: Using Audio Device 扬声器 (适用于 I2S 音频的英特尔® 智音技术)
[2025.03.24-07.04.29:252][897]LogAudioMixer: Display: Initializing Sound Submixes...
[2025.03.24-07.04.29:252][897]LogAudioMixer: Display: Creating Master Submix 'MasterSubmixDefault'
[2025.03.24-07.04.29:252][897]LogAudioMixer: Display: Creating Master Submix 'MasterReverbSubmixDefault'
[2025.03.24-07.04.29:252][897]LogAudioMixer: Display: Creating Master Submix 'MasterEQSubmixDefault'
[2025.03.24-07.04.29:252][897]LogAudioMixer: FMixerPlatformXAudio2::StartAudioStream() called
[2025.03.24-07.04.29:252][897]LogAudioMixer: Display: Output buffers initialized: Frames=1024, Channels=2, Samples=2048
[2025.03.24-07.04.29:253][897]LogAudioMixer: Display: Starting AudioMixerPlatformInterface::RunInternal()
[2025.03.24-07.04.29:253][897]LogAudioMixer: Display: FMixerPlatformXAudio2::SubmitBuffer() called for the first time
[2025.03.24-07.04.29:253][897]LogInit: FAudioDevice initialized.
[2025.03.24-07.04.29:253][897]LogAudio: Display: Audio Device (ID: 70) registered with world 'ThirdPersonExampleMap'.
[2025.03.24-07.04.29:308][897]LogSlate: Updating window title bar state: overlay mode, drag disabled, window buttons hidden, title bar hidden
[2025.03.24-07.04.29:308][897]LogLoad: Game class is 'ThirdPersonGameMode_C'
[2025.03.24-07.04.29:312][897]LogWorld: Bringing World /Game/ThirdPersonBP/Maps/UEDPIE_0_ThirdPersonExampleMap.ThirdPersonExampleMap up for play (max tick rate 60) at 2025.03.24-15.04.29
[2025.03.24-07.04.29:312][897]LogWorld: Bringing up level for play took: 0.003019
[2025.03.24-07.04.29:312][897]LogOnline: OSS: Creating online subsystem instance for: :Context_95
[2025.03.24-07.04.29:314][897]LogGameMode: FindPlayerStart: PATHS NOT DEFINED or NO PLAYERSTART with positive rating
[2025.03.24-07.04.29:317][897]PIE: Server logged in
[2025.03.24-07.04.29:318][897]PIE: Play in editor total start time 0.217 seconds.
[2025.03.24-07.04.30:832][949]LogSlate: Window 'room_escape Preview [NetMode: Standalone]  (64-bit/Windows) ' being destroyed
[2025.03.24-07.04.30:884][949]LogWorld: BeginTearingDown for /Game/ThirdPersonBP/Maps/UEDPIE_0_ThirdPersonExampleMap
[2025.03.24-07.04.30:885][949]LogWorld: UWorld::CleanupWorld for ThirdPersonExampleMap, bSessionEnded=true, bCleanupResources=true
[2025.03.24-07.04.30:886][949]LogSlate: InvalidateAllWidgets triggered.  All widgets were invalidated
[2025.03.24-07.04.30:912][949]LogPlayLevel: Display: Shutting down PIE online subsystems
[2025.03.24-07.04.30:929][949]LogSlate: InvalidateAllWidgets triggered.  All widgets were invalidated
[2025.03.24-07.04.30:963][949]LogAudioMixer: FMixerPlatformXAudio2::StopAudioStream() called
[2025.03.24-07.04.30:965][949]LogAudioMixer: FMixerPlatformXAudio2::StopAudioStream() called
[2025.03.24-07.04.30:975][949]LogUObjectHash: Compacting FUObjectHashTables data took   4.15ms
[2025.03.24-07.04.31:008][950]LogPlayLevel: Display: Destroying online subsystem :Context_95
[2025.03.24-07.04.32:424][ 33]LogTemp: Repeating last play command: Selected Viewport
[2025.03.24-07.04.32:432][ 33]LogPlayLevel: PlayLevel: No blueprints needed recompiling
[2025.03.24-07.04.32:432][ 33]PIE: New page: PIE session: ThirdPersonExampleMap (2025年3月24日 下午11:04:32)
[2025.03.24-07.04.32:432][ 33]LogPlayLevel: Creating play world package: /Game/ThirdPersonBP/Maps/UEDPIE_0_ThirdPersonExampleMap
[2025.03.24-07.04.32:442][ 33]LogPlayLevel: PIE: StaticDuplicateObject took: (0.010537s)
[2025.03.24-07.04.32:443][ 33]LogAIModule: Creating AISystem for world ThirdPersonExampleMap
[2025.03.24-07.04.32:443][ 33]LogPlayLevel: PIE: World Init took: (0.001023s)
[2025.03.24-07.04.32:443][ 33]LogPlayLevel: PIE: Created PIE world by copying editor world from /Game/ThirdPersonBP/Maps/ThirdPersonExampleMap.ThirdPersonExampleMap to /Game/ThirdPersonBP/Maps/UEDPIE_0_ThirdPersonExampleMap.ThirdPersonExampleMap (0.011772s)
[2025.03.24-07.04.32:473][ 33]LogUObjectHash: Compacting FUObjectHashTables data took   3.35ms
[2025.03.24-07.04.32:474][ 33]LogAudio: Display: Creating Audio Device:                 Id: 71, Scope: Unique, Realtime: True
[2025.03.24-07.04.32:474][ 33]LogAudioMixer: Display: Audio Mixer Platform Settings:
[2025.03.24-07.04.32:474][ 33]LogAudioMixer: Display: 	Sample Rate:						  48000
[2025.03.24-07.04.32:474][ 33]LogAudioMixer: Display: 	Callback Buffer Frame Size Requested: 1024
[2025.03.24-07.04.32:474][ 33]LogAudioMixer: Display: 	Callback Buffer Frame Size To Use:	  1024
[2025.03.24-07.04.32:474][ 33]LogAudioMixer: Display: 	Number of buffers to queue:			  2
[2025.03.24-07.04.32:474][ 33]LogAudioMixer: Display: 	Max Channels (voices):				  32
[2025.03.24-07.04.32:474][ 33]LogAudioMixer: Display: 	Number of Async Source Workers:		  0
[2025.03.24-07.04.32:474][ 33]LogAudio: Display: AudioDevice MaxSources: 32
[2025.03.24-07.04.32:474][ 33]LogAudio: Display: Audio Spatialization Plugin: None (built-in).
[2025.03.24-07.04.32:474][ 33]LogAudio: Display: Audio Reverb Plugin: None (built-in).
[2025.03.24-07.04.32:474][ 33]LogAudio: Display: Audio Occlusion Plugin: None (built-in).
[2025.03.24-07.04.32:474][ 33]LogAudioMixer: Display: Initializing audio mixer.
[2025.03.24-07.04.32:476][ 33]LogAudioMixer: Display: 0: FrontLeft
[2025.03.24-07.04.32:476][ 33]LogAudioMixer: Display: 1: FrontRight
[2025.03.24-07.04.32:504][ 33]LogAudioMixer: Display: Using Audio Device 扬声器 (适用于 I2S 音频的英特尔® 智音技术)
[2025.03.24-07.04.32:504][ 33]LogAudioMixer: Display: Initializing Sound Submixes...
[2025.03.24-07.04.32:504][ 33]LogAudioMixer: Display: Creating Master Submix 'MasterSubmixDefault'
[2025.03.24-07.04.32:504][ 33]LogAudioMixer: Display: Creating Master Submix 'MasterReverbSubmixDefault'
[2025.03.24-07.04.32:504][ 33]LogAudioMixer: Display: Creating Master Submix 'MasterEQSubmixDefault'
[2025.03.24-07.04.32:504][ 33]LogAudioMixer: FMixerPlatformXAudio2::StartAudioStream() called
[2025.03.24-07.04.32:504][ 33]LogAudioMixer: Display: Output buffers initialized: Frames=1024, Channels=2, Samples=2048
[2025.03.24-07.04.32:505][ 33]LogAudioMixer: Display: Starting AudioMixerPlatformInterface::RunInternal()
[2025.03.24-07.04.32:505][ 33]LogAudioMixer: Display: FMixerPlatformXAudio2::SubmitBuffer() called for the first time
[2025.03.24-07.04.32:505][ 33]LogInit: FAudioDevice initialized.
[2025.03.24-07.04.32:505][ 33]LogAudio: Display: Audio Device (ID: 71) registered with world 'ThirdPersonExampleMap'.
[2025.03.24-07.04.32:558][ 33]LogSlate: Updating window title bar state: overlay mode, drag disabled, window buttons hidden, title bar hidden
[2025.03.24-07.04.32:558][ 33]LogLoad: Game class is 'ThirdPersonGameMode_C'
[2025.03.24-07.04.32:562][ 33]LogWorld: Bringing World /Game/ThirdPersonBP/Maps/UEDPIE_0_ThirdPersonExampleMap.ThirdPersonExampleMap up for play (max tick rate 60) at 2025.03.24-15.04.32
[2025.03.24-07.04.32:562][ 33]LogWorld: Bringing up level for play took: 0.002739
[2025.03.24-07.04.32:562][ 33]LogOnline: OSS: Creating online subsystem instance for: :Context_96
[2025.03.24-07.04.32:564][ 33]LogGameMode: FindPlayerStart: PATHS NOT DEFINED or NO PLAYERSTART with positive rating
[2025.03.24-07.04.32:565][ 33]PIE: Server logged in
[2025.03.24-07.04.32:566][ 33]PIE: Play in editor total start time 0.135 seconds.
[2025.03.24-07.04.58:869][ 29]LogSlate: Updating window title bar state: overlay mode, drag disabled, window buttons hidden, title bar hidden
[2025.03.24-07.04.58:869][ 29]LogWorld: BeginTearingDown for /Game/ThirdPersonBP/Maps/UEDPIE_0_ThirdPersonExampleMap
[2025.03.24-07.04.58:871][ 29]LogSlate: Window 'room_escape Preview [NetMode: Standalone]  (64-bit/Windows) ' being destroyed
[2025.03.24-07.04.58:890][ 29]LogWorld: UWorld::CleanupWorld for ThirdPersonExampleMap, bSessionEnded=true, bCleanupResources=true
[2025.03.24-07.04.58:892][ 29]LogSlate: InvalidateAllWidgets triggered.  All widgets were invalidated
[2025.03.24-07.04.58:922][ 29]LogPlayLevel: Display: Shutting down PIE online subsystems
[2025.03.24-07.04.58:945][ 29]LogSlate: InvalidateAllWidgets triggered.  All widgets were invalidated
[2025.03.24-07.04.58:986][ 29]LogAudioMixer: FMixerPlatformXAudio2::StopAudioStream() called
[2025.03.24-07.04.58:987][ 29]LogAudioMixer: FMixerPlatformXAudio2::StopAudioStream() called
[2025.03.24-07.04.58:997][ 29]LogUObjectHash: Compacting FUObjectHashTables data took   2.74ms
[2025.03.24-07.04.59:032][ 30]LogPlayLevel: Display: Destroying online subsystem :Context_96
[2025.03.24-07.05.16:296][987]LogTemp: Repeating last play command: Selected Viewport
[2025.03.24-07.05.16:302][987]LogPlayLevel: PlayLevel: No blueprints needed recompiling
[2025.03.24-07.05.16:302][987]PIE: New page: PIE session: ThirdPersonExampleMap (2025年3月24日 下午11:05:16)
[2025.03.24-07.05.16:302][987]LogPlayLevel: Creating play world package: /Game/ThirdPersonBP/Maps/UEDPIE_0_ThirdPersonExampleMap
[2025.03.24-07.05.16:317][987]LogPlayLevel: PIE: StaticDuplicateObject took: (0.013318s)
[2025.03.24-07.05.16:317][987]LogAIModule: Creating AISystem for world ThirdPersonExampleMap
[2025.03.24-07.05.16:318][987]LogPlayLevel: PIE: World Init took: (0.001294s)
[2025.03.24-07.05.16:318][987]LogPlayLevel: PIE: Created PIE world by copying editor world from /Game/ThirdPersonBP/Maps/ThirdPersonExampleMap.ThirdPersonExampleMap to /Game/ThirdPersonBP/Maps/UEDPIE_0_ThirdPersonExampleMap.ThirdPersonExampleMap (0.014831s)
[2025.03.24-07.05.16:347][987]LogUObjectHash: Compacting FUObjectHashTables data took   1.88ms
[2025.03.24-07.05.16:348][987]LogAudio: Display: Creating Audio Device:                 Id: 72, Scope: Unique, Realtime: True
[2025.03.24-07.05.16:348][987]LogAudioMixer: Display: Audio Mixer Platform Settings:
[2025.03.24-07.05.16:348][987]LogAudioMixer: Display: 	Sample Rate:						  48000
[2025.03.24-07.05.16:348][987]LogAudioMixer: Display: 	Callback Buffer Frame Size Requested: 1024
[2025.03.24-07.05.16:348][987]LogAudioMixer: Display: 	Callback Buffer Frame Size To Use:	  1024
[2025.03.24-07.05.16:348][987]LogAudioMixer: Display: 	Number of buffers to queue:			  2
[2025.03.24-07.05.16:348][987]LogAudioMixer: Display: 	Max Channels (voices):				  32
[2025.03.24-07.05.16:348][987]LogAudioMixer: Display: 	Number of Async Source Workers:		  0
[2025.03.24-07.05.16:348][987]LogAudio: Display: AudioDevice MaxSources: 32
[2025.03.24-07.05.16:349][987]LogAudio: Display: Audio Spatialization Plugin: None (built-in).
[2025.03.24-07.05.16:349][987]LogAudio: Display: Audio Reverb Plugin: None (built-in).
[2025.03.24-07.05.16:349][987]LogAudio: Display: Audio Occlusion Plugin: None (built-in).
[2025.03.24-07.05.16:349][987]LogAudioMixer: Display: Initializing audio mixer.
[2025.03.24-07.05.16:351][987]LogAudioMixer: Display: 0: FrontLeft
[2025.03.24-07.05.16:351][987]LogAudioMixer: Display: 1: FrontRight
[2025.03.24-07.05.16:379][987]LogAudioMixer: Display: Using Audio Device 扬声器 (适用于 I2S 音频的英特尔® 智音技术)
[2025.03.24-07.05.16:380][987]LogAudioMixer: Display: Initializing Sound Submixes...
[2025.03.24-07.05.16:380][987]LogAudioMixer: Display: Creating Master Submix 'MasterSubmixDefault'
[2025.03.24-07.05.16:380][987]LogAudioMixer: Display: Creating Master Submix 'MasterReverbSubmixDefault'
[2025.03.24-07.05.16:380][987]LogAudioMixer: Display: Creating Master Submix 'MasterEQSubmixDefault'
[2025.03.24-07.05.16:380][987]LogAudioMixer: FMixerPlatformXAudio2::StartAudioStream() called
[2025.03.24-07.05.16:380][987]LogAudioMixer: Display: Output buffers initialized: Frames=1024, Channels=2, Samples=2048
[2025.03.24-07.05.16:381][987]LogAudioMixer: Display: Starting AudioMixerPlatformInterface::RunInternal()
[2025.03.24-07.05.16:381][987]LogAudioMixer: Display: FMixerPlatformXAudio2::SubmitBuffer() called for the first time
[2025.03.24-07.05.16:381][987]LogInit: FAudioDevice initialized.
[2025.03.24-07.05.16:381][987]LogAudio: Display: Audio Device (ID: 72) registered with world 'ThirdPersonExampleMap'.
[2025.03.24-07.05.16:407][987]LogSlate: Updating window title bar state: overlay mode, drag disabled, window buttons hidden, title bar hidden
[2025.03.24-07.05.16:408][987]LogLoad: Game class is 'ThirdPersonGameMode_C'
[2025.03.24-07.05.16:412][987]LogWorld: Bringing World /Game/ThirdPersonBP/Maps/UEDPIE_0_ThirdPersonExampleMap.ThirdPersonExampleMap up for play (max tick rate 60) at 2025.03.24-15.05.16
[2025.03.24-07.05.16:412][987]LogWorld: Bringing up level for play took: 0.003397
[2025.03.24-07.05.16:412][987]LogOnline: OSS: Creating online subsystem instance for: :Context_97
[2025.03.24-07.05.16:413][987]LogGameMode: FindPlayerStart: PATHS NOT DEFINED or NO PLAYERSTART with positive rating
[2025.03.24-07.05.16:417][987]PIE: Server logged in
[2025.03.24-07.05.16:419][987]PIE: Play in editor total start time 0.117 seconds.
[2025.03.24-07.05.50:558][123]LogSlate: Updating window title bar state: overlay mode, drag disabled, window buttons hidden, title bar hidden
[2025.03.24-07.05.50:558][123]LogWorld: BeginTearingDown for /Game/ThirdPersonBP/Maps/UEDPIE_0_ThirdPersonExampleMap
[2025.03.24-07.05.50:559][123]LogSlate: Window 'room_escape Preview [NetMode: Standalone]  (64-bit/Windows) ' being destroyed
[2025.03.24-07.05.50:592][123]LogWorld: UWorld::CleanupWorld for ThirdPersonExampleMap, bSessionEnded=true, bCleanupResources=true
[2025.03.24-07.05.50:593][123]LogSlate: InvalidateAllWidgets triggered.  All widgets were invalidated
[2025.03.24-07.05.50:624][123]LogPlayLevel: Display: Shutting down PIE online subsystems
[2025.03.24-07.05.50:649][123]LogSlate: InvalidateAllWidgets triggered.  All widgets were invalidated
[2025.03.24-07.05.50:689][123]LogAudioMixer: FMixerPlatformXAudio2::StopAudioStream() called
[2025.03.24-07.05.50:691][123]LogAudioMixer: FMixerPlatformXAudio2::StopAudioStream() called
[2025.03.24-07.05.50:698][123]LogUObjectHash: Compacting FUObjectHashTables data took   2.33ms
[2025.03.24-07.05.50:755][124]LogPlayLevel: Display: Destroying online subsystem :Context_97
[2025.03.24-07.06.03:360][828]BlueprintLog: New page: Compile BP_Button
[2025.03.24-07.06.03:413][828]LogUObjectHash: Compacting FUObjectHashTables data took   2.26ms
[2025.03.24-07.08.18:600][455]LogUObjectHash: Compacting FUObjectHashTables data took   5.38ms
[2025.03.24-07.08.18:637][455]LogSavePackage: Moving '../../../../../../project/UE/room_escape/Saved/ThirdPersonExampleMap_Auto92CAFB1AD40A469970A3115898A8C11F0.tmp' to '../../../../../../project/UE/room_escape/Saved/Autosaves/Game/ThirdPersonBP/Maps/ThirdPersonExampleMap_Auto9.umap'
[2025.03.24-07.08.18:638][455]LogFileHelpers: Editor autosave (incl. external actors) for '/Game/ThirdPersonBP/Maps/ThirdPersonExampleMap' took 0.075
[2025.03.24-07.08.18:638][455]LogFileHelpers: Editor autosave (incl. sublevels & external actors) for all levels took 0.075
[2025.03.24-07.08.18:639][455]OBJ SavePackage: Generating thumbnails for [2] asset(s) in package [/Game/BP/Second/BP_Table] ([2] browsable assets)...
[2025.03.24-07.08.18:664][455]OBJ SavePackage:     Rendered thumbnail for [Blueprint /Game/BP/Second/BP_Table.BP_Table]
[2025.03.24-07.08.18:664][455]OBJ SavePackage: Finished generating thumbnails for package [/Game/BP/Second/BP_Table]
[2025.03.24-07.08.18:664][455]Cmd: OBJ SAVEPACKAGE PACKAGE="/Game/BP/Second/BP_Table" FILE="../../../../../../project/UE/room_escape/Saved/Autosaves/Game/BP/Second/BP_Table_Auto9.uasset" SILENT=false AUTOSAVING=true
[2025.03.24-07.08.18:685][455]LogSavePackage: Moving '../../../../../../project/UE/room_escape/Saved/BP_Table_Auto9E8EE2DB64AD733EB687F3EBDA703E8EB.tmp' to '../../../../../../project/UE/room_escape/Saved/Autosaves/Game/BP/Second/BP_Table_Auto9.uasset'
[2025.03.24-07.08.18:685][455]OBJ SavePackage: Generating thumbnails for [0] asset(s) in package [/Game/BP/Second/BP_Button] ([2] browsable assets)...
[2025.03.24-07.08.18:685][455]OBJ SavePackage: Finished generating thumbnails for package [/Game/BP/Second/BP_Button]
[2025.03.24-07.08.18:685][455]Cmd: OBJ SAVEPACKAGE PACKAGE="/Game/BP/Second/BP_Button" FILE="../../../../../../project/UE/room_escape/Saved/Autosaves/Game/BP/Second/BP_Button_Auto9.uasset" SILENT=false AUTOSAVING=true
[2025.03.24-07.08.18:698][455]LogSavePackage: Moving '../../../../../../project/UE/room_escape/Saved/BP_Button_Auto95593EF1A47265E54B776FDB4B5E0627F.tmp' to '../../../../../../project/UE/room_escape/Saved/Autosaves/Game/BP/Second/BP_Button_Auto9.uasset'
[2025.03.24-07.08.18:698][455]LogFileHelpers: Auto-saving content packages took 0.060
[2025.03.24-07.09.03:842][ 74]BlueprintLog: New page: Compile BP_Button
[2025.03.24-07.09.03:898][ 74]LogUObjectHash: Compacting FUObjectHashTables data took   2.80ms
[2025.03.24-07.09.28:620][501]BlueprintLog: New page: Compile BP_Table
[2025.03.24-07.09.28:682][501]LogUObjectHash: Compacting FUObjectHashTables data took   5.44ms
[2025.03.24-07.11.00:375][273]LogTemp: Repeating last play command: Selected Viewport
[2025.03.24-07.11.00:380][273]LogPlayLevel: PlayLevel: No blueprints needed recompiling
[2025.03.24-07.11.00:381][273]PIE: New page: PIE session: ThirdPersonExampleMap (2025年3月24日 下午11:11:00)
[2025.03.24-07.11.00:381][273]LogPlayLevel: Creating play world package: /Game/ThirdPersonBP/Maps/UEDPIE_0_ThirdPersonExampleMap
[2025.03.24-07.11.00:393][273]LogPlayLevel: PIE: StaticDuplicateObject took: (0.012583s)
[2025.03.24-07.11.00:394][273]LogAIModule: Creating AISystem for world ThirdPersonExampleMap
[2025.03.24-07.11.00:395][273]LogPlayLevel: PIE: World Init took: (0.001230s)
[2025.03.24-07.11.00:395][273]LogPlayLevel: PIE: Created PIE world by copying editor world from /Game/ThirdPersonBP/Maps/ThirdPersonExampleMap.ThirdPersonExampleMap to /Game/ThirdPersonBP/Maps/UEDPIE_0_ThirdPersonExampleMap.ThirdPersonExampleMap (0.013998s)
[2025.03.24-07.11.00:425][273]LogUObjectHash: Compacting FUObjectHashTables data took   2.76ms
[2025.03.24-07.11.00:427][273]LogAudio: Display: Creating Audio Device:                 Id: 73, Scope: Unique, Realtime: True
[2025.03.24-07.11.00:427][273]LogAudioMixer: Display: Audio Mixer Platform Settings:
[2025.03.24-07.11.00:427][273]LogAudioMixer: Display: 	Sample Rate:						  48000
[2025.03.24-07.11.00:427][273]LogAudioMixer: Display: 	Callback Buffer Frame Size Requested: 1024
[2025.03.24-07.11.00:427][273]LogAudioMixer: Display: 	Callback Buffer Frame Size To Use:	  1024
[2025.03.24-07.11.00:427][273]LogAudioMixer: Display: 	Number of buffers to queue:			  2
[2025.03.24-07.11.00:427][273]LogAudioMixer: Display: 	Max Channels (voices):				  32
[2025.03.24-07.11.00:427][273]LogAudioMixer: Display: 	Number of Async Source Workers:		  0
[2025.03.24-07.11.00:427][273]LogAudio: Display: AudioDevice MaxSources: 32
[2025.03.24-07.11.00:427][273]LogAudio: Display: Audio Spatialization Plugin: None (built-in).
[2025.03.24-07.11.00:427][273]LogAudio: Display: Audio Reverb Plugin: None (built-in).
[2025.03.24-07.11.00:427][273]LogAudio: Display: Audio Occlusion Plugin: None (built-in).
[2025.03.24-07.11.00:428][273]LogAudioMixer: Display: Initializing audio mixer.
[2025.03.24-07.11.00:430][273]LogAudioMixer: Display: 0: FrontLeft
[2025.03.24-07.11.00:430][273]LogAudioMixer: Display: 1: FrontRight
[2025.03.24-07.11.00:460][273]LogAudioMixer: Display: Using Audio Device 扬声器 (适用于 I2S 音频的英特尔® 智音技术)
[2025.03.24-07.11.00:460][273]LogAudioMixer: Display: Initializing Sound Submixes...
[2025.03.24-07.11.00:460][273]LogAudioMixer: Display: Creating Master Submix 'MasterSubmixDefault'
[2025.03.24-07.11.00:461][273]LogAudioMixer: Display: Creating Master Submix 'MasterReverbSubmixDefault'
[2025.03.24-07.11.00:461][273]LogAudioMixer: Display: Creating Master Submix 'MasterEQSubmixDefault'
[2025.03.24-07.11.00:461][273]LogAudioMixer: FMixerPlatformXAudio2::StartAudioStream() called
[2025.03.24-07.11.00:461][273]LogAudioMixer: Display: Output buffers initialized: Frames=1024, Channels=2, Samples=2048
[2025.03.24-07.11.00:462][273]LogAudioMixer: Display: Starting AudioMixerPlatformInterface::RunInternal()
[2025.03.24-07.11.00:462][273]LogAudioMixer: Display: FMixerPlatformXAudio2::SubmitBuffer() called for the first time
[2025.03.24-07.11.00:462][273]LogInit: FAudioDevice initialized.
[2025.03.24-07.11.00:462][273]LogAudio: Display: Audio Device (ID: 73) registered with world 'ThirdPersonExampleMap'.
[2025.03.24-07.11.00:524][273]LogSlate: Updating window title bar state: overlay mode, drag disabled, window buttons hidden, title bar hidden
[2025.03.24-07.11.00:524][273]LogLoad: Game class is 'ThirdPersonGameMode_C'
[2025.03.24-07.11.00:528][273]LogWorld: Bringing World /Game/ThirdPersonBP/Maps/UEDPIE_0_ThirdPersonExampleMap.ThirdPersonExampleMap up for play (max tick rate 60) at 2025.03.24-15.11.00
[2025.03.24-07.11.00:528][273]LogWorld: Bringing up level for play took: 0.003107
[2025.03.24-07.11.00:528][273]LogOnline: OSS: Creating online subsystem instance for: :Context_98
[2025.03.24-07.11.00:530][273]LogGameMode: FindPlayerStart: PATHS NOT DEFINED or NO PLAYERSTART with positive rating
[2025.03.24-07.11.00:533][273]PIE: Server logged in
[2025.03.24-07.11.00:536][273]PIE: Play in editor total start time 0.157 seconds.
[2025.03.24-07.11.12:251][648]LogBlueprintUserMessages: [BP_Table_2] Press "F"
[2025.03.24-07.11.20:344][904]LogBlueprintUserMessages: [BP_Table_2] Press "F"
[2025.03.24-07.11.29:851][207]LogBlueprintUserMessages: [BP_Button_2] Press "G"
[2025.03.24-07.11.43:496][654]LogBlueprintUserMessages: [BP_Button_2] Press "G"
[2025.03.24-07.11.50:195][866]LogBlueprintUserMessages: [BP_Button_2] Press "G"
[2025.03.24-07.11.51:835][916]LogSlate: Updating window title bar state: overlay mode, drag disabled, window buttons hidden, title bar hidden
[2025.03.24-07.11.51:835][916]LogWorld: BeginTearingDown for /Game/ThirdPersonBP/Maps/UEDPIE_0_ThirdPersonExampleMap
[2025.03.24-07.11.51:837][916]LogSlate: Window 'room_escape Preview [NetMode: Standalone]  (64-bit/Windows) ' being destroyed
[2025.03.24-07.11.51:870][916]LogWorld: UWorld::CleanupWorld for ThirdPersonExampleMap, bSessionEnded=true, bCleanupResources=true
[2025.03.24-07.11.51:872][916]LogSlate: InvalidateAllWidgets triggered.  All widgets were invalidated
[2025.03.24-07.11.51:906][916]LogPlayLevel: Display: Shutting down PIE online subsystems
[2025.03.24-07.11.51:927][916]LogSlate: InvalidateAllWidgets triggered.  All widgets were invalidated
[2025.03.24-07.11.51:964][916]LogAudio: Display: Audio Device unregistered from world 'None'.
[2025.03.24-07.11.51:964][916]LogAudioMixer: FMixerPlatformXAudio2::StopAudioStream() called
[2025.03.24-07.11.51:965][916]LogAudioMixer: FMixerPlatformXAudio2::StopAudioStream() called
[2025.03.24-07.11.51:975][916]LogUObjectHash: Compacting FUObjectHashTables data took   2.53ms
[2025.03.24-07.11.52:028][917]LogPlayLevel: Display: Destroying online subsystem :Context_98
[2025.03.24-07.12.11:536][ 56]LogTemp: Repeating last play command: Selected Viewport
[2025.03.24-07.12.11:541][ 56]LogPlayLevel: PlayLevel: No blueprints needed recompiling
[2025.03.24-07.12.11:541][ 56]PIE: New page: PIE session: ThirdPersonExampleMap (2025年3月24日 下午11:12:11)
[2025.03.24-07.12.11:541][ 56]LogPlayLevel: Creating play world package: /Game/ThirdPersonBP/Maps/UEDPIE_0_ThirdPersonExampleMap
[2025.03.24-07.12.11:553][ 56]LogPlayLevel: PIE: StaticDuplicateObject took: (0.011773s)
[2025.03.24-07.12.11:554][ 56]LogAIModule: Creating AISystem for world ThirdPersonExampleMap
[2025.03.24-07.12.11:554][ 56]LogPlayLevel: PIE: World Init took: (0.001015s)
[2025.03.24-07.12.11:554][ 56]LogPlayLevel: PIE: Created PIE world by copying editor world from /Game/ThirdPersonBP/Maps/ThirdPersonExampleMap.ThirdPersonExampleMap to /Game/ThirdPersonBP/Maps/UEDPIE_0_ThirdPersonExampleMap.ThirdPersonExampleMap (0.012995s)
[2025.03.24-07.12.11:585][ 56]LogUObjectHash: Compacting FUObjectHashTables data took   1.72ms
[2025.03.24-07.12.11:586][ 56]LogAudio: Display: Creating Audio Device:                 Id: 74, Scope: Unique, Realtime: True
[2025.03.24-07.12.11:586][ 56]LogAudioMixer: Display: Audio Mixer Platform Settings:
[2025.03.24-07.12.11:586][ 56]LogAudioMixer: Display: 	Sample Rate:						  48000
[2025.03.24-07.12.11:586][ 56]LogAudioMixer: Display: 	Callback Buffer Frame Size Requested: 1024
[2025.03.24-07.12.11:586][ 56]LogAudioMixer: Display: 	Callback Buffer Frame Size To Use:	  1024
[2025.03.24-07.12.11:586][ 56]LogAudioMixer: Display: 	Number of buffers to queue:			  2
[2025.03.24-07.12.11:587][ 56]LogAudioMixer: Display: 	Max Channels (voices):				  32
[2025.03.24-07.12.11:587][ 56]LogAudioMixer: Display: 	Number of Async Source Workers:		  0
[2025.03.24-07.12.11:587][ 56]LogAudio: Display: AudioDevice MaxSources: 32
[2025.03.24-07.12.11:587][ 56]LogAudio: Display: Audio Spatialization Plugin: None (built-in).
[2025.03.24-07.12.11:587][ 56]LogAudio: Display: Audio Reverb Plugin: None (built-in).
[2025.03.24-07.12.11:587][ 56]LogAudio: Display: Audio Occlusion Plugin: None (built-in).
[2025.03.24-07.12.11:587][ 56]LogAudioMixer: Display: Initializing audio mixer.
[2025.03.24-07.12.11:589][ 56]LogAudioMixer: Display: 0: FrontLeft
[2025.03.24-07.12.11:589][ 56]LogAudioMixer: Display: 1: FrontRight
[2025.03.24-07.12.11:619][ 56]LogAudioMixer: Display: Using Audio Device 扬声器 (适用于 I2S 音频的英特尔® 智音技术)
[2025.03.24-07.12.11:619][ 56]LogAudioMixer: Display: Initializing Sound Submixes...
[2025.03.24-07.12.11:619][ 56]LogAudioMixer: Display: Creating Master Submix 'MasterSubmixDefault'
[2025.03.24-07.12.11:619][ 56]LogAudioMixer: Display: Creating Master Submix 'MasterReverbSubmixDefault'
[2025.03.24-07.12.11:619][ 56]LogAudioMixer: Display: Creating Master Submix 'MasterEQSubmixDefault'
[2025.03.24-07.12.11:619][ 56]LogAudioMixer: FMixerPlatformXAudio2::StartAudioStream() called
[2025.03.24-07.12.11:619][ 56]LogAudioMixer: Display: Output buffers initialized: Frames=1024, Channels=2, Samples=2048
[2025.03.24-07.12.11:620][ 56]LogAudioMixer: Display: Starting AudioMixerPlatformInterface::RunInternal()
[2025.03.24-07.12.11:620][ 56]LogAudioMixer: Display: FMixerPlatformXAudio2::SubmitBuffer() called for the first time
[2025.03.24-07.12.11:620][ 56]LogInit: FAudioDevice initialized.
[2025.03.24-07.12.11:620][ 56]LogAudio: Display: Audio Device (ID: 74) registered with world 'ThirdPersonExampleMap'.
[2025.03.24-07.12.11:669][ 56]LogSlate: Updating window title bar state: overlay mode, drag disabled, window buttons hidden, title bar hidden
[2025.03.24-07.12.11:669][ 56]LogLoad: Game class is 'ThirdPersonGameMode_C'
[2025.03.24-07.12.11:673][ 56]LogWorld: Bringing World /Game/ThirdPersonBP/Maps/UEDPIE_0_ThirdPersonExampleMap.ThirdPersonExampleMap up for play (max tick rate 60) at 2025.03.24-15.12.11
[2025.03.24-07.12.11:673][ 56]LogWorld: Bringing up level for play took: 0.002983
[2025.03.24-07.12.11:673][ 56]LogOnline: OSS: Creating online subsystem instance for: :Context_99
[2025.03.24-07.12.11:675][ 56]LogGameMode: FindPlayerStart: PATHS NOT DEFINED or NO PLAYERSTART with positive rating
[2025.03.24-07.12.11:677][ 56]PIE: Server logged in
[2025.03.24-07.12.11:679][ 56]PIE: Play in editor total start time 0.137 seconds.
[2025.03.24-07.12.16:360][202]LogBlueprintUserMessages: [BP_Table_2] Press "F"
[2025.03.24-07.12.21:641][373]LogBlueprintUserMessages: [BP_Button_2] Press "G"
[2025.03.24-07.12.25:763][511]LogBlueprintUserMessages: [BP_Button_2] Press "G"
[2025.03.24-07.12.31:430][700]LogBlueprintUserMessages: [BP_Button_2] Press "G"
[2025.03.24-07.12.37:535][906]LogSlate: Updating window title bar state: overlay mode, drag disabled, window buttons hidden, title bar hidden
[2025.03.24-07.12.37:535][906]LogWorld: BeginTearingDown for /Game/ThirdPersonBP/Maps/UEDPIE_0_ThirdPersonExampleMap
[2025.03.24-07.12.37:538][906]LogSlate: Window 'room_escape Preview [NetMode: Standalone]  (64-bit/Windows) ' being destroyed
[2025.03.24-07.12.37:556][906]LogWorld: UWorld::CleanupWorld for ThirdPersonExampleMap, bSessionEnded=true, bCleanupResources=true
[2025.03.24-07.12.37:558][906]LogSlate: InvalidateAllWidgets triggered.  All widgets were invalidated
[2025.03.24-07.12.37:588][906]LogPlayLevel: Display: Shutting down PIE online subsystems
[2025.03.24-07.12.37:607][906]LogSlate: InvalidateAllWidgets triggered.  All widgets were invalidated
[2025.03.24-07.12.37:639][906]LogAudioMixer: FMixerPlatformXAudio2::StopAudioStream() called
[2025.03.24-07.12.37:640][906]LogAudioMixer: FMixerPlatformXAudio2::StopAudioStream() called
[2025.03.24-07.12.37:648][906]LogUObjectHash: Compacting FUObjectHashTables data took   2.22ms
[2025.03.24-07.12.37:699][907]LogPlayLevel: Display: Destroying online subsystem :Context_99
[2025.03.24-07.12.58:610][829]LogEditorViewport: Clicking on Actor (LMB): BP_Button_C (BP_Button)
[2025.03.24-07.13.02:738][999]LogEditorViewport: Clicking on Actor (LMB): StaticMeshActor (Wall16)
[2025.03.24-07.13.18:179][653]LogSlate: Window 'BP_Button' being destroyed
[2025.03.24-07.14.52:936][667]LogEditorViewport: Clicking on Actor (LMB): BP_Button_C (BP_Button)
[2025.03.24-07.14.59:560][872]LogEditorViewport: Clicking on Actor (LMB): StaticMeshActor (Wall14)
[2025.03.24-07.15.00:709][905]LogEditorViewport: Clicking on Actor (LMB): StaticMeshActor (Wall14)
[2025.03.24-07.15.01:246][921]LogEditorViewport: Clicking on Actor (LMB): StaticMeshActor (Wall16)
[2025.03.24-07.15.01:814][938]LogEditorViewport: Clicking on Actor (LMB): BP_Button_C (BP_Button)
[2025.03.24-07.15.06:457][ 81]LogEditorViewport: Clicking on Actor (LMB): StaticMeshActor (Wall16)
[2025.03.24-07.15.12:750][272]LogEditorViewport: Clicking on Actor (LMB): StaticMeshActor (Wall16)
[2025.03.24-07.15.13:532][296]LogEditorViewport: Clicking on Actor (LMB): StaticMeshActor (Wall16)
[2025.03.24-07.15.13:996][308]LogEditorViewport: Clicking on Actor (LMB): StaticMeshActor (Wall16)
[2025.03.24-07.15.14:322][317]LogEditorViewport: Clicking on Actor (LMB): BP_Button_C (BP_Button)
[2025.03.24-07.15.23:640][607]LogEditorViewport: Clicking on Actor (LMB): StaticMeshActor (Wall16)
[2025.03.24-07.15.26:122][678]LogEditorViewport: Clicking on Actor (LMB): StaticMeshActor (Wall16)
[2025.03.24-07.15.26:770][696]LogEditorViewport: Clicking on Actor (LMB): BP_Button_C (BP_Button)
[2025.03.24-07.15.31:508][838]LogEditorViewport: Clicking on Actor (LMB): StaticMeshActor (Wall16)
[2025.03.24-07.15.32:182][856]LogEditorViewport: Clicking on Actor (LMB): StaticMeshActor (Wall16)
[2025.03.24-07.15.32:948][878]LogEditorViewport: Clicking on Actor (LMB): StaticMeshActor (Wall16)
[2025.03.24-07.15.33:815][905]LogEditorViewport: Clicking on Actor (LMB): BP_Button_C (BP_Button)
[2025.03.24-07.15.34:089][912]LogEditorViewport: Clicking on Actor (LMB): BP_Button_C (BP_Button)
[2025.03.24-07.15.34:876][934]LogEditorViewport: Clicking on Actor (LMB): BP_Button_C (BP_Button)
[2025.03.24-07.16.05:627][898]BlueprintLog: New page: Compile BP_Button
[2025.03.24-07.16.05:762][898]LogUObjectHash: Compacting FUObjectHashTables data took   3.65ms
[2025.03.24-07.16.07:591][952]LogTemp: Repeating last play command: Selected Viewport
[2025.03.24-07.16.07:599][952]LogPlayLevel: PlayLevel: No blueprints needed recompiling
[2025.03.24-07.16.07:600][952]PIE: New page: PIE session: ThirdPersonExampleMap (2025年3月24日 下午11:16:07)
[2025.03.24-07.16.07:600][952]LogPlayLevel: Creating play world package: /Game/ThirdPersonBP/Maps/UEDPIE_0_ThirdPersonExampleMap
[2025.03.24-07.16.07:623][952]LogPlayLevel: PIE: StaticDuplicateObject took: (0.023408s)
[2025.03.24-07.16.07:624][952]LogAIModule: Creating AISystem for world ThirdPersonExampleMap
[2025.03.24-07.16.07:626][952]LogPlayLevel: PIE: World Init took: (0.001918s)
[2025.03.24-07.16.07:626][952]LogPlayLevel: PIE: Created PIE world by copying editor world from /Game/ThirdPersonBP/Maps/ThirdPersonExampleMap.ThirdPersonExampleMap to /Game/ThirdPersonBP/Maps/UEDPIE_0_ThirdPersonExampleMap.ThirdPersonExampleMap (0.025627s)
[2025.03.24-07.16.07:667][952]LogUObjectHash: Compacting FUObjectHashTables data took   3.04ms
[2025.03.24-07.16.07:669][952]LogAudio: Display: Creating Audio Device:                 Id: 75, Scope: Unique, Realtime: True
[2025.03.24-07.16.07:669][952]LogAudioMixer: Display: Audio Mixer Platform Settings:
[2025.03.24-07.16.07:669][952]LogAudioMixer: Display: 	Sample Rate:						  48000
[2025.03.24-07.16.07:669][952]LogAudioMixer: Display: 	Callback Buffer Frame Size Requested: 1024
[2025.03.24-07.16.07:669][952]LogAudioMixer: Display: 	Callback Buffer Frame Size To Use:	  1024
[2025.03.24-07.16.07:669][952]LogAudioMixer: Display: 	Number of buffers to queue:			  2
[2025.03.24-07.16.07:669][952]LogAudioMixer: Display: 	Max Channels (voices):				  32
[2025.03.24-07.16.07:669][952]LogAudioMixer: Display: 	Number of Async Source Workers:		  0
[2025.03.24-07.16.07:669][952]LogAudio: Display: AudioDevice MaxSources: 32
[2025.03.24-07.16.07:669][952]LogAudio: Display: Audio Spatialization Plugin: None (built-in).
[2025.03.24-07.16.07:669][952]LogAudio: Display: Audio Reverb Plugin: None (built-in).
[2025.03.24-07.16.07:669][952]LogAudio: Display: Audio Occlusion Plugin: None (built-in).
[2025.03.24-07.16.07:669][952]LogAudioMixer: Display: Initializing audio mixer.
[2025.03.24-07.16.07:672][952]LogAudioMixer: Display: 0: FrontLeft
[2025.03.24-07.16.07:672][952]LogAudioMixer: Display: 1: FrontRight
[2025.03.24-07.16.07:708][952]LogAudioMixer: Display: Using Audio Device 扬声器 (适用于 I2S 音频的英特尔® 智音技术)
[2025.03.24-07.16.07:708][952]LogAudioMixer: Display: Initializing Sound Submixes...
[2025.03.24-07.16.07:708][952]LogAudioMixer: Display: Creating Master Submix 'MasterSubmixDefault'
[2025.03.24-07.16.07:708][952]LogAudioMixer: Display: Creating Master Submix 'MasterReverbSubmixDefault'
[2025.03.24-07.16.07:708][952]LogAudioMixer: Display: Creating Master Submix 'MasterEQSubmixDefault'
[2025.03.24-07.16.07:709][952]LogAudioMixer: FMixerPlatformXAudio2::StartAudioStream() called
[2025.03.24-07.16.07:709][952]LogAudioMixer: Display: Output buffers initialized: Frames=1024, Channels=2, Samples=2048
[2025.03.24-07.16.07:709][952]LogAudioMixer: Display: Starting AudioMixerPlatformInterface::RunInternal()
[2025.03.24-07.16.07:710][952]LogAudioMixer: Display: FMixerPlatformXAudio2::SubmitBuffer() called for the first time
[2025.03.24-07.16.07:710][952]LogInit: FAudioDevice initialized.
[2025.03.24-07.16.07:710][952]LogAudio: Display: Audio Device (ID: 75) registered with world 'ThirdPersonExampleMap'.
[2025.03.24-07.16.07:717][952]LogLoad: Game class is 'ThirdPersonGameMode_C'
[2025.03.24-07.16.07:720][952]LogWorld: Bringing World /Game/ThirdPersonBP/Maps/UEDPIE_0_ThirdPersonExampleMap.ThirdPersonExampleMap up for play (max tick rate 60) at 2025.03.24-15.16.07
[2025.03.24-07.16.07:720][952]LogWorld: Bringing up level for play took: 0.002260
[2025.03.24-07.16.07:720][952]LogOnline: OSS: Creating online subsystem instance for: :Context_100
[2025.03.24-07.16.07:722][952]PIE: Server logged in
[2025.03.24-07.16.07:723][952]PIE: Play in editor total start time 0.126 seconds.
[2025.03.24-07.16.14:607][326]LogBlueprintUserMessages: [BP_Button_2] Press "G"
[2025.03.24-07.16.21:339][708]LogBlueprintUserMessages: [BP_Button_2] Press "G"
[2025.03.24-07.16.21:509][717]LogBlueprintUserMessages: [BP_Button_2] 还没吃饭！
[2025.03.24-07.16.25:169][922]LogBlueprintUserMessages: [BP_Table_2] Press "F"
[2025.03.24-07.16.29:266][152]LogBlueprintUserMessages: [BP_Button_2] Press "G"
[2025.03.24-07.16.39:240][718]LogScript: Warning: Attempted to access HAMBURGER via property HAMBURGER, but HAMBURGER is pending kill
	BP_TriggerArea_C /Game/ThirdPersonBP/Maps/UEDPIE_0_ThirdPersonExampleMap.ThirdPersonExampleMap:PersistentLevel.BP_TriggerArea_2
	Function /Game/BP/Second/BP_TriggerArea.BP_TriggerArea_C:ExecuteUbergraph_BP_TriggerArea:0071
[2025.03.24-07.16.39:240][718]PIE: Error: Blueprint Runtime Error: "Attempted to access HAMBURGER via property HAMBURGER, but HAMBURGER is pending kill". Blueprint:  BP_TriggerArea Function:  Execute Ubergraph BP Trigger Area Graph:  EventGraph Node:  Set Visibility
[2025.03.24-07.16.42:010][866]LogBlueprintUserMessages: [BP_Table_2] Press "F"
[2025.03.24-07.16.48:733][237]LogSlate: Updating window title bar state: overlay mode, drag disabled, window buttons hidden, title bar hidden
[2025.03.24-07.16.48:733][237]LogWorld: BeginTearingDown for /Game/ThirdPersonBP/Maps/UEDPIE_0_ThirdPersonExampleMap
[2025.03.24-07.16.48:733][237]LogWorld: UWorld::CleanupWorld for ThirdPersonExampleMap, bSessionEnded=true, bCleanupResources=true
[2025.03.24-07.16.48:733][237]LogSlate: InvalidateAllWidgets triggered.  All widgets were invalidated
[2025.03.24-07.16.48:751][237]LogPlayLevel: Display: Shutting down PIE online subsystems
[2025.03.24-07.16.48:762][237]LogSlate: InvalidateAllWidgets triggered.  All widgets were invalidated
[2025.03.24-07.16.48:793][237]LogAudio: Display: Audio Device unregistered from world 'None'.
[2025.03.24-07.16.48:793][237]LogAudioMixer: FMixerPlatformXAudio2::StopAudioStream() called
[2025.03.24-07.16.48:794][237]LogAudioMixer: FMixerPlatformXAudio2::StopAudioStream() called
[2025.03.24-07.16.48:798][237]LogSlate: Updating window title bar state: overlay mode, drag disabled, window buttons hidden, title bar hidden
[2025.03.24-07.16.48:802][237]LogUObjectHash: Compacting FUObjectHashTables data took   2.24ms
[2025.03.24-07.16.48:955][238]LogPlayLevel: Display: Destroying online subsystem :Context_100
[2025.03.24-07.17.32:739][483]LogSlate: Window 'Message Log' being destroyed
[2025.03.24-07.17.32:779][483]LogSlate: Window 'Message Log' being destroyed
[2025.03.24-07.17.38:788][665]LogTemp: Repeating last play command: Selected Viewport
[2025.03.24-07.17.38:794][665]LogPlayLevel: PlayLevel: No blueprints needed recompiling
[2025.03.24-07.17.38:794][665]PIE: New page: PIE session: ThirdPersonExampleMap (2025年3月24日 下午11:17:38)
[2025.03.24-07.17.38:794][665]LogPlayLevel: Creating play world package: /Game/ThirdPersonBP/Maps/UEDPIE_0_ThirdPersonExampleMap
[2025.03.24-07.17.38:821][665]LogPlayLevel: PIE: StaticDuplicateObject took: (0.027378s)
[2025.03.24-07.17.38:824][665]LogAIModule: Creating AISystem for world ThirdPersonExampleMap
[2025.03.24-07.17.38:824][665]LogPlayLevel: PIE: World Init took: (0.001370s)
[2025.03.24-07.17.38:824][665]LogPlayLevel: PIE: Created PIE world by copying editor world from /Game/ThirdPersonBP/Maps/ThirdPersonExampleMap.ThirdPersonExampleMap to /Game/ThirdPersonBP/Maps/UEDPIE_0_ThirdPersonExampleMap.ThirdPersonExampleMap (0.029270s)
[2025.03.24-07.17.38:861][665]LogUObjectHash: Compacting FUObjectHashTables data took   2.20ms
[2025.03.24-07.17.38:866][665]LogAudio: Display: Creating Audio Device:                 Id: 76, Scope: Unique, Realtime: True
[2025.03.24-07.17.38:866][665]LogAudioMixer: Display: Audio Mixer Platform Settings:
[2025.03.24-07.17.38:866][665]LogAudioMixer: Display: 	Sample Rate:						  48000
[2025.03.24-07.17.38:866][665]LogAudioMixer: Display: 	Callback Buffer Frame Size Requested: 1024
[2025.03.24-07.17.38:866][665]LogAudioMixer: Display: 	Callback Buffer Frame Size To Use:	  1024
[2025.03.24-07.17.38:866][665]LogAudioMixer: Display: 	Number of buffers to queue:			  2
[2025.03.24-07.17.38:866][665]LogAudioMixer: Display: 	Max Channels (voices):				  32
[2025.03.24-07.17.38:866][665]LogAudioMixer: Display: 	Number of Async Source Workers:		  0
[2025.03.24-07.17.38:866][665]LogAudio: Display: AudioDevice MaxSources: 32
[2025.03.24-07.17.38:866][665]LogAudio: Display: Audio Spatialization Plugin: None (built-in).
[2025.03.24-07.17.38:866][665]LogAudio: Display: Audio Reverb Plugin: None (built-in).
[2025.03.24-07.17.38:866][665]LogAudio: Display: Audio Occlusion Plugin: None (built-in).
[2025.03.24-07.17.38:866][665]LogAudioMixer: Display: Initializing audio mixer.
[2025.03.24-07.17.38:869][665]LogAudioMixer: Display: 0: FrontLeft
[2025.03.24-07.17.38:869][665]LogAudioMixer: Display: 1: FrontRight
[2025.03.24-07.17.38:903][665]LogAudioMixer: Display: Using Audio Device 扬声器 (适用于 I2S 音频的英特尔® 智音技术)
[2025.03.24-07.17.38:904][665]LogAudioMixer: Display: Initializing Sound Submixes...
[2025.03.24-07.17.38:904][665]LogAudioMixer: Display: Creating Master Submix 'MasterSubmixDefault'
[2025.03.24-07.17.38:904][665]LogAudioMixer: Display: Creating Master Submix 'MasterReverbSubmixDefault'
[2025.03.24-07.17.38:904][665]LogAudioMixer: Display: Creating Master Submix 'MasterEQSubmixDefault'
[2025.03.24-07.17.38:904][665]LogAudioMixer: FMixerPlatformXAudio2::StartAudioStream() called
[2025.03.24-07.17.38:904][665]LogAudioMixer: Display: Output buffers initialized: Frames=1024, Channels=2, Samples=2048
[2025.03.24-07.17.38:905][665]LogAudioMixer: Display: Starting AudioMixerPlatformInterface::RunInternal()
[2025.03.24-07.17.38:905][665]LogAudioMixer: Display: FMixerPlatformXAudio2::SubmitBuffer() called for the first time
[2025.03.24-07.17.38:905][665]LogInit: FAudioDevice initialized.
[2025.03.24-07.17.38:905][665]LogAudio: Display: Audio Device (ID: 76) registered with world 'ThirdPersonExampleMap'.
[2025.03.24-07.17.38:916][665]LogLoad: Game class is 'ThirdPersonGameMode_C'
[2025.03.24-07.17.38:919][665]LogWorld: Bringing World /Game/ThirdPersonBP/Maps/UEDPIE_0_ThirdPersonExampleMap.ThirdPersonExampleMap up for play (max tick rate 60) at 2025.03.24-15.17.38
[2025.03.24-07.17.38:919][665]LogWorld: Bringing up level for play took: 0.002772
[2025.03.24-07.17.38:920][665]LogOnline: OSS: Creating online subsystem instance for: :Context_101
[2025.03.24-07.17.38:922][665]PIE: Server logged in
[2025.03.24-07.17.38:922][665]PIE: Play in editor total start time 0.13 seconds.
[2025.03.24-07.17.45:754][ 38]LogSlate: Updating window title bar state: overlay mode, drag disabled, window buttons hidden, title bar hidden
[2025.03.24-07.17.45:754][ 38]LogWorld: BeginTearingDown for /Game/ThirdPersonBP/Maps/UEDPIE_0_ThirdPersonExampleMap
[2025.03.24-07.17.45:754][ 38]LogWorld: UWorld::CleanupWorld for ThirdPersonExampleMap, bSessionEnded=true, bCleanupResources=true
[2025.03.24-07.17.45:755][ 38]LogSlate: InvalidateAllWidgets triggered.  All widgets were invalidated
[2025.03.24-07.17.45:770][ 38]LogPlayLevel: Display: Shutting down PIE online subsystems
[2025.03.24-07.17.45:780][ 38]LogSlate: InvalidateAllWidgets triggered.  All widgets were invalidated
[2025.03.24-07.17.45:807][ 38]LogSlate: Updating window title bar state: overlay mode, drag disabled, window buttons hidden, title bar hidden
[2025.03.24-07.17.45:808][ 38]LogAudioMixer: FMixerPlatformXAudio2::StopAudioStream() called
[2025.03.24-07.17.45:810][ 38]LogAudioMixer: FMixerPlatformXAudio2::StopAudioStream() called
[2025.03.24-07.17.45:816][ 38]LogUObjectHash: Compacting FUObjectHashTables data took   2.09ms
[2025.03.24-07.17.45:876][ 39]LogPlayLevel: Display: Destroying online subsystem :Context_101
[2025.03.24-07.17.48:606][122]Cmd: SELECT NONE
[2025.03.24-07.20.53:388][133]BlueprintLog: New page: Compile BP_SpotLight
[2025.03.24-07.20.53:517][133]LogUObjectHash: Compacting FUObjectHashTables data took   3.56ms
[2025.03.24-07.21.04:044][446]BlueprintLog: New page: Compile BP_SpotLight
[2025.03.24-07.21.04:123][446]LogUObjectHash: Compacting FUObjectHashTables data took   3.46ms
[2025.03.24-07.21.05:896][498]LogTemp: Repeating last play command: Selected Viewport
[2025.03.24-07.21.05:904][498]LogPlayLevel: PlayLevel: No blueprints needed recompiling
[2025.03.24-07.21.05:904][498]PIE: New page: PIE session: ThirdPersonExampleMap (2025年3月24日 下午11:21:05)
[2025.03.24-07.21.05:905][498]LogPlayLevel: Creating play world package: /Game/ThirdPersonBP/Maps/UEDPIE_0_ThirdPersonExampleMap
[2025.03.24-07.21.05:933][498]LogPlayLevel: PIE: StaticDuplicateObject took: (0.028302s)
[2025.03.24-07.21.05:934][498]LogAIModule: Creating AISystem for world ThirdPersonExampleMap
[2025.03.24-07.21.05:934][498]LogPlayLevel: PIE: World Init took: (0.001676s)
[2025.03.24-07.21.05:934][498]LogPlayLevel: PIE: Created PIE world by copying editor world from /Game/ThirdPersonBP/Maps/ThirdPersonExampleMap.ThirdPersonExampleMap to /Game/ThirdPersonBP/Maps/UEDPIE_0_ThirdPersonExampleMap.ThirdPersonExampleMap (0.030432s)
[2025.03.24-07.21.05:973][498]LogUObjectHash: Compacting FUObjectHashTables data took   3.36ms
[2025.03.24-07.21.05:975][498]LogAudio: Display: Creating Audio Device:                 Id: 77, Scope: Unique, Realtime: True
[2025.03.24-07.21.05:975][498]LogAudioMixer: Display: Audio Mixer Platform Settings:
[2025.03.24-07.21.05:975][498]LogAudioMixer: Display: 	Sample Rate:						  48000
[2025.03.24-07.21.05:975][498]LogAudioMixer: Display: 	Callback Buffer Frame Size Requested: 1024
[2025.03.24-07.21.05:976][498]LogAudioMixer: Display: 	Callback Buffer Frame Size To Use:	  1024
[2025.03.24-07.21.05:976][498]LogAudioMixer: Display: 	Number of buffers to queue:			  2
[2025.03.24-07.21.05:976][498]LogAudioMixer: Display: 	Max Channels (voices):				  32
[2025.03.24-07.21.05:976][498]LogAudioMixer: Display: 	Number of Async Source Workers:		  0
[2025.03.24-07.21.05:976][498]LogAudio: Display: AudioDevice MaxSources: 32
[2025.03.24-07.21.05:976][498]LogAudio: Display: Audio Spatialization Plugin: None (built-in).
[2025.03.24-07.21.05:976][498]LogAudio: Display: Audio Reverb Plugin: None (built-in).
[2025.03.24-07.21.05:976][498]LogAudio: Display: Audio Occlusion Plugin: None (built-in).
[2025.03.24-07.21.05:976][498]LogAudioMixer: Display: Initializing audio mixer.
[2025.03.24-07.21.05:979][498]LogAudioMixer: Display: 0: FrontLeft
[2025.03.24-07.21.05:979][498]LogAudioMixer: Display: 1: FrontRight
[2025.03.24-07.21.06:025][498]LogAudioMixer: Display: Using Audio Device 扬声器 (适用于 I2S 音频的英特尔® 智音技术)
[2025.03.24-07.21.06:025][498]LogAudioMixer: Display: Initializing Sound Submixes...
[2025.03.24-07.21.06:025][498]LogAudioMixer: Display: Creating Master Submix 'MasterSubmixDefault'
[2025.03.24-07.21.06:025][498]LogAudioMixer: Display: Creating Master Submix 'MasterReverbSubmixDefault'
[2025.03.24-07.21.06:026][498]LogAudioMixer: Display: Creating Master Submix 'MasterEQSubmixDefault'
[2025.03.24-07.21.06:026][498]LogAudioMixer: FMixerPlatformXAudio2::StartAudioStream() called
[2025.03.24-07.21.06:026][498]LogAudioMixer: Display: Output buffers initialized: Frames=1024, Channels=2, Samples=2048
[2025.03.24-07.21.06:027][498]LogAudioMixer: Display: Starting AudioMixerPlatformInterface::RunInternal()
[2025.03.24-07.21.06:027][498]LogAudioMixer: Display: FMixerPlatformXAudio2::SubmitBuffer() called for the first time
[2025.03.24-07.21.06:027][498]LogInit: FAudioDevice initialized.
[2025.03.24-07.21.06:027][498]LogAudio: Display: Audio Device (ID: 77) registered with world 'ThirdPersonExampleMap'.
[2025.03.24-07.21.06:040][498]LogLoad: Game class is 'ThirdPersonGameMode_C'
[2025.03.24-07.21.06:044][498]LogWorld: Bringing World /Game/ThirdPersonBP/Maps/UEDPIE_0_ThirdPersonExampleMap.ThirdPersonExampleMap up for play (max tick rate 60) at 2025.03.24-15.21.06
[2025.03.24-07.21.06:044][498]LogWorld: Bringing up level for play took: 0.003369
[2025.03.24-07.21.06:044][498]LogOnline: OSS: Creating online subsystem instance for: :Context_102
[2025.03.24-07.21.06:048][498]PIE: Server logged in
[2025.03.24-07.21.06:048][498]PIE: Play in editor total start time 0.147 seconds.
[2025.03.24-07.21.15:672][ 33]LogBlueprintUserMessages: [BP_Table_2] Press "F"
[2025.03.24-07.21.16:310][ 67]LogBlueprintUserMessages: [BP_Table_2] Press "F"
[2025.03.24-07.21.19:872][262]LogBlueprintUserMessages: [BP_Button_2] Press "G"
[2025.03.24-07.21.28:232][746]LogSlate: Updating window title bar state: overlay mode, drag disabled, window buttons hidden, title bar hidden
[2025.03.24-07.21.28:232][746]LogWorld: BeginTearingDown for /Game/ThirdPersonBP/Maps/UEDPIE_0_ThirdPersonExampleMap
[2025.03.24-07.21.28:232][746]LogWorld: UWorld::CleanupWorld for ThirdPersonExampleMap, bSessionEnded=true, bCleanupResources=true
[2025.03.24-07.21.28:232][746]LogSlate: InvalidateAllWidgets triggered.  All widgets were invalidated
[2025.03.24-07.21.28:254][746]LogPlayLevel: Display: Shutting down PIE online subsystems
[2025.03.24-07.21.28:260][746]LogSlate: InvalidateAllWidgets triggered.  All widgets were invalidated
[2025.03.24-07.21.28:289][746]LogAudio: Display: Audio Device unregistered from world 'None'.
[2025.03.24-07.21.28:290][746]LogAudioMixer: FMixerPlatformXAudio2::StopAudioStream() called
[2025.03.24-07.21.28:291][746]LogAudioMixer: FMixerPlatformXAudio2::StopAudioStream() called
[2025.03.24-07.21.28:295][746]LogSlate: Updating window title bar state: overlay mode, drag disabled, window buttons hidden, title bar hidden
[2025.03.24-07.21.28:298][746]LogUObjectHash: Compacting FUObjectHashTables data took   2.38ms
[2025.03.24-07.21.28:345][747]LogPlayLevel: Display: Destroying online subsystem :Context_102
[2025.03.24-07.21.29:937][791]Cmd: SELECT NONE
[2025.03.24-07.21.57:758][ 31]LogUObjectHash: Compacting FUObjectHashTables data took   4.49ms
[2025.03.24-07.21.57:806][ 31]LogSavePackage: Moving '../../../../../../project/UE/room_escape/Saved/ThirdPersonExampleMap_Auto0778ED1C141069922835DB1A9DC8768E2.tmp' to '../../../../../../project/UE/room_escape/Saved/Autosaves/Game/ThirdPersonBP/Maps/ThirdPersonExampleMap_Auto0.umap'
[2025.03.24-07.21.57:807][ 31]LogFileHelpers: Editor autosave (incl. external actors) for '/Game/ThirdPersonBP/Maps/ThirdPersonExampleMap' took 0.087
[2025.03.24-07.21.57:807][ 31]LogFileHelpers: Editor autosave (incl. sublevels & external actors) for all levels took 0.087
[2025.03.24-07.21.57:808][ 31]OBJ SavePackage: Generating thumbnails for [2] asset(s) in package [/Game/BP/Second/BP_SpotLight] ([2] browsable assets)...
[2025.03.24-07.21.57:834][ 31]OBJ SavePackage:     Rendered thumbnail for [Blueprint /Game/BP/Second/BP_SpotLight.BP_SpotLight]
[2025.03.24-07.21.57:834][ 31]OBJ SavePackage: Finished generating thumbnails for package [/Game/BP/Second/BP_SpotLight]
[2025.03.24-07.21.57:834][ 31]Cmd: OBJ SAVEPACKAGE PACKAGE="/Game/BP/Second/BP_SpotLight" FILE="../../../../../../project/UE/room_escape/Saved/Autosaves/Game/BP/Second/BP_SpotLight_Auto0.uasset" SILENT=false AUTOSAVING=true
[2025.03.24-07.21.57:842][ 31]LogSavePackage: Moving '../../../../../../project/UE/room_escape/Saved/BP_SpotLight_Auto093BBF3F542DD0768DEB5F48164FC5537.tmp' to '../../../../../../project/UE/room_escape/Saved/Autosaves/Game/BP/Second/BP_SpotLight_Auto0.uasset'
[2025.03.24-07.21.57:842][ 31]OBJ SavePackage: Generating thumbnails for [2] asset(s) in package [/Game/BP/Second/BP_Table] ([2] browsable assets)...
[2025.03.24-07.21.57:864][ 31]OBJ SavePackage:     Rendered thumbnail for [Blueprint /Game/BP/Second/BP_Table.BP_Table]
[2025.03.24-07.21.57:864][ 31]OBJ SavePackage: Finished generating thumbnails for package [/Game/BP/Second/BP_Table]
[2025.03.24-07.21.57:864][ 31]Cmd: OBJ SAVEPACKAGE PACKAGE="/Game/BP/Second/BP_Table" FILE="../../../../../../project/UE/room_escape/Saved/Autosaves/Game/BP/Second/BP_Table_Auto0.uasset" SILENT=false AUTOSAVING=true
[2025.03.24-07.21.57:895][ 31]LogSavePackage: Moving '../../../../../../project/UE/room_escape/Saved/BP_Table_Auto0A3936AE3480490F571CA47BAF29E5EFC.tmp' to '../../../../../../project/UE/room_escape/Saved/Autosaves/Game/BP/Second/BP_Table_Auto0.uasset'
[2025.03.24-07.21.57:895][ 31]OBJ SavePackage: Generating thumbnails for [0] asset(s) in package [/Game/BP/Second/BP_Button] ([2] browsable assets)...
[2025.03.24-07.21.57:895][ 31]OBJ SavePackage: Finished generating thumbnails for package [/Game/BP/Second/BP_Button]
[2025.03.24-07.21.57:895][ 31]Cmd: OBJ SAVEPACKAGE PACKAGE="/Game/BP/Second/BP_Button" FILE="../../../../../../project/UE/room_escape/Saved/Autosaves/Game/BP/Second/BP_Button_Auto0.uasset" SILENT=false AUTOSAVING=true
[2025.03.24-07.21.57:909][ 31]LogSavePackage: Moving '../../../../../../project/UE/room_escape/Saved/BP_Button_Auto0B1BB19C041F7F0ECD047FE81895D346D.tmp' to '../../../../../../project/UE/room_escape/Saved/Autosaves/Game/BP/Second/BP_Button_Auto0.uasset'
[2025.03.24-07.21.57:911][ 31]LogFileHelpers: Auto-saving content packages took 0.103
[2025.03.24-07.22.33:625][345]LogEditorViewport: Clicking on Actor (LMB): StaticMeshActor (Floor2)
[2025.03.24-07.22.34:559][371]LogEditorViewport: Clicking on Actor (LMB): StaticMeshActor (Floor2)
[2025.03.24-07.22.40:461][521]LogUObjectHash: Compacting FUObjectHashTables data took   1.11ms
[2025.03.24-07.22.41:610][521]LogSlate: Window 'Save Content' being destroyed
[2025.03.24-07.22.41:650][521]Cmd: OBJ SAVEPACKAGE PACKAGE="/Game/BP/Second/BP_Button" FILE="../../../../../../project/UE/room_escape/Content/BP/Second/BP_Button.uasset" SILENT=true
[2025.03.24-07.22.41:663][521]LogSavePackage: Moving '../../../../../../project/UE/room_escape/Saved/BP_Button4843A016442259374FB0DB9D4345DF83.tmp' to '../../../../../../project/UE/room_escape/Content/BP/Second/BP_Button.uasset'
[2025.03.24-07.22.41:664][521]Cmd: OBJ SAVEPACKAGE PACKAGE="/Game/BP/Second/BP_SpotLight" FILE="../../../../../../project/UE/room_escape/Content/BP/Second/BP_SpotLight.uasset" SILENT=true
[2025.03.24-07.22.41:666][521]LogSavePackage: Moving '../../../../../../project/UE/room_escape/Saved/BP_SpotLight4BD0E30248D42B0007EAE283EB61BC0C.tmp' to '../../../../../../project/UE/room_escape/Content/BP/Second/BP_SpotLight.uasset'
[2025.03.24-07.22.41:667][521]Cmd: OBJ SAVEPACKAGE PACKAGE="/Game/BP/Second/BP_Table" FILE="../../../../../../project/UE/room_escape/Content/BP/Second/BP_Table.uasset" SILENT=true
[2025.03.24-07.22.41:683][521]LogSavePackage: Moving '../../../../../../project/UE/room_escape/Saved/BP_Table65ADED7A4A9BB1DD22EDF9AD6B10CDDB.tmp' to '../../../../../../project/UE/room_escape/Content/BP/Second/BP_Table.uasset'
[2025.03.24-07.22.41:715][521]LogUObjectHash: Compacting FUObjectHashTables data took   0.53ms
[2025.03.24-07.22.41:745][521]LogSavePackage: Moving '../../../../../../project/UE/room_escape/Saved/ThirdPersonExampleMapCC9D149646AA8047F4B9F3BD457DE745.tmp' to '../../../../../../project/UE/room_escape/Content/ThirdPersonBP/Maps/ThirdPersonExampleMap.umap'
[2025.03.24-07.22.41:761][521]LogFileHelpers: Saving map 'ThirdPersonExampleMap' took 0.078
[2025.03.24-07.22.41:794][521]AssetCheck: New page: Asset Save: multiple assets
[2025.03.24-07.22.41:794][521]LogContentValidation: Display: Validating World /Game/ThirdPersonBP/Maps/ThirdPersonExampleMap.ThirdPersonExampleMap
[2025.03.24-07.22.41:794][521]LogContentValidation: Display: Validating Blueprint /Game/BP/Second/BP_SpotLight.BP_SpotLight
[2025.03.24-07.22.41:794][521]LogContentValidation: Display: Validating Blueprint /Game/BP/Second/BP_Table.BP_Table
[2025.03.24-07.22.41:794][521]LogContentValidation: Display: Validating Blueprint /Game/BP/Second/BP_Button.BP_Button
[2025.03.24-07.22.48:277][703]LogEditorViewport: Clicking on Actor (LMB): StaticMeshActor (Floor2)
[2025.03.24-07.22.48:623][712]LogEditorViewport: Clicking on Actor (LMB): StaticMeshActor (Wall16)
[2025.03.24-07.22.49:088][724]LogEditorViewport: Clicking on Actor (LMB): StaticMeshActor (Wall16)
[2025.03.24-07.22.49:840][745]LogEditorViewport: Clicking on Actor (LMB): StaticMeshActor (Wall13)
[2025.03.24-07.24.02:173][819]LogEditorViewport: Clicking on Actor (LMB): StaticMeshActor (Wall16)
[2025.03.24-07.25.50:186][607]LogSlate: Window 'Pick Parent Class' being destroyed
[2025.03.24-07.25.50:202][607]LogContentBrowser: Deferred new asset file creation: NewBlueprint
[2025.03.24-07.25.50:215][607]LogContentBrowser: Creating deferred item: NewBlueprint
[2025.03.24-07.26.10:234][932]LogContentBrowser: Attempting asset rename: NewBlueprint -> BP_MagicWall
[2025.03.24-07.26.10:259][932]LogContentBrowser: End creating deferred item NewBlueprint
[2025.03.24-07.26.12:498][968]LogAssetEditorSubsystem: Opening Asset editor for Blueprint /Game/BP/Second/BP_MagicWall.BP_MagicWall
[2025.03.24-07.29.21:069][999]BlueprintLog: New page: Compile BP_MagicWall
[2025.03.24-07.29.21:158][999]LogUObjectHash: Compacting FUObjectHashTables data took   4.61ms
[2025.03.24-07.29.35:120][371]LogEditorViewport: Clicking on Actor (LMB): StaticMeshActor (Wall21)
[2025.03.24-07.32.40:910][446]LogUObjectHash: Compacting FUObjectHashTables data took   2.61ms
[2025.03.24-07.32.40:942][446]LogSavePackage: Moving '../../../../../../project/UE/room_escape/Saved/ThirdPersonExampleMap_Auto14DF2516944D5D16DE2B12A948DB8CDCD.tmp' to '../../../../../../project/UE/room_escape/Saved/Autosaves/Game/ThirdPersonBP/Maps/ThirdPersonExampleMap_Auto1.umap'
[2025.03.24-07.32.40:944][446]LogFileHelpers: Editor autosave (incl. external actors) for '/Game/ThirdPersonBP/Maps/ThirdPersonExampleMap' took 0.072
[2025.03.24-07.32.40:944][446]LogFileHelpers: Editor autosave (incl. sublevels & external actors) for all levels took 0.072
[2025.03.24-08.27.30:923][353]LogFactory: FactoryCreateFile: StaticMesh with FbxFactory (0 0 D:\Download\Browser\door-from-portal-2-original/source/Door - p2.fbx)
[2025.03.24-08.27.30:963][353]LogFbx: Loading FBX Scene from D:\Download\Browser\door-from-portal-2-original/source/Door - p2.fbx
[2025.03.24-08.27.30:988][353]LogFbx: FBX Scene Loaded Succesfully
[2025.03.24-08.27.33:255][353]LogSlate: Window 'FBX Import Options' being destroyed
[2025.03.24-08.27.33:288][353]LogFbx: Warning: Getting valid bind pose failed. Try to recreate bind pose
[2025.03.24-08.27.33:288][353]LogFbx: Valid bind pose for Pose (FbxSDKBindPose) - portal_door_combined_model_2
[2025.03.24-08.27.33:289][353]LogFbx: Warning: Recreating bind pose succeeded.
[2025.03.24-08.27.33:304][353]LogMaterial: Display: Material /Game/MT/door-from-portal-2-original/source/portal_door_02.portal_door_02 needed to have new flag set bUsedWithSkeletalMesh !
[2025.03.24-08.27.33:310][353]LogMaterial: Display: Missing cached shadermap for portal_door_02 in PCD3D_SM5, Default, SM5 (DDC key hash: 6108A76C344C06B5BB6FAB2717C73150E8D5423E), compiling. 
[2025.03.24-08.27.33:355][353]LogShaderCompilers: Display: Submitted 32 shader compile jobs with 'Low' priority
[2025.03.24-08.27.33:396][353]LogShaderCompilers: Display: Worker (1/5): shaders left to compile 32
[2025.03.24-08.27.33:396][353]LogShaderCompilers: Display: Worker (2/5): shaders left to compile 23
[2025.03.24-08.27.33:396][353]LogShaderCompilers: Display: Worker (3/5): shaders left to compile 14
[2025.03.24-08.27.33:396][353]LogShaderCompilers: Display: Worker (4/5): shaders left to compile 5
[2025.03.24-08.27.33:396][353]LogShaderCompilers: Display: Started 32 'Local' shader compile jobs with 'Low' priority
[2025.03.24-08.27.33:396][353]LogTexture: Display: Building textures: portal_door_02_ncl1_1 (OODLE_AutoDXT, 1024X1024)
[2025.03.24-08.27.33:539][353]LogTextureFormatOodle: Display: non-RDO encode 1024 x 1024 x 1 to format OODLE_AutoDXT (Oodle OodleTex_BC1_WithTransparency) lambda=0 effort=20 
[2025.03.24-08.27.33:566][353]LogMaterial: Display: Missing cached shadermap for portal_door_02 in PCD3D_SM5, Default, SM5 (DDC key hash: 7A3BA57371397A02FFF4BB0E616626E816596F9C), compiling. 
[2025.03.24-08.27.33:594][353]LogFbx: Warning: Bones digested - 9  Depth of hierarchy - 5
[2025.03.24-08.27.33:737][353]LogSkeletalMesh: Section 0: Material=0, 5603 triangles
[2025.03.24-08.27.33:750][353]LogSkeletalMesh: Building Skeletal Mesh Door_-_p2...
[2025.03.24-08.27.33:848][353]LogSkeletalMesh: Section 0: Material=0, 5603 triangles
[2025.03.24-08.27.33:870][353]LogSkeletalMesh: Built Skeletal Mesh [0.12s] /Game/MT/door-from-portal-2-original/source/Door_-_p2.Door_-_p2
[2025.03.24-08.27.33:886][353]LogWorld: UWorld::CleanupWorld for World_28, bSessionEnded=true, bCleanupResources=true
[2025.03.24-08.27.33:887][353]LogSlate: InvalidateAllWidgets triggered.  All widgets were invalidated
[2025.03.24-08.27.33:926][353]FBXImport: FBX Scene Loading: Found texture name clash, name clash can be wrongly reassign at reimport , texture 'portal_door_02' was renamed 'portal_door_02_ncl1_1' 
[2025.03.24-08.27.33:926][353]FBXImport: Warning: No smoothing group information was found in this FBX scene.  Please make sure to enable the 'Export Smoothing Groups' option in the FBX Exporter plug-in before exporting the file.  Even for tools that don't support smoothing groups, the FBX Exporter will generate appropriate smoothing data at export-time so that correct vertex normals can be inferred while importing. 
[2025.03.24-08.27.34:000][353]LogFactory: FactoryCreateFile: Texture with ReimportTextureFactory (0 0 D:\Download\Browser\door-from-portal-2-original/textures/internal_ground_ao_texture.jpeg)
[2025.03.24-08.27.34:003][353]LogTexture: Display: Building textures: internal_ground_ao_texture (OODLE_AutoDXT, 512X512)
[2025.03.24-08.27.34:034][353]LogFactory: FactoryCreateFile: Texture with ReimportTextureFactory (0 0 D:\Download\Browser\door-from-portal-2-original/textures/portal_door_02.jpeg)
[2025.03.24-08.27.34:047][353]LogTexture: Display: Building textures: portal_door_02 (OODLE_AutoDXT, 1024X1024)
[2025.03.24-08.27.34:161][353]LogTextureFormatOodle: Display: non-RDO encode 1024 x 1024 x 1 to format OODLE_AutoDXT (Oodle OodleTex_BC1_WithTransparency) lambda=0 effort=20 
[2025.03.24-08.27.34:161][353]LogFactory: FactoryCreateFile: Texture with ReimportTextureFactory (0 0 D:\Download\Browser\door-from-portal-2-original/textures/portal_door_02_E.png)
[2025.03.24-08.27.34:178][353]LogTexture: Display: Building textures: portal_door_02_E (OODLE_AutoDXT, 1024X1024)
[2025.03.24-08.27.34:206][353]LogTextureFormatOodle: Display: non-RDO encode 1024 x 1024 x 1 to format OODLE_AutoDXT (Oodle OodleTex_BC1_WithTransparency) lambda=0 effort=20 
[2025.03.24-08.27.34:369][355]LogShaderCompilers: Display: Submitted 2 shader compile jobs with 'ForceLocal' priority
[2025.03.24-08.27.34:396][356]LogShaderCompilers: Display: Submitted 30 shader compile jobs with 'Normal' priority
[2025.03.24-08.27.36:474][403]LogSlate: Window 'Message Log' being destroyed
[2025.03.24-08.27.36:523][403]LogSlate: Window 'Message Log' being destroyed
[2025.03.24-08.27.42:267][522]LogShaderCompilers: Display: Worker (4/5): shaders left to compile 4
[2025.03.24-08.27.42:268][522]LogShaderCompilers: Display: Started 2 'Local' shader compile jobs with 'ForceLocal' priority
[2025.03.24-08.27.42:274][522]LogShaderCompilers: Display: === FShaderJobCache stats ===
[2025.03.24-08.27.42:275][522]LogShaderCompilers: Display: Total job queries 601, among them cache hits 110 (18.30%)
[2025.03.24-08.27.42:275][522]LogShaderCompilers: Display: Tracking 336 distinct input hashes that result in 95 distinct outputs (28.27%)
[2025.03.24-08.27.42:276][522]LogShaderCompilers: Display: RAM used: 0.77 MB (0.00 GB) of 819.20 MB (0.80 GB) budget. Usage: 0.09%
[2025.03.24-08.27.42:276][522]LogShaderCompilers: Display: ================================================
[2025.03.24-08.27.43:904][558]LogShaderCompilers: Display: Worker (4/5): shaders left to compile 2
[2025.03.24-08.27.43:904][558]LogShaderCompilers: Display: Started 1 'Local' shader compile jobs with 'ForceLocal' priority
[2025.03.24-08.27.44:884][575]LogShaderCompilers: Display: Worker (3/5): shaders left to compile 1
[2025.03.24-08.27.44:884][575]LogShaderCompilers: Display: Started 1 'Local' shader compile jobs with 'ForceLocal' priority
[2025.03.24-08.27.45:253][584]LogShaderCompilers: Display: Worker (4/5): shaders left to compile 28
[2025.03.24-08.27.45:254][584]LogShaderCompilers: Display: Started 8 'Local' shader compile jobs with 'Normal' priority
[2025.03.24-08.27.45:687][591]LogShaderCompilers: Display: Worker (3/5): shaders left to compile 20
[2025.03.24-08.27.45:687][591]LogShaderCompilers: Display: Started 6 'Local' shader compile jobs with 'Normal' priority
[2025.03.24-08.27.45:949][598]LogShaderCompilers: Display: Worker (2/5): shaders left to compile 14
[2025.03.24-08.27.45:949][598]LogShaderCompilers: Display: Started 4 'Local' shader compile jobs with 'Normal' priority
[2025.03.24-08.27.46:333][606]LogShaderCompilers: Display: Worker (1/5): shaders left to compile 10
[2025.03.24-08.27.46:334][606]LogShaderCompilers: Display: Started 3 'Local' shader compile jobs with 'Normal' priority
[2025.03.24-08.27.48:974][666]LogShaderCompilers: Display: Worker (2/5): shaders left to compile 7
[2025.03.24-08.27.48:974][666]LogShaderCompilers: Display: Started 2 'Local' shader compile jobs with 'Normal' priority
[2025.03.24-08.27.49:077][668]LogShaderCompilers: Display: Worker (1/5): shaders left to compile 5
[2025.03.24-08.27.49:077][668]LogShaderCompilers: Display: Started 2 'Local' shader compile jobs with 'Normal' priority
[2025.03.24-08.27.51:032][712]LogShaderCompilers: Display: Worker (2/5): shaders left to compile 3
[2025.03.24-08.27.51:032][712]LogShaderCompilers: Display: Started 1 'Local' shader compile jobs with 'Normal' priority
[2025.03.24-08.27.51:710][727]LogShaderCompilers: Display: Worker (1/5): shaders left to compile 2
[2025.03.24-08.27.51:711][727]LogShaderCompilers: Display: Started 1 'Local' shader compile jobs with 'Normal' priority
[2025.03.24-08.27.51:854][730]LogShaderCompilers: Display: Worker (2/5): shaders left to compile 1
[2025.03.24-08.27.51:854][730]LogShaderCompilers: Display: Started 1 'Local' shader compile jobs with 'Normal' priority
[2025.03.24-08.27.56:025][835]LogContentBrowser: Attempting asset rename: door-from-portal-2-original -> doorPortal
[2025.03.24-08.27.56:186][835]Cmd: OBJ SAVEPACKAGE PACKAGE="/Game/MT/doorPortal/textures/portal_door_02_E" FILE="../../../../../../project/UE/room_escape/Content/MT/doorPortal/textures/portal_door_02_E.uasset" SILENT=true
[2025.03.24-08.27.56:206][835]LogSavePackage: Moving '../../../../../../project/UE/room_escape/Saved/portal_door_02_EA1CCADCB40F4A5784AE077AB2FA7FD93.tmp' to '../../../../../../project/UE/room_escape/Content/MT/doorPortal/textures/portal_door_02_E.uasset'
[2025.03.24-08.27.56:213][835]Cmd: OBJ SAVEPACKAGE PACKAGE="/Game/MT/doorPortal/textures/portal_door_02" FILE="../../../../../../project/UE/room_escape/Content/MT/doorPortal/textures/portal_door_02.uasset" SILENT=true
[2025.03.24-08.27.56:278][835]LogSavePackage: Moving '../../../../../../project/UE/room_escape/Saved/portal_door_02C24E03794A992B2DFA7216827BD6B0FF.tmp' to '../../../../../../project/UE/room_escape/Content/MT/doorPortal/textures/portal_door_02.uasset'
[2025.03.24-08.27.56:295][835]LogSavePackage: Moving '../../../../../../project/UE/room_escape/Saved/internal_ground_ao_textureD75E81CD4664C509DD365790AB1EA677.tmp' to '../../../../../../project/UE/room_escape/Content/MT/doorPortal/textures/internal_ground_ao_texture.uasset'
[2025.03.24-08.27.56:315][835]Cmd: OBJ SAVEPACKAGE PACKAGE="/Game/MT/doorPortal/source/Door_-_p2_PhysicsAsset" FILE="../../../../../../project/UE/room_escape/Content/MT/doorPortal/source/Door_-_p2_PhysicsAsset.uasset" SILENT=true
[2025.03.24-08.27.56:321][835]LogSavePackage: Moving '../../../../../../project/UE/room_escape/Saved/Door_-_p2_PhysicsAssetF411D9AC410C18D8EFAE13A15E566083.tmp' to '../../../../../../project/UE/room_escape/Content/MT/doorPortal/source/Door_-_p2_PhysicsAsset.uasset'
[2025.03.24-08.27.56:321][835]Cmd: OBJ SAVEPACKAGE PACKAGE="/Game/MT/doorPortal/source/Door_-_p2_Skeleton" FILE="../../../../../../project/UE/room_escape/Content/MT/doorPortal/source/Door_-_p2_Skeleton.uasset" SILENT=true
[2025.03.24-08.27.56:322][835]LogSavePackage: Moving '../../../../../../project/UE/room_escape/Saved/Door_-_p2_Skeleton5D292348472CE95E672F8E85BFD26CB9.tmp' to '../../../../../../project/UE/room_escape/Content/MT/doorPortal/source/Door_-_p2_Skeleton.uasset'
[2025.03.24-08.27.56:327][835]Cmd: OBJ SAVEPACKAGE PACKAGE="/Game/MT/doorPortal/source/portal_door_02_ncl1_1" FILE="../../../../../../project/UE/room_escape/Content/MT/doorPortal/source/portal_door_02_ncl1_1.uasset" SILENT=true
[2025.03.24-08.27.56:391][835]LogSavePackage: Moving '../../../../../../project/UE/room_escape/Saved/portal_door_02_ncl1_1BB35140140ECEEE2DB9762A80206A1F7.tmp' to '../../../../../../project/UE/room_escape/Content/MT/doorPortal/source/portal_door_02_ncl1_1.uasset'
[2025.03.24-08.27.56:412][835]Cmd: OBJ SAVEPACKAGE PACKAGE="/Game/MT/doorPortal/source/portal_door_02" FILE="../../../../../../project/UE/room_escape/Content/MT/doorPortal/source/portal_door_02.uasset" SILENT=true
[2025.03.24-08.27.56:419][835]LogSavePackage: Moving '../../../../../../project/UE/room_escape/Saved/portal_door_027E57324D4BE673C13D65198B84922334.tmp' to '../../../../../../project/UE/room_escape/Content/MT/doorPortal/source/portal_door_02.uasset'
[2025.03.24-08.27.56:438][835]Cmd: OBJ SAVEPACKAGE PACKAGE="/Game/MT/doorPortal/source/Door_-_p2" FILE="../../../../../../project/UE/room_escape/Content/MT/doorPortal/source/Door_-_p2.uasset" SILENT=true
[2025.03.24-08.27.56:476][835]LogSavePackage: Moving '../../../../../../project/UE/room_escape/Saved/Door_-_p2F3EA8CC64971DBEFF0EB48A5E96D4EDE.tmp' to '../../../../../../project/UE/room_escape/Content/MT/doorPortal/source/Door_-_p2.uasset'
[2025.03.24-08.27.56:844][835]LogUObjectHash: Compacting FUObjectHashTables data took   7.12ms
[2025.03.24-08.27.56:885][835]LogUObjectHash: Compacting FUObjectHashTables data took   1.11ms
[2025.03.24-08.27.56:916][835]LogUObjectHash: Compacting FUObjectHashTables data took   0.56ms
[2025.03.24-08.27.56:943][835]LogUObjectHash: Compacting FUObjectHashTables data took   0.58ms
[2025.03.24-08.27.56:974][835]LogUObjectHash: Compacting FUObjectHashTables data took   0.67ms
[2025.03.24-08.27.57:002][835]LogUObjectHash: Compacting FUObjectHashTables data took   0.52ms
[2025.03.24-08.27.57:029][835]LogUObjectHash: Compacting FUObjectHashTables data took   0.52ms
[2025.03.24-08.27.57:060][835]LogUObjectHash: Compacting FUObjectHashTables data took   0.49ms
[2025.03.24-08.27.57:102][835]LogUObjectHash: Compacting FUObjectHashTables data took   3.08ms
[2025.03.24-08.27.57:131][835]LogUObjectHash: Compacting FUObjectHashTables data took   0.56ms
[2025.03.24-08.27.57:248][835]AssetCheck: New page: Asset Save: multiple assets
[2025.03.24-08.27.57:248][835]LogContentValidation: Display: Validating Texture2D /Game/MT/doorPortal/textures/portal_door_02_E.portal_door_02_E
[2025.03.24-08.27.57:248][835]LogContentValidation: Display: Validating Texture2D /Game/MT/doorPortal/textures/portal_door_02.portal_door_02
[2025.03.24-08.27.57:248][835]LogContentValidation: Display: Validating Texture2D /Game/MT/doorPortal/textures/internal_ground_ao_texture.internal_ground_ao_texture
[2025.03.24-08.27.57:248][835]LogContentValidation: Display: Validating PhysicsAsset /Game/MT/doorPortal/source/Door_-_p2_PhysicsAsset.Door_-_p2_PhysicsAsset
[2025.03.24-08.27.57:248][835]LogContentValidation: Display: Validating Skeleton /Game/MT/doorPortal/source/Door_-_p2_Skeleton.Door_-_p2_Skeleton
[2025.03.24-08.27.57:249][835]LogContentValidation: Display: Validating Texture2D /Game/MT/doorPortal/source/portal_door_02_ncl1_1.portal_door_02_ncl1_1
[2025.03.24-08.27.57:249][835]LogContentValidation: Display: Validating Material /Game/MT/doorPortal/source/portal_door_02.portal_door_02
[2025.03.24-08.27.57:249][835]LogContentValidation: Display: Validating SkeletalMesh /Game/MT/doorPortal/source/Door_-_p2.Door_-_p2
[2025.03.24-08.29.25:472][911]LogEditorViewport: Clicking on Actor (LMB): BP_MagicWall_C (BP_MagicWall)
[2025.03.24-08.29.28:020][981]Cmd: DELETE
[2025.03.24-08.29.28:021][981]Cmd: ACTOR DELETE
[2025.03.24-08.29.28:030][981]LogEditorActor: Deleted Actor: BP_MagicWall_C
[2025.03.24-08.29.28:095][981]LogUObjectHash: Compacting FUObjectHashTables data took   7.59ms
[2025.03.24-08.29.28:097][981]LogEditorActor: Deleted 1 Actors (0.075 secs)
[2025.03.24-08.29.29:810][ 28]LogEditorViewport: Clicking on Actor (LMB): SkeletalMeshActor (Door_-_p2)
[2025.03.24-08.31.06:838][727]LogEditorViewport: Clicking on Actor (LMB): StaticMeshActor (Floor2)
[2025.03.24-08.31.14:844][948]LogEditorViewport: Clicking on Actor (LMB): SkeletalMeshActor (Door_-_p2)
[2025.03.24-08.31.18:194][ 40]LogEditorViewport: Clicking on Actor (LMB): StaticMeshActor (Floor2)
[2025.03.24-08.31.28:371][311]LogEditorViewport: Clicking on Actor (LMB): StaticMeshActor (Wall16)
[2025.03.24-08.31.29:879][351]LogEditorViewport: Clicking on Actor (LMB): SkeletalMeshActor (Door_-_p2)
[2025.03.24-08.31.36:504][518]LogSlate: Window 'Message Log' being destroyed
[2025.03.24-08.31.36:557][518]LogSlate: Window 'Message Log' being destroyed
[2025.03.24-08.32.35:683][ 46]LogEditorViewport: Clicking on Actor (LMB): SkeletalMeshActor (Door_-_p2)
[2025.03.24-08.32.51:049][471]BlueprintLog: New page: Compile BP_MagicWall
[2025.03.24-08.32.51:147][471]LogUObjectHash: Compacting FUObjectHashTables data took   8.69ms
[2025.03.24-08.32.52:571][506]LogEditorViewport: Clicking on Actor (LMB): SkeletalMeshActor (Door_-_p2)
[2025.03.24-08.32.53:346][527]LogEditorViewport: Clicking on Actor (LMB): SkeletalMeshActor (Door_-_p2)
[2025.03.24-08.32.54:417][557]Cmd: DELETE
[2025.03.24-08.32.54:417][557]Cmd: ACTOR DELETE
[2025.03.24-08.32.54:423][557]LogEditorActor: Deleted Actor: SkeletalMeshActor
[2025.03.24-08.32.54:489][557]LogUObjectHash: Compacting FUObjectHashTables data took   5.62ms
[2025.03.24-08.32.54:491][557]LogEditorActor: Deleted 1 Actors (0.073 secs)
[2025.03.24-08.33.19:214][219]LogEditorViewport: Clicking on Actor (LMB): BP_MagicWall_C (BP_MagicWall)
[2025.03.24-08.33.25:777][403]LogEditorViewport: Clicking on Actor (LMB): StaticMeshActor (Floor2)
[2025.03.24-08.33.26:532][423]LogEditorViewport: Clicking on Actor (LMB): BP_MagicWall_C (BP_MagicWall)
[2025.03.24-08.33.29:400][502]LogEditorViewport: Clicking on Actor (LMB): StaticMeshActor (Floor2)
[2025.03.24-08.33.30:242][524]LogEditorViewport: Clicking on Actor (LMB): StaticMeshActor (Floor2)
[2025.03.24-08.33.35:845][679]LogWorld: UWorld::CleanupWorld for World_26, bSessionEnded=true, bCleanupResources=true
[2025.03.24-08.33.35:845][679]LogSlate: InvalidateAllWidgets triggered.  All widgets were invalidated
[2025.03.24-08.33.39:112][764]LogActorComponent: UnregisterComponent: (/Engine/Transient.EditorFloorComp) Not registered. Aborting.
[2025.03.24-08.33.39:112][764]LogWorld: UWorld::CleanupWorld for World_15, bSessionEnded=true, bCleanupResources=true
[2025.03.24-08.33.39:112][764]LogSlate: InvalidateAllWidgets triggered.  All widgets were invalidated
[2025.03.24-08.33.42:568][813]LogAssetEditorSubsystem: Opening Asset editor for Blueprint /Game/BP/Second/BP_MagicWall.BP_MagicWall
[2025.03.24-08.34.23:726][106]LogUObjectHash: Compacting FUObjectHashTables data took   2.62ms
[2025.03.24-08.34.23:773][106]LogSavePackage: Moving '../../../../../../project/UE/room_escape/Saved/ThirdPersonExampleMap_Auto20C02A6954E559AB2496E078A67B440AE.tmp' to '../../../../../../project/UE/room_escape/Saved/Autosaves/Game/ThirdPersonBP/Maps/ThirdPersonExampleMap_Auto2.umap'
[2025.03.24-08.34.23:774][106]LogFileHelpers: Editor autosave (incl. external actors) for '/Game/ThirdPersonBP/Maps/ThirdPersonExampleMap' took 0.096
[2025.03.24-08.34.23:774][106]LogFileHelpers: Editor autosave (incl. sublevels & external actors) for all levels took 0.096
[2025.03.24-08.34.28:072][256]LogSlate: Window 'BP_Button' being destroyed
[2025.03.24-08.36.55:556][976]BlueprintLog: New page: Compile BP_Button
[2025.03.24-08.36.55:620][976]LogUObjectHash: Compacting FUObjectHashTables data took   2.93ms
[2025.03.24-08.38.57:846][168]LogEditorViewport: Clicking on Actor (LMB): StaticMeshActor (Wall20)
[2025.03.24-08.38.58:754][211]LogEditorViewport: Clicking on Actor (LMB): StaticMeshActor (Wall16)
[2025.03.24-08.39.10:540][802]LogEditorViewport: Clicking on Actor (LMB): ThirdPersonCharacter_C (ThirdPersonCharacter)
[2025.03.24-08.40.46:244][ 29]LogAudioMixer: Warning: Changing default audio render device to new device: {0.0.0.00000000}.{28889e13-a039-4157-b81b-f8eed91d53ed}.
[2025.03.24-08.40.46:244][ 29]LogAudioMixer: Resetting audio stream to device id 
[2025.03.24-08.40.46:254][ 29]LogAudioMixer: Display: 0: FrontLeft
[2025.03.24-08.40.46:254][ 29]LogAudioMixer: Display: 1: FrontRight
[2025.03.24-08.41.15:514][104]LogAudioMixer: Warning: Changing default audio render device to new device: {0.0.0.00000000}.{9cd014f6-e44b-4026-ac05-e666d50ce081}.
[2025.03.24-08.41.15:628][104]LogAudioMixer: Resetting audio stream to device id 
[2025.03.24-08.41.15:669][104]LogAudioMixer: Display: 0: FrontLeft
[2025.03.24-08.41.15:669][104]LogAudioMixer: Display: 1: FrontRight
[2025.03.24-08.42.39:998][820]LogSlate: Prevented a slow task dialog from being summoned while a context menu was open
[2025.03.24-08.42.40:051][820]LogEditorClassViewer: Warning: Class /Engine/Tutorial/InWorldBlueprintEditing/TutorialAssets/IWBE_Blutility.IWBE_Blutility_C has parent /Script/Blutility.PlacedEditorUtilityBase, but this parent is not found. The Class will not be shown in ClassViewer.
[2025.03.24-08.44.24:255][597]LogUObjectHash: Compacting FUObjectHashTables data took   3.14ms
[2025.03.24-08.44.24:291][597]LogSavePackage: Moving '../../../../../../project/UE/room_escape/Saved/ThirdPersonExampleMap_Auto356A2FA144EC6D5D1ABA972B25FEA2E5D.tmp' to '../../../../../../project/UE/room_escape/Saved/Autosaves/Game/ThirdPersonBP/Maps/ThirdPersonExampleMap_Auto3.umap'
[2025.03.24-08.44.24:293][597]LogFileHelpers: Editor autosave (incl. external actors) for '/Game/ThirdPersonBP/Maps/ThirdPersonExampleMap' took 0.077
[2025.03.24-08.44.24:293][597]LogFileHelpers: Editor autosave (incl. sublevels & external actors) for all levels took 0.077
[2025.03.24-08.44.24:293][597]OBJ SavePackage: Generating thumbnails for [0] asset(s) in package [/Game/BP/Second/BP_Button] ([2] browsable assets)...
[2025.03.24-08.44.24:293][597]OBJ SavePackage: Finished generating thumbnails for package [/Game/BP/Second/BP_Button]
[2025.03.24-08.44.24:293][597]Cmd: OBJ SAVEPACKAGE PACKAGE="/Game/BP/Second/BP_Button" FILE="../../../../../../project/UE/room_escape/Saved/Autosaves/Game/BP/Second/BP_Button_Auto3.uasset" SILENT=false AUTOSAVING=true
[2025.03.24-08.44.24:306][597]LogSavePackage: Moving '../../../../../../project/UE/room_escape/Saved/BP_Button_Auto314530C964B74ACCF48C729B4850134E7.tmp' to '../../../../../../project/UE/room_escape/Saved/Autosaves/Game/BP/Second/BP_Button_Auto3.uasset'
[2025.03.24-08.44.24:307][597]LogFileHelpers: Auto-saving content packages took 0.015
[2025.03.24-08.53.27:504][227]LogContentBrowser: Deferred new asset folder creation: NewFolder
[2025.03.24-08.53.27:567][227]LogContentBrowser: Creating deferred item: NewFolder
[2025.03.24-08.53.32:750][406]LogContentBrowser: Attempting asset rename: NewFolder -> GameMode
[2025.03.24-08.53.32:754][406]LogContentBrowser: End creating deferred item NewFolder
[2025.03.24-08.53.56:514][629]LogSlate: Window 'Create New Blueprint' being destroyed
[2025.03.24-08.53.56:566][629]LogAssetEditorSubsystem: Opening Asset editor for Blueprint /Game/GameMode/PlayerControllerWithMouse.PlayerControllerWithMouse
[2025.03.24-08.54.09:932][402]BlueprintLog: New page: Compile PlayerControllerWithMouse
[2025.03.24-08.54.09:994][402]LogUObjectHash: Compacting FUObjectHashTables data took   4.48ms
[2025.03.24-08.54.31:089][354]LogTemp: Repeating last play command: Selected Viewport
[2025.03.24-08.54.31:099][354]BlueprintLog: New page: Pre-Play auto-recompile
[2025.03.24-08.54.31:100][354]LogPlayLevel: [PlayLevel] Compiling ThirdPersonExampleMap before play...
[2025.03.24-08.54.31:206][354]LogUObjectHash: Compacting FUObjectHashTables data took   3.66ms
[2025.03.24-08.54.31:207][354]LogPlayLevel: PlayLevel: Blueprint regeneration took 107 ms (1 blueprints)
[2025.03.24-08.54.31:207][354]PIE: New page: PIE session: ThirdPersonExampleMap (2025年3月25日 上午12:54:31)
[2025.03.24-08.54.31:208][354]LogPlayLevel: Creating play world package: /Game/ThirdPersonBP/Maps/UEDPIE_0_ThirdPersonExampleMap
[2025.03.24-08.54.31:226][354]LogPlayLevel: PIE: StaticDuplicateObject took: (0.018041s)
[2025.03.24-08.54.31:227][354]LogAIModule: Creating AISystem for world ThirdPersonExampleMap
[2025.03.24-08.54.31:228][354]LogPlayLevel: PIE: World Init took: (0.001331s)
[2025.03.24-08.54.31:228][354]LogPlayLevel: PIE: Created PIE world by copying editor world from /Game/ThirdPersonBP/Maps/ThirdPersonExampleMap.ThirdPersonExampleMap to /Game/ThirdPersonBP/Maps/UEDPIE_0_ThirdPersonExampleMap.ThirdPersonExampleMap (0.019649s)
[2025.03.24-08.54.31:266][354]LogUObjectHash: Compacting FUObjectHashTables data took   2.19ms
[2025.03.24-08.54.31:270][354]LogAudio: Display: Creating Audio Device:                 Id: 78, Scope: Unique, Realtime: True
[2025.03.24-08.54.31:270][354]LogAudioMixer: Display: Audio Mixer Platform Settings:
[2025.03.24-08.54.31:270][354]LogAudioMixer: Display: 	Sample Rate:						  48000
[2025.03.24-08.54.31:270][354]LogAudioMixer: Display: 	Callback Buffer Frame Size Requested: 1024
[2025.03.24-08.54.31:270][354]LogAudioMixer: Display: 	Callback Buffer Frame Size To Use:	  1024
[2025.03.24-08.54.31:270][354]LogAudioMixer: Display: 	Number of buffers to queue:			  2
[2025.03.24-08.54.31:270][354]LogAudioMixer: Display: 	Max Channels (voices):				  32
[2025.03.24-08.54.31:270][354]LogAudioMixer: Display: 	Number of Async Source Workers:		  0
[2025.03.24-08.54.31:270][354]LogAudio: Display: AudioDevice MaxSources: 32
[2025.03.24-08.54.31:270][354]LogAudio: Display: Audio Spatialization Plugin: None (built-in).
[2025.03.24-08.54.31:271][354]LogAudio: Display: Audio Reverb Plugin: None (built-in).
[2025.03.24-08.54.31:271][354]LogAudio: Display: Audio Occlusion Plugin: None (built-in).
[2025.03.24-08.54.31:271][354]LogAudioMixer: Display: Initializing audio mixer.
[2025.03.24-08.54.31:274][354]LogAudioMixer: Display: 0: FrontLeft
[2025.03.24-08.54.31:275][354]LogAudioMixer: Display: 1: FrontRight
[2025.03.24-08.54.31:312][354]LogAudioMixer: Display: Using Audio Device 扬声器 (适用于 I2S 音频的英特尔® 智音技术)
[2025.03.24-08.54.31:314][354]LogAudioMixer: Display: Initializing Sound Submixes...
[2025.03.24-08.54.31:314][354]LogAudioMixer: Display: Creating Master Submix 'MasterSubmixDefault'
[2025.03.24-08.54.31:314][354]LogAudioMixer: Display: Creating Master Submix 'MasterReverbSubmixDefault'
[2025.03.24-08.54.31:314][354]LogAudioMixer: Display: Creating Master Submix 'MasterEQSubmixDefault'
[2025.03.24-08.54.31:315][354]LogAudioMixer: FMixerPlatformXAudio2::StartAudioStream() called
[2025.03.24-08.54.31:315][354]LogAudioMixer: Display: Output buffers initialized: Frames=1024, Channels=2, Samples=2048
[2025.03.24-08.54.31:316][354]LogAudioMixer: Display: Starting AudioMixerPlatformInterface::RunInternal()
[2025.03.24-08.54.31:316][354]LogAudioMixer: Display: FMixerPlatformXAudio2::SubmitBuffer() called for the first time
[2025.03.24-08.54.31:316][354]LogInit: FAudioDevice initialized.
[2025.03.24-08.54.31:316][354]LogAudio: Display: Audio Device (ID: 78) registered with world 'ThirdPersonExampleMap'.
[2025.03.24-08.54.31:330][354]LogLoad: Game class is 'ThirdPersonGameMode_C'
[2025.03.24-08.54.31:335][354]LogWorld: Bringing World /Game/ThirdPersonBP/Maps/UEDPIE_0_ThirdPersonExampleMap.ThirdPersonExampleMap up for play (max tick rate 60) at 2025.03.24-16.54.31
[2025.03.24-08.54.31:335][354]LogWorld: Bringing up level for play took: 0.004140
[2025.03.24-08.54.31:336][354]LogOnline: OSS: Creating online subsystem instance for: :Context_108
[2025.03.24-08.54.31:339][354]PIE: Server logged in
[2025.03.24-08.54.31:341][354]PIE: Play in editor total start time 0.243 seconds.
[2025.03.24-08.54.34:263][524]LogSlate: Updating window title bar state: overlay mode, drag disabled, window buttons hidden, title bar hidden
[2025.03.24-08.54.34:263][524]LogWorld: BeginTearingDown for /Game/ThirdPersonBP/Maps/UEDPIE_0_ThirdPersonExampleMap
[2025.03.24-08.54.34:264][524]LogWorld: UWorld::CleanupWorld for ThirdPersonExampleMap, bSessionEnded=true, bCleanupResources=true
[2025.03.24-08.54.34:265][524]LogSlate: InvalidateAllWidgets triggered.  All widgets were invalidated
[2025.03.24-08.54.34:305][524]LogPlayLevel: Display: Shutting down PIE online subsystems
[2025.03.24-08.54.34:337][524]LogSlate: InvalidateAllWidgets triggered.  All widgets were invalidated
[2025.03.24-08.54.34:369][524]LogSlate: Updating window title bar state: overlay mode, drag disabled, window buttons hidden, title bar hidden
[2025.03.24-08.54.34:369][524]LogAudioMixer: FMixerPlatformXAudio2::StopAudioStream() called
[2025.03.24-08.54.34:370][524]LogAudioMixer: FMixerPlatformXAudio2::StopAudioStream() called
[2025.03.24-08.54.34:377][524]LogUObjectHash: Compacting FUObjectHashTables data took   1.83ms
[2025.03.24-08.54.34:396][525]LogPlayLevel: Display: Destroying online subsystem :Context_108
[2025.03.24-08.55.34:264][844]LogSlate: Prevented a slow task dialog from being summoned while a context menu was open
[2025.03.24-08.55.34:303][844]LogEditorClassViewer: Warning: Class /Engine/Tutorial/InWorldBlueprintEditing/TutorialAssets/IWBE_Blutility.IWBE_Blutility_C has parent /Script/Blutility.PlacedEditorUtilityBase, but this parent is not found. The Class will not be shown in ClassViewer.
[2025.03.24-08.57.29:908][528]BlueprintLog: New page: Compile BP_Button
[2025.03.24-08.57.29:976][528]LogUObjectHash: Compacting FUObjectHashTables data took   3.19ms
[2025.03.24-08.57.40:257][ 60]BlueprintLog: New page: Compile PlayerControllerWithMouse
[2025.03.24-08.57.40:314][ 60]LogUObjectHash: Compacting FUObjectHashTables data took   3.06ms
[2025.03.24-08.57.42:966][168]LogTemp: Repeating last play command: Selected Viewport
[2025.03.24-08.57.42:976][168]LogPlayLevel: PlayLevel: No blueprints needed recompiling
[2025.03.24-08.57.42:976][168]PIE: New page: PIE session: ThirdPersonExampleMap (2025年3月25日 上午12:57:42)
[2025.03.24-08.57.42:978][168]LogPlayLevel: Creating play world package: /Game/ThirdPersonBP/Maps/UEDPIE_0_ThirdPersonExampleMap
[2025.03.24-08.57.43:002][168]LogPlayLevel: PIE: StaticDuplicateObject took: (0.024701s)
[2025.03.24-08.57.43:004][168]LogAIModule: Creating AISystem for world ThirdPersonExampleMap
[2025.03.24-08.57.43:005][168]LogPlayLevel: PIE: World Init took: (0.003268s)
[2025.03.24-08.57.43:005][168]LogPlayLevel: PIE: Created PIE world by copying editor world from /Game/ThirdPersonBP/Maps/ThirdPersonExampleMap.ThirdPersonExampleMap to /Game/ThirdPersonBP/Maps/UEDPIE_0_ThirdPersonExampleMap.ThirdPersonExampleMap (0.028420s)
[2025.03.24-08.57.43:045][168]LogUObjectHash: Compacting FUObjectHashTables data took   2.54ms
[2025.03.24-08.57.43:048][168]LogAudio: Display: Creating Audio Device:                 Id: 79, Scope: Unique, Realtime: True
[2025.03.24-08.57.43:048][168]LogAudioMixer: Display: Audio Mixer Platform Settings:
[2025.03.24-08.57.43:049][168]LogAudioMixer: Display: 	Sample Rate:						  48000
[2025.03.24-08.57.43:049][168]LogAudioMixer: Display: 	Callback Buffer Frame Size Requested: 1024
[2025.03.24-08.57.43:049][168]LogAudioMixer: Display: 	Callback Buffer Frame Size To Use:	  1024
[2025.03.24-08.57.43:049][168]LogAudioMixer: Display: 	Number of buffers to queue:			  2
[2025.03.24-08.57.43:049][168]LogAudioMixer: Display: 	Max Channels (voices):				  32
[2025.03.24-08.57.43:049][168]LogAudioMixer: Display: 	Number of Async Source Workers:		  0
[2025.03.24-08.57.43:049][168]LogAudio: Display: AudioDevice MaxSources: 32
[2025.03.24-08.57.43:049][168]LogAudio: Display: Audio Spatialization Plugin: None (built-in).
[2025.03.24-08.57.43:049][168]LogAudio: Display: Audio Reverb Plugin: None (built-in).
[2025.03.24-08.57.43:049][168]LogAudio: Display: Audio Occlusion Plugin: None (built-in).
[2025.03.24-08.57.43:049][168]LogAudioMixer: Display: Initializing audio mixer.
[2025.03.24-08.57.43:052][168]LogAudioMixer: Display: 0: FrontLeft
[2025.03.24-08.57.43:052][168]LogAudioMixer: Display: 1: FrontRight
[2025.03.24-08.57.43:083][168]LogAudioMixer: Display: Using Audio Device 扬声器 (适用于 I2S 音频的英特尔® 智音技术)
[2025.03.24-08.57.43:083][168]LogAudioMixer: Display: Initializing Sound Submixes...
[2025.03.24-08.57.43:083][168]LogAudioMixer: Display: Creating Master Submix 'MasterSubmixDefault'
[2025.03.24-08.57.43:083][168]LogAudioMixer: Display: Creating Master Submix 'MasterReverbSubmixDefault'
[2025.03.24-08.57.43:084][168]LogAudioMixer: Display: Creating Master Submix 'MasterEQSubmixDefault'
[2025.03.24-08.57.43:084][168]LogAudioMixer: FMixerPlatformXAudio2::StartAudioStream() called
[2025.03.24-08.57.43:084][168]LogAudioMixer: Display: Output buffers initialized: Frames=1024, Channels=2, Samples=2048
[2025.03.24-08.57.43:085][168]LogAudioMixer: Display: Starting AudioMixerPlatformInterface::RunInternal()
[2025.03.24-08.57.43:085][168]LogAudioMixer: Display: FMixerPlatformXAudio2::SubmitBuffer() called for the first time
[2025.03.24-08.57.43:085][168]LogInit: FAudioDevice initialized.
[2025.03.24-08.57.43:085][168]LogAudio: Display: Audio Device (ID: 79) registered with world 'ThirdPersonExampleMap'.
[2025.03.24-08.57.43:091][168]LogLoad: Game class is 'ThirdPersonGameMode_C'
[2025.03.24-08.57.43:093][168]LogWorld: Bringing World /Game/ThirdPersonBP/Maps/UEDPIE_0_ThirdPersonExampleMap.ThirdPersonExampleMap up for play (max tick rate 60) at 2025.03.24-16.57.43
[2025.03.24-08.57.43:094][168]LogWorld: Bringing up level for play took: 0.002238
[2025.03.24-08.57.43:094][168]LogOnline: OSS: Creating online subsystem instance for: :Context_109
[2025.03.24-08.57.43:096][168]PIE: Server logged in
[2025.03.24-08.57.43:096][168]PIE: Play in editor total start time 0.122 seconds.
[2025.03.24-08.57.47:831][448]LogBlueprintUserMessages: [BP_Table_2] Press "F"
[2025.03.24-08.57.52:215][711]LogBlueprintUserMessages: [BP_Table_2] Press "F"
[2025.03.24-08.57.56:581][973]LogBlueprintUserMessages: [BP_Button_2] Click It
[2025.03.24-08.58.14:000][ 16]LogSlate: Updating window title bar state: overlay mode, drag disabled, window buttons hidden, title bar hidden
[2025.03.24-08.58.14:000][ 16]LogWorld: BeginTearingDown for /Game/ThirdPersonBP/Maps/UEDPIE_0_ThirdPersonExampleMap
[2025.03.24-08.58.14:000][ 16]LogWorld: UWorld::CleanupWorld for ThirdPersonExampleMap, bSessionEnded=true, bCleanupResources=true
[2025.03.24-08.58.14:000][ 16]LogSlate: InvalidateAllWidgets triggered.  All widgets were invalidated
[2025.03.24-08.58.14:023][ 16]LogPlayLevel: Display: Shutting down PIE online subsystems
[2025.03.24-08.58.14:053][ 16]LogSlate: InvalidateAllWidgets triggered.  All widgets were invalidated
[2025.03.24-08.58.14:083][ 16]LogAudio: Display: Audio Device unregistered from world 'None'.
[2025.03.24-08.58.14:083][ 16]LogAudioMixer: FMixerPlatformXAudio2::StopAudioStream() called
[2025.03.24-08.58.14:084][ 16]LogAudioMixer: FMixerPlatformXAudio2::StopAudioStream() called
[2025.03.24-08.58.14:086][ 16]LogSlate: Updating window title bar state: overlay mode, drag disabled, window buttons hidden, title bar hidden
[2025.03.24-08.58.14:091][ 16]LogUObjectHash: Compacting FUObjectHashTables data took   1.72ms
[2025.03.24-08.58.14:119][ 17]LogPlayLevel: Display: Destroying online subsystem :Context_109
[2025.03.24-08.58.16:354][ 90]LogSlate: Prevented a slow task dialog from being summoned while a context menu was open
[2025.03.24-08.58.16:383][ 90]LogEditorClassViewer: Warning: Class /Engine/Tutorial/InWorldBlueprintEditing/TutorialAssets/IWBE_Blutility.IWBE_Blutility_C has parent /Script/Blutility.PlacedEditorUtilityBase, but this parent is not found. The Class will not be shown in ClassViewer.
[2025.03.24-08.58.31:881][628]LogUObjectHash: Compacting FUObjectHashTables data took   6.05ms
[2025.03.24-08.58.33:055][628]LogSlate: Window 'Save Content' being destroyed
[2025.03.24-08.58.33:094][628]Cmd: OBJ SAVEPACKAGE PACKAGE="/Game/BP/Second/BP_Button" FILE="../../../../../../project/UE/room_escape/Content/BP/Second/BP_Button.uasset" SILENT=true
[2025.03.24-08.58.33:110][628]LogSavePackage: Moving '../../../../../../project/UE/room_escape/Saved/BP_Button268369774931EE131CD159BCB015968F.tmp' to '../../../../../../project/UE/room_escape/Content/BP/Second/BP_Button.uasset'
[2025.03.24-08.58.33:138][628]Cmd: OBJ SAVEPACKAGE PACKAGE="/Game/BP/Second/BP_MagicWall" FILE="../../../../../../project/UE/room_escape/Content/BP/Second/BP_MagicWall.uasset" SILENT=true
[2025.03.24-08.58.33:146][628]LogSavePackage: Moving '../../../../../../project/UE/room_escape/Saved/BP_MagicWall6C6A92764DB267E3ED2E77816AB2292C.tmp' to '../../../../../../project/UE/room_escape/Content/BP/Second/BP_MagicWall.uasset'
[2025.03.24-08.58.33:146][628]Cmd: OBJ SAVEPACKAGE PACKAGE="/Game/GameMode/PlayerControllerWithMouse" FILE="../../../../../../project/UE/room_escape/Content/GameMode/PlayerControllerWithMouse.uasset" SILENT=true
[2025.03.24-08.58.33:149][628]LogSavePackage: Moving '../../../../../../project/UE/room_escape/Saved/PlayerControllerWithMouse6C2681D645396E175E3AFDB653E7DB8D.tmp' to '../../../../../../project/UE/room_escape/Content/GameMode/PlayerControllerWithMouse.uasset'
[2025.03.24-08.58.33:184][628]LogUObjectHash: Compacting FUObjectHashTables data took   0.64ms
[2025.03.24-08.58.33:213][628]LogSavePackage: Moving '../../../../../../project/UE/room_escape/Saved/ThirdPersonExampleMap36C6B1084D8AFF71060171894EE3C08A.tmp' to '../../../../../../project/UE/room_escape/Content/ThirdPersonBP/Maps/ThirdPersonExampleMap.umap'
[2025.03.24-08.58.33:223][628]LogFileHelpers: Saving map 'ThirdPersonExampleMap' took 0.074
[2025.03.24-08.58.33:224][628]Cmd: OBJ SAVEPACKAGE PACKAGE="/Game/ThirdPersonBP/Blueprints/ThirdPersonGameMode" FILE="../../../../../../project/UE/room_escape/Content/ThirdPersonBP/Blueprints/ThirdPersonGameMode.uasset" SILENT=true
[2025.03.24-08.58.33:228][628]LogSavePackage: Moving '../../../../../../project/UE/room_escape/Saved/ThirdPersonGameModeF6A595614B9A7B9C64F9F184C7AE0734.tmp' to '../../../../../../project/UE/room_escape/Content/ThirdPersonBP/Blueprints/ThirdPersonGameMode.uasset'
[2025.03.24-08.58.33:249][628]AssetCheck: New page: Asset Save: multiple assets
[2025.03.24-08.58.33:249][628]LogContentValidation: Display: Validating Blueprint /Game/ThirdPersonBP/Blueprints/ThirdPersonGameMode.ThirdPersonGameMode
[2025.03.24-08.58.33:249][628]LogContentValidation: Display: Validating World /Game/ThirdPersonBP/Maps/ThirdPersonExampleMap.ThirdPersonExampleMap
[2025.03.24-08.58.33:249][628]LogContentValidation: Display: Validating Blueprint /Game/BP/Second/BP_MagicWall.BP_MagicWall
[2025.03.24-08.58.33:249][628]LogContentValidation: Display: Validating Blueprint /Game/BP/Second/BP_Button.BP_Button
[2025.03.24-08.58.33:249][628]LogContentValidation: Display: Validating Blueprint /Game/GameMode/PlayerControllerWithMouse.PlayerControllerWithMouse
[2025.03.24-08.58.34:887][684]LogTemp: Repeating last play command: Selected Viewport
[2025.03.24-08.58.34:897][684]LogPlayLevel: PlayLevel: No blueprints needed recompiling
[2025.03.24-08.58.34:898][684]PIE: New page: PIE session: ThirdPersonExampleMap (2025年3月25日 上午12:58:34)
[2025.03.24-08.58.34:899][684]LogPlayLevel: Creating play world package: /Game/ThirdPersonBP/Maps/UEDPIE_0_ThirdPersonExampleMap
[2025.03.24-08.58.34:935][684]LogPlayLevel: PIE: StaticDuplicateObject took: (0.035070s)
[2025.03.24-08.58.34:937][684]LogAIModule: Creating AISystem for world ThirdPersonExampleMap
[2025.03.24-08.58.34:937][684]LogPlayLevel: PIE: World Init took: (0.002231s)
[2025.03.24-08.58.34:937][684]LogPlayLevel: PIE: Created PIE world by copying editor world from /Game/ThirdPersonBP/Maps/ThirdPersonExampleMap.ThirdPersonExampleMap to /Game/ThirdPersonBP/Maps/UEDPIE_0_ThirdPersonExampleMap.ThirdPersonExampleMap (0.037689s)
[2025.03.24-08.58.34:977][684]LogUObjectHash: Compacting FUObjectHashTables data took   3.05ms
[2025.03.24-08.58.34:980][684]LogAudio: Display: Creating Audio Device:                 Id: 80, Scope: Unique, Realtime: True
[2025.03.24-08.58.34:980][684]LogAudioMixer: Display: Audio Mixer Platform Settings:
[2025.03.24-08.58.34:980][684]LogAudioMixer: Display: 	Sample Rate:						  48000
[2025.03.24-08.58.34:980][684]LogAudioMixer: Display: 	Callback Buffer Frame Size Requested: 1024
[2025.03.24-08.58.34:980][684]LogAudioMixer: Display: 	Callback Buffer Frame Size To Use:	  1024
[2025.03.24-08.58.34:980][684]LogAudioMixer: Display: 	Number of buffers to queue:			  2
[2025.03.24-08.58.34:980][684]LogAudioMixer: Display: 	Max Channels (voices):				  32
[2025.03.24-08.58.34:980][684]LogAudioMixer: Display: 	Number of Async Source Workers:		  0
[2025.03.24-08.58.34:980][684]LogAudio: Display: AudioDevice MaxSources: 32
[2025.03.24-08.58.34:980][684]LogAudio: Display: Audio Spatialization Plugin: None (built-in).
[2025.03.24-08.58.34:981][684]LogAudio: Display: Audio Reverb Plugin: None (built-in).
[2025.03.24-08.58.34:981][684]LogAudio: Display: Audio Occlusion Plugin: None (built-in).
[2025.03.24-08.58.34:981][684]LogAudioMixer: Display: Initializing audio mixer.
[2025.03.24-08.58.34:983][684]LogAudioMixer: Display: 0: FrontLeft
[2025.03.24-08.58.34:983][684]LogAudioMixer: Display: 1: FrontRight
[2025.03.24-08.58.35:014][684]LogAudioMixer: Display: Using Audio Device 扬声器 (适用于 I2S 音频的英特尔® 智音技术)
[2025.03.24-08.58.35:014][684]LogAudioMixer: Display: Initializing Sound Submixes...
[2025.03.24-08.58.35:014][684]LogAudioMixer: Display: Creating Master Submix 'MasterSubmixDefault'
[2025.03.24-08.58.35:014][684]LogAudioMixer: Display: Creating Master Submix 'MasterReverbSubmixDefault'
[2025.03.24-08.58.35:014][684]LogAudioMixer: Display: Creating Master Submix 'MasterEQSubmixDefault'
[2025.03.24-08.58.35:014][684]LogAudioMixer: FMixerPlatformXAudio2::StartAudioStream() called
[2025.03.24-08.58.35:014][684]LogAudioMixer: Display: Output buffers initialized: Frames=1024, Channels=2, Samples=2048
[2025.03.24-08.58.35:015][684]LogAudioMixer: Display: Starting AudioMixerPlatformInterface::RunInternal()
[2025.03.24-08.58.35:015][684]LogAudioMixer: Display: FMixerPlatformXAudio2::SubmitBuffer() called for the first time
[2025.03.24-08.58.35:015][684]LogInit: FAudioDevice initialized.
[2025.03.24-08.58.35:015][684]LogAudio: Display: Audio Device (ID: 80) registered with world 'ThirdPersonExampleMap'.
[2025.03.24-08.58.35:023][684]LogLoad: Game class is 'ThirdPersonGameMode_C'
[2025.03.24-08.58.35:025][684]LogWorld: Bringing World /Game/ThirdPersonBP/Maps/UEDPIE_0_ThirdPersonExampleMap.ThirdPersonExampleMap up for play (max tick rate 60) at 2025.03.24-16.58.35
[2025.03.24-08.58.35:025][684]LogWorld: Bringing up level for play took: 0.002105
[2025.03.24-08.58.35:025][684]LogOnline: OSS: Creating online subsystem instance for: :Context_110
[2025.03.24-08.58.35:026][684]PIE: Server logged in
[2025.03.24-08.58.35:027][684]PIE: Play in editor total start time 0.132 seconds.
[2025.03.24-08.58.39:875][971]LogBlueprintUserMessages: [BP_Table_2] Press "F"
[2025.03.24-08.58.42:928][154]LogBlueprintUserMessages: [BP_Table_2] Press "F"
[2025.03.24-08.58.48:430][482]LogBlueprintUserMessages: [BP_Button_2] Click It
[2025.03.24-08.58.54:598][852]LogBlueprintUserMessages: [BP_Button_2] Click It
[2025.03.24-08.59.11:024][837]LogScript: Warning: Accessed None trying to read property HAMBURGER
	BP_TriggerArea_C /Game/ThirdPersonBP/Maps/UEDPIE_0_ThirdPersonExampleMap.ThirdPersonExampleMap:PersistentLevel.BP_TriggerArea_2
	Function /Game/BP/Second/BP_TriggerArea.BP_TriggerArea_C:ExecuteUbergraph_BP_TriggerArea:0071
[2025.03.24-08.59.11:024][837]PIE: Error: Blueprint Runtime Error: "Accessed None trying to read property HAMBURGER". Blueprint:  BP_TriggerArea Function:  Execute Ubergraph BP Trigger Area Graph:  EventGraph Node:  Set Visibility
[2025.03.24-08.59.11:575][870]LogScript: Warning: Accessed None trying to read property HAMBURGER
	BP_TriggerArea_C /Game/ThirdPersonBP/Maps/UEDPIE_0_ThirdPersonExampleMap.ThirdPersonExampleMap:PersistentLevel.BP_TriggerArea_2
	Function /Game/BP/Second/BP_TriggerArea.BP_TriggerArea_C:ExecuteUbergraph_BP_TriggerArea:0071
[2025.03.24-08.59.11:575][870]PIE: Error: Blueprint Runtime Error: "Accessed None trying to read property HAMBURGER". Blueprint:  BP_TriggerArea Function:  Execute Ubergraph BP Trigger Area Graph:  EventGraph Node:  Set Visibility
[2025.03.24-08.59.12:919][949]LogSlate: Updating window title bar state: overlay mode, drag disabled, window buttons hidden, title bar hidden
[2025.03.24-08.59.12:919][949]LogWorld: BeginTearingDown for /Game/ThirdPersonBP/Maps/UEDPIE_0_ThirdPersonExampleMap
[2025.03.24-08.59.12:919][949]LogWorld: UWorld::CleanupWorld for ThirdPersonExampleMap, bSessionEnded=true, bCleanupResources=true
[2025.03.24-08.59.12:920][949]LogSlate: InvalidateAllWidgets triggered.  All widgets were invalidated
[2025.03.24-08.59.12:935][949]LogPlayLevel: Display: Shutting down PIE online subsystems
[2025.03.24-08.59.12:965][949]LogSlate: InvalidateAllWidgets triggered.  All widgets were invalidated
[2025.03.24-08.59.12:994][949]LogAudio: Display: Audio Device unregistered from world 'None'.
[2025.03.24-08.59.12:994][949]LogAudioMixer: FMixerPlatformXAudio2::StopAudioStream() called
[2025.03.24-08.59.12:995][949]LogAudioMixer: FMixerPlatformXAudio2::StopAudioStream() called
[2025.03.24-08.59.12:997][949]LogSlate: Updating window title bar state: overlay mode, drag disabled, window buttons hidden, title bar hidden
[2025.03.24-08.59.13:003][949]LogUObjectHash: Compacting FUObjectHashTables data took   4.31ms
[2025.03.24-08.59.13:139][950]LogPlayLevel: Display: Destroying online subsystem :Context_110
[2025.03.24-08.59.35:024][633]LogSlate: Window 'Message Log' being destroyed
[2025.03.24-08.59.35:073][633]LogSlate: Window 'Message Log' being destroyed
[2025.03.24-08.59.58:295][378]LogSlate: Window 'Message Log' being destroyed
[2025.03.24-08.59.58:338][378]LogSlate: Window 'Message Log' being destroyed
[2025.03.24-09.00.03:394][534]LogUObjectHash: Compacting FUObjectHashTables data took   7.73ms
[2025.03.24-09.00.05:345][534]LogSlate: Window 'Delete Assets' being destroyed
[2025.03.24-09.00.05:431][534]LogWorld: UWorld::CleanupWorld for World_30, bSessionEnded=true, bCleanupResources=true
[2025.03.24-09.00.05:431][534]LogSlate: InvalidateAllWidgets triggered.  All widgets were invalidated
[2025.03.24-09.00.05:482][534]LogUObjectGlobals: Force Deleting 1 Package(s):
	Asset Name: /Game/GameMode/PlayerControllerWithMouse.PlayerControllerWithMouse
[2025.03.24-09.00.06:062][534]LogUObjectHash: Compacting FUObjectHashTables data took   1.97ms
[2025.03.24-09.00.06:093][534]LogUObjectHash: Compacting FUObjectHashTables data took   1.98ms
[2025.03.24-09.00.06:121][534]LogUObjectHash: Compacting FUObjectHashTables data took   0.52ms
[2025.03.24-09.00.09:390][639]LogTemp: Repeating last play command: Selected Viewport
[2025.03.24-09.00.09:397][639]LogPlayLevel: PlayLevel: No blueprints needed recompiling
[2025.03.24-09.00.09:398][639]PIE: New page: PIE session: ThirdPersonExampleMap (2025年3月25日 上午1:00:09)
[2025.03.24-09.00.09:399][639]LogPlayLevel: Creating play world package: /Game/ThirdPersonBP/Maps/UEDPIE_0_ThirdPersonExampleMap
[2025.03.24-09.00.09:423][639]LogPlayLevel: PIE: StaticDuplicateObject took: (0.024751s)
[2025.03.24-09.00.09:425][639]LogAIModule: Creating AISystem for world ThirdPersonExampleMap
[2025.03.24-09.00.09:426][639]LogPlayLevel: PIE: World Init took: (0.002338s)
[2025.03.24-09.00.09:426][639]LogPlayLevel: PIE: Created PIE world by copying editor world from /Game/ThirdPersonBP/Maps/ThirdPersonExampleMap.ThirdPersonExampleMap to /Game/ThirdPersonBP/Maps/UEDPIE_0_ThirdPersonExampleMap.ThirdPersonExampleMap (0.027588s)
[2025.03.24-09.00.09:472][639]LogUObjectHash: Compacting FUObjectHashTables data took   5.54ms
[2025.03.24-09.00.09:475][639]LogAudio: Display: Creating Audio Device:                 Id: 81, Scope: Unique, Realtime: True
[2025.03.24-09.00.09:475][639]LogAudioMixer: Display: Audio Mixer Platform Settings:
[2025.03.24-09.00.09:475][639]LogAudioMixer: Display: 	Sample Rate:						  48000
[2025.03.24-09.00.09:475][639]LogAudioMixer: Display: 	Callback Buffer Frame Size Requested: 1024
[2025.03.24-09.00.09:475][639]LogAudioMixer: Display: 	Callback Buffer Frame Size To Use:	  1024
[2025.03.24-09.00.09:475][639]LogAudioMixer: Display: 	Number of buffers to queue:			  2
[2025.03.24-09.00.09:477][639]LogAudioMixer: Display: 	Max Channels (voices):				  32
[2025.03.24-09.00.09:477][639]LogAudioMixer: Display: 	Number of Async Source Workers:		  0
[2025.03.24-09.00.09:477][639]LogAudio: Display: AudioDevice MaxSources: 32
[2025.03.24-09.00.09:477][639]LogAudio: Display: Audio Spatialization Plugin: None (built-in).
[2025.03.24-09.00.09:477][639]LogAudio: Display: Audio Reverb Plugin: None (built-in).
[2025.03.24-09.00.09:477][639]LogAudio: Display: Audio Occlusion Plugin: None (built-in).
[2025.03.24-09.00.09:477][639]LogAudioMixer: Display: Initializing audio mixer.
[2025.03.24-09.00.09:480][639]LogAudioMixer: Display: 0: FrontLeft
[2025.03.24-09.00.09:480][639]LogAudioMixer: Display: 1: FrontRight
[2025.03.24-09.00.09:518][639]LogAudioMixer: Display: Using Audio Device 扬声器 (适用于 I2S 音频的英特尔® 智音技术)
[2025.03.24-09.00.09:519][639]LogAudioMixer: Display: Initializing Sound Submixes...
[2025.03.24-09.00.09:519][639]LogAudioMixer: Display: Creating Master Submix 'MasterSubmixDefault'
[2025.03.24-09.00.09:519][639]LogAudioMixer: Display: Creating Master Submix 'MasterReverbSubmixDefault'
[2025.03.24-09.00.09:519][639]LogAudioMixer: Display: Creating Master Submix 'MasterEQSubmixDefault'
[2025.03.24-09.00.09:519][639]LogAudioMixer: FMixerPlatformXAudio2::StartAudioStream() called
[2025.03.24-09.00.09:519][639]LogAudioMixer: Display: Output buffers initialized: Frames=1024, Channels=2, Samples=2048
[2025.03.24-09.00.09:520][639]LogAudioMixer: Display: Starting AudioMixerPlatformInterface::RunInternal()
[2025.03.24-09.00.09:520][639]LogAudioMixer: Display: FMixerPlatformXAudio2::SubmitBuffer() called for the first time
[2025.03.24-09.00.09:520][639]LogInit: FAudioDevice initialized.
[2025.03.24-09.00.09:520][639]LogAudio: Display: Audio Device (ID: 81) registered with world 'ThirdPersonExampleMap'.
[2025.03.24-09.00.09:529][639]LogLoad: Game class is 'ThirdPersonGameMode_C'
[2025.03.24-09.00.09:532][639]LogWorld: Bringing World /Game/ThirdPersonBP/Maps/UEDPIE_0_ThirdPersonExampleMap.ThirdPersonExampleMap up for play (max tick rate 60) at 2025.03.24-17.00.09
[2025.03.24-09.00.09:533][639]LogWorld: Bringing up level for play took: 0.003711
[2025.03.24-09.00.09:533][639]LogOnline: OSS: Creating online subsystem instance for: :Context_111
[2025.03.24-09.00.09:536][639]PIE: Server logged in
[2025.03.24-09.00.09:537][639]PIE: Play in editor total start time 0.141 seconds.
[2025.03.24-09.00.15:328][982]LogBlueprintUserMessages: [BP_Table_2] Press "F"
[2025.03.24-09.00.18:878][195]LogBlueprintUserMessages: [BP_Button_2] Click It
[2025.03.24-09.00.32:498][ 12]LogScript: Warning: Attempted to access HAMBURGER via property HAMBURGER, but HAMBURGER is pending kill
	BP_TriggerArea_C /Game/ThirdPersonBP/Maps/UEDPIE_0_ThirdPersonExampleMap.ThirdPersonExampleMap:PersistentLevel.BP_TriggerArea_2
	Function /Game/BP/Second/BP_TriggerArea.BP_TriggerArea_C:ExecuteUbergraph_BP_TriggerArea:0071
[2025.03.24-09.00.32:499][ 12]PIE: Error: Blueprint Runtime Error: "Attempted to access HAMBURGER via property HAMBURGER, but HAMBURGER is pending kill". Blueprint:  BP_TriggerArea Function:  Execute Ubergraph BP Trigger Area Graph:  EventGraph Node:  Set Visibility
[2025.03.24-09.00.36:189][232]LogSlate: Updating window title bar state: overlay mode, drag disabled, window buttons hidden, title bar hidden
[2025.03.24-09.00.36:189][232]LogWorld: BeginTearingDown for /Game/ThirdPersonBP/Maps/UEDPIE_0_ThirdPersonExampleMap
[2025.03.24-09.00.36:190][232]LogWorld: UWorld::CleanupWorld for ThirdPersonExampleMap, bSessionEnded=true, bCleanupResources=true
[2025.03.24-09.00.36:190][232]LogSlate: InvalidateAllWidgets triggered.  All widgets were invalidated
[2025.03.24-09.00.36:211][232]LogPlayLevel: Display: Shutting down PIE online subsystems
[2025.03.24-09.00.36:244][232]LogSlate: InvalidateAllWidgets triggered.  All widgets were invalidated
[2025.03.24-09.00.36:271][232]LogAudio: Display: Audio Device unregistered from world 'None'.
[2025.03.24-09.00.36:271][232]LogAudioMixer: FMixerPlatformXAudio2::StopAudioStream() called
[2025.03.24-09.00.36:272][232]LogAudioMixer: FMixerPlatformXAudio2::StopAudioStream() called
[2025.03.24-09.00.36:276][232]LogSlate: Updating window title bar state: overlay mode, drag disabled, window buttons hidden, title bar hidden
[2025.03.24-09.00.36:281][232]LogUObjectHash: Compacting FUObjectHashTables data took   1.92ms
[2025.03.24-09.00.36:417][233]LogPlayLevel: Display: Destroying online subsystem :Context_111
[2025.03.24-09.00.38:129][284]LogSlate: Window 'Message Log' being destroyed
[2025.03.24-09.00.38:175][284]LogSlate: Window 'Message Log' being destroyed
[2025.03.24-09.01.43:484][615]BlueprintLog: New page: Compile BP_Button
[2025.03.24-09.01.43:575][615]LogUObjectHash: Compacting FUObjectHashTables data took   3.50ms
[2025.03.24-09.06.24:414][908]BlueprintLog: New page: Compile BP_TriggerArea
[2025.03.24-09.06.24:495][908]LogUObjectHash: Compacting FUObjectHashTables data took   3.86ms
[2025.03.24-09.06.28:887][ 91]LogTemp: Repeating last play command: Selected Viewport
[2025.03.24-09.06.28:896][ 91]LogPlayLevel: PlayLevel: No blueprints needed recompiling
[2025.03.24-09.06.28:896][ 91]PIE: New page: PIE session: ThirdPersonExampleMap (2025年3月25日 上午1:06:28)
[2025.03.24-09.06.28:896][ 91]LogPlayLevel: Creating play world package: /Game/ThirdPersonBP/Maps/UEDPIE_0_ThirdPersonExampleMap
[2025.03.24-09.06.28:926][ 91]LogPlayLevel: PIE: StaticDuplicateObject took: (0.028359s)
[2025.03.24-09.06.28:927][ 91]LogAIModule: Creating AISystem for world ThirdPersonExampleMap
[2025.03.24-09.06.28:928][ 91]LogPlayLevel: PIE: World Init took: (0.002346s)
[2025.03.24-09.06.28:928][ 91]LogPlayLevel: PIE: Created PIE world by copying editor world from /Game/ThirdPersonBP/Maps/ThirdPersonExampleMap.ThirdPersonExampleMap to /Game/ThirdPersonBP/Maps/UEDPIE_0_ThirdPersonExampleMap.ThirdPersonExampleMap (0.031084s)
[2025.03.24-09.06.28:968][ 91]LogUObjectHash: Compacting FUObjectHashTables data took   3.30ms
[2025.03.24-09.06.28:969][ 91]LogAudio: Display: Creating Audio Device:                 Id: 82, Scope: Unique, Realtime: True
[2025.03.24-09.06.28:969][ 91]LogAudioMixer: Display: Audio Mixer Platform Settings:
[2025.03.24-09.06.28:969][ 91]LogAudioMixer: Display: 	Sample Rate:						  48000
[2025.03.24-09.06.28:970][ 91]LogAudioMixer: Display: 	Callback Buffer Frame Size Requested: 1024
[2025.03.24-09.06.28:970][ 91]LogAudioMixer: Display: 	Callback Buffer Frame Size To Use:	  1024
[2025.03.24-09.06.28:970][ 91]LogAudioMixer: Display: 	Number of buffers to queue:			  2
[2025.03.24-09.06.28:970][ 91]LogAudioMixer: Display: 	Max Channels (voices):				  32
[2025.03.24-09.06.28:970][ 91]LogAudioMixer: Display: 	Number of Async Source Workers:		  0
[2025.03.24-09.06.28:970][ 91]LogAudio: Display: AudioDevice MaxSources: 32
[2025.03.24-09.06.28:970][ 91]LogAudio: Display: Audio Spatialization Plugin: None (built-in).
[2025.03.24-09.06.28:970][ 91]LogAudio: Display: Audio Reverb Plugin: None (built-in).
[2025.03.24-09.06.28:970][ 91]LogAudio: Display: Audio Occlusion Plugin: None (built-in).
[2025.03.24-09.06.28:970][ 91]LogAudioMixer: Display: Initializing audio mixer.
[2025.03.24-09.06.28:973][ 91]LogAudioMixer: Display: 0: FrontLeft
[2025.03.24-09.06.28:973][ 91]LogAudioMixer: Display: 1: FrontRight
[2025.03.24-09.06.29:008][ 91]LogAudioMixer: Display: Using Audio Device 扬声器 (适用于 I2S 音频的英特尔® 智音技术)
[2025.03.24-09.06.29:008][ 91]LogAudioMixer: Display: Initializing Sound Submixes...
[2025.03.24-09.06.29:008][ 91]LogAudioMixer: Display: Creating Master Submix 'MasterSubmixDefault'
[2025.03.24-09.06.29:009][ 91]LogAudioMixer: Display: Creating Master Submix 'MasterReverbSubmixDefault'
[2025.03.24-09.06.29:009][ 91]LogAudioMixer: Display: Creating Master Submix 'MasterEQSubmixDefault'
[2025.03.24-09.06.29:009][ 91]LogAudioMixer: FMixerPlatformXAudio2::StartAudioStream() called
[2025.03.24-09.06.29:009][ 91]LogAudioMixer: Display: Output buffers initialized: Frames=1024, Channels=2, Samples=2048
[2025.03.24-09.06.29:011][ 91]LogAudioMixer: Display: Starting AudioMixerPlatformInterface::RunInternal()
[2025.03.24-09.06.29:011][ 91]LogAudioMixer: Display: FMixerPlatformXAudio2::SubmitBuffer() called for the first time
[2025.03.24-09.06.29:011][ 91]LogInit: FAudioDevice initialized.
[2025.03.24-09.06.29:011][ 91]LogAudio: Display: Audio Device (ID: 82) registered with world 'ThirdPersonExampleMap'.
[2025.03.24-09.06.29:020][ 91]LogLoad: Game class is 'ThirdPersonGameMode_C'
[2025.03.24-09.06.29:022][ 91]LogWorld: Bringing World /Game/ThirdPersonBP/Maps/UEDPIE_0_ThirdPersonExampleMap.ThirdPersonExampleMap up for play (max tick rate 60) at 2025.03.24-17.06.29
[2025.03.24-09.06.29:023][ 91]LogWorld: Bringing up level for play took: 0.002339
[2025.03.24-09.06.29:023][ 91]LogOnline: OSS: Creating online subsystem instance for: :Context_112
[2025.03.24-09.06.29:025][ 91]PIE: Server logged in
[2025.03.24-09.06.29:026][ 91]PIE: Play in editor total start time 0.131 seconds.
[2025.03.24-09.06.33:686][325]LogBlueprintUserMessages: [BP_Table_2] Press "F"
[2025.03.24-09.06.36:270][452]LogBlueprintUserMessages: [BP_Button_2] Click It
[2025.03.24-09.06.50:837][201]LogSlate: Updating window title bar state: overlay mode, drag disabled, window buttons hidden, title bar hidden
[2025.03.24-09.06.50:837][201]LogWorld: BeginTearingDown for /Game/ThirdPersonBP/Maps/UEDPIE_0_ThirdPersonExampleMap
[2025.03.24-09.06.50:837][201]LogWorld: UWorld::CleanupWorld for ThirdPersonExampleMap, bSessionEnded=true, bCleanupResources=true
[2025.03.24-09.06.50:838][201]LogSlate: InvalidateAllWidgets triggered.  All widgets were invalidated
[2025.03.24-09.06.50:856][201]LogPlayLevel: Display: Shutting down PIE online subsystems
[2025.03.24-09.06.50:892][201]LogSlate: InvalidateAllWidgets triggered.  All widgets were invalidated
[2025.03.24-09.06.50:926][201]LogAudio: Display: Audio Device unregistered from world 'None'.
[2025.03.24-09.06.50:927][201]LogAudioMixer: FMixerPlatformXAudio2::StopAudioStream() called
[2025.03.24-09.06.50:928][201]LogAudioMixer: FMixerPlatformXAudio2::StopAudioStream() called
[2025.03.24-09.06.50:931][201]LogSlate: Updating window title bar state: overlay mode, drag disabled, window buttons hidden, title bar hidden
[2025.03.24-09.06.50:935][201]LogUObjectHash: Compacting FUObjectHashTables data took   2.48ms
[2025.03.24-09.06.50:996][202]LogPlayLevel: Display: Destroying online subsystem :Context_112
[2025.03.24-09.10.49:851][291]LogUObjectHash: Compacting FUObjectHashTables data took   3.69ms
[2025.03.24-09.10.49:885][291]LogSavePackage: Moving '../../../../../../project/UE/room_escape/Saved/ThirdPersonExampleMap_Auto43B0D12B943B4EA092B170CBD3AF45B5A.tmp' to '../../../../../../project/UE/room_escape/Saved/Autosaves/Game/ThirdPersonBP/Maps/ThirdPersonExampleMap_Auto4.umap'
[2025.03.24-09.10.49:887][291]LogFileHelpers: Editor autosave (incl. external actors) for '/Game/ThirdPersonBP/Maps/ThirdPersonExampleMap' took 0.079
[2025.03.24-09.10.49:887][291]LogFileHelpers: Editor autosave (incl. sublevels & external actors) for all levels took 0.079
[2025.03.24-09.10.49:888][291]OBJ SavePackage: Generating thumbnails for [2] asset(s) in package [/Game/BP/Second/BP_TriggerArea] ([2] browsable assets)...
[2025.03.24-09.10.49:906][291]OBJ SavePackage:     Rendered thumbnail for [Blueprint /Game/BP/Second/BP_TriggerArea.BP_TriggerArea]
[2025.03.24-09.10.49:906][291]OBJ SavePackage: Finished generating thumbnails for package [/Game/BP/Second/BP_TriggerArea]
[2025.03.24-09.10.49:906][291]Cmd: OBJ SAVEPACKAGE PACKAGE="/Game/BP/Second/BP_TriggerArea" FILE="../../../../../../project/UE/room_escape/Saved/Autosaves/Game/BP/Second/BP_TriggerArea_Auto4.uasset" SILENT=false AUTOSAVING=true
[2025.03.24-09.10.49:922][291]LogSavePackage: Moving '../../../../../../project/UE/room_escape/Saved/BP_TriggerArea_Auto4374E847B4E47AC13F558439C8893EA9F.tmp' to '../../../../../../project/UE/room_escape/Saved/Autosaves/Game/BP/Second/BP_TriggerArea_Auto4.uasset'
[2025.03.24-09.10.49:923][291]OBJ SavePackage: Generating thumbnails for [0] asset(s) in package [/Game/BP/Second/BP_Button] ([2] browsable assets)...
[2025.03.24-09.10.49:923][291]OBJ SavePackage: Finished generating thumbnails for package [/Game/BP/Second/BP_Button]
[2025.03.24-09.10.49:923][291]Cmd: OBJ SAVEPACKAGE PACKAGE="/Game/BP/Second/BP_Button" FILE="../../../../../../project/UE/room_escape/Saved/Autosaves/Game/BP/Second/BP_Button_Auto4.uasset" SILENT=false AUTOSAVING=true
[2025.03.24-09.10.49:935][291]LogSavePackage: Moving '../../../../../../project/UE/room_escape/Saved/BP_Button_Auto4543CB41645B61A1A959BDEA48836FE4E.tmp' to '../../../../../../project/UE/room_escape/Saved/Autosaves/Game/BP/Second/BP_Button_Auto4.uasset'
[2025.03.24-09.10.49:935][291]OBJ SavePackage: Generating thumbnails for [2] asset(s) in package [/Game/BP/Second/BP_MagicWall] ([2] browsable assets)...
[2025.03.24-09.10.49:950][291]OBJ SavePackage:     Rendered thumbnail for [Blueprint /Game/BP/Second/BP_MagicWall.BP_MagicWall]
[2025.03.24-09.10.49:951][291]OBJ SavePackage: Finished generating thumbnails for package [/Game/BP/Second/BP_MagicWall]
[2025.03.24-09.10.49:951][291]Cmd: OBJ SAVEPACKAGE PACKAGE="/Game/BP/Second/BP_MagicWall" FILE="../../../../../../project/UE/room_escape/Saved/Autosaves/Game/BP/Second/BP_MagicWall_Auto4.uasset" SILENT=false AUTOSAVING=true
[2025.03.24-09.10.49:956][291]LogSavePackage: Moving '../../../../../../project/UE/room_escape/Saved/BP_MagicWall_Auto4CF181A6B4AA0760623B83DAC847681E2.tmp' to '../../../../../../project/UE/room_escape/Saved/Autosaves/Game/BP/Second/BP_MagicWall_Auto4.uasset'
[2025.03.24-09.10.49:957][291]LogFileHelpers: Auto-saving content packages took 0.070
[2025.03.24-09.11.47:316][767]LogEditorViewport: Clicking on Actor (LMB): BP_MagicWall_C (BP_MagicWall)
[2025.03.24-09.11.55:949][106]LogSlate: Window 'Message Log' being destroyed
[2025.03.24-09.11.55:996][106]LogSlate: Window 'Message Log' being destroyed
[2025.03.24-09.13.50:312][868]LogEditorViewport: Clicking on Actor (LMB): BP_Table_C (BP_Table)
[2025.03.24-09.14.14:511][ 65]BlueprintLog: New page: Compile BP_Table
[2025.03.24-09.14.14:614][ 65]LogUObjectHash: Compacting FUObjectHashTables data took   4.64ms
[2025.03.24-09.14.16:687][177]BlueprintLog: New page: Compile BP_MagicWall
[2025.03.24-09.14.16:746][177]LogUObjectHash: Compacting FUObjectHashTables data took   3.78ms
[2025.03.24-09.14.28:559][717]LogEditorViewport: Clicking on Actor (LMB): BP_MagicWall_C (BP_MagicWall)
[2025.03.24-09.14.40:784][187]LogUObjectHash: Compacting FUObjectHashTables data took   6.86ms
[2025.03.24-09.14.41:847][187]LogSlate: Window 'Save Content' being destroyed
[2025.03.24-09.14.41:887][187]Cmd: OBJ SAVEPACKAGE PACKAGE="/Game/BP/Second/BP_Button" FILE="../../../../../../project/UE/room_escape/Content/BP/Second/BP_Button.uasset" SILENT=true
[2025.03.24-09.14.41:901][187]LogSavePackage: Moving '../../../../../../project/UE/room_escape/Saved/BP_ButtonAE23B61E449AE26071CE699196128AFA.tmp' to '../../../../../../project/UE/room_escape/Content/BP/Second/BP_Button.uasset'
[2025.03.24-09.14.41:924][187]Cmd: OBJ SAVEPACKAGE PACKAGE="/Game/BP/Second/BP_MagicWall" FILE="../../../../../../project/UE/room_escape/Content/BP/Second/BP_MagicWall.uasset" SILENT=true
[2025.03.24-09.14.41:932][187]LogSavePackage: Moving '../../../../../../project/UE/room_escape/Saved/BP_MagicWall35410A1B48F89E674F251BBE3DF850AC.tmp' to '../../../../../../project/UE/room_escape/Content/BP/Second/BP_MagicWall.uasset'
[2025.03.24-09.14.41:956][187]Cmd: OBJ SAVEPACKAGE PACKAGE="/Game/BP/Second/BP_Table" FILE="../../../../../../project/UE/room_escape/Content/BP/Second/BP_Table.uasset" SILENT=true
[2025.03.24-09.14.41:975][187]LogSavePackage: Moving '../../../../../../project/UE/room_escape/Saved/BP_Table54C7E5F8431C07AF98F405BB015AA59E.tmp' to '../../../../../../project/UE/room_escape/Content/BP/Second/BP_Table.uasset'
[2025.03.24-09.14.41:998][187]Cmd: OBJ SAVEPACKAGE PACKAGE="/Game/BP/Second/BP_TriggerArea" FILE="../../../../../../project/UE/room_escape/Content/BP/Second/BP_TriggerArea.uasset" SILENT=true
[2025.03.24-09.14.42:010][187]LogSavePackage: Moving '../../../../../../project/UE/room_escape/Saved/BP_TriggerArea46E6E2C44B73ED030144FA9B3A834C64.tmp' to '../../../../../../project/UE/room_escape/Content/BP/Second/BP_TriggerArea.uasset'
[2025.03.24-09.14.42:044][187]LogUObjectHash: Compacting FUObjectHashTables data took   0.64ms
[2025.03.24-09.14.42:074][187]LogSavePackage: Moving '../../../../../../project/UE/room_escape/Saved/ThirdPersonExampleMapDB63A5EC44613F75ABF1F99BAAC25706.tmp' to '../../../../../../project/UE/room_escape/Content/ThirdPersonBP/Maps/ThirdPersonExampleMap.umap'
[2025.03.24-09.14.42:091][187]LogFileHelpers: Saving map 'ThirdPersonExampleMap' took 0.080
[2025.03.24-09.14.42:113][187]AssetCheck: New page: Asset Save: multiple assets
[2025.03.24-09.14.42:113][187]LogContentValidation: Display: Validating World /Game/ThirdPersonBP/Maps/ThirdPersonExampleMap.ThirdPersonExampleMap
[2025.03.24-09.14.42:113][187]LogContentValidation: Display: Validating Blueprint /Game/BP/Second/BP_Table.BP_Table
[2025.03.24-09.14.42:113][187]LogContentValidation: Display: Validating Blueprint /Game/BP/Second/BP_TriggerArea.BP_TriggerArea
[2025.03.24-09.14.42:113][187]LogContentValidation: Display: Validating Blueprint /Game/BP/Second/BP_MagicWall.BP_MagicWall
[2025.03.24-09.14.42:113][187]LogContentValidation: Display: Validating Blueprint /Game/BP/Second/BP_Button.BP_Button
[2025.03.24-09.18.32:573][384]BlueprintLog: New page: Compile BP_MagicWall
[2025.03.24-09.18.32:652][384]LogUObjectHash: Compacting FUObjectHashTables data took   3.31ms
[2025.03.24-09.18.37:965][601]LogEditorViewport: Clicking on Actor (LMB): StaticMeshActor (Wall16)
[2025.03.24-09.18.38:804][634]LogEditorViewport: Clicking on Actor (LMB): BP_Button_C (BP_Button)
[2025.03.24-09.18.51:032][157]LogTemp: Repeating last play command: Selected Viewport
[2025.03.24-09.18.51:039][157]LogPlayLevel: PlayLevel: No blueprints needed recompiling
[2025.03.24-09.18.51:039][157]PIE: New page: PIE session: ThirdPersonExampleMap (2025年3月25日 上午1:18:51)
[2025.03.24-09.18.51:039][157]LogPlayLevel: Creating play world package: /Game/ThirdPersonBP/Maps/UEDPIE_0_ThirdPersonExampleMap
[2025.03.24-09.18.51:066][157]LogPlayLevel: PIE: StaticDuplicateObject took: (0.025885s)
[2025.03.24-09.18.51:069][157]LogAIModule: Creating AISystem for world ThirdPersonExampleMap
[2025.03.24-09.18.51:070][157]LogPlayLevel: PIE: World Init took: (0.003705s)
[2025.03.24-09.18.51:070][157]LogPlayLevel: PIE: Created PIE world by copying editor world from /Game/ThirdPersonBP/Maps/ThirdPersonExampleMap.ThirdPersonExampleMap to /Game/ThirdPersonBP/Maps/UEDPIE_0_ThirdPersonExampleMap.ThirdPersonExampleMap (0.030104s)
[2025.03.24-09.18.51:105][157]LogUObjectHash: Compacting FUObjectHashTables data took   2.76ms
[2025.03.24-09.18.51:109][157]LogAudio: Display: Creating Audio Device:                 Id: 83, Scope: Unique, Realtime: True
[2025.03.24-09.18.51:109][157]LogAudioMixer: Display: Audio Mixer Platform Settings:
[2025.03.24-09.18.51:109][157]LogAudioMixer: Display: 	Sample Rate:						  48000
[2025.03.24-09.18.51:109][157]LogAudioMixer: Display: 	Callback Buffer Frame Size Requested: 1024
[2025.03.24-09.18.51:109][157]LogAudioMixer: Display: 	Callback Buffer Frame Size To Use:	  1024
[2025.03.24-09.18.51:109][157]LogAudioMixer: Display: 	Number of buffers to queue:			  2
[2025.03.24-09.18.51:109][157]LogAudioMixer: Display: 	Max Channels (voices):				  32
[2025.03.24-09.18.51:109][157]LogAudioMixer: Display: 	Number of Async Source Workers:		  0
[2025.03.24-09.18.51:109][157]LogAudio: Display: AudioDevice MaxSources: 32
[2025.03.24-09.18.51:109][157]LogAudio: Display: Audio Spatialization Plugin: None (built-in).
[2025.03.24-09.18.51:109][157]LogAudio: Display: Audio Reverb Plugin: None (built-in).
[2025.03.24-09.18.51:109][157]LogAudio: Display: Audio Occlusion Plugin: None (built-in).
[2025.03.24-09.18.51:109][157]LogAudioMixer: Display: Initializing audio mixer.
[2025.03.24-09.18.51:112][157]LogAudioMixer: Display: 0: FrontLeft
[2025.03.24-09.18.51:112][157]LogAudioMixer: Display: 1: FrontRight
[2025.03.24-09.18.51:143][157]LogAudioMixer: Display: Using Audio Device 扬声器 (适用于 I2S 音频的英特尔® 智音技术)
[2025.03.24-09.18.51:144][157]LogAudioMixer: Display: Initializing Sound Submixes...
[2025.03.24-09.18.51:144][157]LogAudioMixer: Display: Creating Master Submix 'MasterSubmixDefault'
[2025.03.24-09.18.51:144][157]LogAudioMixer: Display: Creating Master Submix 'MasterReverbSubmixDefault'
[2025.03.24-09.18.51:144][157]LogAudioMixer: Display: Creating Master Submix 'MasterEQSubmixDefault'
[2025.03.24-09.18.51:144][157]LogAudioMixer: FMixerPlatformXAudio2::StartAudioStream() called
[2025.03.24-09.18.51:144][157]LogAudioMixer: Display: Output buffers initialized: Frames=1024, Channels=2, Samples=2048
[2025.03.24-09.18.51:145][157]LogAudioMixer: Display: Starting AudioMixerPlatformInterface::RunInternal()
[2025.03.24-09.18.51:145][157]LogAudioMixer: Display: FMixerPlatformXAudio2::SubmitBuffer() called for the first time
[2025.03.24-09.18.51:145][157]LogInit: FAudioDevice initialized.
[2025.03.24-09.18.51:145][157]LogAudio: Display: Audio Device (ID: 83) registered with world 'ThirdPersonExampleMap'.
[2025.03.24-09.18.51:160][157]LogLoad: Game class is 'ThirdPersonGameMode_C'
[2025.03.24-09.18.51:163][157]LogWorld: Bringing World /Game/ThirdPersonBP/Maps/UEDPIE_0_ThirdPersonExampleMap.ThirdPersonExampleMap up for play (max tick rate 60) at 2025.03.24-17.18.51
[2025.03.24-09.18.51:163][157]LogWorld: Bringing up level for play took: 0.002501
[2025.03.24-09.18.51:164][157]LogOnline: OSS: Creating online subsystem instance for: :Context_113
[2025.03.24-09.18.51:166][157]PIE: Server logged in
[2025.03.24-09.18.51:167][157]PIE: Play in editor total start time 0.129 seconds.
[2025.03.24-09.19.13:593][429]LogSlate: Updating window title bar state: overlay mode, drag disabled, window buttons hidden, title bar hidden
[2025.03.24-09.19.13:593][429]LogWorld: BeginTearingDown for /Game/ThirdPersonBP/Maps/UEDPIE_0_ThirdPersonExampleMap
[2025.03.24-09.19.13:593][429]LogWorld: UWorld::CleanupWorld for ThirdPersonExampleMap, bSessionEnded=true, bCleanupResources=true
[2025.03.24-09.19.13:594][429]LogSlate: InvalidateAllWidgets triggered.  All widgets were invalidated
[2025.03.24-09.19.13:619][429]LogPlayLevel: Display: Shutting down PIE online subsystems
[2025.03.24-09.19.13:628][429]LogSlate: InvalidateAllWidgets triggered.  All widgets were invalidated
[2025.03.24-09.19.13:657][429]LogAudio: Display: Audio Device unregistered from world 'None'.
[2025.03.24-09.19.13:658][429]LogAudioMixer: FMixerPlatformXAudio2::StopAudioStream() called
[2025.03.24-09.19.13:659][429]LogAudioMixer: FMixerPlatformXAudio2::StopAudioStream() called
[2025.03.24-09.19.13:662][429]LogSlate: Updating window title bar state: overlay mode, drag disabled, window buttons hidden, title bar hidden
[2025.03.24-09.19.13:665][429]LogUObjectHash: Compacting FUObjectHashTables data took   2.14ms
[2025.03.24-09.19.13:707][430]LogPlayLevel: Display: Destroying online subsystem :Context_113
[2025.03.24-09.19.19:593][663]BlueprintLog: New page: Compile BP_MagicWall
[2025.03.24-09.19.19:654][663]LogUObjectHash: Compacting FUObjectHashTables data took   3.26ms
[2025.03.24-09.19.25:244][906]LogTemp: Repeating last play command: Selected Viewport
[2025.03.24-09.19.25:252][906]LogPlayLevel: PlayLevel: No blueprints needed recompiling
[2025.03.24-09.19.25:253][906]PIE: New page: PIE session: ThirdPersonExampleMap (2025年3月25日 上午1:19:25)
[2025.03.24-09.19.25:253][906]LogPlayLevel: Creating play world package: /Game/ThirdPersonBP/Maps/UEDPIE_0_ThirdPersonExampleMap
[2025.03.24-09.19.25:276][906]LogPlayLevel: PIE: StaticDuplicateObject took: (0.022071s)
[2025.03.24-09.19.25:277][906]LogAIModule: Creating AISystem for world ThirdPersonExampleMap
[2025.03.24-09.19.25:277][906]LogPlayLevel: PIE: World Init took: (0.001262s)
[2025.03.24-09.19.25:277][906]LogPlayLevel: PIE: Created PIE world by copying editor world from /Game/ThirdPersonBP/Maps/ThirdPersonExampleMap.ThirdPersonExampleMap to /Game/ThirdPersonBP/Maps/UEDPIE_0_ThirdPersonExampleMap.ThirdPersonExampleMap (0.023569s)
[2025.03.24-09.19.25:314][906]LogUObjectHash: Compacting FUObjectHashTables data took   3.23ms
[2025.03.24-09.19.25:317][906]LogAudio: Display: Creating Audio Device:                 Id: 84, Scope: Unique, Realtime: True
[2025.03.24-09.19.25:317][906]LogAudioMixer: Display: Audio Mixer Platform Settings:
[2025.03.24-09.19.25:317][906]LogAudioMixer: Display: 	Sample Rate:						  48000
[2025.03.24-09.19.25:317][906]LogAudioMixer: Display: 	Callback Buffer Frame Size Requested: 1024
[2025.03.24-09.19.25:317][906]LogAudioMixer: Display: 	Callback Buffer Frame Size To Use:	  1024
[2025.03.24-09.19.25:317][906]LogAudioMixer: Display: 	Number of buffers to queue:			  2
[2025.03.24-09.19.25:317][906]LogAudioMixer: Display: 	Max Channels (voices):				  32
[2025.03.24-09.19.25:317][906]LogAudioMixer: Display: 	Number of Async Source Workers:		  0
[2025.03.24-09.19.25:317][906]LogAudio: Display: AudioDevice MaxSources: 32
[2025.03.24-09.19.25:317][906]LogAudio: Display: Audio Spatialization Plugin: None (built-in).
[2025.03.24-09.19.25:317][906]LogAudio: Display: Audio Reverb Plugin: None (built-in).
[2025.03.24-09.19.25:317][906]LogAudio: Display: Audio Occlusion Plugin: None (built-in).
[2025.03.24-09.19.25:317][906]LogAudioMixer: Display: Initializing audio mixer.
[2025.03.24-09.19.25:321][906]LogAudioMixer: Display: 0: FrontLeft
[2025.03.24-09.19.25:321][906]LogAudioMixer: Display: 1: FrontRight
[2025.03.24-09.19.25:353][906]LogAudioMixer: Display: Using Audio Device 扬声器 (适用于 I2S 音频的英特尔® 智音技术)
[2025.03.24-09.19.25:354][906]LogAudioMixer: Display: Initializing Sound Submixes...
[2025.03.24-09.19.25:354][906]LogAudioMixer: Display: Creating Master Submix 'MasterSubmixDefault'
[2025.03.24-09.19.25:354][906]LogAudioMixer: Display: Creating Master Submix 'MasterReverbSubmixDefault'
[2025.03.24-09.19.25:354][906]LogAudioMixer: Display: Creating Master Submix 'MasterEQSubmixDefault'
[2025.03.24-09.19.25:354][906]LogAudioMixer: FMixerPlatformXAudio2::StartAudioStream() called
[2025.03.24-09.19.25:354][906]LogAudioMixer: Display: Output buffers initialized: Frames=1024, Channels=2, Samples=2048
[2025.03.24-09.19.25:355][906]LogAudioMixer: Display: Starting AudioMixerPlatformInterface::RunInternal()
[2025.03.24-09.19.25:355][906]LogAudioMixer: Display: FMixerPlatformXAudio2::SubmitBuffer() called for the first time
[2025.03.24-09.19.25:355][906]LogInit: FAudioDevice initialized.
[2025.03.24-09.19.25:355][906]LogAudio: Display: Audio Device (ID: 84) registered with world 'ThirdPersonExampleMap'.
[2025.03.24-09.19.25:375][906]LogLoad: Game class is 'ThirdPersonGameMode_C'
[2025.03.24-09.19.25:378][906]LogWorld: Bringing World /Game/ThirdPersonBP/Maps/UEDPIE_0_ThirdPersonExampleMap.ThirdPersonExampleMap up for play (max tick rate 60) at 2025.03.24-17.19.25
[2025.03.24-09.19.25:379][906]LogWorld: Bringing up level for play took: 0.002604
[2025.03.24-09.19.25:379][906]LogOnline: OSS: Creating online subsystem instance for: :Context_114
[2025.03.24-09.19.25:381][906]PIE: Server logged in
[2025.03.24-09.19.25:382][906]PIE: Play in editor total start time 0.131 seconds.
[2025.03.24-09.19.35:964][475]LogSlate: Updating window title bar state: overlay mode, drag disabled, window buttons hidden, title bar hidden
[2025.03.24-09.19.35:964][475]LogWorld: BeginTearingDown for /Game/ThirdPersonBP/Maps/UEDPIE_0_ThirdPersonExampleMap
[2025.03.24-09.19.35:965][475]LogWorld: UWorld::CleanupWorld for ThirdPersonExampleMap, bSessionEnded=true, bCleanupResources=true
[2025.03.24-09.19.35:966][475]LogSlate: InvalidateAllWidgets triggered.  All widgets were invalidated
[2025.03.24-09.19.35:991][475]LogPlayLevel: Display: Shutting down PIE online subsystems
[2025.03.24-09.19.36:001][475]LogSlate: InvalidateAllWidgets triggered.  All widgets were invalidated
[2025.03.24-09.19.36:032][475]LogAudio: Display: Audio Device unregistered from world 'None'.
[2025.03.24-09.19.36:033][475]LogAudioMixer: FMixerPlatformXAudio2::StopAudioStream() called
[2025.03.24-09.19.36:034][475]LogAudioMixer: FMixerPlatformXAudio2::StopAudioStream() called
[2025.03.24-09.19.36:037][475]LogSlate: Updating window title bar state: overlay mode, drag disabled, window buttons hidden, title bar hidden
[2025.03.24-09.19.36:041][475]LogUObjectHash: Compacting FUObjectHashTables data took   2.31ms
[2025.03.24-09.19.36:088][476]LogPlayLevel: Display: Destroying online subsystem :Context_114
[2025.03.24-09.19.38:765][587]LogEditorViewport: Clicking on Actor (LMB): ThirdPersonCharacter_C (ThirdPersonCharacter)
[2025.03.24-09.19.47:412][825]LogEditorViewport: Clicking on Actor (LMB): StaticMeshActor (Wall21)
[2025.03.24-09.19.48:371][862]LogEditorViewport: Clicking on Actor (LMB): StaticMeshActor (Floor2)
[2025.03.24-09.19.49:008][885]LogEditorViewport: Clicking on Actor (LMB): ThirdPersonCharacter_C (ThirdPersonCharacter)
[2025.03.24-09.19.58:333][151]LogUObjectHash: Compacting FUObjectHashTables data took   2.26ms
[2025.03.24-09.19.58:364][151]LogSavePackage: Moving '../../../../../../project/UE/room_escape/Saved/ThirdPersonExampleMapCF01ED6747EBBBF84F6285B9CC41E88D.tmp' to '../../../../../../project/UE/room_escape/Content/ThirdPersonBP/Maps/ThirdPersonExampleMap.umap'
[2025.03.24-09.19.58:503][151]LogSavePackage: Moving '../../../../../../project/UE/room_escape/Saved/ThirdPersonExampleMap_BuiltDataC17194764E02B42238C64885D1F0E091.tmp' to '../../../../../../project/UE/room_escape/Content/ThirdPersonBP/Maps/ThirdPersonExampleMap_BuiltData.uasset'
[2025.03.24-09.19.58:525][151]AssetCheck: New page: Asset Save: multiple assets
[2025.03.24-09.19.58:525][151]LogContentValidation: Display: Validating MapBuildDataRegistry /Game/ThirdPersonBP/Maps/ThirdPersonExampleMap_BuiltData.ThirdPersonExampleMap_BuiltData
[2025.03.24-09.19.58:525][151]LogContentValidation: Display: Validating World /Game/ThirdPersonBP/Maps/ThirdPersonExampleMap.ThirdPersonExampleMap
[2025.03.24-09.19.59:734][188]LogEditorViewport: Clicking on Actor (LMB): StaticMeshActor (Floor2)
[2025.03.24-09.20.02:860][301]LogTemp: Repeating last play command: Selected Viewport
[2025.03.24-09.20.02:871][301]LogPlayLevel: PlayLevel: No blueprints needed recompiling
[2025.03.24-09.20.02:872][301]PIE: New page: PIE session: ThirdPersonExampleMap (2025年3月25日 上午1:20:02)
[2025.03.24-09.20.02:872][301]LogPlayLevel: Creating play world package: /Game/ThirdPersonBP/Maps/UEDPIE_0_ThirdPersonExampleMap
[2025.03.24-09.20.02:903][301]LogPlayLevel: PIE: StaticDuplicateObject took: (0.030432s)
[2025.03.24-09.20.02:904][301]LogAIModule: Creating AISystem for world ThirdPersonExampleMap
[2025.03.24-09.20.02:905][301]LogPlayLevel: PIE: World Init took: (0.001825s)
[2025.03.24-09.20.02:905][301]LogPlayLevel: PIE: Created PIE world by copying editor world from /Game/ThirdPersonBP/Maps/ThirdPersonExampleMap.ThirdPersonExampleMap to /Game/ThirdPersonBP/Maps/UEDPIE_0_ThirdPersonExampleMap.ThirdPersonExampleMap (0.032518s)
[2025.03.24-09.20.02:953][301]LogUObjectHash: Compacting FUObjectHashTables data took   6.93ms
[2025.03.24-09.20.02:956][301]LogAudio: Display: Creating Audio Device:                 Id: 85, Scope: Unique, Realtime: True
[2025.03.24-09.20.02:956][301]LogAudioMixer: Display: Audio Mixer Platform Settings:
[2025.03.24-09.20.02:956][301]LogAudioMixer: Display: 	Sample Rate:						  48000
[2025.03.24-09.20.02:956][301]LogAudioMixer: Display: 	Callback Buffer Frame Size Requested: 1024
[2025.03.24-09.20.02:956][301]LogAudioMixer: Display: 	Callback Buffer Frame Size To Use:	  1024
[2025.03.24-09.20.02:956][301]LogAudioMixer: Display: 	Number of buffers to queue:			  2
[2025.03.24-09.20.02:956][301]LogAudioMixer: Display: 	Max Channels (voices):				  32
[2025.03.24-09.20.02:956][301]LogAudioMixer: Display: 	Number of Async Source Workers:		  0
[2025.03.24-09.20.02:956][301]LogAudio: Display: AudioDevice MaxSources: 32
[2025.03.24-09.20.02:956][301]LogAudio: Display: Audio Spatialization Plugin: None (built-in).
[2025.03.24-09.20.02:956][301]LogAudio: Display: Audio Reverb Plugin: None (built-in).
[2025.03.24-09.20.02:957][301]LogAudio: Display: Audio Occlusion Plugin: None (built-in).
[2025.03.24-09.20.02:957][301]LogAudioMixer: Display: Initializing audio mixer.
[2025.03.24-09.20.02:960][301]LogAudioMixer: Display: 0: FrontLeft
[2025.03.24-09.20.02:960][301]LogAudioMixer: Display: 1: FrontRight
[2025.03.24-09.20.03:001][301]LogAudioMixer: Display: Using Audio Device 扬声器 (适用于 I2S 音频的英特尔® 智音技术)
[2025.03.24-09.20.03:002][301]LogAudioMixer: Display: Initializing Sound Submixes...
[2025.03.24-09.20.03:002][301]LogAudioMixer: Display: Creating Master Submix 'MasterSubmixDefault'
[2025.03.24-09.20.03:002][301]LogAudioMixer: Display: Creating Master Submix 'MasterReverbSubmixDefault'
[2025.03.24-09.20.03:002][301]LogAudioMixer: Display: Creating Master Submix 'MasterEQSubmixDefault'
[2025.03.24-09.20.03:002][301]LogAudioMixer: FMixerPlatformXAudio2::StartAudioStream() called
[2025.03.24-09.20.03:002][301]LogAudioMixer: Display: Output buffers initialized: Frames=1024, Channels=2, Samples=2048
[2025.03.24-09.20.03:003][301]LogAudioMixer: Display: Starting AudioMixerPlatformInterface::RunInternal()
[2025.03.24-09.20.03:003][301]LogAudioMixer: Display: FMixerPlatformXAudio2::SubmitBuffer() called for the first time
[2025.03.24-09.20.03:003][301]LogInit: FAudioDevice initialized.
[2025.03.24-09.20.03:003][301]LogAudio: Display: Audio Device (ID: 85) registered with world 'ThirdPersonExampleMap'.
[2025.03.24-09.20.03:015][301]LogLoad: Game class is 'ThirdPersonGameMode_C'
[2025.03.24-09.20.03:018][301]LogWorld: Bringing World /Game/ThirdPersonBP/Maps/UEDPIE_0_ThirdPersonExampleMap.ThirdPersonExampleMap up for play (max tick rate 60) at 2025.03.24-17.20.03
[2025.03.24-09.20.03:018][301]LogWorld: Bringing up level for play took: 0.002464
[2025.03.24-09.20.03:018][301]LogOnline: OSS: Creating online subsystem instance for: :Context_115
[2025.03.24-09.20.03:021][301]PIE: Server logged in
[2025.03.24-09.20.03:022][301]PIE: Play in editor total start time 0.152 seconds.
[2025.03.24-09.20.08:194][586]LogSlate: Updating window title bar state: overlay mode, drag disabled, window buttons hidden, title bar hidden
[2025.03.24-09.20.08:194][586]LogWorld: BeginTearingDown for /Game/ThirdPersonBP/Maps/UEDPIE_0_ThirdPersonExampleMap
[2025.03.24-09.20.08:194][586]LogWorld: UWorld::CleanupWorld for ThirdPersonExampleMap, bSessionEnded=true, bCleanupResources=true
[2025.03.24-09.20.08:195][586]LogSlate: InvalidateAllWidgets triggered.  All widgets were invalidated
[2025.03.24-09.20.08:221][586]LogPlayLevel: Display: Shutting down PIE online subsystems
[2025.03.24-09.20.08:246][586]LogSlate: InvalidateAllWidgets triggered.  All widgets were invalidated
[2025.03.24-09.20.08:271][586]LogSlate: Updating window title bar state: overlay mode, drag disabled, window buttons hidden, title bar hidden
[2025.03.24-09.20.08:271][586]LogAudioMixer: FMixerPlatformXAudio2::StopAudioStream() called
[2025.03.24-09.20.08:272][586]LogAudioMixer: FMixerPlatformXAudio2::StopAudioStream() called
[2025.03.24-09.20.08:279][586]LogUObjectHash: Compacting FUObjectHashTables data took   1.98ms
[2025.03.24-09.20.08:332][587]LogPlayLevel: Display: Destroying online subsystem :Context_115
[2025.03.24-09.20.09:899][655]LogEditorViewport: Clicking on Actor (LMB): BP_MagicWall_C (BP_MagicWall)
[2025.03.24-09.20.53:046][ 95]LogAssetEditorSubsystem: Opening Asset editor for SkeletalMesh /Game/MT/doorPortal/source/Door_-_p2.Door_-_p2
[2025.03.24-09.20.53:068][ 95]LogActorComponent: RegisterComponentWithWorld: (/Engine/Transient.World_31:PersistentLevel.AnimationEditorPreviewActor_0.DebugSkelMeshComponent_0) Already registered. Aborting.
[2025.03.24-09.21.38:595][342]LogUObjectGlobals: Warning: Failed to find object 'Class None.ControlRigBlueprint'
[2025.03.24-09.26.57:303][266]LogUObjectGlobals: Warning: Failed to find object 'Class None.ControlRigBlueprint'
[2025.03.24-09.27.33:052][190]LogTemp: Repeating last play command: Selected Viewport
[2025.03.24-09.27.33:060][190]LogPlayLevel: PlayLevel: No blueprints needed recompiling
[2025.03.24-09.27.33:060][190]PIE: New page: PIE session: ThirdPersonExampleMap (2025年3月25日 上午1:27:33)
[2025.03.24-09.27.33:062][190]LogPlayLevel: Creating play world package: /Game/ThirdPersonBP/Maps/UEDPIE_0_ThirdPersonExampleMap
[2025.03.24-09.27.33:088][190]LogPlayLevel: PIE: StaticDuplicateObject took: (0.024858s)
[2025.03.24-09.27.33:089][190]LogAIModule: Creating AISystem for world ThirdPersonExampleMap
[2025.03.24-09.27.33:090][190]LogPlayLevel: PIE: World Init took: (0.001981s)
[2025.03.24-09.27.33:090][190]LogPlayLevel: PIE: Created PIE world by copying editor world from /Game/ThirdPersonBP/Maps/ThirdPersonExampleMap.ThirdPersonExampleMap to /Game/ThirdPersonBP/Maps/UEDPIE_0_ThirdPersonExampleMap.ThirdPersonExampleMap (0.027245s)
[2025.03.24-09.27.33:138][190]LogUObjectHash: Compacting FUObjectHashTables data took   2.96ms
[2025.03.24-09.27.33:144][190]LogAudio: Display: Creating Audio Device:                 Id: 86, Scope: Unique, Realtime: True
[2025.03.24-09.27.33:144][190]LogAudioMixer: Display: Audio Mixer Platform Settings:
[2025.03.24-09.27.33:144][190]LogAudioMixer: Display: 	Sample Rate:						  48000
[2025.03.24-09.27.33:144][190]LogAudioMixer: Display: 	Callback Buffer Frame Size Requested: 1024
[2025.03.24-09.27.33:144][190]LogAudioMixer: Display: 	Callback Buffer Frame Size To Use:	  1024
[2025.03.24-09.27.33:144][190]LogAudioMixer: Display: 	Number of buffers to queue:			  2
[2025.03.24-09.27.33:144][190]LogAudioMixer: Display: 	Max Channels (voices):				  32
[2025.03.24-09.27.33:144][190]LogAudioMixer: Display: 	Number of Async Source Workers:		  0
[2025.03.24-09.27.33:144][190]LogAudio: Display: AudioDevice MaxSources: 32
[2025.03.24-09.27.33:145][190]LogAudio: Display: Audio Spatialization Plugin: None (built-in).
[2025.03.24-09.27.33:145][190]LogAudio: Display: Audio Reverb Plugin: None (built-in).
[2025.03.24-09.27.33:145][190]LogAudio: Display: Audio Occlusion Plugin: None (built-in).
[2025.03.24-09.27.33:145][190]LogAudioMixer: Display: Initializing audio mixer.
[2025.03.24-09.27.33:149][190]LogAudioMixer: Display: 0: FrontLeft
[2025.03.24-09.27.33:149][190]LogAudioMixer: Display: 1: FrontRight
[2025.03.24-09.27.33:184][190]LogAudioMixer: Display: Using Audio Device 扬声器 (适用于 I2S 音频的英特尔® 智音技术)
[2025.03.24-09.27.33:184][190]LogAudioMixer: Display: Initializing Sound Submixes...
[2025.03.24-09.27.33:184][190]LogAudioMixer: Display: Creating Master Submix 'MasterSubmixDefault'
[2025.03.24-09.27.33:184][190]LogAudioMixer: Display: Creating Master Submix 'MasterReverbSubmixDefault'
[2025.03.24-09.27.33:185][190]LogAudioMixer: Display: Creating Master Submix 'MasterEQSubmixDefault'
[2025.03.24-09.27.33:185][190]LogAudioMixer: FMixerPlatformXAudio2::StartAudioStream() called
[2025.03.24-09.27.33:185][190]LogAudioMixer: Display: Output buffers initialized: Frames=1024, Channels=2, Samples=2048
[2025.03.24-09.27.33:186][190]LogAudioMixer: Display: Starting AudioMixerPlatformInterface::RunInternal()
[2025.03.24-09.27.33:186][190]LogAudioMixer: Display: FMixerPlatformXAudio2::SubmitBuffer() called for the first time
[2025.03.24-09.27.33:186][190]LogInit: FAudioDevice initialized.
[2025.03.24-09.27.33:186][190]LogAudio: Display: Audio Device (ID: 86) registered with world 'ThirdPersonExampleMap'.
[2025.03.24-09.27.33:193][190]LogLoad: Game class is 'ThirdPersonGameMode_C'
[2025.03.24-09.27.33:196][190]LogWorld: Bringing World /Game/ThirdPersonBP/Maps/UEDPIE_0_ThirdPersonExampleMap.ThirdPersonExampleMap up for play (max tick rate 60) at 2025.03.24-17.27.33
[2025.03.24-09.27.33:196][190]LogWorld: Bringing up level for play took: 0.002532
[2025.03.24-09.27.33:196][190]LogOnline: OSS: Creating online subsystem instance for: :Context_117
[2025.03.24-09.27.33:198][190]PIE: Server logged in
[2025.03.24-09.27.33:198][190]PIE: Play in editor total start time 0.14 seconds.
[2025.03.24-09.27.42:440][689]LogSlate: Updating window title bar state: overlay mode, drag disabled, window buttons hidden, title bar hidden
[2025.03.24-09.27.42:440][689]LogWorld: BeginTearingDown for /Game/ThirdPersonBP/Maps/UEDPIE_0_ThirdPersonExampleMap
[2025.03.24-09.27.42:440][689]LogWorld: UWorld::CleanupWorld for ThirdPersonExampleMap, bSessionEnded=true, bCleanupResources=true
[2025.03.24-09.27.42:441][689]LogSlate: InvalidateAllWidgets triggered.  All widgets were invalidated
[2025.03.24-09.27.42:460][689]LogPlayLevel: Display: Shutting down PIE online subsystems
[2025.03.24-09.27.42:469][689]LogSlate: InvalidateAllWidgets triggered.  All widgets were invalidated
[2025.03.24-09.27.42:496][689]LogAudio: Display: Audio Device unregistered from world 'None'.
[2025.03.24-09.27.42:496][689]LogAudioMixer: FMixerPlatformXAudio2::StopAudioStream() called
[2025.03.24-09.27.42:499][689]LogAudioMixer: FMixerPlatformXAudio2::StopAudioStream() called
[2025.03.24-09.27.42:502][689]LogSlate: Updating window title bar state: overlay mode, drag disabled, window buttons hidden, title bar hidden
[2025.03.24-09.27.42:506][689]LogUObjectHash: Compacting FUObjectHashTables data took   2.25ms
[2025.03.24-09.27.42:572][690]LogPlayLevel: Display: Destroying online subsystem :Context_117
[2025.03.24-09.28.00:920][178]LogSlate: Window 'Choose New StaticMesh Location' being destroyed
[2025.03.24-09.29.02:952][398]LogSlate: Took 0.007901 seconds to synchronously load lazily loaded font '../../../Engine/Content/Slate/Fonts/Roboto-Light.ttf' (167K)
[2025.03.24-09.29.12:926][685]LogEditorViewport: Clicking on Actor (LMB): BP_MagicWall_C (BP_MagicWall)
[2025.03.24-09.29.30:516][219]LogEditorViewport: Clicking on Actor (context menu): BP_MagicWall_C (BP_MagicWall)
[2025.03.24-09.29.30:984][231]LogEditorViewport: Clicking on Actor (LMB): BP_MagicWall_C (BP_MagicWall)
[2025.03.24-09.29.31:568][249]LogEditorViewport: Clicking on Actor (LMB): BP_MagicWall_C (BP_MagicWall)
[2025.03.24-09.29.39:169][462]LogEditorViewport: Clicking on Actor (LMB): BP_MagicWall_C (BP_MagicWall)
[2025.03.24-09.29.39:998][487]LogEditorViewport: Clicking on Actor (LMB): BP_MagicWall_C (BP_MagicWall)
[2025.03.24-09.29.56:213][882]LogSlate: Window 'Delete Component' being destroyed
[2025.03.24-09.30.31:414][249]LogUObjectHash: Compacting FUObjectHashTables data took   3.60ms
[2025.03.24-09.30.31:446][249]LogSavePackage: Moving '../../../../../../project/UE/room_escape/Saved/ThirdPersonExampleMap_Auto551D1D773460FDAFAAFB4E38DDB01F196.tmp' to '../../../../../../project/UE/room_escape/Saved/Autosaves/Game/ThirdPersonBP/Maps/ThirdPersonExampleMap_Auto5.umap'
[2025.03.24-09.30.31:447][249]LogFileHelpers: Editor autosave (incl. external actors) for '/Game/ThirdPersonBP/Maps/ThirdPersonExampleMap' took 0.068
[2025.03.24-09.30.31:447][249]LogFileHelpers: Editor autosave (incl. sublevels & external actors) for all levels took 0.068
[2025.03.24-09.30.31:447][249]OBJ SavePackage: Generating thumbnails for [2] asset(s) in package [/Game/BP/Second/BP_MagicWall] ([2] browsable assets)...
[2025.03.24-09.30.31:465][249]OBJ SavePackage:     Rendered thumbnail for [Blueprint /Game/BP/Second/BP_MagicWall.BP_MagicWall]
[2025.03.24-09.30.31:465][249]OBJ SavePackage: Finished generating thumbnails for package [/Game/BP/Second/BP_MagicWall]
[2025.03.24-09.30.31:465][249]Cmd: OBJ SAVEPACKAGE PACKAGE="/Game/BP/Second/BP_MagicWall" FILE="../../../../../../project/UE/room_escape/Saved/Autosaves/Game/BP/Second/BP_MagicWall_Auto5.uasset" SILENT=false AUTOSAVING=true
[2025.03.24-09.30.31:474][249]LogSavePackage: Moving '../../../../../../project/UE/room_escape/Saved/BP_MagicWall_Auto56CE8880C4FB4DEA607AC679286169E3D.tmp' to '../../../../../../project/UE/room_escape/Saved/Autosaves/Game/BP/Second/BP_MagicWall_Auto5.uasset'
[2025.03.24-09.30.31:476][249]OBJ SavePackage: Generating thumbnails for [1] asset(s) in package [/Game/MT/doorPortal/source/Door_-_p2] ([1] browsable assets)...
[2025.03.24-09.30.31:493][249]OBJ SavePackage:     Rendered thumbnail for [SkeletalMesh /Game/MT/doorPortal/source/Door_-_p2.Door_-_p2]
[2025.03.24-09.30.31:493][249]OBJ SavePackage: Finished generating thumbnails for package [/Game/MT/doorPortal/source/Door_-_p2]
[2025.03.24-09.30.31:530][249]LogSavePackage: Moving '../../../../../../project/UE/room_escape/Saved/Door_-_p2_Auto5A2DF31E2428C2A8BD8BCACABAB5AA79A.tmp' to '../../../../../../project/UE/room_escape/Saved/Autosaves/Game/MT/doorPortal/source/Door_-_p2_Auto5.uasset'
[2025.03.24-09.30.31:530][249]LogFileHelpers: Auto-saving content packages took 0.083
[2025.03.24-09.30.33:887][255]LogAudioMixer: Warning: Changing default audio render device to new device: {0.0.0.00000000}.{28889e13-a039-4157-b81b-f8eed91d53ed}.
[2025.03.24-09.30.33:887][255]LogAudioMixer: Resetting audio stream to device id 
[2025.03.24-09.30.33:903][255]LogAudioMixer: Display: 0: FrontLeft
[2025.03.24-09.30.33:903][255]LogAudioMixer: Display: 1: FrontRight
[2025.03.24-09.31.12:086][369]LogD3D11RHI: Timed out while waiting for GPU to catch up. (0.5 s) (ErrorCode 00000001) (00000000)
[2025.03.24-09.32.06:724][532]LogD3D11RHI: Timed out while waiting for GPU to catch up. (0.5 s) (ErrorCode 00000001) (00000000)
[2025.03.24-09.32.55:931][678]LogD3D11RHI: Timed out while waiting for GPU to catch up. (0.5 s) (ErrorCode 00000001) (00000000)
[2025.03.24-09.32.57:538][679]LogAudioMixer: Warning: Changing default audio render device to new device: {0.0.0.00000000}.{9cd014f6-e44b-4026-ac05-e666d50ce081}.
[2025.03.24-09.32.57:538][679]LogAudioMixer: Resetting audio stream to device id 
[2025.03.24-09.32.57:554][679]LogAudioMixer: Display: 0: FrontLeft
[2025.03.24-09.32.57:554][679]LogAudioMixer: Display: 1: FrontRight
[2025.03.24-09.32.59:722][682]LogAudioMixer: Warning: Changing default audio render device to new device: {0.0.0.00000000}.{9cd014f6-e44b-4026-ac05-e666d50ce081}.
[2025.03.24-09.32.59:782][682]LogAudioMixer: Resetting audio stream to device id 
[2025.03.24-09.32.59:804][682]LogAudioMixer: Display: 0: FrontLeft
[2025.03.24-09.32.59:804][682]LogAudioMixer: Display: 1: FrontRight
[2025.03.24-09.33.05:540][740]LogSlate: Window 'Delete Component' being destroyed
[2025.03.24-09.33.05:548][740]LogPackageName: Error: DoesPackageExist: DoesPackageExist FAILED: '' is not a standard unreal filename or a long path name. Reason: Path should be no less than 4 characters long.
[2025.03.24-09.33.05:548][740]LogBlueprint: Error: [AssetLog]  (no disk path found): [Compiler] The component that  On Component Hit (SkeletalMesh)  was bound to has been deleted! This node is no longer valid
[2025.03.24-09.33.05:548][740]BlueprintLog: New page: Removed Owner of Component Bound Event
[2025.03.24-09.33.05:549][740]BlueprintLog: Error: The component that  On Component Hit (SkeletalMesh)  was bound to has been deleted! This node is no longer valid
[2025.03.24-09.37.03:343][348]BlueprintLog: New page: Compile BP_MagicWall
[2025.03.24-09.37.03:347][348]LogBlueprint: Warning: [AssetLog] D:\project\UE\room_escape\Content\BP\Second\BP_MagicWall.uasset: [Compiler] On Component Hit (SkeletalMesh)  does not have a valid matching component!
[2025.03.24-09.37.03:433][348]LogUObjectHash: Compacting FUObjectHashTables data took   3.96ms
[2025.03.24-09.37.41:253][133]BlueprintLog: New page: Compile BP_MagicWall
[2025.03.24-09.37.41:359][133]LogUObjectHash: Compacting FUObjectHashTables data took   3.85ms
[2025.03.24-09.37.46:870][354]LogTemp: Repeating last play command: Selected Viewport
[2025.03.24-09.37.46:879][354]LogPlayLevel: PlayLevel: No blueprints needed recompiling
[2025.03.24-09.37.46:879][354]PIE: New page: PIE session: ThirdPersonExampleMap (2025年3月25日 上午1:37:46)
[2025.03.24-09.37.46:880][354]LogPlayLevel: Creating play world package: /Game/ThirdPersonBP/Maps/UEDPIE_0_ThirdPersonExampleMap
[2025.03.24-09.37.46:908][354]LogPlayLevel: PIE: StaticDuplicateObject took: (0.027833s)
[2025.03.24-09.37.46:909][354]LogAIModule: Creating AISystem for world ThirdPersonExampleMap
[2025.03.24-09.37.46:910][354]LogPlayLevel: PIE: World Init took: (0.001862s)
[2025.03.24-09.37.46:910][354]LogPlayLevel: PIE: Created PIE world by copying editor world from /Game/ThirdPersonBP/Maps/ThirdPersonExampleMap.ThirdPersonExampleMap to /Game/ThirdPersonBP/Maps/UEDPIE_0_ThirdPersonExampleMap.ThirdPersonExampleMap (0.030004s)
[2025.03.24-09.37.46:947][354]LogUObjectHash: Compacting FUObjectHashTables data took   6.04ms
[2025.03.24-09.37.46:949][354]LogAudio: Display: Creating Audio Device:                 Id: 87, Scope: Unique, Realtime: True
[2025.03.24-09.37.46:949][354]LogAudioMixer: Display: Audio Mixer Platform Settings:
[2025.03.24-09.37.46:950][354]LogAudioMixer: Display: 	Sample Rate:						  48000
[2025.03.24-09.37.46:950][354]LogAudioMixer: Display: 	Callback Buffer Frame Size Requested: 1024
[2025.03.24-09.37.46:950][354]LogAudioMixer: Display: 	Callback Buffer Frame Size To Use:	  1024
[2025.03.24-09.37.46:950][354]LogAudioMixer: Display: 	Number of buffers to queue:			  2
[2025.03.24-09.37.46:950][354]LogAudioMixer: Display: 	Max Channels (voices):				  32
[2025.03.24-09.37.46:950][354]LogAudioMixer: Display: 	Number of Async Source Workers:		  0
[2025.03.24-09.37.46:950][354]LogAudio: Display: AudioDevice MaxSources: 32
[2025.03.24-09.37.46:950][354]LogAudio: Display: Audio Spatialization Plugin: None (built-in).
[2025.03.24-09.37.46:950][354]LogAudio: Display: Audio Reverb Plugin: None (built-in).
[2025.03.24-09.37.46:950][354]LogAudio: Display: Audio Occlusion Plugin: None (built-in).
[2025.03.24-09.37.46:950][354]LogAudioMixer: Display: Initializing audio mixer.
[2025.03.24-09.37.46:955][354]LogAudioMixer: Display: 0: FrontLeft
[2025.03.24-09.37.46:955][354]LogAudioMixer: Display: 1: FrontRight
[2025.03.24-09.37.46:990][354]LogAudioMixer: Display: Using Audio Device 扬声器 (适用于 I2S 音频的英特尔® 智音技术)
[2025.03.24-09.37.46:990][354]LogAudioMixer: Display: Initializing Sound Submixes...
[2025.03.24-09.37.46:990][354]LogAudioMixer: Display: Creating Master Submix 'MasterSubmixDefault'
[2025.03.24-09.37.46:990][354]LogAudioMixer: Display: Creating Master Submix 'MasterReverbSubmixDefault'
[2025.03.24-09.37.46:991][354]LogAudioMixer: Display: Creating Master Submix 'MasterEQSubmixDefault'
[2025.03.24-09.37.46:991][354]LogAudioMixer: FMixerPlatformXAudio2::StartAudioStream() called
[2025.03.24-09.37.46:991][354]LogAudioMixer: Display: Output buffers initialized: Frames=1024, Channels=2, Samples=2048
[2025.03.24-09.37.46:992][354]LogAudioMixer: Display: Starting AudioMixerPlatformInterface::RunInternal()
[2025.03.24-09.37.46:992][354]LogAudioMixer: Display: FMixerPlatformXAudio2::SubmitBuffer() called for the first time
[2025.03.24-09.37.46:992][354]LogInit: FAudioDevice initialized.
[2025.03.24-09.37.46:992][354]LogAudio: Display: Audio Device (ID: 87) registered with world 'ThirdPersonExampleMap'.
[2025.03.24-09.37.47:004][354]LogLoad: Game class is 'ThirdPersonGameMode_C'
[2025.03.24-09.37.47:007][354]LogWorld: Bringing World /Game/ThirdPersonBP/Maps/UEDPIE_0_ThirdPersonExampleMap.ThirdPersonExampleMap up for play (max tick rate 60) at 2025.03.24-17.37.47
[2025.03.24-09.37.47:007][354]LogWorld: Bringing up level for play took: 0.002495
[2025.03.24-09.37.47:007][354]LogOnline: OSS: Creating online subsystem instance for: :Context_118
[2025.03.24-09.37.47:009][354]PIE: Server logged in
[2025.03.24-09.37.47:010][354]PIE: Play in editor total start time 0.133 seconds.
[2025.03.24-09.37.48:936][462]LogBlueprintUserMessages: [BP_MagicWall_5] 进入下一关
[2025.03.24-09.37.48:936][462]LogBlueprintUserMessages: [BP_MagicWall_5] 进入下一关
[2025.03.24-09.37.48:959][463]LogBlueprintUserMessages: [BP_MagicWall_5] 进入下一关
[2025.03.24-09.37.48:959][463]LogBlueprintUserMessages: [BP_MagicWall_5] 进入下一关
[2025.03.24-09.37.48:980][464]LogBlueprintUserMessages: [BP_MagicWall_5] 进入下一关
[2025.03.24-09.37.48:980][464]LogBlueprintUserMessages: [BP_MagicWall_5] 进入下一关
[2025.03.24-09.37.48:998][465]LogBlueprintUserMessages: [BP_MagicWall_5] 进入下一关
[2025.03.24-09.37.48:998][465]LogBlueprintUserMessages: [BP_MagicWall_5] 进入下一关
[2025.03.24-09.37.49:017][466]LogBlueprintUserMessages: [BP_MagicWall_5] 进入下一关
[2025.03.24-09.37.49:017][466]LogBlueprintUserMessages: [BP_MagicWall_5] 进入下一关
[2025.03.24-09.37.49:034][467]LogBlueprintUserMessages: [BP_MagicWall_5] 进入下一关
[2025.03.24-09.37.49:034][467]LogBlueprintUserMessages: [BP_MagicWall_5] 进入下一关
[2025.03.24-09.37.49:051][468]LogBlueprintUserMessages: [BP_MagicWall_5] 进入下一关
[2025.03.24-09.37.49:051][468]LogBlueprintUserMessages: [BP_MagicWall_5] 进入下一关
[2025.03.24-09.37.49:067][469]LogBlueprintUserMessages: [BP_MagicWall_5] 进入下一关
[2025.03.24-09.37.49:067][469]LogBlueprintUserMessages: [BP_MagicWall_5] 进入下一关
[2025.03.24-09.37.49:083][470]LogBlueprintUserMessages: [BP_MagicWall_5] 进入下一关
[2025.03.24-09.37.49:083][470]LogBlueprintUserMessages: [BP_MagicWall_5] 进入下一关
[2025.03.24-09.37.49:100][471]LogBlueprintUserMessages: [BP_MagicWall_5] 进入下一关
[2025.03.24-09.37.49:100][471]LogBlueprintUserMessages: [BP_MagicWall_5] 进入下一关
[2025.03.24-09.37.49:117][472]LogBlueprintUserMessages: [BP_MagicWall_5] 进入下一关
[2025.03.24-09.37.49:117][472]LogBlueprintUserMessages: [BP_MagicWall_5] 进入下一关
[2025.03.24-09.37.49:133][473]LogBlueprintUserMessages: [BP_MagicWall_5] 进入下一关
[2025.03.24-09.37.49:133][473]LogBlueprintUserMessages: [BP_MagicWall_5] 进入下一关
[2025.03.24-09.37.49:150][474]LogBlueprintUserMessages: [BP_MagicWall_5] 进入下一关
[2025.03.24-09.37.49:150][474]LogBlueprintUserMessages: [BP_MagicWall_5] 进入下一关
[2025.03.24-09.37.49:166][475]LogBlueprintUserMessages: [BP_MagicWall_5] 进入下一关
[2025.03.24-09.37.49:166][475]LogBlueprintUserMessages: [BP_MagicWall_5] 进入下一关
[2025.03.24-09.37.49:183][476]LogBlueprintUserMessages: [BP_MagicWall_5] 进入下一关
[2025.03.24-09.37.49:183][476]LogBlueprintUserMessages: [BP_MagicWall_5] 进入下一关
[2025.03.24-09.37.49:201][477]LogBlueprintUserMessages: [BP_MagicWall_5] 进入下一关
[2025.03.24-09.37.49:201][477]LogBlueprintUserMessages: [BP_MagicWall_5] 进入下一关
[2025.03.24-09.37.49:217][478]LogBlueprintUserMessages: [BP_MagicWall_5] 进入下一关
[2025.03.24-09.37.49:217][478]LogBlueprintUserMessages: [BP_MagicWall_5] 进入下一关
[2025.03.24-09.37.49:234][479]LogBlueprintUserMessages: [BP_MagicWall_5] 进入下一关
[2025.03.24-09.37.49:234][479]LogBlueprintUserMessages: [BP_MagicWall_5] 进入下一关
[2025.03.24-09.37.49:250][480]LogBlueprintUserMessages: [BP_MagicWall_5] 进入下一关
[2025.03.24-09.37.49:250][480]LogBlueprintUserMessages: [BP_MagicWall_5] 进入下一关
[2025.03.24-09.37.49:267][481]LogBlueprintUserMessages: [BP_MagicWall_5] 进入下一关
[2025.03.24-09.37.49:267][481]LogBlueprintUserMessages: [BP_MagicWall_5] 进入下一关
[2025.03.24-09.37.49:283][482]LogBlueprintUserMessages: [BP_MagicWall_5] 进入下一关
[2025.03.24-09.37.49:283][482]LogBlueprintUserMessages: [BP_MagicWall_5] 进入下一关
[2025.03.24-09.37.49:305][483]LogBlueprintUserMessages: [BP_MagicWall_5] 进入下一关
[2025.03.24-09.37.49:305][483]LogBlueprintUserMessages: [BP_MagicWall_5] 进入下一关
[2025.03.24-09.37.49:325][484]LogBlueprintUserMessages: [BP_MagicWall_5] 进入下一关
[2025.03.24-09.37.49:325][484]LogBlueprintUserMessages: [BP_MagicWall_5] 进入下一关
[2025.03.24-09.37.49:341][485]LogBlueprintUserMessages: [BP_MagicWall_5] 进入下一关
[2025.03.24-09.37.49:341][485]LogBlueprintUserMessages: [BP_MagicWall_5] 进入下一关
[2025.03.24-09.37.49:358][486]LogBlueprintUserMessages: [BP_MagicWall_5] 进入下一关
[2025.03.24-09.37.49:358][486]LogBlueprintUserMessages: [BP_MagicWall_5] 进入下一关
[2025.03.24-09.37.49:375][487]LogBlueprintUserMessages: [BP_MagicWall_5] 进入下一关
[2025.03.24-09.37.49:375][487]LogBlueprintUserMessages: [BP_MagicWall_5] 进入下一关
[2025.03.24-09.37.53:410][711]LogBlueprintUserMessages: [BP_MagicWall_5] 进入下一关
[2025.03.24-09.37.53:410][711]LogBlueprintUserMessages: [BP_MagicWall_5] 进入下一关
[2025.03.24-09.37.53:427][712]LogBlueprintUserMessages: [BP_MagicWall_5] 进入下一关
[2025.03.24-09.37.53:427][712]LogBlueprintUserMessages: [BP_MagicWall_5] 进入下一关
[2025.03.24-09.37.53:446][713]LogBlueprintUserMessages: [BP_MagicWall_5] 进入下一关
[2025.03.24-09.37.53:446][713]LogBlueprintUserMessages: [BP_MagicWall_5] 进入下一关
[2025.03.24-09.37.53:463][714]LogBlueprintUserMessages: [BP_MagicWall_5] 进入下一关
[2025.03.24-09.37.53:463][714]LogBlueprintUserMessages: [BP_MagicWall_5] 进入下一关
[2025.03.24-09.37.53:482][715]LogBlueprintUserMessages: [BP_MagicWall_5] 进入下一关
[2025.03.24-09.37.53:482][715]LogBlueprintUserMessages: [BP_MagicWall_5] 进入下一关
[2025.03.24-09.37.54:543][770]LogBlueprintUserMessages: [BP_MagicWall_5] 进入下一关
[2025.03.24-09.37.54:543][770]LogBlueprintUserMessages: [BP_MagicWall_5] 进入下一关
[2025.03.24-09.37.54:558][771]LogBlueprintUserMessages: [BP_MagicWall_5] 进入下一关
[2025.03.24-09.37.54:559][771]LogBlueprintUserMessages: [BP_MagicWall_5] 进入下一关
[2025.03.24-09.37.54:575][772]LogBlueprintUserMessages: [BP_MagicWall_5] 进入下一关
[2025.03.24-09.37.54:576][772]LogBlueprintUserMessages: [BP_MagicWall_5] 进入下一关
[2025.03.24-09.37.54:592][773]LogBlueprintUserMessages: [BP_MagicWall_5] 进入下一关
[2025.03.24-09.37.54:592][773]LogBlueprintUserMessages: [BP_MagicWall_5] 进入下一关
[2025.03.24-09.37.54:609][774]LogBlueprintUserMessages: [BP_MagicWall_5] 进入下一关
[2025.03.24-09.37.54:609][774]LogBlueprintUserMessages: [BP_MagicWall_5] 进入下一关
[2025.03.24-09.37.54:625][775]LogBlueprintUserMessages: [BP_MagicWall_5] 进入下一关
[2025.03.24-09.37.54:626][775]LogBlueprintUserMessages: [BP_MagicWall_5] 进入下一关
[2025.03.24-09.37.54:642][776]LogBlueprintUserMessages: [BP_MagicWall_5] 进入下一关
[2025.03.24-09.37.54:642][776]LogBlueprintUserMessages: [BP_MagicWall_5] 进入下一关
[2025.03.24-09.37.54:659][777]LogBlueprintUserMessages: [BP_MagicWall_5] 进入下一关
[2025.03.24-09.37.54:659][777]LogBlueprintUserMessages: [BP_MagicWall_5] 进入下一关
[2025.03.24-09.37.54:675][778]LogBlueprintUserMessages: [BP_MagicWall_5] 进入下一关
[2025.03.24-09.37.54:676][778]LogBlueprintUserMessages: [BP_MagicWall_5] 进入下一关
[2025.03.24-09.37.56:397][878]LogSlate: Updating window title bar state: overlay mode, drag disabled, window buttons hidden, title bar hidden
[2025.03.24-09.37.56:397][878]LogWorld: BeginTearingDown for /Game/ThirdPersonBP/Maps/UEDPIE_0_ThirdPersonExampleMap
[2025.03.24-09.37.56:397][878]LogWorld: UWorld::CleanupWorld for ThirdPersonExampleMap, bSessionEnded=true, bCleanupResources=true
[2025.03.24-09.37.56:398][878]LogSlate: InvalidateAllWidgets triggered.  All widgets were invalidated
[2025.03.24-09.37.56:436][878]LogPlayLevel: Display: Shutting down PIE online subsystems
[2025.03.24-09.37.56:451][878]LogSlate: InvalidateAllWidgets triggered.  All widgets were invalidated
[2025.03.24-09.37.56:490][878]LogAudio: Display: Audio Device unregistered from world 'None'.
[2025.03.24-09.37.56:490][878]LogAudioMixer: FMixerPlatformXAudio2::StopAudioStream() called
[2025.03.24-09.37.56:491][878]LogAudioMixer: FMixerPlatformXAudio2::StopAudioStream() called
[2025.03.24-09.37.56:495][878]LogSlate: Updating window title bar state: overlay mode, drag disabled, window buttons hidden, title bar hidden
[2025.03.24-09.37.56:503][878]LogUObjectHash: Compacting FUObjectHashTables data took   6.32ms
[2025.03.24-09.37.56:573][879]LogPlayLevel: Display: Destroying online subsystem :Context_118
[2025.03.24-09.39.45:587][ 74]LogTemp: Repeating last play command: Selected Viewport
[2025.03.24-09.39.45:596][ 74]BlueprintLog: New page: Pre-Play auto-recompile
[2025.03.24-09.39.45:597][ 74]LogPlayLevel: [PlayLevel] Compiling BP_MagicWall before play...
[2025.03.24-09.39.45:692][ 74]LogUObjectHash: Compacting FUObjectHashTables data took   2.99ms
[2025.03.24-09.39.45:696][ 74]LogPlayLevel: PlayLevel: Blueprint regeneration took 100 ms (1 blueprints)
[2025.03.24-09.39.45:696][ 74]PIE: New page: PIE session: ThirdPersonExampleMap (2025年3月25日 上午1:39:45)
[2025.03.24-09.39.45:697][ 74]LogPlayLevel: Creating play world package: /Game/ThirdPersonBP/Maps/UEDPIE_0_ThirdPersonExampleMap
[2025.03.24-09.39.45:710][ 74]LogPlayLevel: PIE: StaticDuplicateObject took: (0.013280s)
[2025.03.24-09.39.45:711][ 74]LogAIModule: Creating AISystem for world ThirdPersonExampleMap
[2025.03.24-09.39.45:711][ 74]LogPlayLevel: PIE: World Init took: (0.001256s)
[2025.03.24-09.39.45:711][ 74]LogPlayLevel: PIE: Created PIE world by copying editor world from /Game/ThirdPersonBP/Maps/ThirdPersonExampleMap.ThirdPersonExampleMap to /Game/ThirdPersonBP/Maps/UEDPIE_0_ThirdPersonExampleMap.ThirdPersonExampleMap (0.014781s)
[2025.03.24-09.39.45:742][ 74]LogUObjectHash: Compacting FUObjectHashTables data took   3.29ms
[2025.03.24-09.39.45:742][ 74]LogAudio: Display: Creating Audio Device:                 Id: 88, Scope: Unique, Realtime: True
[2025.03.24-09.39.45:742][ 74]LogAudioMixer: Display: Audio Mixer Platform Settings:
[2025.03.24-09.39.45:742][ 74]LogAudioMixer: Display: 	Sample Rate:						  48000
[2025.03.24-09.39.45:742][ 74]LogAudioMixer: Display: 	Callback Buffer Frame Size Requested: 1024
[2025.03.24-09.39.45:742][ 74]LogAudioMixer: Display: 	Callback Buffer Frame Size To Use:	  1024
[2025.03.24-09.39.45:742][ 74]LogAudioMixer: Display: 	Number of buffers to queue:			  2
[2025.03.24-09.39.45:744][ 74]LogAudioMixer: Display: 	Max Channels (voices):				  32
[2025.03.24-09.39.45:744][ 74]LogAudioMixer: Display: 	Number of Async Source Workers:		  0
[2025.03.24-09.39.45:744][ 74]LogAudio: Display: AudioDevice MaxSources: 32
[2025.03.24-09.39.45:744][ 74]LogAudio: Display: Audio Spatialization Plugin: None (built-in).
[2025.03.24-09.39.45:744][ 74]LogAudio: Display: Audio Reverb Plugin: None (built-in).
[2025.03.24-09.39.45:744][ 74]LogAudio: Display: Audio Occlusion Plugin: None (built-in).
[2025.03.24-09.39.45:744][ 74]LogAudioMixer: Display: Initializing audio mixer.
[2025.03.24-09.39.45:747][ 74]LogAudioMixer: Display: 0: FrontLeft
[2025.03.24-09.39.45:747][ 74]LogAudioMixer: Display: 1: FrontRight
[2025.03.24-09.39.45:776][ 74]LogAudioMixer: Display: Using Audio Device 扬声器 (适用于 I2S 音频的英特尔® 智音技术)
[2025.03.24-09.39.45:776][ 74]LogAudioMixer: Display: Initializing Sound Submixes...
[2025.03.24-09.39.45:776][ 74]LogAudioMixer: Display: Creating Master Submix 'MasterSubmixDefault'
[2025.03.24-09.39.45:776][ 74]LogAudioMixer: Display: Creating Master Submix 'MasterReverbSubmixDefault'
[2025.03.24-09.39.45:777][ 74]LogAudioMixer: Display: Creating Master Submix 'MasterEQSubmixDefault'
[2025.03.24-09.39.45:777][ 74]LogAudioMixer: FMixerPlatformXAudio2::StartAudioStream() called
[2025.03.24-09.39.45:777][ 74]LogAudioMixer: Display: Output buffers initialized: Frames=1024, Channels=2, Samples=2048
[2025.03.24-09.39.45:778][ 74]LogAudioMixer: Display: Starting AudioMixerPlatformInterface::RunInternal()
[2025.03.24-09.39.45:778][ 74]LogAudioMixer: Display: FMixerPlatformXAudio2::SubmitBuffer() called for the first time
[2025.03.24-09.39.45:778][ 74]LogInit: FAudioDevice initialized.
[2025.03.24-09.39.45:778][ 74]LogAudio: Display: Audio Device (ID: 88) registered with world 'ThirdPersonExampleMap'.
[2025.03.24-09.39.45:789][ 74]LogLoad: Game class is 'ThirdPersonGameMode_C'
[2025.03.24-09.39.45:792][ 74]LogWorld: Bringing World /Game/ThirdPersonBP/Maps/UEDPIE_0_ThirdPersonExampleMap.ThirdPersonExampleMap up for play (max tick rate 60) at 2025.03.24-17.39.45
[2025.03.24-09.39.45:792][ 74]LogWorld: Bringing up level for play took: 0.002252
[2025.03.24-09.39.45:792][ 74]LogOnline: OSS: Creating online subsystem instance for: :Context_119
[2025.03.24-09.39.45:795][ 74]PIE: Server logged in
[2025.03.24-09.39.45:795][ 74]PIE: Play in editor total start time 0.201 seconds.
[2025.03.24-09.39.59:097][824]LogSlate: Updating window title bar state: overlay mode, drag disabled, window buttons hidden, title bar hidden
[2025.03.24-09.39.59:097][824]LogWorld: BeginTearingDown for /Game/ThirdPersonBP/Maps/UEDPIE_0_ThirdPersonExampleMap
[2025.03.24-09.39.59:098][824]LogWorld: UWorld::CleanupWorld for ThirdPersonExampleMap, bSessionEnded=true, bCleanupResources=true
[2025.03.24-09.39.59:099][824]LogSlate: InvalidateAllWidgets triggered.  All widgets were invalidated
[2025.03.24-09.39.59:127][824]LogPlayLevel: Display: Shutting down PIE online subsystems
[2025.03.24-09.39.59:138][824]LogSlate: InvalidateAllWidgets triggered.  All widgets were invalidated
[2025.03.24-09.39.59:166][824]LogSlate: Updating window title bar state: overlay mode, drag disabled, window buttons hidden, title bar hidden
[2025.03.24-09.39.59:166][824]LogAudioMixer: FMixerPlatformXAudio2::StopAudioStream() called
[2025.03.24-09.39.59:167][824]LogAudioMixer: FMixerPlatformXAudio2::StopAudioStream() called
[2025.03.24-09.39.59:176][824]LogUObjectHash: Compacting FUObjectHashTables data took   2.15ms
[2025.03.24-09.39.59:221][825]LogPlayLevel: Display: Destroying online subsystem :Context_119
[2025.03.24-09.40.00:192][865]LogEditorViewport: Clicking on Actor (LMB): BP_MagicWall_C (BP_MagicWall)
[2025.03.24-09.40.38:053][388]LogHttp: Warning: 000001ED7090C800: invalid HTTP response code received. URL: https://datarouter.ol.epicgames.com/datarouter/api/v1/public/data?SessionID=%7BB9D62385-4F5B-E166-2578-BCB969684141%7D&AppID=UEEditor.Rocket.Release&AppVersion=4.27.2-18319896%2B%2B%2BUE4%2BRelease-4.27&UserID=4dadba1840df393f01f03bb4251131e7%7C8200f8875fa445f5b01f2fa9e0ce4780%7Cb587297a-ff5c-45fe-b03b-545ac00d4e54&AppEnvironment=datacollector-binary&UploadType=eteventstream, HTTP code: 0, content length: 0, actual payload size: 0
[2025.03.24-09.40.38:054][388]LogHttp: Warning: 000001ED7090C800: request failed, libcurl error: 0 (No error)
[2025.03.24-09.40.38:054][388]LogHttp: Warning: 000001ED7090C800: libcurl info message cache 0 (Found bundle for host datarouter.ol.epicgames.com: 0x1ed2879dc60 [can pipeline])
[2025.03.24-09.40.38:054][388]LogHttp: Warning: 000001ED7090C800: libcurl info message cache 1 (Re-using existing connection! (#10) with proxy 127.0.0.1)
[2025.03.24-09.40.38:054][388]LogHttp: Warning: 000001ED7090C800: libcurl info message cache 2 (Connected to 127.0.0.1 (127.0.0.1) port 56472 (#10))
[2025.03.24-09.40.38:054][388]LogHttp: Warning: 000001ED7090C800: libcurl info message cache 3 (TLSv1.3 (OUT), TLS Unknown, Unknown (23):)
[2025.03.24-09.40.38:054][388]LogHttp: Warning: 000001ED7090C800: libcurl info message cache 4 (TLSv1.3 (OUT), TLS Unknown, Unknown (23):)
[2025.03.24-09.40.38:054][388]LogHttp: Warning: 000001ED7090C800: libcurl info message cache 5 (We are completely uploaded and fine)
[2025.03.24-09.40.38:054][388]LogHttp: Warning: 000001ED7090C800: libcurl info message cache 6 (Connection died, retrying a fresh connect)
[2025.03.24-09.40.38:054][388]LogHttp: Warning: 000001ED7090C800: libcurl info message cache 7 (necessary data rewind wasn't possible)
[2025.03.24-09.40.38:054][388]LogHttp: Warning: 000001ED7090C800: libcurl info message cache 8 (Closing connection 10)
[2025.03.24-09.40.38:054][388]LogHttp: Warning: 000001ED7090C800: libcurl info message cache 9 (TLSv1.3 (OUT), TLS Unknown, Unknown (21):)
[2025.03.24-09.40.38:054][388]LogHttp: Warning: 000001ED7090C800: libcurl info message cache 10 (TLSv1.3 (OUT), TLS alert, Client hello (1):)
[2025.03.24-09.40.38:075][389]LogHttp: Warning: Retry exhausted on https://datarouter.ol.epicgames.com/datarouter/api/v1/public/data?SessionID=%7BB9D62385-4F5B-E166-2578-BCB969684141%7D&AppID=UEEditor.Rocket.Release&AppVersion=4.27.2-18319896%2B%2B%2BUE4%2BRelease-4.27&UserID=4dadba1840df393f01f03bb4251131e7%7C8200f8875fa445f5b01f2fa9e0ce4780%7Cb587297a-ff5c-45fe-b03b-545ac00d4e54&AppEnvironment=datacollector-binary&UploadType=eteventstream
[2025.03.24-09.41.22:604][154]BlueprintLog: New page: Compile BP_MagicWall
[2025.03.24-09.41.22:688][154]LogUObjectHash: Compacting FUObjectHashTables data took   6.94ms
[2025.03.24-09.41.27:477][336]LogTemp: Repeating last play command: Selected Viewport
[2025.03.24-09.41.27:486][336]LogPlayLevel: PlayLevel: No blueprints needed recompiling
[2025.03.24-09.41.27:486][336]PIE: New page: PIE session: ThirdPersonExampleMap (2025年3月25日 上午1:41:27)
[2025.03.24-09.41.27:487][336]LogPlayLevel: Creating play world package: /Game/ThirdPersonBP/Maps/UEDPIE_0_ThirdPersonExampleMap
[2025.03.24-09.41.27:505][336]LogPlayLevel: PIE: StaticDuplicateObject took: (0.017976s)
[2025.03.24-09.41.27:506][336]LogAIModule: Creating AISystem for world ThirdPersonExampleMap
[2025.03.24-09.41.27:506][336]LogPlayLevel: PIE: World Init took: (0.001273s)
[2025.03.24-09.41.27:506][336]LogPlayLevel: PIE: Created PIE world by copying editor world from /Game/ThirdPersonBP/Maps/ThirdPersonExampleMap.ThirdPersonExampleMap to /Game/ThirdPersonBP/Maps/UEDPIE_0_ThirdPersonExampleMap.ThirdPersonExampleMap (0.019551s)
[2025.03.24-09.41.27:543][336]LogUObjectHash: Compacting FUObjectHashTables data took   6.32ms
[2025.03.24-09.41.27:546][336]LogAudio: Display: Creating Audio Device:                 Id: 89, Scope: Unique, Realtime: True
[2025.03.24-09.41.27:546][336]LogAudioMixer: Display: Audio Mixer Platform Settings:
[2025.03.24-09.41.27:546][336]LogAudioMixer: Display: 	Sample Rate:						  48000
[2025.03.24-09.41.27:546][336]LogAudioMixer: Display: 	Callback Buffer Frame Size Requested: 1024
[2025.03.24-09.41.27:546][336]LogAudioMixer: Display: 	Callback Buffer Frame Size To Use:	  1024
[2025.03.24-09.41.27:546][336]LogAudioMixer: Display: 	Number of buffers to queue:			  2
[2025.03.24-09.41.27:546][336]LogAudioMixer: Display: 	Max Channels (voices):				  32
[2025.03.24-09.41.27:546][336]LogAudioMixer: Display: 	Number of Async Source Workers:		  0
[2025.03.24-09.41.27:546][336]LogAudio: Display: AudioDevice MaxSources: 32
[2025.03.24-09.41.27:546][336]LogAudio: Display: Audio Spatialization Plugin: None (built-in).
[2025.03.24-09.41.27:546][336]LogAudio: Display: Audio Reverb Plugin: None (built-in).
[2025.03.24-09.41.27:546][336]LogAudio: Display: Audio Occlusion Plugin: None (built-in).
[2025.03.24-09.41.27:546][336]LogAudioMixer: Display: Initializing audio mixer.
[2025.03.24-09.41.27:549][336]LogAudioMixer: Display: 0: FrontLeft
[2025.03.24-09.41.27:550][336]LogAudioMixer: Display: 1: FrontRight
[2025.03.24-09.41.27:584][336]LogAudioMixer: Display: Using Audio Device 扬声器 (适用于 I2S 音频的英特尔® 智音技术)
[2025.03.24-09.41.27:585][336]LogAudioMixer: Display: Initializing Sound Submixes...
[2025.03.24-09.41.27:585][336]LogAudioMixer: Display: Creating Master Submix 'MasterSubmixDefault'
[2025.03.24-09.41.27:585][336]LogAudioMixer: Display: Creating Master Submix 'MasterReverbSubmixDefault'
[2025.03.24-09.41.27:585][336]LogAudioMixer: Display: Creating Master Submix 'MasterEQSubmixDefault'
[2025.03.24-09.41.27:585][336]LogAudioMixer: FMixerPlatformXAudio2::StartAudioStream() called
[2025.03.24-09.41.27:585][336]LogAudioMixer: Display: Output buffers initialized: Frames=1024, Channels=2, Samples=2048
[2025.03.24-09.41.27:586][336]LogAudioMixer: Display: Starting AudioMixerPlatformInterface::RunInternal()
[2025.03.24-09.41.27:586][336]LogAudioMixer: Display: FMixerPlatformXAudio2::SubmitBuffer() called for the first time
[2025.03.24-09.41.27:586][336]LogInit: FAudioDevice initialized.
[2025.03.24-09.41.27:586][336]LogAudio: Display: Audio Device (ID: 89) registered with world 'ThirdPersonExampleMap'.
[2025.03.24-09.41.27:599][336]LogLoad: Game class is 'ThirdPersonGameMode_C'
[2025.03.24-09.41.27:602][336]LogWorld: Bringing World /Game/ThirdPersonBP/Maps/UEDPIE_0_ThirdPersonExampleMap.ThirdPersonExampleMap up for play (max tick rate 60) at 2025.03.24-17.41.27
[2025.03.24-09.41.27:602][336]LogWorld: Bringing up level for play took: 0.002203
[2025.03.24-09.41.27:602][336]LogOnline: OSS: Creating online subsystem instance for: :Context_120
[2025.03.24-09.41.27:604][336]PIE: Server logged in
[2025.03.24-09.41.27:605][336]PIE: Play in editor total start time 0.121 seconds.
[2025.03.24-09.41.40:646][960]LogSlate: Updating window title bar state: overlay mode, drag disabled, window buttons hidden, title bar hidden
[2025.03.24-09.41.40:646][960]LogWorld: BeginTearingDown for /Game/ThirdPersonBP/Maps/UEDPIE_0_ThirdPersonExampleMap
[2025.03.24-09.41.40:646][960]LogWorld: UWorld::CleanupWorld for ThirdPersonExampleMap, bSessionEnded=true, bCleanupResources=true
[2025.03.24-09.41.40:647][960]LogSlate: InvalidateAllWidgets triggered.  All widgets were invalidated
[2025.03.24-09.41.40:669][960]LogPlayLevel: Display: Shutting down PIE online subsystems
[2025.03.24-09.41.40:678][960]LogSlate: InvalidateAllWidgets triggered.  All widgets were invalidated
[2025.03.24-09.41.40:711][960]LogAudio: Display: Audio Device unregistered from world 'None'.
[2025.03.24-09.41.40:711][960]LogAudioMixer: FMixerPlatformXAudio2::StopAudioStream() called
[2025.03.24-09.41.40:712][960]LogAudioMixer: FMixerPlatformXAudio2::StopAudioStream() called
[2025.03.24-09.41.40:716][960]LogSlate: Updating window title bar state: overlay mode, drag disabled, window buttons hidden, title bar hidden
[2025.03.24-09.41.40:719][960]LogUObjectHash: Compacting FUObjectHashTables data took   2.11ms
[2025.03.24-09.41.40:771][961]LogPlayLevel: Display: Destroying online subsystem :Context_120
[2025.03.24-09.42.00:006][734]BlueprintLog: New page: Compile BP_MagicWall
[2025.03.24-09.42.00:090][734]LogUObjectHash: Compacting FUObjectHashTables data took   3.48ms
[2025.03.24-09.42.03:483][863]LogTemp: Repeating last play command: Selected Viewport
[2025.03.24-09.42.03:494][863]LogPlayLevel: PlayLevel: No blueprints needed recompiling
[2025.03.24-09.42.03:494][863]PIE: New page: PIE session: ThirdPersonExampleMap (2025年3月25日 上午1:42:03)
[2025.03.24-09.42.03:494][863]LogPlayLevel: Creating play world package: /Game/ThirdPersonBP/Maps/UEDPIE_0_ThirdPersonExampleMap
[2025.03.24-09.42.03:511][863]LogPlayLevel: PIE: StaticDuplicateObject took: (0.017505s)
[2025.03.24-09.42.03:512][863]LogAIModule: Creating AISystem for world ThirdPersonExampleMap
[2025.03.24-09.42.03:513][863]LogPlayLevel: PIE: World Init took: (0.001295s)
[2025.03.24-09.42.03:513][863]LogPlayLevel: PIE: Created PIE world by copying editor world from /Game/ThirdPersonBP/Maps/ThirdPersonExampleMap.ThirdPersonExampleMap to /Game/ThirdPersonBP/Maps/UEDPIE_0_ThirdPersonExampleMap.ThirdPersonExampleMap (0.019064s)
[2025.03.24-09.42.03:556][863]LogUObjectHash: Compacting FUObjectHashTables data took   6.64ms
[2025.03.24-09.42.03:557][863]LogAudio: Display: Creating Audio Device:                 Id: 90, Scope: Unique, Realtime: True
[2025.03.24-09.42.03:557][863]LogAudioMixer: Display: Audio Mixer Platform Settings:
[2025.03.24-09.42.03:557][863]LogAudioMixer: Display: 	Sample Rate:						  48000
[2025.03.24-09.42.03:557][863]LogAudioMixer: Display: 	Callback Buffer Frame Size Requested: 1024
[2025.03.24-09.42.03:557][863]LogAudioMixer: Display: 	Callback Buffer Frame Size To Use:	  1024
[2025.03.24-09.42.03:557][863]LogAudioMixer: Display: 	Number of buffers to queue:			  2
[2025.03.24-09.42.03:557][863]LogAudioMixer: Display: 	Max Channels (voices):				  32
[2025.03.24-09.42.03:557][863]LogAudioMixer: Display: 	Number of Async Source Workers:		  0
[2025.03.24-09.42.03:557][863]LogAudio: Display: AudioDevice MaxSources: 32
[2025.03.24-09.42.03:558][863]LogAudio: Display: Audio Spatialization Plugin: None (built-in).
[2025.03.24-09.42.03:558][863]LogAudio: Display: Audio Reverb Plugin: None (built-in).
[2025.03.24-09.42.03:558][863]LogAudio: Display: Audio Occlusion Plugin: None (built-in).
[2025.03.24-09.42.03:558][863]LogAudioMixer: Display: Initializing audio mixer.
[2025.03.24-09.42.03:562][863]LogAudioMixer: Display: 0: FrontLeft
[2025.03.24-09.42.03:562][863]LogAudioMixer: Display: 1: FrontRight
[2025.03.24-09.42.03:603][863]LogAudioMixer: Display: Using Audio Device 扬声器 (适用于 I2S 音频的英特尔® 智音技术)
[2025.03.24-09.42.03:603][863]LogAudioMixer: Display: Initializing Sound Submixes...
[2025.03.24-09.42.03:603][863]LogAudioMixer: Display: Creating Master Submix 'MasterSubmixDefault'
[2025.03.24-09.42.03:603][863]LogAudioMixer: Display: Creating Master Submix 'MasterReverbSubmixDefault'
[2025.03.24-09.42.03:604][863]LogAudioMixer: Display: Creating Master Submix 'MasterEQSubmixDefault'
[2025.03.24-09.42.03:604][863]LogAudioMixer: FMixerPlatformXAudio2::StartAudioStream() called
[2025.03.24-09.42.03:604][863]LogAudioMixer: Display: Output buffers initialized: Frames=1024, Channels=2, Samples=2048
[2025.03.24-09.42.03:605][863]LogAudioMixer: Display: Starting AudioMixerPlatformInterface::RunInternal()
[2025.03.24-09.42.03:605][863]LogAudioMixer: Display: FMixerPlatformXAudio2::SubmitBuffer() called for the first time
[2025.03.24-09.42.03:605][863]LogInit: FAudioDevice initialized.
[2025.03.24-09.42.03:605][863]LogAudio: Display: Audio Device (ID: 90) registered with world 'ThirdPersonExampleMap'.
[2025.03.24-09.42.03:620][863]LogLoad: Game class is 'ThirdPersonGameMode_C'
[2025.03.24-09.42.03:624][863]LogWorld: Bringing World /Game/ThirdPersonBP/Maps/UEDPIE_0_ThirdPersonExampleMap.ThirdPersonExampleMap up for play (max tick rate 60) at 2025.03.24-17.42.03
[2025.03.24-09.42.03:625][863]LogWorld: Bringing up level for play took: 0.003883
[2025.03.24-09.42.03:625][863]LogOnline: OSS: Creating online subsystem instance for: :Context_121
[2025.03.24-09.42.03:628][863]PIE: Server logged in
[2025.03.24-09.42.03:629][863]PIE: Play in editor total start time 0.137 seconds.
[2025.03.24-09.42.15:985][544]LogSlate: Updating window title bar state: overlay mode, drag disabled, window buttons hidden, title bar hidden
[2025.03.24-09.42.15:986][544]LogWorld: BeginTearingDown for /Game/ThirdPersonBP/Maps/UEDPIE_0_ThirdPersonExampleMap
[2025.03.24-09.42.15:986][544]LogWorld: UWorld::CleanupWorld for ThirdPersonExampleMap, bSessionEnded=true, bCleanupResources=true
[2025.03.24-09.42.15:986][544]LogSlate: InvalidateAllWidgets triggered.  All widgets were invalidated
[2025.03.24-09.42.16:006][544]LogPlayLevel: Display: Shutting down PIE online subsystems
[2025.03.24-09.42.16:016][544]LogSlate: InvalidateAllWidgets triggered.  All widgets were invalidated
[2025.03.24-09.42.16:050][544]LogAudio: Display: Audio Device unregistered from world 'None'.
[2025.03.24-09.42.16:051][544]LogAudioMixer: FMixerPlatformXAudio2::StopAudioStream() called
[2025.03.24-09.42.16:051][544]LogAudioMixer: FMixerPlatformXAudio2::StopAudioStream() called
[2025.03.24-09.42.16:055][544]LogSlate: Updating window title bar state: overlay mode, drag disabled, window buttons hidden, title bar hidden
[2025.03.24-09.42.16:058][544]LogUObjectHash: Compacting FUObjectHashTables data took   2.33ms
[2025.03.24-09.42.16:130][545]LogPlayLevel: Display: Destroying online subsystem :Context_121
[2025.03.24-09.42.21:646][752]BlueprintLog: New page: Compile BP_MagicWall
[2025.03.24-09.42.21:724][752]LogUObjectHash: Compacting FUObjectHashTables data took   3.57ms
[2025.03.24-09.42.24:727][869]LogTemp: Repeating last play command: Selected Viewport
[2025.03.24-09.42.24:735][869]LogPlayLevel: PlayLevel: No blueprints needed recompiling
[2025.03.24-09.42.24:735][869]PIE: New page: PIE session: ThirdPersonExampleMap (2025年3月25日 上午1:42:24)
[2025.03.24-09.42.24:736][869]LogPlayLevel: Creating play world package: /Game/ThirdPersonBP/Maps/UEDPIE_0_ThirdPersonExampleMap
[2025.03.24-09.42.24:758][869]LogPlayLevel: PIE: StaticDuplicateObject took: (0.022076s)
[2025.03.24-09.42.24:759][869]LogAIModule: Creating AISystem for world ThirdPersonExampleMap
[2025.03.24-09.42.24:760][869]LogPlayLevel: PIE: World Init took: (0.001336s)
[2025.03.24-09.42.24:760][869]LogPlayLevel: PIE: Created PIE world by copying editor world from /Game/ThirdPersonBP/Maps/ThirdPersonExampleMap.ThirdPersonExampleMap to /Game/ThirdPersonBP/Maps/UEDPIE_0_ThirdPersonExampleMap.ThirdPersonExampleMap (0.023662s)
[2025.03.24-09.42.24:793][869]LogUObjectHash: Compacting FUObjectHashTables data took   2.93ms
[2025.03.24-09.42.24:795][869]LogAudio: Display: Creating Audio Device:                 Id: 91, Scope: Unique, Realtime: True
[2025.03.24-09.42.24:795][869]LogAudioMixer: Display: Audio Mixer Platform Settings:
[2025.03.24-09.42.24:795][869]LogAudioMixer: Display: 	Sample Rate:						  48000
[2025.03.24-09.42.24:795][869]LogAudioMixer: Display: 	Callback Buffer Frame Size Requested: 1024
[2025.03.24-09.42.24:795][869]LogAudioMixer: Display: 	Callback Buffer Frame Size To Use:	  1024
[2025.03.24-09.42.24:795][869]LogAudioMixer: Display: 	Number of buffers to queue:			  2
[2025.03.24-09.42.24:795][869]LogAudioMixer: Display: 	Max Channels (voices):				  32
[2025.03.24-09.42.24:795][869]LogAudioMixer: Display: 	Number of Async Source Workers:		  0
[2025.03.24-09.42.24:795][869]LogAudio: Display: AudioDevice MaxSources: 32
[2025.03.24-09.42.24:796][869]LogAudio: Display: Audio Spatialization Plugin: None (built-in).
[2025.03.24-09.42.24:796][869]LogAudio: Display: Audio Reverb Plugin: None (built-in).
[2025.03.24-09.42.24:796][869]LogAudio: Display: Audio Occlusion Plugin: None (built-in).
[2025.03.24-09.42.24:796][869]LogAudioMixer: Display: Initializing audio mixer.
[2025.03.24-09.42.24:799][869]LogAudioMixer: Display: 0: FrontLeft
[2025.03.24-09.42.24:799][869]LogAudioMixer: Display: 1: FrontRight
[2025.03.24-09.42.24:834][869]LogAudioMixer: Display: Using Audio Device 扬声器 (适用于 I2S 音频的英特尔® 智音技术)
[2025.03.24-09.42.24:834][869]LogAudioMixer: Display: Initializing Sound Submixes...
[2025.03.24-09.42.24:834][869]LogAudioMixer: Display: Creating Master Submix 'MasterSubmixDefault'
[2025.03.24-09.42.24:834][869]LogAudioMixer: Display: Creating Master Submix 'MasterReverbSubmixDefault'
[2025.03.24-09.42.24:835][869]LogAudioMixer: Display: Creating Master Submix 'MasterEQSubmixDefault'
[2025.03.24-09.42.24:835][869]LogAudioMixer: FMixerPlatformXAudio2::StartAudioStream() called
[2025.03.24-09.42.24:835][869]LogAudioMixer: Display: Output buffers initialized: Frames=1024, Channels=2, Samples=2048
[2025.03.24-09.42.24:836][869]LogAudioMixer: Display: Starting AudioMixerPlatformInterface::RunInternal()
[2025.03.24-09.42.24:836][869]LogAudioMixer: Display: FMixerPlatformXAudio2::SubmitBuffer() called for the first time
[2025.03.24-09.42.24:836][869]LogInit: FAudioDevice initialized.
[2025.03.24-09.42.24:836][869]LogAudio: Display: Audio Device (ID: 91) registered with world 'ThirdPersonExampleMap'.
[2025.03.24-09.42.24:848][869]LogLoad: Game class is 'ThirdPersonGameMode_C'
[2025.03.24-09.42.24:851][869]LogWorld: Bringing World /Game/ThirdPersonBP/Maps/UEDPIE_0_ThirdPersonExampleMap.ThirdPersonExampleMap up for play (max tick rate 60) at 2025.03.24-17.42.24
[2025.03.24-09.42.24:851][869]LogWorld: Bringing up level for play took: 0.002078
[2025.03.24-09.42.24:851][869]LogOnline: OSS: Creating online subsystem instance for: :Context_122
[2025.03.24-09.42.24:853][869]PIE: Server logged in
[2025.03.24-09.42.24:854][869]PIE: Play in editor total start time 0.121 seconds.
[2025.03.24-09.42.32:305][261]LogSlate: Updating window title bar state: overlay mode, drag disabled, window buttons hidden, title bar hidden
[2025.03.24-09.42.32:305][261]LogWorld: BeginTearingDown for /Game/ThirdPersonBP/Maps/UEDPIE_0_ThirdPersonExampleMap
[2025.03.24-09.42.32:306][261]LogWorld: UWorld::CleanupWorld for ThirdPersonExampleMap, bSessionEnded=true, bCleanupResources=true
[2025.03.24-09.42.32:307][261]LogSlate: InvalidateAllWidgets triggered.  All widgets were invalidated
[2025.03.24-09.42.32:329][261]LogPlayLevel: Display: Shutting down PIE online subsystems
[2025.03.24-09.42.32:338][261]LogSlate: InvalidateAllWidgets triggered.  All widgets were invalidated
[2025.03.24-09.42.32:369][261]LogAudio: Display: Audio Device unregistered from world 'None'.
[2025.03.24-09.42.32:369][261]LogAudioMixer: FMixerPlatformXAudio2::StopAudioStream() called
[2025.03.24-09.42.32:370][261]LogAudioMixer: FMixerPlatformXAudio2::StopAudioStream() called
[2025.03.24-09.42.32:374][261]LogSlate: Updating window title bar state: overlay mode, drag disabled, window buttons hidden, title bar hidden
[2025.03.24-09.42.32:378][261]LogUObjectHash: Compacting FUObjectHashTables data took   2.19ms
[2025.03.24-09.42.32:428][262]LogPlayLevel: Display: Destroying online subsystem :Context_122
[2025.03.24-09.42.35:973][390]LogUObjectHash: Compacting FUObjectHashTables data took   3.56ms
[2025.03.24-09.42.37:155][390]LogSlate: Window 'Save Content' being destroyed
[2025.03.24-09.42.37:211][390]Cmd: OBJ SAVEPACKAGE PACKAGE="/Game/BP/Second/BP_MagicWall" FILE="../../../../../../project/UE/room_escape/Content/BP/Second/BP_MagicWall.uasset" SILENT=true
[2025.03.24-09.42.37:228][390]LogSavePackage: Moving '../../../../../../project/UE/room_escape/Saved/BP_MagicWallB75435274B6110B29258759179E3EA08.tmp' to '../../../../../../project/UE/room_escape/Content/BP/Second/BP_MagicWall.uasset'
[2025.03.24-09.42.37:228][390]Cmd: OBJ SAVEPACKAGE PACKAGE="/Game/MT/doorPortal/source/Door_-_p2" FILE="../../../../../../project/UE/room_escape/Content/MT/doorPortal/source/Door_-_p2.uasset" SILENT=true
[2025.03.24-09.42.37:273][390]LogSavePackage: Moving '../../../../../../project/UE/room_escape/Saved/Door_-_p222E126E2425739EFF4B959B2AA72AACC.tmp' to '../../../../../../project/UE/room_escape/Content/MT/doorPortal/source/Door_-_p2.uasset'
[2025.03.24-09.42.37:314][390]LogUObjectHash: Compacting FUObjectHashTables data took   0.69ms
[2025.03.24-09.42.37:347][390]LogSavePackage: Moving '../../../../../../project/UE/room_escape/Saved/ThirdPersonExampleMapACD58117415554A8918DAFBE6960EBD2.tmp' to '../../../../../../project/UE/room_escape/Content/ThirdPersonBP/Maps/ThirdPersonExampleMap.umap'
[2025.03.24-09.42.37:361][390]LogFileHelpers: Saving map 'ThirdPersonExampleMap' took 0.087
[2025.03.24-09.42.37:380][390]AssetCheck: New page: Asset Save: multiple assets
[2025.03.24-09.42.37:380][390]LogContentValidation: Display: Validating World /Game/ThirdPersonBP/Maps/ThirdPersonExampleMap.ThirdPersonExampleMap
[2025.03.24-09.42.37:380][390]LogContentValidation: Display: Validating SkeletalMesh /Game/MT/doorPortal/source/Door_-_p2.Door_-_p2
[2025.03.24-09.42.37:380][390]LogContentValidation: Display: Validating Blueprint /Game/BP/Second/BP_MagicWall.BP_MagicWall
[2025.03.24-09.42.59:373][275]LogEditorTransaction: Undo Move Node
[2025.03.24-09.42.59:481][275]LogActorComponent: RegisterComponentWithWorld: (/Engine/Transient.World_31:PersistentLevel.AnimationEditorPreviewActor_0.DebugSkelMeshComponent_0) Already registered. Aborting.
[2025.03.24-09.43.02:263][381]LogEditorTransaction: Undo Delete current selection
[2025.03.24-09.43.02:356][381]LogActorComponent: RegisterComponentWithWorld: (/Engine/Transient.World_31:PersistentLevel.AnimationEditorPreviewActor_0.DebugSkelMeshComponent_0) Already registered. Aborting.
[2025.03.24-09.43.04:053][441]BlueprintLog: New page: Compile BP_MagicWall
[2025.03.24-09.43.04:127][441]LogUObjectHash: Compacting FUObjectHashTables data took   3.45ms
[2025.03.24-09.43.05:675][499]LogTemp: Repeating last play command: Selected Viewport
[2025.03.24-09.43.05:688][499]LogPlayLevel: PlayLevel: No blueprints needed recompiling
[2025.03.24-09.43.05:688][499]PIE: New page: PIE session: ThirdPersonExampleMap (2025年3月25日 上午1:43:05)
[2025.03.24-09.43.05:688][499]LogPlayLevel: Creating play world package: /Game/ThirdPersonBP/Maps/UEDPIE_0_ThirdPersonExampleMap
[2025.03.24-09.43.05:710][499]LogPlayLevel: PIE: StaticDuplicateObject took: (0.021144s)
[2025.03.24-09.43.05:711][499]LogAIModule: Creating AISystem for world ThirdPersonExampleMap
[2025.03.24-09.43.05:711][499]LogPlayLevel: PIE: World Init took: (0.001603s)
[2025.03.24-09.43.05:712][499]LogPlayLevel: PIE: Created PIE world by copying editor world from /Game/ThirdPersonBP/Maps/ThirdPersonExampleMap.ThirdPersonExampleMap to /Game/ThirdPersonBP/Maps/UEDPIE_0_ThirdPersonExampleMap.ThirdPersonExampleMap (0.023043s)
[2025.03.24-09.43.05:755][499]LogUObjectHash: Compacting FUObjectHashTables data took   3.56ms
[2025.03.24-09.43.05:757][499]LogAudio: Display: Creating Audio Device:                 Id: 92, Scope: Unique, Realtime: True
[2025.03.24-09.43.05:757][499]LogAudioMixer: Display: Audio Mixer Platform Settings:
[2025.03.24-09.43.05:757][499]LogAudioMixer: Display: 	Sample Rate:						  48000
[2025.03.24-09.43.05:757][499]LogAudioMixer: Display: 	Callback Buffer Frame Size Requested: 1024
[2025.03.24-09.43.05:757][499]LogAudioMixer: Display: 	Callback Buffer Frame Size To Use:	  1024
[2025.03.24-09.43.05:757][499]LogAudioMixer: Display: 	Number of buffers to queue:			  2
[2025.03.24-09.43.05:757][499]LogAudioMixer: Display: 	Max Channels (voices):				  32
[2025.03.24-09.43.05:757][499]LogAudioMixer: Display: 	Number of Async Source Workers:		  0
[2025.03.24-09.43.05:757][499]LogAudio: Display: AudioDevice MaxSources: 32
[2025.03.24-09.43.05:758][499]LogAudio: Display: Audio Spatialization Plugin: None (built-in).
[2025.03.24-09.43.05:758][499]LogAudio: Display: Audio Reverb Plugin: None (built-in).
[2025.03.24-09.43.05:758][499]LogAudio: Display: Audio Occlusion Plugin: None (built-in).
[2025.03.24-09.43.05:758][499]LogAudioMixer: Display: Initializing audio mixer.
[2025.03.24-09.43.05:761][499]LogAudioMixer: Display: 0: FrontLeft
[2025.03.24-09.43.05:761][499]LogAudioMixer: Display: 1: FrontRight
[2025.03.24-09.43.05:805][499]LogAudioMixer: Display: Using Audio Device 扬声器 (适用于 I2S 音频的英特尔® 智音技术)
[2025.03.24-09.43.05:805][499]LogAudioMixer: Display: Initializing Sound Submixes...
[2025.03.24-09.43.05:805][499]LogAudioMixer: Display: Creating Master Submix 'MasterSubmixDefault'
[2025.03.24-09.43.05:805][499]LogAudioMixer: Display: Creating Master Submix 'MasterReverbSubmixDefault'
[2025.03.24-09.43.05:806][499]LogAudioMixer: Display: Creating Master Submix 'MasterEQSubmixDefault'
[2025.03.24-09.43.05:806][499]LogAudioMixer: FMixerPlatformXAudio2::StartAudioStream() called
[2025.03.24-09.43.05:806][499]LogAudioMixer: Display: Output buffers initialized: Frames=1024, Channels=2, Samples=2048
[2025.03.24-09.43.05:807][499]LogAudioMixer: Display: Starting AudioMixerPlatformInterface::RunInternal()
[2025.03.24-09.43.05:807][499]LogAudioMixer: Display: FMixerPlatformXAudio2::SubmitBuffer() called for the first time
[2025.03.24-09.43.05:807][499]LogInit: FAudioDevice initialized.
[2025.03.24-09.43.05:807][499]LogAudio: Display: Audio Device (ID: 92) registered with world 'ThirdPersonExampleMap'.
[2025.03.24-09.43.05:815][499]LogLoad: Game class is 'ThirdPersonGameMode_C'
[2025.03.24-09.43.05:819][499]LogWorld: Bringing World /Game/ThirdPersonBP/Maps/UEDPIE_0_ThirdPersonExampleMap.ThirdPersonExampleMap up for play (max tick rate 60) at 2025.03.24-17.43.05
[2025.03.24-09.43.05:820][499]LogWorld: Bringing up level for play took: 0.003893
[2025.03.24-09.43.05:820][499]LogOnline: OSS: Creating online subsystem instance for: :Context_123
[2025.03.24-09.43.05:823][499]PIE: Server logged in
[2025.03.24-09.43.05:824][499]PIE: Play in editor total start time 0.137 seconds.
[2025.03.24-09.43.15:906][ 55]LogSlate: Updating window title bar state: overlay mode, drag disabled, window buttons hidden, title bar hidden
[2025.03.24-09.43.15:906][ 55]LogWorld: BeginTearingDown for /Game/ThirdPersonBP/Maps/UEDPIE_0_ThirdPersonExampleMap
[2025.03.24-09.43.15:906][ 55]LogWorld: UWorld::CleanupWorld for ThirdPersonExampleMap, bSessionEnded=true, bCleanupResources=true
[2025.03.24-09.43.15:907][ 55]LogSlate: InvalidateAllWidgets triggered.  All widgets were invalidated
[2025.03.24-09.43.15:928][ 55]LogPlayLevel: Display: Shutting down PIE online subsystems
[2025.03.24-09.43.15:940][ 55]LogSlate: InvalidateAllWidgets triggered.  All widgets were invalidated
[2025.03.24-09.43.15:977][ 55]LogAudio: Display: Audio Device unregistered from world 'None'.
[2025.03.24-09.43.15:977][ 55]LogAudioMixer: FMixerPlatformXAudio2::StopAudioStream() called
[2025.03.24-09.43.15:978][ 55]LogAudioMixer: FMixerPlatformXAudio2::StopAudioStream() called
[2025.03.24-09.43.15:982][ 55]LogSlate: Updating window title bar state: overlay mode, drag disabled, window buttons hidden, title bar hidden
[2025.03.24-09.43.15:986][ 55]LogUObjectHash: Compacting FUObjectHashTables data took   2.76ms
[2025.03.24-09.43.16:053][ 56]LogPlayLevel: Display: Destroying online subsystem :Context_123
[2025.03.24-09.44.20:973][569]BlueprintLog: New page: Compile BP_MagicWall
[2025.03.24-09.44.21:051][569]LogUObjectHash: Compacting FUObjectHashTables data took   7.01ms
[2025.03.24-09.44.24:698][702]LogTemp: Repeating last play command: Selected Viewport
[2025.03.24-09.44.24:708][702]LogPlayLevel: PlayLevel: No blueprints needed recompiling
[2025.03.24-09.44.24:708][702]PIE: New page: PIE session: ThirdPersonExampleMap (2025年3月25日 上午1:44:24)
[2025.03.24-09.44.24:708][702]LogPlayLevel: Creating play world package: /Game/ThirdPersonBP/Maps/UEDPIE_0_ThirdPersonExampleMap
[2025.03.24-09.44.24:732][702]LogPlayLevel: PIE: StaticDuplicateObject took: (0.023652s)
[2025.03.24-09.44.24:734][702]LogAIModule: Creating AISystem for world ThirdPersonExampleMap
[2025.03.24-09.44.24:734][702]LogPlayLevel: PIE: World Init took: (0.001847s)
[2025.03.24-09.44.24:734][702]LogPlayLevel: PIE: Created PIE world by copying editor world from /Game/ThirdPersonBP/Maps/ThirdPersonExampleMap.ThirdPersonExampleMap to /Game/ThirdPersonBP/Maps/UEDPIE_0_ThirdPersonExampleMap.ThirdPersonExampleMap (0.025756s)
[2025.03.24-09.44.24:772][702]LogUObjectHash: Compacting FUObjectHashTables data took   3.08ms
[2025.03.24-09.44.24:774][702]LogAudio: Display: Creating Audio Device:                 Id: 93, Scope: Unique, Realtime: True
[2025.03.24-09.44.24:774][702]LogAudioMixer: Display: Audio Mixer Platform Settings:
[2025.03.24-09.44.24:774][702]LogAudioMixer: Display: 	Sample Rate:						  48000
[2025.03.24-09.44.24:774][702]LogAudioMixer: Display: 	Callback Buffer Frame Size Requested: 1024
[2025.03.24-09.44.24:774][702]LogAudioMixer: Display: 	Callback Buffer Frame Size To Use:	  1024
[2025.03.24-09.44.24:774][702]LogAudioMixer: Display: 	Number of buffers to queue:			  2
[2025.03.24-09.44.24:774][702]LogAudioMixer: Display: 	Max Channels (voices):				  32
[2025.03.24-09.44.24:774][702]LogAudioMixer: Display: 	Number of Async Source Workers:		  0
[2025.03.24-09.44.24:774][702]LogAudio: Display: AudioDevice MaxSources: 32
[2025.03.24-09.44.24:775][702]LogAudio: Display: Audio Spatialization Plugin: None (built-in).
[2025.03.24-09.44.24:775][702]LogAudio: Display: Audio Reverb Plugin: None (built-in).
[2025.03.24-09.44.24:775][702]LogAudio: Display: Audio Occlusion Plugin: None (built-in).
[2025.03.24-09.44.24:775][702]LogAudioMixer: Display: Initializing audio mixer.
[2025.03.24-09.44.24:779][702]LogAudioMixer: Display: 0: FrontLeft
[2025.03.24-09.44.24:779][702]LogAudioMixer: Display: 1: FrontRight
[2025.03.24-09.44.24:817][702]LogAudioMixer: Display: Using Audio Device 扬声器 (适用于 I2S 音频的英特尔® 智音技术)
[2025.03.24-09.44.24:817][702]LogAudioMixer: Display: Initializing Sound Submixes...
[2025.03.24-09.44.24:818][702]LogAudioMixer: Display: Creating Master Submix 'MasterSubmixDefault'
[2025.03.24-09.44.24:818][702]LogAudioMixer: Display: Creating Master Submix 'MasterReverbSubmixDefault'
[2025.03.24-09.44.24:818][702]LogAudioMixer: Display: Creating Master Submix 'MasterEQSubmixDefault'
[2025.03.24-09.44.24:818][702]LogAudioMixer: FMixerPlatformXAudio2::StartAudioStream() called
[2025.03.24-09.44.24:818][702]LogAudioMixer: Display: Output buffers initialized: Frames=1024, Channels=2, Samples=2048
[2025.03.24-09.44.24:819][702]LogAudioMixer: Display: Starting AudioMixerPlatformInterface::RunInternal()
[2025.03.24-09.44.24:819][702]LogAudioMixer: Display: FMixerPlatformXAudio2::SubmitBuffer() called for the first time
[2025.03.24-09.44.24:819][702]LogInit: FAudioDevice initialized.
[2025.03.24-09.44.24:819][702]LogAudio: Display: Audio Device (ID: 93) registered with world 'ThirdPersonExampleMap'.
[2025.03.24-09.44.24:832][702]LogLoad: Game class is 'ThirdPersonGameMode_C'
[2025.03.24-09.44.24:835][702]LogWorld: Bringing World /Game/ThirdPersonBP/Maps/UEDPIE_0_ThirdPersonExampleMap.ThirdPersonExampleMap up for play (max tick rate 60) at 2025.03.24-17.44.24
[2025.03.24-09.44.24:835][702]LogWorld: Bringing up level for play took: 0.002676
[2025.03.24-09.44.24:836][702]LogOnline: OSS: Creating online subsystem instance for: :Context_124
[2025.03.24-09.44.24:838][702]PIE: Server logged in
[2025.03.24-09.44.24:839][702]PIE: Play in editor total start time 0.132 seconds.
[2025.03.24-09.44.35:185][243]LogSlate: Updating window title bar state: overlay mode, drag disabled, window buttons hidden, title bar hidden
[2025.03.24-09.44.35:185][243]LogWorld: BeginTearingDown for /Game/ThirdPersonBP/Maps/UEDPIE_0_ThirdPersonExampleMap
[2025.03.24-09.44.35:185][243]LogWorld: UWorld::CleanupWorld for ThirdPersonExampleMap, bSessionEnded=true, bCleanupResources=true
[2025.03.24-09.44.35:185][243]LogSlate: InvalidateAllWidgets triggered.  All widgets were invalidated
[2025.03.24-09.44.35:212][243]LogPlayLevel: Display: Shutting down PIE online subsystems
[2025.03.24-09.44.35:223][243]LogSlate: InvalidateAllWidgets triggered.  All widgets were invalidated
[2025.03.24-09.44.35:251][243]LogAudio: Display: Audio Device unregistered from world 'None'.
[2025.03.24-09.44.35:251][243]LogAudioMixer: FMixerPlatformXAudio2::StopAudioStream() called
[2025.03.24-09.44.35:252][243]LogAudioMixer: FMixerPlatformXAudio2::StopAudioStream() called
[2025.03.24-09.44.35:256][243]LogSlate: Updating window title bar state: overlay mode, drag disabled, window buttons hidden, title bar hidden
[2025.03.24-09.44.35:259][243]LogUObjectHash: Compacting FUObjectHashTables data took   2.28ms
[2025.03.24-09.44.35:314][244]LogPlayLevel: Display: Destroying online subsystem :Context_124
[2025.03.24-09.44.40:705][451]LogTemp: Repeating last play command: Selected Viewport
[2025.03.24-09.44.40:715][451]BlueprintLog: New page: Pre-Play auto-recompile
[2025.03.24-09.44.40:715][451]LogPlayLevel: [PlayLevel] Compiling BP_MagicWall before play...
[2025.03.24-09.44.40:800][451]LogUObjectHash: Compacting FUObjectHashTables data took   3.43ms
[2025.03.24-09.44.40:801][451]LogPlayLevel: PlayLevel: Blueprint regeneration took 86 ms (1 blueprints)
[2025.03.24-09.44.40:801][451]PIE: New page: PIE session: ThirdPersonExampleMap (2025年3月25日 上午1:44:40)
[2025.03.24-09.44.40:801][451]LogPlayLevel: Creating play world package: /Game/ThirdPersonBP/Maps/UEDPIE_0_ThirdPersonExampleMap
[2025.03.24-09.44.40:814][451]LogPlayLevel: PIE: StaticDuplicateObject took: (0.012848s)
[2025.03.24-09.44.40:816][451]LogAIModule: Creating AISystem for world ThirdPersonExampleMap
[2025.03.24-09.44.40:816][451]LogPlayLevel: PIE: World Init took: (0.001434s)
[2025.03.24-09.44.40:816][451]LogPlayLevel: PIE: Created PIE world by copying editor world from /Game/ThirdPersonBP/Maps/ThirdPersonExampleMap.ThirdPersonExampleMap to /Game/ThirdPersonBP/Maps/UEDPIE_0_ThirdPersonExampleMap.ThirdPersonExampleMap (0.014467s)
[2025.03.24-09.44.40:847][451]LogUObjectHash: Compacting FUObjectHashTables data took   2.04ms
[2025.03.24-09.44.40:848][451]LogAudio: Display: Creating Audio Device:                 Id: 94, Scope: Unique, Realtime: True
[2025.03.24-09.44.40:848][451]LogAudioMixer: Display: Audio Mixer Platform Settings:
[2025.03.24-09.44.40:848][451]LogAudioMixer: Display: 	Sample Rate:						  48000
[2025.03.24-09.44.40:848][451]LogAudioMixer: Display: 	Callback Buffer Frame Size Requested: 1024
[2025.03.24-09.44.40:848][451]LogAudioMixer: Display: 	Callback Buffer Frame Size To Use:	  1024
[2025.03.24-09.44.40:848][451]LogAudioMixer: Display: 	Number of buffers to queue:			  2
[2025.03.24-09.44.40:848][451]LogAudioMixer: Display: 	Max Channels (voices):				  32
[2025.03.24-09.44.40:848][451]LogAudioMixer: Display: 	Number of Async Source Workers:		  0
[2025.03.24-09.44.40:848][451]LogAudio: Display: AudioDevice MaxSources: 32
[2025.03.24-09.44.40:848][451]LogAudio: Display: Audio Spatialization Plugin: None (built-in).
[2025.03.24-09.44.40:848][451]LogAudio: Display: Audio Reverb Plugin: None (built-in).
[2025.03.24-09.44.40:848][451]LogAudio: Display: Audio Occlusion Plugin: None (built-in).
[2025.03.24-09.44.40:848][451]LogAudioMixer: Display: Initializing audio mixer.
[2025.03.24-09.44.40:850][451]LogAudioMixer: Display: 0: FrontLeft
[2025.03.24-09.44.40:850][451]LogAudioMixer: Display: 1: FrontRight
[2025.03.24-09.44.40:885][451]LogAudioMixer: Display: Using Audio Device 扬声器 (适用于 I2S 音频的英特尔® 智音技术)
[2025.03.24-09.44.40:885][451]LogAudioMixer: Display: Initializing Sound Submixes...
[2025.03.24-09.44.40:886][451]LogAudioMixer: Display: Creating Master Submix 'MasterSubmixDefault'
[2025.03.24-09.44.40:886][451]LogAudioMixer: Display: Creating Master Submix 'MasterReverbSubmixDefault'
[2025.03.24-09.44.40:886][451]LogAudioMixer: Display: Creating Master Submix 'MasterEQSubmixDefault'
[2025.03.24-09.44.40:886][451]LogAudioMixer: FMixerPlatformXAudio2::StartAudioStream() called
[2025.03.24-09.44.40:886][451]LogAudioMixer: Display: Output buffers initialized: Frames=1024, Channels=2, Samples=2048
[2025.03.24-09.44.40:887][451]LogAudioMixer: Display: Starting AudioMixerPlatformInterface::RunInternal()
[2025.03.24-09.44.40:887][451]LogAudioMixer: Display: FMixerPlatformXAudio2::SubmitBuffer() called for the first time
[2025.03.24-09.44.40:887][451]LogInit: FAudioDevice initialized.
[2025.03.24-09.44.40:887][451]LogAudio: Display: Audio Device (ID: 94) registered with world 'ThirdPersonExampleMap'.
[2025.03.24-09.44.40:895][451]LogLoad: Game class is 'ThirdPersonGameMode_C'
[2025.03.24-09.44.40:898][451]LogWorld: Bringing World /Game/ThirdPersonBP/Maps/UEDPIE_0_ThirdPersonExampleMap.ThirdPersonExampleMap up for play (max tick rate 60) at 2025.03.24-17.44.40
[2025.03.24-09.44.40:898][451]LogWorld: Bringing up level for play took: 0.002228
[2025.03.24-09.44.40:898][451]LogOnline: OSS: Creating online subsystem instance for: :Context_125
[2025.03.24-09.44.40:900][451]PIE: Server logged in
[2025.03.24-09.44.40:901][451]PIE: Play in editor total start time 0.188 seconds.
[2025.03.24-09.44.51:895][ 46]LogSlate: Updating window title bar state: overlay mode, drag disabled, window buttons hidden, title bar hidden
[2025.03.24-09.44.51:895][ 46]LogWorld: BeginTearingDown for /Game/ThirdPersonBP/Maps/UEDPIE_0_ThirdPersonExampleMap
[2025.03.24-09.44.51:896][ 46]LogWorld: UWorld::CleanupWorld for ThirdPersonExampleMap, bSessionEnded=true, bCleanupResources=true
[2025.03.24-09.44.51:896][ 46]LogSlate: InvalidateAllWidgets triggered.  All widgets were invalidated
[2025.03.24-09.44.51:918][ 46]LogPlayLevel: Display: Shutting down PIE online subsystems
[2025.03.24-09.44.51:933][ 46]LogSlate: InvalidateAllWidgets triggered.  All widgets were invalidated
[2025.03.24-09.44.51:966][ 46]LogSlate: Updating window title bar state: overlay mode, drag disabled, window buttons hidden, title bar hidden
[2025.03.24-09.44.51:969][ 46]LogAudioMixer: FMixerPlatformXAudio2::StopAudioStream() called
[2025.03.24-09.44.51:970][ 46]LogAudioMixer: FMixerPlatformXAudio2::StopAudioStream() called
[2025.03.24-09.44.51:981][ 46]LogUObjectHash: Compacting FUObjectHashTables data took   5.12ms
[2025.03.24-09.44.52:033][ 47]LogPlayLevel: Display: Destroying online subsystem :Context_125
[2025.03.24-09.47.50:189][183]BlueprintLog: New page: Compile BP_MagicWall
[2025.03.24-09.47.50:283][183]LogUObjectHash: Compacting FUObjectHashTables data took   3.71ms
[2025.03.24-09.48.18:872][240]BlueprintLog: New page: Compile BP_MagicWall
[2025.03.24-09.48.18:951][240]LogUObjectHash: Compacting FUObjectHashTables data took   3.44ms
[2025.03.24-09.48.21:141][328]LogTemp: Repeating last play command: Selected Viewport
[2025.03.24-09.48.21:150][328]LogPlayLevel: PlayLevel: No blueprints needed recompiling
[2025.03.24-09.48.21:150][328]PIE: New page: PIE session: ThirdPersonExampleMap (2025年3月25日 上午1:48:21)
[2025.03.24-09.48.21:151][328]LogPlayLevel: Creating play world package: /Game/ThirdPersonBP/Maps/UEDPIE_0_ThirdPersonExampleMap
[2025.03.24-09.48.21:177][328]LogPlayLevel: PIE: StaticDuplicateObject took: (0.025763s)
[2025.03.24-09.48.21:178][328]LogAIModule: Creating AISystem for world ThirdPersonExampleMap
[2025.03.24-09.48.21:179][328]LogPlayLevel: PIE: World Init took: (0.001582s)
[2025.03.24-09.48.21:179][328]LogPlayLevel: PIE: Created PIE world by copying editor world from /Game/ThirdPersonBP/Maps/ThirdPersonExampleMap.ThirdPersonExampleMap to /Game/ThirdPersonBP/Maps/UEDPIE_0_ThirdPersonExampleMap.ThirdPersonExampleMap (0.027601s)
[2025.03.24-09.48.21:211][328]LogUObjectHash: Compacting FUObjectHashTables data took   2.86ms
[2025.03.24-09.48.21:212][328]LogAudio: Display: Creating Audio Device:                 Id: 95, Scope: Unique, Realtime: True
[2025.03.24-09.48.21:212][328]LogAudioMixer: Display: Audio Mixer Platform Settings:
[2025.03.24-09.48.21:212][328]LogAudioMixer: Display: 	Sample Rate:						  48000
[2025.03.24-09.48.21:212][328]LogAudioMixer: Display: 	Callback Buffer Frame Size Requested: 1024
[2025.03.24-09.48.21:212][328]LogAudioMixer: Display: 	Callback Buffer Frame Size To Use:	  1024
[2025.03.24-09.48.21:212][328]LogAudioMixer: Display: 	Number of buffers to queue:			  2
[2025.03.24-09.48.21:212][328]LogAudioMixer: Display: 	Max Channels (voices):				  32
[2025.03.24-09.48.21:212][328]LogAudioMixer: Display: 	Number of Async Source Workers:		  0
[2025.03.24-09.48.21:212][328]LogAudio: Display: AudioDevice MaxSources: 32
[2025.03.24-09.48.21:213][328]LogAudio: Display: Audio Spatialization Plugin: None (built-in).
[2025.03.24-09.48.21:213][328]LogAudio: Display: Audio Reverb Plugin: None (built-in).
[2025.03.24-09.48.21:213][328]LogAudio: Display: Audio Occlusion Plugin: None (built-in).
[2025.03.24-09.48.21:213][328]LogAudioMixer: Display: Initializing audio mixer.
[2025.03.24-09.48.21:215][328]LogAudioMixer: Display: 0: FrontLeft
[2025.03.24-09.48.21:216][328]LogAudioMixer: Display: 1: FrontRight
[2025.03.24-09.48.21:249][328]LogAudioMixer: Display: Using Audio Device 扬声器 (适用于 I2S 音频的英特尔® 智音技术)
[2025.03.24-09.48.21:250][328]LogAudioMixer: Display: Initializing Sound Submixes...
[2025.03.24-09.48.21:250][328]LogAudioMixer: Display: Creating Master Submix 'MasterSubmixDefault'
[2025.03.24-09.48.21:250][328]LogAudioMixer: Display: Creating Master Submix 'MasterReverbSubmixDefault'
[2025.03.24-09.48.21:250][328]LogAudioMixer: Display: Creating Master Submix 'MasterEQSubmixDefault'
[2025.03.24-09.48.21:250][328]LogAudioMixer: FMixerPlatformXAudio2::StartAudioStream() called
[2025.03.24-09.48.21:250][328]LogAudioMixer: Display: Output buffers initialized: Frames=1024, Channels=2, Samples=2048
[2025.03.24-09.48.21:251][328]LogAudioMixer: Display: Starting AudioMixerPlatformInterface::RunInternal()
[2025.03.24-09.48.21:251][328]LogAudioMixer: Display: FMixerPlatformXAudio2::SubmitBuffer() called for the first time
[2025.03.24-09.48.21:251][328]LogInit: FAudioDevice initialized.
[2025.03.24-09.48.21:251][328]LogAudio: Display: Audio Device (ID: 95) registered with world 'ThirdPersonExampleMap'.
[2025.03.24-09.48.21:264][328]LogLoad: Game class is 'ThirdPersonGameMode_C'
[2025.03.24-09.48.21:267][328]LogWorld: Bringing World /Game/ThirdPersonBP/Maps/UEDPIE_0_ThirdPersonExampleMap.ThirdPersonExampleMap up for play (max tick rate 60) at 2025.03.24-17.48.21
[2025.03.24-09.48.21:267][328]LogWorld: Bringing up level for play took: 0.001979
[2025.03.24-09.48.21:267][328]LogOnline: OSS: Creating online subsystem instance for: :Context_126
[2025.03.24-09.48.21:269][328]PIE: Server logged in
[2025.03.24-09.48.21:270][328]PIE: Play in editor total start time 0.121 seconds.
[2025.03.24-09.48.26:903][643]LogSlate: Updating window title bar state: overlay mode, drag disabled, window buttons hidden, title bar hidden
[2025.03.24-09.48.26:903][643]LogWorld: BeginTearingDown for /Game/ThirdPersonBP/Maps/UEDPIE_0_ThirdPersonExampleMap
[2025.03.24-09.48.26:904][643]LogWorld: UWorld::CleanupWorld for ThirdPersonExampleMap, bSessionEnded=true, bCleanupResources=true
[2025.03.24-09.48.26:904][643]LogSlate: InvalidateAllWidgets triggered.  All widgets were invalidated
[2025.03.24-09.48.26:926][643]LogPlayLevel: Display: Shutting down PIE online subsystems
[2025.03.24-09.48.26:935][643]LogSlate: InvalidateAllWidgets triggered.  All widgets were invalidated
[2025.03.24-09.48.26:964][643]LogAudio: Display: Audio Device unregistered from world 'None'.
[2025.03.24-09.48.26:964][643]LogAudioMixer: FMixerPlatformXAudio2::StopAudioStream() called
[2025.03.24-09.48.26:965][643]LogAudioMixer: FMixerPlatformXAudio2::StopAudioStream() called
[2025.03.24-09.48.26:969][643]LogSlate: Updating window title bar state: overlay mode, drag disabled, window buttons hidden, title bar hidden
[2025.03.24-09.48.26:972][643]LogUObjectHash: Compacting FUObjectHashTables data took   2.25ms
[2025.03.24-09.48.27:024][644]LogPlayLevel: Display: Destroying online subsystem :Context_126
[2025.03.24-09.48.52:252][624]BlueprintLog: New page: Compile BP_MagicWall
[2025.03.24-09.48.52:338][624]LogUObjectHash: Compacting FUObjectHashTables data took   6.88ms
[2025.03.24-09.48.54:322][698]LogTemp: Repeating last play command: Selected Viewport
[2025.03.24-09.48.54:328][698]LogPlayLevel: PlayLevel: No blueprints needed recompiling
[2025.03.24-09.48.54:329][698]PIE: New page: PIE session: ThirdPersonExampleMap (2025年3月25日 上午1:48:54)
[2025.03.24-09.48.54:329][698]LogPlayLevel: Creating play world package: /Game/ThirdPersonBP/Maps/UEDPIE_0_ThirdPersonExampleMap
[2025.03.24-09.48.54:352][698]LogPlayLevel: PIE: StaticDuplicateObject took: (0.022225s)
[2025.03.24-09.48.54:353][698]LogAIModule: Creating AISystem for world ThirdPersonExampleMap
[2025.03.24-09.48.54:354][698]LogPlayLevel: PIE: World Init took: (0.001918s)
[2025.03.24-09.48.54:354][698]LogPlayLevel: PIE: Created PIE world by copying editor world from /Game/ThirdPersonBP/Maps/ThirdPersonExampleMap.ThirdPersonExampleMap to /Game/ThirdPersonBP/Maps/UEDPIE_0_ThirdPersonExampleMap.ThirdPersonExampleMap (0.024404s)
[2025.03.24-09.48.54:389][698]LogUObjectHash: Compacting FUObjectHashTables data took   3.03ms
[2025.03.24-09.48.54:391][698]LogAudio: Display: Creating Audio Device:                 Id: 96, Scope: Unique, Realtime: True
[2025.03.24-09.48.54:391][698]LogAudioMixer: Display: Audio Mixer Platform Settings:
[2025.03.24-09.48.54:391][698]LogAudioMixer: Display: 	Sample Rate:						  48000
[2025.03.24-09.48.54:391][698]LogAudioMixer: Display: 	Callback Buffer Frame Size Requested: 1024
[2025.03.24-09.48.54:391][698]LogAudioMixer: Display: 	Callback Buffer Frame Size To Use:	  1024
[2025.03.24-09.48.54:391][698]LogAudioMixer: Display: 	Number of buffers to queue:			  2
[2025.03.24-09.48.54:391][698]LogAudioMixer: Display: 	Max Channels (voices):				  32
[2025.03.24-09.48.54:391][698]LogAudioMixer: Display: 	Number of Async Source Workers:		  0
[2025.03.24-09.48.54:391][698]LogAudio: Display: AudioDevice MaxSources: 32
[2025.03.24-09.48.54:391][698]LogAudio: Display: Audio Spatialization Plugin: None (built-in).
[2025.03.24-09.48.54:391][698]LogAudio: Display: Audio Reverb Plugin: None (built-in).
[2025.03.24-09.48.54:391][698]LogAudio: Display: Audio Occlusion Plugin: None (built-in).
[2025.03.24-09.48.54:391][698]LogAudioMixer: Display: Initializing audio mixer.
[2025.03.24-09.48.54:394][698]LogAudioMixer: Display: 0: FrontLeft
[2025.03.24-09.48.54:394][698]LogAudioMixer: Display: 1: FrontRight
[2025.03.24-09.48.54:428][698]LogAudioMixer: Display: Using Audio Device 扬声器 (适用于 I2S 音频的英特尔® 智音技术)
[2025.03.24-09.48.54:428][698]LogAudioMixer: Display: Initializing Sound Submixes...
[2025.03.24-09.48.54:428][698]LogAudioMixer: Display: Creating Master Submix 'MasterSubmixDefault'
[2025.03.24-09.48.54:428][698]LogAudioMixer: Display: Creating Master Submix 'MasterReverbSubmixDefault'
[2025.03.24-09.48.54:428][698]LogAudioMixer: Display: Creating Master Submix 'MasterEQSubmixDefault'
[2025.03.24-09.48.54:428][698]LogAudioMixer: FMixerPlatformXAudio2::StartAudioStream() called
[2025.03.24-09.48.54:428][698]LogAudioMixer: Display: Output buffers initialized: Frames=1024, Channels=2, Samples=2048
[2025.03.24-09.48.54:429][698]LogAudioMixer: Display: Starting AudioMixerPlatformInterface::RunInternal()
[2025.03.24-09.48.54:429][698]LogAudioMixer: Display: FMixerPlatformXAudio2::SubmitBuffer() called for the first time
[2025.03.24-09.48.54:429][698]LogInit: FAudioDevice initialized.
[2025.03.24-09.48.54:429][698]LogAudio: Display: Audio Device (ID: 96) registered with world 'ThirdPersonExampleMap'.
[2025.03.24-09.48.54:435][698]LogLoad: Game class is 'ThirdPersonGameMode_C'
[2025.03.24-09.48.54:439][698]LogWorld: Bringing World /Game/ThirdPersonBP/Maps/UEDPIE_0_ThirdPersonExampleMap.ThirdPersonExampleMap up for play (max tick rate 60) at 2025.03.24-17.48.54
[2025.03.24-09.48.54:439][698]LogWorld: Bringing up level for play took: 0.002509
[2025.03.24-09.48.54:439][698]LogOnline: OSS: Creating online subsystem instance for: :Context_127
[2025.03.24-09.48.54:441][698]PIE: Server logged in
[2025.03.24-09.48.54:442][698]PIE: Play in editor total start time 0.115 seconds.
[2025.03.24-09.49.06:094][352]LogSlate: Updating window title bar state: overlay mode, drag disabled, window buttons hidden, title bar hidden
[2025.03.24-09.49.06:094][352]LogWorld: BeginTearingDown for /Game/ThirdPersonBP/Maps/UEDPIE_0_ThirdPersonExampleMap
[2025.03.24-09.49.06:095][352]LogWorld: UWorld::CleanupWorld for ThirdPersonExampleMap, bSessionEnded=true, bCleanupResources=true
[2025.03.24-09.49.06:096][352]LogSlate: InvalidateAllWidgets triggered.  All widgets were invalidated
[2025.03.24-09.49.06:117][352]LogPlayLevel: Display: Shutting down PIE online subsystems
[2025.03.24-09.49.06:128][352]LogSlate: InvalidateAllWidgets triggered.  All widgets were invalidated
[2025.03.24-09.49.06:156][352]LogAudio: Display: Audio Device unregistered from world 'None'.
[2025.03.24-09.49.06:157][352]LogAudioMixer: FMixerPlatformXAudio2::StopAudioStream() called
[2025.03.24-09.49.06:159][352]LogAudioMixer: FMixerPlatformXAudio2::StopAudioStream() called
[2025.03.24-09.49.06:162][352]LogSlate: Updating window title bar state: overlay mode, drag disabled, window buttons hidden, title bar hidden
[2025.03.24-09.49.06:167][352]LogUObjectHash: Compacting FUObjectHashTables data took   4.37ms
[2025.03.24-09.49.06:216][353]LogPlayLevel: Display: Destroying online subsystem :Context_127
[2025.03.24-09.49.31:720][393]LogEditorViewport: Clicking on Actor (LMB): StaticMeshActor (Wall16)
[2025.03.24-09.49.33:367][458]LogTemp: Repeating last play command: Selected Viewport
[2025.03.24-09.49.33:375][458]LogPlayLevel: PlayLevel: No blueprints needed recompiling
[2025.03.24-09.49.33:375][458]PIE: New page: PIE session: ThirdPersonExampleMap (2025年3月25日 上午1:49:33)
[2025.03.24-09.49.33:375][458]LogPlayLevel: Creating play world package: /Game/ThirdPersonBP/Maps/UEDPIE_0_ThirdPersonExampleMap
[2025.03.24-09.49.33:396][458]LogPlayLevel: PIE: StaticDuplicateObject took: (0.020792s)
[2025.03.24-09.49.33:397][458]LogAIModule: Creating AISystem for world ThirdPersonExampleMap
[2025.03.24-09.49.33:398][458]LogPlayLevel: PIE: World Init took: (0.001309s)
[2025.03.24-09.49.33:398][458]LogPlayLevel: PIE: Created PIE world by copying editor world from /Game/ThirdPersonBP/Maps/ThirdPersonExampleMap.ThirdPersonExampleMap to /Game/ThirdPersonBP/Maps/UEDPIE_0_ThirdPersonExampleMap.ThirdPersonExampleMap (0.022341s)
[2025.03.24-09.49.33:433][458]LogUObjectHash: Compacting FUObjectHashTables data took   2.49ms
[2025.03.24-09.49.33:436][458]LogAudio: Display: Creating Audio Device:                 Id: 97, Scope: Unique, Realtime: True
[2025.03.24-09.49.33:436][458]LogAudioMixer: Display: Audio Mixer Platform Settings:
[2025.03.24-09.49.33:436][458]LogAudioMixer: Display: 	Sample Rate:						  48000
[2025.03.24-09.49.33:436][458]LogAudioMixer: Display: 	Callback Buffer Frame Size Requested: 1024
[2025.03.24-09.49.33:436][458]LogAudioMixer: Display: 	Callback Buffer Frame Size To Use:	  1024
[2025.03.24-09.49.33:436][458]LogAudioMixer: Display: 	Number of buffers to queue:			  2
[2025.03.24-09.49.33:436][458]LogAudioMixer: Display: 	Max Channels (voices):				  32
[2025.03.24-09.49.33:436][458]LogAudioMixer: Display: 	Number of Async Source Workers:		  0
[2025.03.24-09.49.33:436][458]LogAudio: Display: AudioDevice MaxSources: 32
[2025.03.24-09.49.33:436][458]LogAudio: Display: Audio Spatialization Plugin: None (built-in).
[2025.03.24-09.49.33:436][458]LogAudio: Display: Audio Reverb Plugin: None (built-in).
[2025.03.24-09.49.33:436][458]LogAudio: Display: Audio Occlusion Plugin: None (built-in).
[2025.03.24-09.49.33:436][458]LogAudioMixer: Display: Initializing audio mixer.
[2025.03.24-09.49.33:439][458]LogAudioMixer: Display: 0: FrontLeft
[2025.03.24-09.49.33:439][458]LogAudioMixer: Display: 1: FrontRight
[2025.03.24-09.49.33:476][458]LogAudioMixer: Display: Using Audio Device 扬声器 (适用于 I2S 音频的英特尔® 智音技术)
[2025.03.24-09.49.33:477][458]LogAudioMixer: Display: Initializing Sound Submixes...
[2025.03.24-09.49.33:477][458]LogAudioMixer: Display: Creating Master Submix 'MasterSubmixDefault'
[2025.03.24-09.49.33:477][458]LogAudioMixer: Display: Creating Master Submix 'MasterReverbSubmixDefault'
[2025.03.24-09.49.33:477][458]LogAudioMixer: Display: Creating Master Submix 'MasterEQSubmixDefault'
[2025.03.24-09.49.33:477][458]LogAudioMixer: FMixerPlatformXAudio2::StartAudioStream() called
[2025.03.24-09.49.33:477][458]LogAudioMixer: Display: Output buffers initialized: Frames=1024, Channels=2, Samples=2048
[2025.03.24-09.49.33:478][458]LogAudioMixer: Display: Starting AudioMixerPlatformInterface::RunInternal()
[2025.03.24-09.49.33:478][458]LogAudioMixer: Display: FMixerPlatformXAudio2::SubmitBuffer() called for the first time
[2025.03.24-09.49.33:478][458]LogInit: FAudioDevice initialized.
[2025.03.24-09.49.33:478][458]LogAudio: Display: Audio Device (ID: 97) registered with world 'ThirdPersonExampleMap'.
[2025.03.24-09.49.33:485][458]LogLoad: Game class is 'ThirdPersonGameMode_C'
[2025.03.24-09.49.33:489][458]LogWorld: Bringing World /Game/ThirdPersonBP/Maps/UEDPIE_0_ThirdPersonExampleMap.ThirdPersonExampleMap up for play (max tick rate 60) at 2025.03.24-17.49.33
[2025.03.24-09.49.33:489][458]LogWorld: Bringing up level for play took: 0.002273
[2025.03.24-09.49.33:489][458]LogOnline: OSS: Creating online subsystem instance for: :Context_128
[2025.03.24-09.49.33:492][458]PIE: Server logged in
[2025.03.24-09.49.33:493][458]PIE: Play in editor total start time 0.119 seconds.
[2025.03.24-09.49.35:503][566]LogSlate: Updating window title bar state: overlay mode, drag disabled, window buttons hidden, title bar hidden
[2025.03.24-09.49.35:503][566]LogWorld: BeginTearingDown for /Game/ThirdPersonBP/Maps/UEDPIE_0_ThirdPersonExampleMap
[2025.03.24-09.49.35:503][566]LogWorld: UWorld::CleanupWorld for ThirdPersonExampleMap, bSessionEnded=true, bCleanupResources=true
[2025.03.24-09.49.35:504][566]LogSlate: InvalidateAllWidgets triggered.  All widgets were invalidated
[2025.03.24-09.49.35:525][566]LogPlayLevel: Display: Shutting down PIE online subsystems
[2025.03.24-09.49.35:542][566]LogSlate: InvalidateAllWidgets triggered.  All widgets were invalidated
[2025.03.24-09.49.35:570][566]LogAudio: Display: Audio Device unregistered from world 'None'.
[2025.03.24-09.49.35:570][566]LogAudioMixer: FMixerPlatformXAudio2::StopAudioStream() called
[2025.03.24-09.49.35:571][566]LogAudioMixer: FMixerPlatformXAudio2::StopAudioStream() called
[2025.03.24-09.49.35:575][566]LogSlate: Updating window title bar state: overlay mode, drag disabled, window buttons hidden, title bar hidden
[2025.03.24-09.49.35:581][566]LogUObjectHash: Compacting FUObjectHashTables data took   4.21ms
[2025.03.24-09.49.35:635][567]LogPlayLevel: Display: Destroying online subsystem :Context_128
[2025.03.24-09.49.38:194][667]LogEditorViewport: Clicking on Actor (LMB): BP_MagicWall_C (BP_MagicWall)
[2025.03.24-09.49.39:484][719]LogTemp: Repeating last play command: Selected Viewport
[2025.03.24-09.49.39:492][719]LogPlayLevel: PlayLevel: No blueprints needed recompiling
[2025.03.24-09.49.39:492][719]PIE: New page: PIE session: ThirdPersonExampleMap (2025年3月25日 上午1:49:39)
[2025.03.24-09.49.39:492][719]LogPlayLevel: Creating play world package: /Game/ThirdPersonBP/Maps/UEDPIE_0_ThirdPersonExampleMap
[2025.03.24-09.49.39:504][719]LogPlayLevel: PIE: StaticDuplicateObject took: (0.012579s)
[2025.03.24-09.49.39:505][719]LogAIModule: Creating AISystem for world ThirdPersonExampleMap
[2025.03.24-09.49.39:506][719]LogPlayLevel: PIE: World Init took: (0.001165s)
[2025.03.24-09.49.39:506][719]LogPlayLevel: PIE: Created PIE world by copying editor world from /Game/ThirdPersonBP/Maps/ThirdPersonExampleMap.ThirdPersonExampleMap to /Game/ThirdPersonBP/Maps/UEDPIE_0_ThirdPersonExampleMap.ThirdPersonExampleMap (0.013960s)
[2025.03.24-09.49.39:539][719]LogUObjectHash: Compacting FUObjectHashTables data took   4.36ms
[2025.03.24-09.49.39:540][719]LogAudio: Display: Creating Audio Device:                 Id: 98, Scope: Unique, Realtime: True
[2025.03.24-09.49.39:540][719]LogAudioMixer: Display: Audio Mixer Platform Settings:
[2025.03.24-09.49.39:540][719]LogAudioMixer: Display: 	Sample Rate:						  48000
[2025.03.24-09.49.39:540][719]LogAudioMixer: Display: 	Callback Buffer Frame Size Requested: 1024
[2025.03.24-09.49.39:540][719]LogAudioMixer: Display: 	Callback Buffer Frame Size To Use:	  1024
[2025.03.24-09.49.39:540][719]LogAudioMixer: Display: 	Number of buffers to queue:			  2
[2025.03.24-09.49.39:540][719]LogAudioMixer: Display: 	Max Channels (voices):				  32
[2025.03.24-09.49.39:540][719]LogAudioMixer: Display: 	Number of Async Source Workers:		  0
[2025.03.24-09.49.39:540][719]LogAudio: Display: AudioDevice MaxSources: 32
[2025.03.24-09.49.39:541][719]LogAudio: Display: Audio Spatialization Plugin: None (built-in).
[2025.03.24-09.49.39:541][719]LogAudio: Display: Audio Reverb Plugin: None (built-in).
[2025.03.24-09.49.39:541][719]LogAudio: Display: Audio Occlusion Plugin: None (built-in).
[2025.03.24-09.49.39:541][719]LogAudioMixer: Display: Initializing audio mixer.
[2025.03.24-09.49.39:543][719]LogAudioMixer: Display: 0: FrontLeft
[2025.03.24-09.49.39:543][719]LogAudioMixer: Display: 1: FrontRight
[2025.03.24-09.49.39:575][719]LogAudioMixer: Display: Using Audio Device 扬声器 (适用于 I2S 音频的英特尔® 智音技术)
[2025.03.24-09.49.39:576][719]LogAudioMixer: Display: Initializing Sound Submixes...
[2025.03.24-09.49.39:576][719]LogAudioMixer: Display: Creating Master Submix 'MasterSubmixDefault'
[2025.03.24-09.49.39:576][719]LogAudioMixer: Display: Creating Master Submix 'MasterReverbSubmixDefault'
[2025.03.24-09.49.39:576][719]LogAudioMixer: Display: Creating Master Submix 'MasterEQSubmixDefault'
[2025.03.24-09.49.39:576][719]LogAudioMixer: FMixerPlatformXAudio2::StartAudioStream() called
[2025.03.24-09.49.39:576][719]LogAudioMixer: Display: Output buffers initialized: Frames=1024, Channels=2, Samples=2048
[2025.03.24-09.49.39:577][719]LogAudioMixer: Display: Starting AudioMixerPlatformInterface::RunInternal()
[2025.03.24-09.49.39:577][719]LogAudioMixer: Display: FMixerPlatformXAudio2::SubmitBuffer() called for the first time
[2025.03.24-09.49.39:577][719]LogInit: FAudioDevice initialized.
[2025.03.24-09.49.39:577][719]LogAudio: Display: Audio Device (ID: 98) registered with world 'ThirdPersonExampleMap'.
[2025.03.24-09.49.39:587][719]LogLoad: Game class is 'ThirdPersonGameMode_C'
[2025.03.24-09.49.39:589][719]LogWorld: Bringing World /Game/ThirdPersonBP/Maps/UEDPIE_0_ThirdPersonExampleMap.ThirdPersonExampleMap up for play (max tick rate 60) at 2025.03.24-17.49.39
[2025.03.24-09.49.39:589][719]LogWorld: Bringing up level for play took: 0.002185
[2025.03.24-09.49.39:589][719]LogOnline: OSS: Creating online subsystem instance for: :Context_129
[2025.03.24-09.49.39:592][719]PIE: Server logged in
[2025.03.24-09.49.39:592][719]PIE: Play in editor total start time 0.102 seconds.
[2025.03.24-09.49.45:633][ 59]LogSlate: Updating window title bar state: overlay mode, drag disabled, window buttons hidden, title bar hidden
[2025.03.24-09.49.45:633][ 59]LogWorld: BeginTearingDown for /Game/ThirdPersonBP/Maps/UEDPIE_0_ThirdPersonExampleMap
[2025.03.24-09.49.45:633][ 59]LogWorld: UWorld::CleanupWorld for ThirdPersonExampleMap, bSessionEnded=true, bCleanupResources=true
[2025.03.24-09.49.45:634][ 59]LogSlate: InvalidateAllWidgets triggered.  All widgets were invalidated
[2025.03.24-09.49.45:652][ 59]LogPlayLevel: Display: Shutting down PIE online subsystems
[2025.03.24-09.49.45:662][ 59]LogSlate: InvalidateAllWidgets triggered.  All widgets were invalidated
[2025.03.24-09.49.45:689][ 59]LogSlate: Updating window title bar state: overlay mode, drag disabled, window buttons hidden, title bar hidden
[2025.03.24-09.49.45:690][ 59]LogAudioMixer: FMixerPlatformXAudio2::StopAudioStream() called
[2025.03.24-09.49.45:692][ 59]LogAudioMixer: FMixerPlatformXAudio2::StopAudioStream() called
[2025.03.24-09.49.45:699][ 59]LogUObjectHash: Compacting FUObjectHashTables data took   2.19ms
[2025.03.24-09.49.45:748][ 60]LogPlayLevel: Display: Destroying online subsystem :Context_129
[2025.03.24-09.50.44:194][801]BlueprintLog: New page: Compile BP_MagicWall
[2025.03.24-09.50.44:279][801]LogUObjectHash: Compacting FUObjectHashTables data took   3.41ms
[2025.03.24-09.50.45:840][844]LogTemp: Repeating last play command: Selected Viewport
[2025.03.24-09.50.45:846][844]LogPlayLevel: PlayLevel: No blueprints needed recompiling
[2025.03.24-09.50.45:847][844]PIE: New page: PIE session: ThirdPersonExampleMap (2025年3月25日 上午1:50:45)
[2025.03.24-09.50.45:847][844]LogPlayLevel: Creating play world package: /Game/ThirdPersonBP/Maps/UEDPIE_0_ThirdPersonExampleMap
[2025.03.24-09.50.45:877][844]LogPlayLevel: PIE: StaticDuplicateObject took: (0.029184s)
[2025.03.24-09.50.45:878][844]LogAIModule: Creating AISystem for world ThirdPersonExampleMap
[2025.03.24-09.50.45:878][844]LogPlayLevel: PIE: World Init took: (0.001525s)
[2025.03.24-09.50.45:878][844]LogPlayLevel: PIE: Created PIE world by copying editor world from /Game/ThirdPersonBP/Maps/ThirdPersonExampleMap.ThirdPersonExampleMap to /Game/ThirdPersonBP/Maps/UEDPIE_0_ThirdPersonExampleMap.ThirdPersonExampleMap (0.030939s)
[2025.03.24-09.50.45:911][844]LogUObjectHash: Compacting FUObjectHashTables data took   2.82ms
[2025.03.24-09.50.45:913][844]LogAudio: Display: Creating Audio Device:                 Id: 99, Scope: Unique, Realtime: True
[2025.03.24-09.50.45:913][844]LogAudioMixer: Display: Audio Mixer Platform Settings:
[2025.03.24-09.50.45:913][844]LogAudioMixer: Display: 	Sample Rate:						  48000
[2025.03.24-09.50.45:913][844]LogAudioMixer: Display: 	Callback Buffer Frame Size Requested: 1024
[2025.03.24-09.50.45:913][844]LogAudioMixer: Display: 	Callback Buffer Frame Size To Use:	  1024
[2025.03.24-09.50.45:913][844]LogAudioMixer: Display: 	Number of buffers to queue:			  2
[2025.03.24-09.50.45:913][844]LogAudioMixer: Display: 	Max Channels (voices):				  32
[2025.03.24-09.50.45:913][844]LogAudioMixer: Display: 	Number of Async Source Workers:		  0
[2025.03.24-09.50.45:913][844]LogAudio: Display: AudioDevice MaxSources: 32
[2025.03.24-09.50.45:913][844]LogAudio: Display: Audio Spatialization Plugin: None (built-in).
[2025.03.24-09.50.45:913][844]LogAudio: Display: Audio Reverb Plugin: None (built-in).
[2025.03.24-09.50.45:913][844]LogAudio: Display: Audio Occlusion Plugin: None (built-in).
[2025.03.24-09.50.45:914][844]LogAudioMixer: Display: Initializing audio mixer.
[2025.03.24-09.50.45:917][844]LogAudioMixer: Display: 0: FrontLeft
[2025.03.24-09.50.45:917][844]LogAudioMixer: Display: 1: FrontRight
[2025.03.24-09.50.45:950][844]LogAudioMixer: Display: Using Audio Device 扬声器 (适用于 I2S 音频的英特尔® 智音技术)
[2025.03.24-09.50.45:951][844]LogAudioMixer: Display: Initializing Sound Submixes...
[2025.03.24-09.50.45:951][844]LogAudioMixer: Display: Creating Master Submix 'MasterSubmixDefault'
[2025.03.24-09.50.45:951][844]LogAudioMixer: Display: Creating Master Submix 'MasterReverbSubmixDefault'
[2025.03.24-09.50.45:951][844]LogAudioMixer: Display: Creating Master Submix 'MasterEQSubmixDefault'
[2025.03.24-09.50.45:951][844]LogAudioMixer: FMixerPlatformXAudio2::StartAudioStream() called
[2025.03.24-09.50.45:951][844]LogAudioMixer: Display: Output buffers initialized: Frames=1024, Channels=2, Samples=2048
[2025.03.24-09.50.45:952][844]LogAudioMixer: Display: Starting AudioMixerPlatformInterface::RunInternal()
[2025.03.24-09.50.45:952][844]LogAudioMixer: Display: FMixerPlatformXAudio2::SubmitBuffer() called for the first time
[2025.03.24-09.50.45:952][844]LogInit: FAudioDevice initialized.
[2025.03.24-09.50.45:952][844]LogAudio: Display: Audio Device (ID: 99) registered with world 'ThirdPersonExampleMap'.
[2025.03.24-09.50.45:958][844]LogLoad: Game class is 'ThirdPersonGameMode_C'
[2025.03.24-09.50.45:960][844]LogWorld: Bringing World /Game/ThirdPersonBP/Maps/UEDPIE_0_ThirdPersonExampleMap.ThirdPersonExampleMap up for play (max tick rate 60) at 2025.03.24-17.50.45
[2025.03.24-09.50.45:960][844]LogWorld: Bringing up level for play took: 0.002066
[2025.03.24-09.50.45:960][844]LogOnline: OSS: Creating online subsystem instance for: :Context_130
[2025.03.24-09.50.45:962][844]PIE: Server logged in
[2025.03.24-09.50.45:963][844]PIE: Play in editor total start time 0.118 seconds.
[2025.03.24-09.50.50:973][111]LogSlate: Updating window title bar state: overlay mode, drag disabled, window buttons hidden, title bar hidden
[2025.03.24-09.50.50:973][111]LogWorld: BeginTearingDown for /Game/ThirdPersonBP/Maps/UEDPIE_0_ThirdPersonExampleMap
[2025.03.24-09.50.50:973][111]LogWorld: UWorld::CleanupWorld for ThirdPersonExampleMap, bSessionEnded=true, bCleanupResources=true
[2025.03.24-09.50.50:974][111]LogSlate: InvalidateAllWidgets triggered.  All widgets were invalidated
[2025.03.24-09.50.50:991][111]LogPlayLevel: Display: Shutting down PIE online subsystems
[2025.03.24-09.50.51:000][111]LogSlate: InvalidateAllWidgets triggered.  All widgets were invalidated
[2025.03.24-09.50.51:030][111]LogAudio: Display: Audio Device unregistered from world 'None'.
[2025.03.24-09.50.51:030][111]LogAudioMixer: FMixerPlatformXAudio2::StopAudioStream() called
[2025.03.24-09.50.51:031][111]LogAudioMixer: FMixerPlatformXAudio2::StopAudioStream() called
[2025.03.24-09.50.51:035][111]LogSlate: Updating window title bar state: overlay mode, drag disabled, window buttons hidden, title bar hidden
[2025.03.24-09.50.51:038][111]LogUObjectHash: Compacting FUObjectHashTables data took   2.26ms
[2025.03.24-09.50.51:107][112]LogPlayLevel: Display: Destroying online subsystem :Context_130
[2025.03.24-09.50.54:055][209]LogTemp: Repeating last play command: Selected Viewport
[2025.03.24-09.50.54:063][209]LogPlayLevel: PlayLevel: No blueprints needed recompiling
[2025.03.24-09.50.54:063][209]PIE: New page: PIE session: ThirdPersonExampleMap (2025年3月25日 上午1:50:54)
[2025.03.24-09.50.54:063][209]LogPlayLevel: Creating play world package: /Game/ThirdPersonBP/Maps/UEDPIE_0_ThirdPersonExampleMap
[2025.03.24-09.50.54:083][209]LogPlayLevel: PIE: StaticDuplicateObject took: (0.019221s)
[2025.03.24-09.50.54:084][209]LogAIModule: Creating AISystem for world ThirdPersonExampleMap
[2025.03.24-09.50.54:084][209]LogPlayLevel: PIE: World Init took: (0.001355s)
[2025.03.24-09.50.54:084][209]LogPlayLevel: PIE: Created PIE world by copying editor world from /Game/ThirdPersonBP/Maps/ThirdPersonExampleMap.ThirdPersonExampleMap to /Game/ThirdPersonBP/Maps/UEDPIE_0_ThirdPersonExampleMap.ThirdPersonExampleMap (0.020878s)
[2025.03.24-09.50.54:118][209]LogUObjectHash: Compacting FUObjectHashTables data took   2.19ms
[2025.03.24-09.50.54:119][209]LogAudio: Display: Creating Audio Device:                 Id: 100, Scope: Unique, Realtime: True
[2025.03.24-09.50.54:119][209]LogAudioMixer: Display: Audio Mixer Platform Settings:
[2025.03.24-09.50.54:119][209]LogAudioMixer: Display: 	Sample Rate:						  48000
[2025.03.24-09.50.54:119][209]LogAudioMixer: Display: 	Callback Buffer Frame Size Requested: 1024
[2025.03.24-09.50.54:119][209]LogAudioMixer: Display: 	Callback Buffer Frame Size To Use:	  1024
[2025.03.24-09.50.54:119][209]LogAudioMixer: Display: 	Number of buffers to queue:			  2
[2025.03.24-09.50.54:119][209]LogAudioMixer: Display: 	Max Channels (voices):				  32
[2025.03.24-09.50.54:119][209]LogAudioMixer: Display: 	Number of Async Source Workers:		  0
[2025.03.24-09.50.54:119][209]LogAudio: Display: AudioDevice MaxSources: 32
[2025.03.24-09.50.54:120][209]LogAudio: Display: Audio Spatialization Plugin: None (built-in).
[2025.03.24-09.50.54:120][209]LogAudio: Display: Audio Reverb Plugin: None (built-in).
[2025.03.24-09.50.54:120][209]LogAudio: Display: Audio Occlusion Plugin: None (built-in).
[2025.03.24-09.50.54:120][209]LogAudioMixer: Display: Initializing audio mixer.
[2025.03.24-09.50.54:122][209]LogAudioMixer: Display: 0: FrontLeft
[2025.03.24-09.50.54:122][209]LogAudioMixer: Display: 1: FrontRight
[2025.03.24-09.50.54:155][209]LogAudioMixer: Display: Using Audio Device 扬声器 (适用于 I2S 音频的英特尔® 智音技术)
[2025.03.24-09.50.54:155][209]LogAudioMixer: Display: Initializing Sound Submixes...
[2025.03.24-09.50.54:155][209]LogAudioMixer: Display: Creating Master Submix 'MasterSubmixDefault'
[2025.03.24-09.50.54:155][209]LogAudioMixer: Display: Creating Master Submix 'MasterReverbSubmixDefault'
[2025.03.24-09.50.54:156][209]LogAudioMixer: Display: Creating Master Submix 'MasterEQSubmixDefault'
[2025.03.24-09.50.54:156][209]LogAudioMixer: FMixerPlatformXAudio2::StartAudioStream() called
[2025.03.24-09.50.54:156][209]LogAudioMixer: Display: Output buffers initialized: Frames=1024, Channels=2, Samples=2048
[2025.03.24-09.50.54:157][209]LogAudioMixer: Display: Starting AudioMixerPlatformInterface::RunInternal()
[2025.03.24-09.50.54:157][209]LogAudioMixer: Display: FMixerPlatformXAudio2::SubmitBuffer() called for the first time
[2025.03.24-09.50.54:157][209]LogInit: FAudioDevice initialized.
[2025.03.24-09.50.54:157][209]LogAudio: Display: Audio Device (ID: 100) registered with world 'ThirdPersonExampleMap'.
[2025.03.24-09.50.54:165][209]LogLoad: Game class is 'ThirdPersonGameMode_C'
[2025.03.24-09.50.54:169][209]LogWorld: Bringing World /Game/ThirdPersonBP/Maps/UEDPIE_0_ThirdPersonExampleMap.ThirdPersonExampleMap up for play (max tick rate 60) at 2025.03.24-17.50.54
[2025.03.24-09.50.54:169][209]LogWorld: Bringing up level for play took: 0.002783
[2025.03.24-09.50.54:170][209]LogOnline: OSS: Creating online subsystem instance for: :Context_131
[2025.03.24-09.50.54:172][209]PIE: Server logged in
[2025.03.24-09.50.54:172][209]PIE: Play in editor total start time 0.111 seconds.
[2025.03.24-09.51.06:313][844]LogSlate: Updating window title bar state: overlay mode, drag disabled, window buttons hidden, title bar hidden
[2025.03.24-09.51.06:313][844]LogWorld: BeginTearingDown for /Game/ThirdPersonBP/Maps/UEDPIE_0_ThirdPersonExampleMap
[2025.03.24-09.51.06:314][844]LogWorld: UWorld::CleanupWorld for ThirdPersonExampleMap, bSessionEnded=true, bCleanupResources=true
[2025.03.24-09.51.06:315][844]LogSlate: InvalidateAllWidgets triggered.  All widgets were invalidated
[2025.03.24-09.51.06:341][844]LogPlayLevel: Display: Shutting down PIE online subsystems
[2025.03.24-09.51.06:351][844]LogSlate: InvalidateAllWidgets triggered.  All widgets were invalidated
[2025.03.24-09.51.06:379][844]LogSlate: Updating window title bar state: overlay mode, drag disabled, window buttons hidden, title bar hidden
[2025.03.24-09.51.06:379][844]LogAudioMixer: FMixerPlatformXAudio2::StopAudioStream() called
[2025.03.24-09.51.06:380][844]LogAudioMixer: FMixerPlatformXAudio2::StopAudioStream() called
[2025.03.24-09.51.06:387][844]LogUObjectHash: Compacting FUObjectHashTables data took   2.03ms
[2025.03.24-09.51.06:460][845]LogPlayLevel: Display: Destroying online subsystem :Context_131
[2025.03.24-09.51.21:820][428]BlueprintLog: New page: Compile BP_MagicWall
[2025.03.24-09.51.21:897][428]LogUObjectHash: Compacting FUObjectHashTables data took   3.45ms
[2025.03.24-09.51.23:964][506]LogTemp: Repeating last play command: Selected Viewport
[2025.03.24-09.51.23:973][506]LogPlayLevel: PlayLevel: No blueprints needed recompiling
[2025.03.24-09.51.23:973][506]PIE: New page: PIE session: ThirdPersonExampleMap (2025年3月25日 上午1:51:23)
[2025.03.24-09.51.23:974][506]LogPlayLevel: Creating play world package: /Game/ThirdPersonBP/Maps/UEDPIE_0_ThirdPersonExampleMap
[2025.03.24-09.51.23:992][506]LogPlayLevel: PIE: StaticDuplicateObject took: (0.018206s)
[2025.03.24-09.51.23:993][506]LogAIModule: Creating AISystem for world ThirdPersonExampleMap
[2025.03.24-09.51.23:993][506]LogPlayLevel: PIE: World Init took: (0.001312s)
[2025.03.24-09.51.23:993][506]LogPlayLevel: PIE: Created PIE world by copying editor world from /Game/ThirdPersonBP/Maps/ThirdPersonExampleMap.ThirdPersonExampleMap to /Game/ThirdPersonBP/Maps/UEDPIE_0_ThirdPersonExampleMap.ThirdPersonExampleMap (0.019731s)
[2025.03.24-09.51.24:030][506]LogUObjectHash: Compacting FUObjectHashTables data took   3.13ms
[2025.03.24-09.51.24:031][506]LogAudio: Display: Creating Audio Device:                 Id: 101, Scope: Unique, Realtime: True
[2025.03.24-09.51.24:031][506]LogAudioMixer: Display: Audio Mixer Platform Settings:
[2025.03.24-09.51.24:031][506]LogAudioMixer: Display: 	Sample Rate:						  48000
[2025.03.24-09.51.24:031][506]LogAudioMixer: Display: 	Callback Buffer Frame Size Requested: 1024
[2025.03.24-09.51.24:031][506]LogAudioMixer: Display: 	Callback Buffer Frame Size To Use:	  1024
[2025.03.24-09.51.24:031][506]LogAudioMixer: Display: 	Number of buffers to queue:			  2
[2025.03.24-09.51.24:031][506]LogAudioMixer: Display: 	Max Channels (voices):				  32
[2025.03.24-09.51.24:031][506]LogAudioMixer: Display: 	Number of Async Source Workers:		  0
[2025.03.24-09.51.24:031][506]LogAudio: Display: AudioDevice MaxSources: 32
[2025.03.24-09.51.24:031][506]LogAudio: Display: Audio Spatialization Plugin: None (built-in).
[2025.03.24-09.51.24:031][506]LogAudio: Display: Audio Reverb Plugin: None (built-in).
[2025.03.24-09.51.24:031][506]LogAudio: Display: Audio Occlusion Plugin: None (built-in).
[2025.03.24-09.51.24:031][506]LogAudioMixer: Display: Initializing audio mixer.
[2025.03.24-09.51.24:034][506]LogAudioMixer: Display: 0: FrontLeft
[2025.03.24-09.51.24:034][506]LogAudioMixer: Display: 1: FrontRight
[2025.03.24-09.51.24:072][506]LogAudioMixer: Display: Using Audio Device 扬声器 (适用于 I2S 音频的英特尔® 智音技术)
[2025.03.24-09.51.24:073][506]LogAudioMixer: Display: Initializing Sound Submixes...
[2025.03.24-09.51.24:073][506]LogAudioMixer: Display: Creating Master Submix 'MasterSubmixDefault'
[2025.03.24-09.51.24:073][506]LogAudioMixer: Display: Creating Master Submix 'MasterReverbSubmixDefault'
[2025.03.24-09.51.24:073][506]LogAudioMixer: Display: Creating Master Submix 'MasterEQSubmixDefault'
[2025.03.24-09.51.24:073][506]LogAudioMixer: FMixerPlatformXAudio2::StartAudioStream() called
[2025.03.24-09.51.24:073][506]LogAudioMixer: Display: Output buffers initialized: Frames=1024, Channels=2, Samples=2048
[2025.03.24-09.51.24:075][506]LogAudioMixer: Display: Starting AudioMixerPlatformInterface::RunInternal()
[2025.03.24-09.51.24:075][506]LogAudioMixer: Display: FMixerPlatformXAudio2::SubmitBuffer() called for the first time
[2025.03.24-09.51.24:075][506]LogInit: FAudioDevice initialized.
[2025.03.24-09.51.24:075][506]LogAudio: Display: Audio Device (ID: 101) registered with world 'ThirdPersonExampleMap'.
[2025.03.24-09.51.24:087][506]LogLoad: Game class is 'ThirdPersonGameMode_C'
[2025.03.24-09.51.24:090][506]LogWorld: Bringing World /Game/ThirdPersonBP/Maps/UEDPIE_0_ThirdPersonExampleMap.ThirdPersonExampleMap up for play (max tick rate 60) at 2025.03.24-17.51.24
[2025.03.24-09.51.24:090][506]LogWorld: Bringing up level for play took: 0.002244
[2025.03.24-09.51.24:090][506]LogOnline: OSS: Creating online subsystem instance for: :Context_132
[2025.03.24-09.51.24:093][506]PIE: Server logged in
[2025.03.24-09.51.24:093][506]PIE: Play in editor total start time 0.122 seconds.
[2025.03.24-09.51.25:700][597]LogBlueprintUserMessages: [BP_MagicWall_5] 进入下一关
[2025.03.24-09.51.27:187][677]LogBlueprintUserMessages: [BP_MagicWall_5] 进入下一关
[2025.03.24-09.51.29:192][790]LogBlueprintUserMessages: [BP_MagicWall_5] 进入下一关
[2025.03.24-09.51.32:189][960]LogBlueprintUserMessages: [BP_MagicWall_5] 进入下一关
[2025.03.24-09.51.34:889][113]LogBlueprintUserMessages: [BP_MagicWall_5] 进入下一关
[2025.03.24-09.51.37:492][256]LogSlate: Updating window title bar state: overlay mode, drag disabled, window buttons hidden, title bar hidden
[2025.03.24-09.51.37:492][256]LogWorld: BeginTearingDown for /Game/ThirdPersonBP/Maps/UEDPIE_0_ThirdPersonExampleMap
[2025.03.24-09.51.37:492][256]LogWorld: UWorld::CleanupWorld for ThirdPersonExampleMap, bSessionEnded=true, bCleanupResources=true
[2025.03.24-09.51.37:492][256]LogSlate: InvalidateAllWidgets triggered.  All widgets were invalidated
[2025.03.24-09.51.37:508][256]LogPlayLevel: Display: Shutting down PIE online subsystems
[2025.03.24-09.51.37:516][256]LogSlate: InvalidateAllWidgets triggered.  All widgets were invalidated
[2025.03.24-09.51.37:546][256]LogAudio: Display: Audio Device unregistered from world 'None'.
[2025.03.24-09.51.37:546][256]LogAudioMixer: FMixerPlatformXAudio2::StopAudioStream() called
[2025.03.24-09.51.37:547][256]LogAudioMixer: FMixerPlatformXAudio2::StopAudioStream() called
[2025.03.24-09.51.37:550][256]LogSlate: Updating window title bar state: overlay mode, drag disabled, window buttons hidden, title bar hidden
[2025.03.24-09.51.37:556][256]LogUObjectHash: Compacting FUObjectHashTables data took   4.58ms
[2025.03.24-09.51.37:607][257]LogPlayLevel: Display: Destroying online subsystem :Context_132
[2025.03.24-09.52.12:030][687]LogTemp: Repeating last play command: Selected Viewport
[2025.03.24-09.52.12:038][687]BlueprintLog: New page: Pre-Play auto-recompile
[2025.03.24-09.52.12:050][687]LogPlayLevel: [PlayLevel] Compiling BP_Button before play...
[2025.03.24-09.52.12:135][687]LogUObjectHash: Compacting FUObjectHashTables data took   3.23ms
[2025.03.24-09.52.12:138][687]LogPlayLevel: PlayLevel: Blueprint regeneration took 100 ms (1 blueprints)
[2025.03.24-09.52.12:138][687]PIE: New page: PIE session: ThirdPersonExampleMap (2025年3月25日 上午1:52:12)
[2025.03.24-09.52.12:170][687]LogPlayLevel: Creating play world package: /Game/ThirdPersonBP/Maps/UEDPIE_0_ThirdPersonExampleMap
[2025.03.24-09.52.12:187][687]LogPlayLevel: PIE: StaticDuplicateObject took: (0.015783s)
[2025.03.24-09.52.12:187][687]LogAIModule: Creating AISystem for world ThirdPersonExampleMap
[2025.03.24-09.52.12:188][687]LogPlayLevel: PIE: World Init took: (0.001075s)
[2025.03.24-09.52.12:188][687]LogPlayLevel: PIE: Created PIE world by copying editor world from /Game/ThirdPersonBP/Maps/ThirdPersonExampleMap.ThirdPersonExampleMap to /Game/ThirdPersonBP/Maps/UEDPIE_0_ThirdPersonExampleMap.ThirdPersonExampleMap (0.017227s)
[2025.03.24-09.52.12:218][687]LogUObjectHash: Compacting FUObjectHashTables data took   1.81ms
[2025.03.24-09.52.12:218][687]LogAudio: Display: Creating Audio Device:                 Id: 102, Scope: Unique, Realtime: True
[2025.03.24-09.52.12:218][687]LogAudioMixer: Display: Audio Mixer Platform Settings:
[2025.03.24-09.52.12:218][687]LogAudioMixer: Display: 	Sample Rate:						  48000
[2025.03.24-09.52.12:218][687]LogAudioMixer: Display: 	Callback Buffer Frame Size Requested: 1024
[2025.03.24-09.52.12:218][687]LogAudioMixer: Display: 	Callback Buffer Frame Size To Use:	  1024
[2025.03.24-09.52.12:218][687]LogAudioMixer: Display: 	Number of buffers to queue:			  2
[2025.03.24-09.52.12:218][687]LogAudioMixer: Display: 	Max Channels (voices):				  32
[2025.03.24-09.52.12:218][687]LogAudioMixer: Display: 	Number of Async Source Workers:		  0
[2025.03.24-09.52.12:218][687]LogAudio: Display: AudioDevice MaxSources: 32
[2025.03.24-09.52.12:220][687]LogAudio: Display: Audio Spatialization Plugin: None (built-in).
[2025.03.24-09.52.12:220][687]LogAudio: Display: Audio Reverb Plugin: None (built-in).
[2025.03.24-09.52.12:220][687]LogAudio: Display: Audio Occlusion Plugin: None (built-in).
[2025.03.24-09.52.12:220][687]LogAudioMixer: Display: Initializing audio mixer.
[2025.03.24-09.52.12:222][687]LogAudioMixer: Display: 0: FrontLeft
[2025.03.24-09.52.12:222][687]LogAudioMixer: Display: 1: FrontRight
[2025.03.24-09.52.12:251][687]LogAudioMixer: Display: Using Audio Device 扬声器 (适用于 I2S 音频的英特尔® 智音技术)
[2025.03.24-09.52.12:252][687]LogAudioMixer: Display: Initializing Sound Submixes...
[2025.03.24-09.52.12:252][687]LogAudioMixer: Display: Creating Master Submix 'MasterSubmixDefault'
[2025.03.24-09.52.12:252][687]LogAudioMixer: Display: Creating Master Submix 'MasterReverbSubmixDefault'
[2025.03.24-09.52.12:252][687]LogAudioMixer: Display: Creating Master Submix 'MasterEQSubmixDefault'
[2025.03.24-09.52.12:252][687]LogAudioMixer: FMixerPlatformXAudio2::StartAudioStream() called
[2025.03.24-09.52.12:252][687]LogAudioMixer: Display: Output buffers initialized: Frames=1024, Channels=2, Samples=2048
[2025.03.24-09.52.12:253][687]LogAudioMixer: Display: Starting AudioMixerPlatformInterface::RunInternal()
[2025.03.24-09.52.12:253][687]LogAudioMixer: Display: FMixerPlatformXAudio2::SubmitBuffer() called for the first time
[2025.03.24-09.52.12:253][687]LogInit: FAudioDevice initialized.
[2025.03.24-09.52.12:253][687]LogAudio: Display: Audio Device (ID: 102) registered with world 'ThirdPersonExampleMap'.
[2025.03.24-09.52.12:264][687]LogLoad: Game class is 'ThirdPersonGameMode_C'
[2025.03.24-09.52.12:270][687]LogWorld: Bringing World /Game/ThirdPersonBP/Maps/UEDPIE_0_ThirdPersonExampleMap.ThirdPersonExampleMap up for play (max tick rate 60) at 2025.03.24-17.52.12
[2025.03.24-09.52.12:270][687]LogWorld: Bringing up level for play took: 0.004634
[2025.03.24-09.52.12:270][687]LogOnline: OSS: Creating online subsystem instance for: :Context_133
[2025.03.24-09.52.12:273][687]PIE: Server logged in
[2025.03.24-09.52.12:273][687]PIE: Play in editor total start time 0.236 seconds.
[2025.03.24-09.52.15:051][828]LogSlate: Updating window title bar state: overlay mode, drag disabled, window buttons hidden, title bar hidden
[2025.03.24-09.52.15:051][828]LogWorld: BeginTearingDown for /Game/ThirdPersonBP/Maps/UEDPIE_0_ThirdPersonExampleMap
[2025.03.24-09.52.15:051][828]LogWorld: UWorld::CleanupWorld for ThirdPersonExampleMap, bSessionEnded=true, bCleanupResources=true
[2025.03.24-09.52.15:052][828]LogSlate: InvalidateAllWidgets triggered.  All widgets were invalidated
[2025.03.24-09.52.15:072][828]LogPlayLevel: Display: Shutting down PIE online subsystems
[2025.03.24-09.52.15:082][828]LogSlate: InvalidateAllWidgets triggered.  All widgets were invalidated
[2025.03.24-09.52.15:116][828]LogSlate: Updating window title bar state: overlay mode, drag disabled, window buttons hidden, title bar hidden
[2025.03.24-09.52.15:117][828]LogAudioMixer: FMixerPlatformXAudio2::StopAudioStream() called
[2025.03.24-09.52.15:118][828]LogAudioMixer: FMixerPlatformXAudio2::StopAudioStream() called
[2025.03.24-09.52.15:130][828]LogUObjectHash: Compacting FUObjectHashTables data took   5.19ms
[2025.03.24-09.52.15:204][829]LogPlayLevel: Display: Destroying online subsystem :Context_133
[2025.03.24-09.52.20:021][ 16]LogTemp: Repeating last play command: Selected Viewport
[2025.03.24-09.52.20:029][ 16]LogPlayLevel: PlayLevel: No blueprints needed recompiling
[2025.03.24-09.52.20:029][ 16]PIE: New page: PIE session: ThirdPersonExampleMap (2025年3月25日 上午1:52:20)
[2025.03.24-09.52.20:029][ 16]LogPlayLevel: Creating play world package: /Game/ThirdPersonBP/Maps/UEDPIE_0_ThirdPersonExampleMap
[2025.03.24-09.52.20:050][ 16]LogPlayLevel: PIE: StaticDuplicateObject took: (0.020949s)
[2025.03.24-09.52.20:052][ 16]LogAIModule: Creating AISystem for world ThirdPersonExampleMap
[2025.03.24-09.52.20:052][ 16]LogPlayLevel: PIE: World Init took: (0.001731s)
[2025.03.24-09.52.20:052][ 16]LogPlayLevel: PIE: Created PIE world by copying editor world from /Game/ThirdPersonBP/Maps/ThirdPersonExampleMap.ThirdPersonExampleMap to /Game/ThirdPersonBP/Maps/UEDPIE_0_ThirdPersonExampleMap.ThirdPersonExampleMap (0.022922s)
[2025.03.24-09.52.20:098][ 16]LogUObjectHash: Compacting FUObjectHashTables data took   6.34ms
[2025.03.24-09.52.20:100][ 16]LogAudio: Display: Creating Audio Device:                 Id: 103, Scope: Unique, Realtime: True
[2025.03.24-09.52.20:100][ 16]LogAudioMixer: Display: Audio Mixer Platform Settings:
[2025.03.24-09.52.20:100][ 16]LogAudioMixer: Display: 	Sample Rate:						  48000
[2025.03.24-09.52.20:100][ 16]LogAudioMixer: Display: 	Callback Buffer Frame Size Requested: 1024
[2025.03.24-09.52.20:100][ 16]LogAudioMixer: Display: 	Callback Buffer Frame Size To Use:	  1024
[2025.03.24-09.52.20:100][ 16]LogAudioMixer: Display: 	Number of buffers to queue:			  2
[2025.03.24-09.52.20:100][ 16]LogAudioMixer: Display: 	Max Channels (voices):				  32
[2025.03.24-09.52.20:100][ 16]LogAudioMixer: Display: 	Number of Async Source Workers:		  0
[2025.03.24-09.52.20:100][ 16]LogAudio: Display: AudioDevice MaxSources: 32
[2025.03.24-09.52.20:101][ 16]LogAudio: Display: Audio Spatialization Plugin: None (built-in).
[2025.03.24-09.52.20:101][ 16]LogAudio: Display: Audio Reverb Plugin: None (built-in).
[2025.03.24-09.52.20:101][ 16]LogAudio: Display: Audio Occlusion Plugin: None (built-in).
[2025.03.24-09.52.20:101][ 16]LogAudioMixer: Display: Initializing audio mixer.
[2025.03.24-09.52.20:105][ 16]LogAudioMixer: Display: 0: FrontLeft
[2025.03.24-09.52.20:105][ 16]LogAudioMixer: Display: 1: FrontRight
[2025.03.24-09.52.20:150][ 16]LogAudioMixer: Display: Using Audio Device 扬声器 (适用于 I2S 音频的英特尔® 智音技术)
[2025.03.24-09.52.20:151][ 16]LogAudioMixer: Display: Initializing Sound Submixes...
[2025.03.24-09.52.20:151][ 16]LogAudioMixer: Display: Creating Master Submix 'MasterSubmixDefault'
[2025.03.24-09.52.20:151][ 16]LogAudioMixer: Display: Creating Master Submix 'MasterReverbSubmixDefault'
[2025.03.24-09.52.20:152][ 16]LogAudioMixer: Display: Creating Master Submix 'MasterEQSubmixDefault'
[2025.03.24-09.52.20:152][ 16]LogAudioMixer: FMixerPlatformXAudio2::StartAudioStream() called
[2025.03.24-09.52.20:152][ 16]LogAudioMixer: Display: Output buffers initialized: Frames=1024, Channels=2, Samples=2048
[2025.03.24-09.52.20:153][ 16]LogAudioMixer: Display: Starting AudioMixerPlatformInterface::RunInternal()
[2025.03.24-09.52.20:153][ 16]LogAudioMixer: Display: FMixerPlatformXAudio2::SubmitBuffer() called for the first time
[2025.03.24-09.52.20:153][ 16]LogInit: FAudioDevice initialized.
[2025.03.24-09.52.20:153][ 16]LogAudio: Display: Audio Device (ID: 103) registered with world 'ThirdPersonExampleMap'.
[2025.03.24-09.52.20:167][ 16]LogLoad: Game class is 'ThirdPersonGameMode_C'
[2025.03.24-09.52.20:171][ 16]LogWorld: Bringing World /Game/ThirdPersonBP/Maps/UEDPIE_0_ThirdPersonExampleMap.ThirdPersonExampleMap up for play (max tick rate 60) at 2025.03.24-17.52.20
[2025.03.24-09.52.20:172][ 16]LogWorld: Bringing up level for play took: 0.004321
[2025.03.24-09.52.20:172][ 16]LogOnline: OSS: Creating online subsystem instance for: :Context_134
[2025.03.24-09.52.20:175][ 16]PIE: Server logged in
[2025.03.24-09.52.20:176][ 16]PIE: Play in editor total start time 0.148 seconds.
[2025.03.24-09.52.21:751][ 98]LogSlate: Updating window title bar state: overlay mode, drag disabled, window buttons hidden, title bar hidden
[2025.03.24-09.52.21:751][ 98]LogWorld: BeginTearingDown for /Game/ThirdPersonBP/Maps/UEDPIE_0_ThirdPersonExampleMap
[2025.03.24-09.52.21:752][ 98]LogWorld: UWorld::CleanupWorld for ThirdPersonExampleMap, bSessionEnded=true, bCleanupResources=true
[2025.03.24-09.52.21:752][ 98]LogSlate: InvalidateAllWidgets triggered.  All widgets were invalidated
[2025.03.24-09.52.21:769][ 98]LogPlayLevel: Display: Shutting down PIE online subsystems
[2025.03.24-09.52.21:776][ 98]LogSlate: InvalidateAllWidgets triggered.  All widgets were invalidated
[2025.03.24-09.52.21:806][ 98]LogSlate: Updating window title bar state: overlay mode, drag disabled, window buttons hidden, title bar hidden
[2025.03.24-09.52.21:806][ 98]LogAudioMixer: FMixerPlatformXAudio2::StopAudioStream() called
[2025.03.24-09.52.21:808][ 98]LogAudioMixer: FMixerPlatformXAudio2::StopAudioStream() called
[2025.03.24-09.52.21:814][ 98]LogUObjectHash: Compacting FUObjectHashTables data took   1.98ms
[2025.03.24-09.52.21:869][ 99]LogPlayLevel: Display: Destroying online subsystem :Context_134
[2025.03.24-09.52.32:628][522]BlueprintLog: New page: Compile BP_MagicWall
[2025.03.24-09.52.32:708][522]LogUObjectHash: Compacting FUObjectHashTables data took   6.20ms
[2025.03.24-09.52.40:615][843]BlueprintLog: New page: Compile BP_MagicWall
[2025.03.24-09.52.40:713][843]LogUObjectHash: Compacting FUObjectHashTables data took   7.65ms
[2025.03.24-09.52.42:513][917]LogTemp: Repeating last play command: Selected Viewport
[2025.03.24-09.52.42:519][917]BlueprintLog: New page: Pre-Play auto-recompile
[2025.03.24-09.52.42:523][917]LogPlayLevel: [PlayLevel] Compiling BP_Button before play...
[2025.03.24-09.52.42:607][917]LogUObjectHash: Compacting FUObjectHashTables data took   2.74ms
[2025.03.24-09.52.42:608][917]LogPlayLevel: PlayLevel: Blueprint regeneration took 89 ms (1 blueprints)
[2025.03.24-09.52.42:608][917]PIE: New page: PIE session: ThirdPersonExampleMap (2025年3月25日 上午1:52:42)
[2025.03.24-09.52.42:608][917]LogPlayLevel: Creating play world package: /Game/ThirdPersonBP/Maps/UEDPIE_0_ThirdPersonExampleMap
[2025.03.24-09.52.42:621][917]LogPlayLevel: PIE: StaticDuplicateObject took: (0.012610s)
[2025.03.24-09.52.42:622][917]LogAIModule: Creating AISystem for world ThirdPersonExampleMap
[2025.03.24-09.52.42:622][917]LogPlayLevel: PIE: World Init took: (0.000975s)
[2025.03.24-09.52.42:622][917]LogPlayLevel: PIE: Created PIE world by copying editor world from /Game/ThirdPersonBP/Maps/ThirdPersonExampleMap.ThirdPersonExampleMap to /Game/ThirdPersonBP/Maps/UEDPIE_0_ThirdPersonExampleMap.ThirdPersonExampleMap (0.013752s)
[2025.03.24-09.52.42:653][917]LogUObjectHash: Compacting FUObjectHashTables data took   2.00ms
[2025.03.24-09.52.42:654][917]LogAudio: Display: Creating Audio Device:                 Id: 104, Scope: Unique, Realtime: True
[2025.03.24-09.52.42:654][917]LogAudioMixer: Display: Audio Mixer Platform Settings:
[2025.03.24-09.52.42:654][917]LogAudioMixer: Display: 	Sample Rate:						  48000
[2025.03.24-09.52.42:654][917]LogAudioMixer: Display: 	Callback Buffer Frame Size Requested: 1024
[2025.03.24-09.52.42:654][917]LogAudioMixer: Display: 	Callback Buffer Frame Size To Use:	  1024
[2025.03.24-09.52.42:654][917]LogAudioMixer: Display: 	Number of buffers to queue:			  2
[2025.03.24-09.52.42:654][917]LogAudioMixer: Display: 	Max Channels (voices):				  32
[2025.03.24-09.52.42:654][917]LogAudioMixer: Display: 	Number of Async Source Workers:		  0
[2025.03.24-09.52.42:654][917]LogAudio: Display: AudioDevice MaxSources: 32
[2025.03.24-09.52.42:655][917]LogAudio: Display: Audio Spatialization Plugin: None (built-in).
[2025.03.24-09.52.42:655][917]LogAudio: Display: Audio Reverb Plugin: None (built-in).
[2025.03.24-09.52.42:655][917]LogAudio: Display: Audio Occlusion Plugin: None (built-in).
[2025.03.24-09.52.42:655][917]LogAudioMixer: Display: Initializing audio mixer.
[2025.03.24-09.52.42:657][917]LogAudioMixer: Display: 0: FrontLeft
[2025.03.24-09.52.42:657][917]LogAudioMixer: Display: 1: FrontRight
[2025.03.24-09.52.42:689][917]LogAudioMixer: Display: Using Audio Device 扬声器 (适用于 I2S 音频的英特尔® 智音技术)
[2025.03.24-09.52.42:689][917]LogAudioMixer: Display: Initializing Sound Submixes...
[2025.03.24-09.52.42:689][917]LogAudioMixer: Display: Creating Master Submix 'MasterSubmixDefault'
[2025.03.24-09.52.42:689][917]LogAudioMixer: Display: Creating Master Submix 'MasterReverbSubmixDefault'
[2025.03.24-09.52.42:690][917]LogAudioMixer: Display: Creating Master Submix 'MasterEQSubmixDefault'
[2025.03.24-09.52.42:690][917]LogAudioMixer: FMixerPlatformXAudio2::StartAudioStream() called
[2025.03.24-09.52.42:690][917]LogAudioMixer: Display: Output buffers initialized: Frames=1024, Channels=2, Samples=2048
[2025.03.24-09.52.42:691][917]LogAudioMixer: Display: Starting AudioMixerPlatformInterface::RunInternal()
[2025.03.24-09.52.42:691][917]LogAudioMixer: Display: FMixerPlatformXAudio2::SubmitBuffer() called for the first time
[2025.03.24-09.52.42:691][917]LogInit: FAudioDevice initialized.
[2025.03.24-09.52.42:691][917]LogAudio: Display: Audio Device (ID: 104) registered with world 'ThirdPersonExampleMap'.
[2025.03.24-09.52.42:697][917]LogLoad: Game class is 'ThirdPersonGameMode_C'
[2025.03.24-09.52.42:701][917]LogWorld: Bringing World /Game/ThirdPersonBP/Maps/UEDPIE_0_ThirdPersonExampleMap.ThirdPersonExampleMap up for play (max tick rate 60) at 2025.03.24-17.52.42
[2025.03.24-09.52.42:701][917]LogWorld: Bringing up level for play took: 0.002214
[2025.03.24-09.52.42:701][917]LogOnline: OSS: Creating online subsystem instance for: :Context_135
[2025.03.24-09.52.42:703][917]PIE: Server logged in
[2025.03.24-09.52.42:704][917]PIE: Play in editor total start time 0.187 seconds.
[2025.03.24-09.52.46:263][113]LogSlate: Updating window title bar state: overlay mode, drag disabled, window buttons hidden, title bar hidden
[2025.03.24-09.52.46:263][113]LogWorld: BeginTearingDown for /Game/ThirdPersonBP/Maps/UEDPIE_0_ThirdPersonExampleMap
[2025.03.24-09.52.46:263][113]LogWorld: UWorld::CleanupWorld for ThirdPersonExampleMap, bSessionEnded=true, bCleanupResources=true
[2025.03.24-09.52.46:263][113]LogSlate: InvalidateAllWidgets triggered.  All widgets were invalidated
[2025.03.24-09.52.46:281][113]LogPlayLevel: Display: Shutting down PIE online subsystems
[2025.03.24-09.52.46:290][113]LogSlate: InvalidateAllWidgets triggered.  All widgets were invalidated
[2025.03.24-09.52.46:320][113]LogSlate: Updating window title bar state: overlay mode, drag disabled, window buttons hidden, title bar hidden
[2025.03.24-09.52.46:320][113]LogAudioMixer: FMixerPlatformXAudio2::StopAudioStream() called
[2025.03.24-09.52.46:321][113]LogAudioMixer: FMixerPlatformXAudio2::StopAudioStream() called
[2025.03.24-09.52.46:331][113]LogUObjectHash: Compacting FUObjectHashTables data took   4.51ms
[2025.03.24-09.52.46:391][114]LogPlayLevel: Display: Destroying online subsystem :Context_135
[2025.03.24-09.52.49:160][218]LogTemp: Repeating last play command: Selected Viewport
[2025.03.24-09.52.49:168][218]LogPlayLevel: PlayLevel: No blueprints needed recompiling
[2025.03.24-09.52.49:168][218]PIE: New page: PIE session: ThirdPersonExampleMap (2025年3月25日 上午1:52:49)
[2025.03.24-09.52.49:201][218]LogPlayLevel: Creating play world package: /Game/ThirdPersonBP/Maps/UEDPIE_0_ThirdPersonExampleMap
[2025.03.24-09.52.49:215][218]LogPlayLevel: PIE: StaticDuplicateObject took: (0.013658s)
[2025.03.24-09.52.49:216][218]LogAIModule: Creating AISystem for world ThirdPersonExampleMap
[2025.03.24-09.52.49:216][218]LogPlayLevel: PIE: World Init took: (0.001092s)
[2025.03.24-09.52.49:216][218]LogPlayLevel: PIE: Created PIE world by copying editor world from /Game/ThirdPersonBP/Maps/ThirdPersonExampleMap.ThirdPersonExampleMap to /Game/ThirdPersonBP/Maps/UEDPIE_0_ThirdPersonExampleMap.ThirdPersonExampleMap (0.015056s)
[2025.03.24-09.52.49:248][218]LogUObjectHash: Compacting FUObjectHashTables data took   2.20ms
[2025.03.24-09.52.49:250][218]LogAudio: Display: Creating Audio Device:                 Id: 105, Scope: Unique, Realtime: True
[2025.03.24-09.52.49:250][218]LogAudioMixer: Display: Audio Mixer Platform Settings:
[2025.03.24-09.52.49:250][218]LogAudioMixer: Display: 	Sample Rate:						  48000
[2025.03.24-09.52.49:250][218]LogAudioMixer: Display: 	Callback Buffer Frame Size Requested: 1024
[2025.03.24-09.52.49:250][218]LogAudioMixer: Display: 	Callback Buffer Frame Size To Use:	  1024
[2025.03.24-09.52.49:250][218]LogAudioMixer: Display: 	Number of buffers to queue:			  2
[2025.03.24-09.52.49:250][218]LogAudioMixer: Display: 	Max Channels (voices):				  32
[2025.03.24-09.52.49:250][218]LogAudioMixer: Display: 	Number of Async Source Workers:		  0
[2025.03.24-09.52.49:250][218]LogAudio: Display: AudioDevice MaxSources: 32
[2025.03.24-09.52.49:250][218]LogAudio: Display: Audio Spatialization Plugin: None (built-in).
[2025.03.24-09.52.49:250][218]LogAudio: Display: Audio Reverb Plugin: None (built-in).
[2025.03.24-09.52.49:250][218]LogAudio: Display: Audio Occlusion Plugin: None (built-in).
[2025.03.24-09.52.49:250][218]LogAudioMixer: Display: Initializing audio mixer.
[2025.03.24-09.52.49:253][218]LogAudioMixer: Display: 0: FrontLeft
[2025.03.24-09.52.49:253][218]LogAudioMixer: Display: 1: FrontRight
[2025.03.24-09.52.49:286][218]LogAudioMixer: Display: Using Audio Device 扬声器 (适用于 I2S 音频的英特尔® 智音技术)
[2025.03.24-09.52.49:286][218]LogAudioMixer: Display: Initializing Sound Submixes...
[2025.03.24-09.52.49:286][218]LogAudioMixer: Display: Creating Master Submix 'MasterSubmixDefault'
[2025.03.24-09.52.49:286][218]LogAudioMixer: Display: Creating Master Submix 'MasterReverbSubmixDefault'
[2025.03.24-09.52.49:287][218]LogAudioMixer: Display: Creating Master Submix 'MasterEQSubmixDefault'
[2025.03.24-09.52.49:287][218]LogAudioMixer: FMixerPlatformXAudio2::StartAudioStream() called
[2025.03.24-09.52.49:287][218]LogAudioMixer: Display: Output buffers initialized: Frames=1024, Channels=2, Samples=2048
[2025.03.24-09.52.49:288][218]LogAudioMixer: Display: Starting AudioMixerPlatformInterface::RunInternal()
[2025.03.24-09.52.49:288][218]LogAudioMixer: Display: FMixerPlatformXAudio2::SubmitBuffer() called for the first time
[2025.03.24-09.52.49:288][218]LogInit: FAudioDevice initialized.
[2025.03.24-09.52.49:288][218]LogAudio: Display: Audio Device (ID: 105) registered with world 'ThirdPersonExampleMap'.
[2025.03.24-09.52.49:295][218]LogLoad: Game class is 'ThirdPersonGameMode_C'
[2025.03.24-09.52.49:298][218]LogWorld: Bringing World /Game/ThirdPersonBP/Maps/UEDPIE_0_ThirdPersonExampleMap.ThirdPersonExampleMap up for play (max tick rate 60) at 2025.03.24-17.52.49
[2025.03.24-09.52.49:298][218]LogWorld: Bringing up level for play took: 0.002615
[2025.03.24-09.52.49:300][218]LogOnline: OSS: Creating online subsystem instance for: :Context_136
[2025.03.24-09.52.49:302][218]PIE: Server logged in
[2025.03.24-09.52.49:303][218]PIE: Play in editor total start time 0.136 seconds.
[2025.03.24-09.52.50:973][308]LogBlueprintUserMessages: [BP_MagicWall_5] 进入下一关
[2025.03.24-09.52.51:908][361]LogBlueprintUserMessages: [BP_MagicWall_5] 进入下一关
[2025.03.24-09.52.53:001][422]LogSlate: Updating window title bar state: overlay mode, drag disabled, window buttons hidden, title bar hidden
[2025.03.24-09.52.53:001][422]LogWorld: BeginTearingDown for /Game/ThirdPersonBP/Maps/UEDPIE_0_ThirdPersonExampleMap
[2025.03.24-09.52.53:002][422]LogWorld: UWorld::CleanupWorld for ThirdPersonExampleMap, bSessionEnded=true, bCleanupResources=true
[2025.03.24-09.52.53:002][422]LogSlate: InvalidateAllWidgets triggered.  All widgets were invalidated
[2025.03.24-09.52.53:020][422]LogPlayLevel: Display: Shutting down PIE online subsystems
[2025.03.24-09.52.53:029][422]LogSlate: InvalidateAllWidgets triggered.  All widgets were invalidated
[2025.03.24-09.52.53:059][422]LogSlate: Updating window title bar state: overlay mode, drag disabled, window buttons hidden, title bar hidden
[2025.03.24-09.52.53:060][422]LogAudioMixer: FMixerPlatformXAudio2::StopAudioStream() called
[2025.03.24-09.52.53:061][422]LogAudioMixer: FMixerPlatformXAudio2::StopAudioStream() called
[2025.03.24-09.52.53:073][422]LogUObjectHash: Compacting FUObjectHashTables data took   5.27ms
[2025.03.24-09.52.53:134][423]LogPlayLevel: Display: Destroying online subsystem :Context_136
[2025.03.24-09.53.44:755][562]LogSlate: Prevented a slow task dialog from being summoned while a context menu was open
[2025.03.24-09.53.44:804][562]LogEditorClassViewer: Warning: Class /Engine/Tutorial/InWorldBlueprintEditing/TutorialAssets/IWBE_Blutility.IWBE_Blutility_C has parent /Script/Blutility.PlacedEditorUtilityBase, but this parent is not found. The Class will not be shown in ClassViewer.
[2025.03.24-09.56.22:471][ 52]BlueprintLog: New page: Compile BP_Button
[2025.03.24-09.56.22:549][ 52]LogUObjectHash: Compacting FUObjectHashTables data took   3.72ms
[2025.03.24-09.57.06:252][879]BlueprintLog: New page: Compile BP_Button
[2025.03.24-09.57.06:334][879]LogUObjectHash: Compacting FUObjectHashTables data took   3.39ms
[2025.03.24-09.57.11:441][ 79]BlueprintLog: New page: Compile BP_MagicWall
[2025.03.24-09.57.11:530][ 79]LogUObjectHash: Compacting FUObjectHashTables data took   3.22ms
[2025.03.24-09.57.45:373][ 47]BlueprintLog: New page: Compile BP_MagicWall
[2025.03.24-09.57.45:453][ 47]LogUObjectHash: Compacting FUObjectHashTables data took   3.30ms
[2025.03.24-09.57.48:294][130]BlueprintLog: New page: Compile BP_MagicWall
[2025.03.24-09.57.48:374][130]LogUObjectHash: Compacting FUObjectHashTables data took   3.27ms
[2025.03.24-09.58.04:776][749]LogEditorViewport: Clicking on Actor (LMB): StaticMeshActor (Wall16)
[2025.03.24-09.58.06:907][836]LogEditorViewport: Clicking on Actor (LMB): StaticMeshActor (Floor2)
[2025.03.24-09.58.08:527][900]LogTemp: Repeating last play command: Selected Viewport
[2025.03.24-09.58.08:536][900]LogPlayLevel: PlayLevel: No blueprints needed recompiling
[2025.03.24-09.58.08:536][900]PIE: New page: PIE session: ThirdPersonExampleMap (2025年3月25日 上午1:58:08)
[2025.03.24-09.58.08:536][900]LogPlayLevel: Creating play world package: /Game/ThirdPersonBP/Maps/UEDPIE_0_ThirdPersonExampleMap
[2025.03.24-09.58.08:559][900]LogPlayLevel: PIE: StaticDuplicateObject took: (0.022462s)
[2025.03.24-09.58.08:561][900]LogAIModule: Creating AISystem for world ThirdPersonExampleMap
[2025.03.24-09.58.08:561][900]LogPlayLevel: PIE: World Init took: (0.002079s)
[2025.03.24-09.58.08:561][900]LogPlayLevel: PIE: Created PIE world by copying editor world from /Game/ThirdPersonBP/Maps/ThirdPersonExampleMap.ThirdPersonExampleMap to /Game/ThirdPersonBP/Maps/UEDPIE_0_ThirdPersonExampleMap.ThirdPersonExampleMap (0.024972s)
[2025.03.24-09.58.08:596][900]LogUObjectHash: Compacting FUObjectHashTables data took   6.30ms
[2025.03.24-09.58.08:600][900]LogAudio: Display: Creating Audio Device:                 Id: 106, Scope: Unique, Realtime: True
[2025.03.24-09.58.08:600][900]LogAudioMixer: Display: Audio Mixer Platform Settings:
[2025.03.24-09.58.08:600][900]LogAudioMixer: Display: 	Sample Rate:						  48000
[2025.03.24-09.58.08:600][900]LogAudioMixer: Display: 	Callback Buffer Frame Size Requested: 1024
[2025.03.24-09.58.08:600][900]LogAudioMixer: Display: 	Callback Buffer Frame Size To Use:	  1024
[2025.03.24-09.58.08:600][900]LogAudioMixer: Display: 	Number of buffers to queue:			  2
[2025.03.24-09.58.08:600][900]LogAudioMixer: Display: 	Max Channels (voices):				  32
[2025.03.24-09.58.08:600][900]LogAudioMixer: Display: 	Number of Async Source Workers:		  0
[2025.03.24-09.58.08:600][900]LogAudio: Display: AudioDevice MaxSources: 32
[2025.03.24-09.58.08:601][900]LogAudio: Display: Audio Spatialization Plugin: None (built-in).
[2025.03.24-09.58.08:601][900]LogAudio: Display: Audio Reverb Plugin: None (built-in).
[2025.03.24-09.58.08:601][900]LogAudio: Display: Audio Occlusion Plugin: None (built-in).
[2025.03.24-09.58.08:601][900]LogAudioMixer: Display: Initializing audio mixer.
[2025.03.24-09.58.08:604][900]LogAudioMixer: Display: 0: FrontLeft
[2025.03.24-09.58.08:604][900]LogAudioMixer: Display: 1: FrontRight
[2025.03.24-09.58.08:639][900]LogAudioMixer: Display: Using Audio Device 扬声器 (适用于 I2S 音频的英特尔® 智音技术)
[2025.03.24-09.58.08:639][900]LogAudioMixer: Display: Initializing Sound Submixes...
[2025.03.24-09.58.08:639][900]LogAudioMixer: Display: Creating Master Submix 'MasterSubmixDefault'
[2025.03.24-09.58.08:639][900]LogAudioMixer: Display: Creating Master Submix 'MasterReverbSubmixDefault'
[2025.03.24-09.58.08:640][900]LogAudioMixer: Display: Creating Master Submix 'MasterEQSubmixDefault'
[2025.03.24-09.58.08:640][900]LogAudioMixer: FMixerPlatformXAudio2::StartAudioStream() called
[2025.03.24-09.58.08:640][900]LogAudioMixer: Display: Output buffers initialized: Frames=1024, Channels=2, Samples=2048
[2025.03.24-09.58.08:641][900]LogAudioMixer: Display: Starting AudioMixerPlatformInterface::RunInternal()
[2025.03.24-09.58.08:641][900]LogAudioMixer: Display: FMixerPlatformXAudio2::SubmitBuffer() called for the first time
[2025.03.24-09.58.08:641][900]LogInit: FAudioDevice initialized.
[2025.03.24-09.58.08:641][900]LogAudio: Display: Audio Device (ID: 106) registered with world 'ThirdPersonExampleMap'.
[2025.03.24-09.58.08:649][900]LogLoad: Game class is 'ThirdPersonGameMode_C'
[2025.03.24-09.58.08:652][900]LogWorld: Bringing World /Game/ThirdPersonBP/Maps/UEDPIE_0_ThirdPersonExampleMap.ThirdPersonExampleMap up for play (max tick rate 60) at 2025.03.24-17.58.08
[2025.03.24-09.58.08:652][900]LogWorld: Bringing up level for play took: 0.002241
[2025.03.24-09.58.08:653][900]LogOnline: OSS: Creating online subsystem instance for: :Context_137
[2025.03.24-09.58.08:655][900]PIE: Server logged in
[2025.03.24-09.58.08:656][900]PIE: Play in editor total start time 0.122 seconds.
[2025.03.24-09.58.22:687][672]LogBlueprintUserMessages: [BP_Table_2] Press "F"
[2025.03.24-09.58.24:286][760]LogBlueprintUserMessages: [BP_Table_2] 还没开灯
[2025.03.24-09.58.28:860][ 14]LogBlueprintUserMessages: [BP_Table_2] Press "F"
[2025.03.24-09.58.31:301][149]LogBlueprintUserMessages: [BP_Button_2] Click It
[2025.03.24-09.58.44:005][858]LogBlueprintUserMessages: [BP_Table_2] Press "F"
[2025.03.24-09.58.50:071][196]LogSlate: Updating window title bar state: overlay mode, drag disabled, window buttons hidden, title bar hidden
[2025.03.24-09.58.50:071][196]LogWorld: BeginTearingDown for /Game/ThirdPersonBP/Maps/UEDPIE_0_ThirdPersonExampleMap
[2025.03.24-09.58.50:071][196]LogWorld: UWorld::CleanupWorld for ThirdPersonExampleMap, bSessionEnded=true, bCleanupResources=true
[2025.03.24-09.58.50:073][196]LogSlate: InvalidateAllWidgets triggered.  All widgets were invalidated
[2025.03.24-09.58.50:092][196]LogPlayLevel: Display: Shutting down PIE online subsystems
[2025.03.24-09.58.50:108][196]LogSlate: InvalidateAllWidgets triggered.  All widgets were invalidated
[2025.03.24-09.58.50:137][196]LogAudio: Display: Audio Device unregistered from world 'None'.
[2025.03.24-09.58.50:137][196]LogAudioMixer: FMixerPlatformXAudio2::StopAudioStream() called
[2025.03.24-09.58.50:138][196]LogAudioMixer: FMixerPlatformXAudio2::StopAudioStream() called
[2025.03.24-09.58.50:142][196]LogSlate: Updating window title bar state: overlay mode, drag disabled, window buttons hidden, title bar hidden
[2025.03.24-09.58.50:145][196]LogUObjectHash: Compacting FUObjectHashTables data took   2.34ms
[2025.03.24-09.58.50:203][197]LogPlayLevel: Display: Destroying online subsystem :Context_137
[2025.03.24-09.59.00:812][601]LogEditorViewport: Clicking on Actor (LMB): ThirdPersonCharacter_C (ThirdPersonCharacter)
[2025.03.24-09.59.09:426][817]LogEditorViewport: Clicking on Actor (LMB): StaticMeshActor (Floor2)
[2025.03.24-09.59.09:971][835]LogEditorViewport: Clicking on Actor (LMB): BP_MagicWall_C (BP_MagicWall)
[2025.03.24-09.59.40:290][966]LogTemp: Repeating last play command: Selected Viewport
[2025.03.24-09.59.40:298][966]LogPlayLevel: PlayLevel: No blueprints needed recompiling
[2025.03.24-09.59.40:298][966]PIE: New page: PIE session: ThirdPersonExampleMap (2025年3月25日 上午1:59:40)
[2025.03.24-09.59.40:298][966]LogPlayLevel: Creating play world package: /Game/ThirdPersonBP/Maps/UEDPIE_0_ThirdPersonExampleMap
[2025.03.24-09.59.40:326][966]LogPlayLevel: PIE: StaticDuplicateObject took: (0.027331s)
[2025.03.24-09.59.40:327][966]LogAIModule: Creating AISystem for world ThirdPersonExampleMap
[2025.03.24-09.59.40:328][966]LogPlayLevel: PIE: World Init took: (0.001720s)
[2025.03.24-09.59.40:328][966]LogPlayLevel: PIE: Created PIE world by copying editor world from /Game/ThirdPersonBP/Maps/ThirdPersonExampleMap.ThirdPersonExampleMap to /Game/ThirdPersonBP/Maps/UEDPIE_0_ThirdPersonExampleMap.ThirdPersonExampleMap (0.029339s)
[2025.03.24-09.59.40:371][966]LogUObjectHash: Compacting FUObjectHashTables data took   2.37ms
[2025.03.24-09.59.40:375][966]LogAudio: Display: Creating Audio Device:                 Id: 107, Scope: Unique, Realtime: True
[2025.03.24-09.59.40:376][966]LogAudioMixer: Display: Audio Mixer Platform Settings:
[2025.03.24-09.59.40:376][966]LogAudioMixer: Display: 	Sample Rate:						  48000
[2025.03.24-09.59.40:376][966]LogAudioMixer: Display: 	Callback Buffer Frame Size Requested: 1024
[2025.03.24-09.59.40:376][966]LogAudioMixer: Display: 	Callback Buffer Frame Size To Use:	  1024
[2025.03.24-09.59.40:376][966]LogAudioMixer: Display: 	Number of buffers to queue:			  2
[2025.03.24-09.59.40:376][966]LogAudioMixer: Display: 	Max Channels (voices):				  32
[2025.03.24-09.59.40:376][966]LogAudioMixer: Display: 	Number of Async Source Workers:		  0
[2025.03.24-09.59.40:376][966]LogAudio: Display: AudioDevice MaxSources: 32
[2025.03.24-09.59.40:376][966]LogAudio: Display: Audio Spatialization Plugin: None (built-in).
[2025.03.24-09.59.40:376][966]LogAudio: Display: Audio Reverb Plugin: None (built-in).
[2025.03.24-09.59.40:376][966]LogAudio: Display: Audio Occlusion Plugin: None (built-in).
[2025.03.24-09.59.40:376][966]LogAudioMixer: Display: Initializing audio mixer.
[2025.03.24-09.59.40:379][966]LogAudioMixer: Display: 0: FrontLeft
[2025.03.24-09.59.40:379][966]LogAudioMixer: Display: 1: FrontRight
[2025.03.24-09.59.40:413][966]LogAudioMixer: Display: Using Audio Device 扬声器 (适用于 I2S 音频的英特尔® 智音技术)
[2025.03.24-09.59.40:413][966]LogAudioMixer: Display: Initializing Sound Submixes...
[2025.03.24-09.59.40:413][966]LogAudioMixer: Display: Creating Master Submix 'MasterSubmixDefault'
[2025.03.24-09.59.40:413][966]LogAudioMixer: Display: Creating Master Submix 'MasterReverbSubmixDefault'
[2025.03.24-09.59.40:414][966]LogAudioMixer: Display: Creating Master Submix 'MasterEQSubmixDefault'
[2025.03.24-09.59.40:414][966]LogAudioMixer: FMixerPlatformXAudio2::StartAudioStream() called
[2025.03.24-09.59.40:414][966]LogAudioMixer: Display: Output buffers initialized: Frames=1024, Channels=2, Samples=2048
[2025.03.24-09.59.40:415][966]LogAudioMixer: Display: Starting AudioMixerPlatformInterface::RunInternal()
[2025.03.24-09.59.40:415][966]LogAudioMixer: Display: FMixerPlatformXAudio2::SubmitBuffer() called for the first time
[2025.03.24-09.59.40:415][966]LogInit: FAudioDevice initialized.
[2025.03.24-09.59.40:415][966]LogAudio: Display: Audio Device (ID: 107) registered with world 'ThirdPersonExampleMap'.
[2025.03.24-09.59.40:424][966]LogLoad: Game class is 'ThirdPersonGameMode_C'
[2025.03.24-09.59.40:428][966]LogWorld: Bringing World /Game/ThirdPersonBP/Maps/UEDPIE_0_ThirdPersonExampleMap.ThirdPersonExampleMap up for play (max tick rate 60) at 2025.03.24-17.59.40
[2025.03.24-09.59.40:428][966]LogWorld: Bringing up level for play took: 0.002320
[2025.03.24-09.59.40:428][966]LogOnline: OSS: Creating online subsystem instance for: :Context_138
[2025.03.24-09.59.40:430][966]PIE: Server logged in
[2025.03.24-09.59.40:431][966]PIE: Play in editor total start time 0.134 seconds.
[2025.03.24-09.59.42:602][ 82]LogBlueprintUserMessages: [BP_Table_2] Press "F"
[2025.03.24-09.59.48:909][431]LogBlueprintUserMessages: [BP_Table_2] Press "F"
[2025.03.24-09.59.52:215][608]LogBlueprintUserMessages: [BP_Button_2] Click It
[2025.03.24-10.00.07:700][462]LogSlate: Updating window title bar state: overlay mode, drag disabled, window buttons hidden, title bar hidden
[2025.03.24-10.00.07:700][462]LogWorld: BeginTearingDown for /Game/ThirdPersonBP/Maps/UEDPIE_0_ThirdPersonExampleMap
[2025.03.24-10.00.07:700][462]LogWorld: UWorld::CleanupWorld for ThirdPersonExampleMap, bSessionEnded=true, bCleanupResources=true
[2025.03.24-10.00.07:701][462]LogSlate: InvalidateAllWidgets triggered.  All widgets were invalidated
[2025.03.24-10.00.07:736][462]LogPlayLevel: Display: Shutting down PIE online subsystems
[2025.03.24-10.00.07:752][462]LogSlate: InvalidateAllWidgets triggered.  All widgets were invalidated
[2025.03.24-10.00.07:792][462]LogAudio: Display: Audio Device unregistered from world 'None'.
[2025.03.24-10.00.07:792][462]LogAudioMixer: FMixerPlatformXAudio2::StopAudioStream() called
[2025.03.24-10.00.07:793][462]LogAudioMixer: FMixerPlatformXAudio2::StopAudioStream() called
[2025.03.24-10.00.07:798][462]LogSlate: Updating window title bar state: overlay mode, drag disabled, window buttons hidden, title bar hidden
[2025.03.24-10.00.07:802][462]LogUObjectHash: Compacting FUObjectHashTables data took   2.26ms
[2025.03.24-10.00.07:866][463]LogPlayLevel: Display: Destroying online subsystem :Context_138
[2025.03.24-10.00.27:099][ 65]LogUObjectHash: Compacting FUObjectHashTables data took   5.21ms
[2025.03.24-10.00.28:402][ 65]LogSlate: Window 'Save Content' being destroyed
[2025.03.24-10.00.28:428][ 65]Cmd: OBJ SAVEPACKAGE PACKAGE="/Game/BP/Second/BP_Button" FILE="../../../../../../project/UE/room_escape/Content/BP/Second/BP_Button.uasset" SILENT=true
[2025.03.24-10.00.28:448][ 65]LogSavePackage: Moving '../../../../../../project/UE/room_escape/Saved/BP_Button9A1E2F0D4AEAC47DC2A1C590F254C998.tmp' to '../../../../../../project/UE/room_escape/Content/BP/Second/BP_Button.uasset'
[2025.03.24-10.00.28:487][ 65]Cmd: OBJ SAVEPACKAGE PACKAGE="/Game/BP/Second/BP_MagicWall" FILE="../../../../../../project/UE/room_escape/Content/BP/Second/BP_MagicWall.uasset" SILENT=true
[2025.03.24-10.00.28:499][ 65]LogSavePackage: Moving '../../../../../../project/UE/room_escape/Saved/BP_MagicWall7E49A67C4D735E0464FE769D8324766C.tmp' to '../../../../../../project/UE/room_escape/Content/BP/Second/BP_MagicWall.uasset'
[2025.03.24-10.00.28:529][ 65]LogUObjectHash: Compacting FUObjectHashTables data took   0.52ms
[2025.03.24-10.00.28:558][ 65]LogSavePackage: Moving '../../../../../../project/UE/room_escape/Saved/ThirdPersonExampleMap505744E9495D29A3DB5F9D99AB6C8650.tmp' to '../../../../../../project/UE/room_escape/Content/ThirdPersonBP/Maps/ThirdPersonExampleMap.umap'
[2025.03.24-10.00.28:575][ 65]LogFileHelpers: Saving map 'ThirdPersonExampleMap' took 0.075
[2025.03.24-10.00.28:601][ 65]AssetCheck: New page: Asset Save: multiple assets
[2025.03.24-10.00.28:601][ 65]LogContentValidation: Display: Validating World /Game/ThirdPersonBP/Maps/ThirdPersonExampleMap.ThirdPersonExampleMap
[2025.03.24-10.00.28:601][ 65]LogContentValidation: Display: Validating Blueprint /Game/BP/Second/BP_MagicWall.BP_MagicWall
[2025.03.24-10.00.28:602][ 65]LogContentValidation: Display: Validating Blueprint /Game/BP/Second/BP_Button.BP_Button
[2025.03.24-10.00.30:973][128]LogUObjectHash: Compacting FUObjectHashTables data took   6.42ms
