Log file open, 03/26/25 13:35:54
LogWindows: Failed to load 'aqProf.dll' (GetLastError=126)
LogWindows: File 'aqProf.dll' does not exist
LogWindows: Failed to load 'VtuneApi.dll' (GetLastError=126)
LogWindows: File 'VtuneApi.dll' does not exist
LogWindows: Failed to load 'VtuneApi32e.dll' (GetLastError=126)
LogWindows: File 'VtuneApi32e.dll' does not exist
LogConsoleResponse: Display: Failed to find resolution value strings in scalability ini. Falling back to default.
LogConsoleResponse: Display: Failed to find resolution value strings in scalability ini. Falling back to default.
LogInit: Display: Running engine for game: room_escape
LogPlatformFile: Not using cached read wrapper
LogTaskGraph: Started task graph with 5 named threads and 23 total threads with 3 sets of task threads.
LogStats: Stats thread started at 0.324660
LogICUInternationalization: ICU TimeZone Detection - Raw Offset: +8:00, Platform Override: ''
LogInit: Display: Loading text-based GConfig....
LogPluginManager: Mounting plugin MeshPainting
LogPluginManager: Mounting plugin XGEController
LogPluginManager: Mounting plugin AISupport
LogPluginManager: Mounting plugin EnvironmentQueryEditor
LogPluginManager: Mounting plugin Paper2D
LogPluginManager: Mounting plugin LightPropagationVolume
LogPluginManager: Mounting plugin LiveLink
LogPluginManager: Mounting plugin OodleData
LogPluginManager: Mounting plugin OodleNetwork
LogPluginManager: Mounting plugin AnimationSharing
LogPluginManager: Mounting plugin CLionSourceCodeAccess
LogPluginManager: Mounting plugin CodeLiteSourceCodeAccess
LogPluginManager: Mounting plugin GitSourceControl
LogPluginManager: Mounting plugin KDevelopSourceCodeAccess
LogPluginManager: Mounting plugin NullSourceCodeAccess
LogPluginManager: Mounting plugin AssetManagerEditor
LogPluginManager: Mounting plugin PerforceSourceControl
LogPluginManager: Mounting plugin PixWinPlugin
LogPluginManager: Mounting plugin CryptoKeys
LogPluginManager: Mounting plugin CurveEditorTools
LogPluginManager: Mounting plugin PlasticSourceControl
LogPluginManager: Mounting plugin PluginUtils
LogPluginManager: Mounting plugin PropertyAccessNode
LogPluginManager: Mounting plugin DataValidation
LogPluginManager: Mounting plugin RiderSourceCodeAccess
LogPluginManager: Mounting plugin SubversionSourceControl
LogPluginManager: Mounting plugin TextureFormatOodle
LogPluginManager: Mounting plugin UObjectPlugin
LogPluginManager: Mounting plugin FacialAnimation
LogPluginManager: Mounting plugin GameplayTagsEditor
LogPluginManager: Mounting plugin MacGraphicsSwitching
LogPluginManager: Mounting plugin GeometryMode
LogPluginManager: Mounting plugin MaterialAnalyzer
LogPluginManager: Mounting plugin MobileLauncherProfileWizard
LogPluginManager: Mounting plugin PluginBrowser
LogPluginManager: Mounting plugin VisualStudioSourceCodeAccess
LogPluginManager: Mounting plugin VisualStudioCodeSourceCodeAccess
LogPluginManager: Mounting plugin SpeedTreeImporter
LogPluginManager: Mounting plugin XCodeSourceCodeAccess
LogPluginManager: Mounting plugin CameraShakePreviewer
LogPluginManager: Mounting plugin AlembicImporter
LogPluginManager: Mounting plugin GameplayCameras
LogPluginManager: Mounting plugin Niagara
LogPluginManager: Mounting plugin AutomationUtils
LogPluginManager: Mounting plugin BackChannel
LogPluginManager: Mounting plugin ChaosCloth
LogPluginManager: Mounting plugin ChaosClothEditor
LogPluginManager: Mounting plugin ChaosEditor
LogPluginManager: Mounting plugin ChaosNiagara
LogPluginManager: Mounting plugin ChaosSolverPlugin
LogPluginManager: Mounting plugin CharacterAI
LogPluginManager: Mounting plugin GeometryCache
LogPluginManager: Mounting plugin GeometryCollectionPlugin
LogPluginManager: Mounting plugin GeometryProcessing
LogPluginManager: Mounting plugin MotoSynth
LogPluginManager: Mounting plugin OpenImageDenoise
LogPluginManager: Mounting plugin PlanarCut
LogPluginManager: Mounting plugin PlatformCrypto
LogPluginManager: Mounting plugin ProxyLODPlugin
LogPluginManager: Mounting plugin PythonScriptPlugin
LogPluginManager: Mounting plugin SkeletalReduction
LogPluginManager: Mounting plugin LuminPlatformFeatures
LogPluginManager: Mounting plugin MagicLeap
LogPluginManager: Mounting plugin MagicLeapLightEstimation
LogPluginManager: Mounting plugin MagicLeapMedia
LogPluginManager: Mounting plugin MagicLeapPassableWorld
LogPluginManager: Mounting plugin MLSDK
LogPluginManager: Mounting plugin AndroidMedia
LogPluginManager: Mounting plugin AvfMedia
LogPluginManager: Mounting plugin ImgMedia
LogPluginManager: Mounting plugin MediaCompositing
LogPluginManager: Mounting plugin MediaPlayerEditor
LogPluginManager: Mounting plugin WmfMedia
LogPluginManager: Mounting plugin WebMMedia
LogPluginManager: Mounting plugin UdpMessaging
LogPluginManager: Mounting plugin TcpMessaging
LogPluginManager: Mounting plugin ActorSequence
LogPluginManager: Mounting plugin LevelSequenceEditor
LogPluginManager: Mounting plugin MatineeToLevelSequence
LogPluginManager: Mounting plugin OnlineSubsystem
LogPluginManager: Mounting plugin TemplateSequence
LogPluginManager: Mounting plugin OnlineSubsystemNull
LogPluginManager: Mounting plugin LauncherChunkInstaller
LogPluginManager: Mounting plugin OnlineSubsystemUtils
LogPluginManager: Mounting plugin ScreenshotTools
LogPluginManager: Mounting plugin ActorLayerUtilities
LogPluginManager: Mounting plugin AndroidDeviceProfileSelector
LogPluginManager: Mounting plugin AndroidMoviePlayer
LogPluginManager: Mounting plugin Takes
LogPluginManager: Mounting plugin AndroidPermission
LogPluginManager: Mounting plugin AppleImageUtils
LogPluginManager: Mounting plugin AppleMoviePlayer
LogPluginManager: Mounting plugin ArchVisCharacter
LogPluginManager: Mounting plugin AssetTags
LogPluginManager: Mounting plugin AudioSynesthesia
LogPluginManager: Mounting plugin AudioCapture
LogPluginManager: Mounting plugin CableComponent
LogPluginManager: Mounting plugin ChunkDownloader
LogPluginManager: Mounting plugin CustomMeshComponent
LogPluginManager: Mounting plugin ExampleDeviceProfileSelector
LogPluginManager: Mounting plugin EditableMesh
LogPluginManager: Mounting plugin GoogleCloudMessaging
LogPluginManager: Mounting plugin GooglePAD
LogPluginManager: Mounting plugin IOSDeviceProfileSelector
LogPluginManager: Mounting plugin LinuxDeviceProfileSelector
LogPluginManager: Mounting plugin LocationServicesBPLibrary
LogPluginManager: Mounting plugin MobilePatchingUtils
LogPluginManager: Mounting plugin OpenXREyeTracker
LogPluginManager: Mounting plugin OpenXRHandTracking
LogPluginManager: Mounting plugin PhysXVehicles
LogPluginManager: Mounting plugin PostSplashScreen
LogPluginManager: Mounting plugin OpenXR
LogPluginManager: Mounting plugin ProceduralMeshComponent
LogPluginManager: Mounting plugin PropertyAccessEditor
LogPluginManager: Mounting plugin RuntimePhysXCooking
LogPluginManager: Mounting plugin SignificanceManager
LogPluginManager: Mounting plugin SoundFields
LogPluginManager: Mounting plugin Synthesis
LogPluginManager: Mounting plugin WebMMoviePlayer
LogPluginManager: Mounting plugin WindowsMoviePlayer
LogPluginManager: Mounting plugin DatasmithContent
LogPluginManager: Mounting plugin VariantManagerContent
LogPluginManager: Mounting plugin ContentBrowserAssetDataSource
LogPluginManager: Mounting plugin ContentBrowserClassDataSource
LogPluginManager: Mounting plugin ContentBrowserFileDataSource
LogPluginManager: Mounting plugin OnlineSubsystemIOS
LogPluginManager: Mounting plugin OnlineSubsystemGooglePlay
LogPluginManager: Mounting plugin OculusVR
LogPluginManager: Mounting plugin SteamVR
PixWinPlugin: PIX capture plugin failed to initialize! Check that the process is launched from PIX.
LogInit: Using libcurl 7.55.1-DEV
LogInit:  - built for x86_64-pc-win32
LogInit:  - supports SSL with OpenSSL/1.1.1
LogInit:  - supports HTTP deflate (compression) using libz 1.2.8
LogInit:  - other features:
LogInit:      CURL_VERSION_SSL
LogInit:      CURL_VERSION_LIBZ
LogInit:      CURL_VERSION_IPV6
LogInit:      CURL_VERSION_ASYNCHDNS
LogInit:      CURL_VERSION_LARGEFILE
LogInit:      CURL_VERSION_IDN
LogInit:  CurlRequestOptions (configurable via config and command line):
LogInit:  - bVerifyPeer = true  - Libcurl will verify peer certificate
LogInit:  - bUseHttpProxy = true  - Libcurl will use HTTP proxy
LogInit:  - HttpProxyAddress = '127.0.0.1:56472'
LogInit:  - bDontReuseConnections = false  - Libcurl will reuse connections
LogInit:  - MaxHostConnections = 16  - Libcurl will limit the number of connections to a host
LogInit:  - LocalHostAddr = Default
LogInit:  - BufferSize = 65536
LogOnline: OSS: Creating online subsystem instance for: NULL
LogInit: WinSock: version 1.1 (2.2), MaxSocks=32767, MaxUdp=65467
LogOnline: OSS: TryLoadSubsystemAndSetDefault: Loaded subsystem for module [NULL]
LogOculusPluginWrapper: OculusPlugin initialized successfully
LogHMD: Failed initializing OVRPlugin 1.59.0
LogInit: Build: ++UE4+Release-4.27-CL-18319896
LogInit: Engine Version: 4.27.2-18319896+++UE4+Release-4.27
LogInit: Compatible Engine Version: 4.27.0-17155196+++UE4+Release-4.27
LogInit: Net CL: 17155196
LogInit: OS: Windows 10 (Release 2009) (), CPU: 11th Gen Intel(R) Core(TM) i7-1165G7 @ 2.80GHz, GPU: Intel(R) Iris(R) Xe Graphics
LogInit: Compiled (64-bit): Nov 30 2021 07:12:08
LogInit: Compiled with Visual C++: 19.24.28315.00
LogInit: Build Configuration: Development
LogInit: Branch Name: ++UE4+Release-4.27
LogInit: Command Line: 
LogInit: Base Directory: D:/Program Files/Epic Games/UE_4.27/Engine/Binaries/Win64/
LogInit: Allocator: TBB
LogInit: Installed Engine Build: 1
LogDevObjectVersion: Number of dev versions registered: 29
LogDevObjectVersion:   Dev-Blueprints (B0D832E4-1F89-4F0D-ACCF-7EB736FD4AA2): 10
LogDevObjectVersion:   Dev-Build (E1C64328-A22C-4D53-A36C-8E866417BD8C): 0
LogDevObjectVersion:   Dev-Core (375EC13C-06E4-48FB-B500-84F0262A717E): 4
LogDevObjectVersion:   Dev-Editor (E4B068ED-F494-42E9-A231-DA0B2E46BB41): 40
LogDevObjectVersion:   Dev-Framework (CFFC743F-43B0-4480-9391-14DF171D2073): 37
LogDevObjectVersion:   Dev-Mobile (B02B49B5-BB20-44E9-A304-32B752E40360): 3
LogDevObjectVersion:   Dev-Networking (A4E4105C-59A1-49B5-A7C5-40C4547EDFEE): 0
LogDevObjectVersion:   Dev-Online (39C831C9-5AE6-47DC-9A44-9C173E1C8E7C): 0
LogDevObjectVersion:   Dev-Physics (78F01B33-EBEA-4F98-B9B4-84EACCB95AA2): 14
LogDevObjectVersion:   Dev-Platform (6631380F-2D4D-43E0-8009-CF276956A95A): 0
LogDevObjectVersion:   Dev-Rendering (12F88B9F-8875-4AFC-A67C-D90C383ABD29): 45
LogDevObjectVersion:   Dev-Sequencer (7B5AE74C-D270-4C10-A958-57980B212A5A): 13
LogDevObjectVersion:   Dev-VR (D7296918-1DD6-4BDD-9DE2-64A83CC13884): 3
LogDevObjectVersion:   Dev-LoadTimes (C2A15278-BFE7-4AFE-6C17-90FF531DF755): 1
LogDevObjectVersion:   Private-Geometry (6EACA3D4-40EC-4CC1-B786-8BED09428FC5): 3
LogDevObjectVersion:   Dev-AnimPhys (29E575DD-E0A3-4627-9D10-D276232CDCEA): 17
LogDevObjectVersion:   Dev-Anim (AF43A65D-7FD3-4947-9873-3E8ED9C1BB05): 15
LogDevObjectVersion:   Dev-ReflectionCapture (6B266CEC-1EC7-4B8F-A30B-E4D90942FC07): 1
LogDevObjectVersion:   Dev-Automation (0DF73D61-A23F-47EA-B727-89E90C41499A): 1
LogDevObjectVersion:   FortniteMain (601D1886-AC64-4F84-AA16-D3DE0DEAC7D6): 47
LogDevObjectVersion:   FortniteRelease (E7086368-6B23-4C58-8439-1B7016265E91): 1
LogDevObjectVersion:   Dev-Enterprise (9DFFBCD6-494F-0158-E221-12823C92A888): 10
LogDevObjectVersion:   Dev-Niagara (F2AED0AC-9AFE-416F-8664-AA7FFA26D6FC): 1
LogDevObjectVersion:   Dev-Destruction (174F1F0B-B4C6-45A5-B13F-2EE8D0FB917D): 10
LogDevObjectVersion:   Dev-Physics-Ext (35F94A83-E258-406C-A318-09F59610247C): 41
LogDevObjectVersion:   Dev-PhysicsMaterial-Chaos (B68FC16E-8B1B-42E2-B453-215C058844FE): 1
LogDevObjectVersion:   Dev-CineCamera (B2E18506-4273-CFC2-A54E-F4BB758BBA07): 1
LogDevObjectVersion:   Dev-VirtualProduction (64F58936-FD1B-42BA-BA96-7289D5D0FA4E): 1
LogDevObjectVersion:   Dev-MediaFramework (6F0ED827-A609-4895-9C91-998D90180EA4): 2
LogInit: Presizing for max 25165824 objects, including 0 objects not considered by GC, pre-allocating 0 bytes for permanent pool.
LogConfig: Applying CVar settings from Section [/Script/Engine.StreamingSettings] File [D:/project/UE/room_escape/Saved/Config/Windows/Engine.ini]
LogConfig: Setting CVar [[s.MinBulkDataSizeForAsyncLoading:131072]]
LogConfig: Setting CVar [[s.AsyncLoadingThreadEnabled:0]]
LogConfig: Setting CVar [[s.EventDrivenLoaderEnabled:1]]
LogConfig: Setting CVar [[s.WarnIfTimeLimitExceeded:0]]
LogConfig: Setting CVar [[s.TimeLimitExceededMultiplier:1.5]]
LogConfig: Setting CVar [[s.TimeLimitExceededMinTime:0.005]]
LogConfig: Setting CVar [[s.UseBackgroundLevelStreaming:1]]
LogConfig: Setting CVar [[s.PriorityAsyncLoadingExtraTime:15.0]]
LogConfig: Setting CVar [[s.LevelStreamingActorsUpdateTimeLimit:5.0]]
LogConfig: Setting CVar [[s.PriorityLevelStreamingActorsUpdateExtraTime:5.0]]
LogConfig: Setting CVar [[s.LevelStreamingComponentsRegistrationGranularity:10]]
LogConfig: Setting CVar [[s.UnregisterComponentsTimeLimit:1.0]]
LogConfig: Setting CVar [[s.LevelStreamingComponentsUnregistrationGranularity:5]]
LogConfig: Setting CVar [[s.FlushStreamingOnExit:1]]
LogInit: Object subsystem initialized
LogConfig: Setting CVar [[con.DebugEarlyDefault:1]]
LogConfig: Setting CVar [[r.setres:1280x720]]
[2025.03.26-05.35.54:683][  0]LogConfig: Setting CVar [[r.VSync:0]]
[2025.03.26-05.35.54:683][  0]LogConfig: Setting CVar [[r.RHICmdBypass:0]]
[2025.03.26-05.35.54:683][  0]LogConfig: Applying CVar settings from Section [/Script/Engine.RendererSettings] File [D:/project/UE/room_escape/Saved/Config/Windows/Engine.ini]
[2025.03.26-05.35.54:683][  0]LogConfig: Setting CVar [[r.GPUCrashDebugging:0]]
[2025.03.26-05.35.54:683][  0]LogConfig: Applying CVar settings from Section [/Script/Engine.RendererOverrideSettings] File [D:/project/UE/room_escape/Saved/Config/Windows/Engine.ini]
[2025.03.26-05.35.54:683][  0]LogConfig: Applying CVar settings from Section [/Script/Engine.StreamingSettings] File [D:/project/UE/room_escape/Saved/Config/Windows/Engine.ini]
[2025.03.26-05.35.54:683][  0]LogConfig: Setting CVar [[s.MinBulkDataSizeForAsyncLoading:131072]]
[2025.03.26-05.35.54:683][  0]LogConfig: Setting CVar [[s.AsyncLoadingThreadEnabled:0]]
[2025.03.26-05.35.54:683][  0]LogConfig: Setting CVar [[s.EventDrivenLoaderEnabled:1]]
[2025.03.26-05.35.54:683][  0]LogConfig: Setting CVar [[s.WarnIfTimeLimitExceeded:0]]
[2025.03.26-05.35.54:683][  0]LogConfig: Setting CVar [[s.TimeLimitExceededMultiplier:1.5]]
[2025.03.26-05.35.54:683][  0]LogConfig: Setting CVar [[s.TimeLimitExceededMinTime:0.005]]
[2025.03.26-05.35.54:683][  0]LogConfig: Setting CVar [[s.UseBackgroundLevelStreaming:1]]
[2025.03.26-05.35.54:683][  0]LogConfig: Setting CVar [[s.PriorityAsyncLoadingExtraTime:15.0]]
[2025.03.26-05.35.54:683][  0]LogConfig: Setting CVar [[s.LevelStreamingActorsUpdateTimeLimit:5.0]]
[2025.03.26-05.35.54:683][  0]LogConfig: Setting CVar [[s.PriorityLevelStreamingActorsUpdateExtraTime:5.0]]
[2025.03.26-05.35.54:683][  0]LogConfig: Setting CVar [[s.LevelStreamingComponentsRegistrationGranularity:10]]
[2025.03.26-05.35.54:683][  0]LogConfig: Setting CVar [[s.UnregisterComponentsTimeLimit:1.0]]
[2025.03.26-05.35.54:683][  0]LogConfig: Setting CVar [[s.LevelStreamingComponentsUnregistrationGranularity:5]]
[2025.03.26-05.35.54:683][  0]LogConfig: Setting CVar [[s.FlushStreamingOnExit:1]]
[2025.03.26-05.35.54:683][  0]LogConfig: Applying CVar settings from Section [/Script/Engine.GarbageCollectionSettings] File [D:/project/UE/room_escape/Saved/Config/Windows/Engine.ini]
[2025.03.26-05.35.54:683][  0]LogConfig: Setting CVar [[gc.MaxObjectsNotConsideredByGC:1]]
[2025.03.26-05.35.54:683][  0]LogConfig: Setting CVar [[gc.SizeOfPermanentObjectPool:0]]
[2025.03.26-05.35.54:683][  0]LogConfig: Setting CVar [[gc.FlushStreamingOnGC:0]]
[2025.03.26-05.35.54:683][  0]LogConfig: Setting CVar [[gc.NumRetriesBeforeForcingGC:10]]
[2025.03.26-05.35.54:683][  0]LogConfig: Setting CVar [[gc.AllowParallelGC:1]]
[2025.03.26-05.35.54:683][  0]LogConfig: Setting CVar [[gc.TimeBetweenPurgingPendingKillObjects:61.1]]
[2025.03.26-05.35.54:683][  0]LogConfig: Setting CVar [[gc.MaxObjectsInEditor:25165824]]
[2025.03.26-05.35.54:683][  0]LogConfig: Setting CVar [[gc.IncrementalBeginDestroyEnabled:1]]
[2025.03.26-05.35.54:683][  0]LogConfig: Setting CVar [[gc.CreateGCClusters:1]]
[2025.03.26-05.35.54:683][  0]LogConfig: Setting CVar [[gc.MinGCClusterSize:5]]
[2025.03.26-05.35.54:683][  0]LogConfig: Setting CVar [[gc.ActorClusteringEnabled:0]]
[2025.03.26-05.35.54:683][  0]LogConfig: Setting CVar [[gc.BlueprintClusteringEnabled:0]]
[2025.03.26-05.35.54:683][  0]LogConfig: Setting CVar [[gc.UseDisregardForGCOnDedicatedServers:0]]
[2025.03.26-05.35.54:683][  0]LogConfig: Setting CVar [[gc.MultithreadedDestructionEnabled:1]]
[2025.03.26-05.35.54:683][  0]LogConfig: Applying CVar settings from Section [/Script/Engine.NetworkSettings] File [D:/project/UE/room_escape/Saved/Config/Windows/Engine.ini]
[2025.03.26-05.35.54:683][  0]LogConfig: Applying CVar settings from Section [/Script/UnrealEd.CookerSettings] File [D:/project/UE/room_escape/Saved/Config/Windows/Engine.ini]
[2025.03.26-05.35.54:702][  0]LogConfig: Applying CVar settings from Section [ViewDistanceQuality@3] File [D:/project/UE/room_escape/Saved/Config/Windows/Scalability.ini]
[2025.03.26-05.35.54:702][  0]LogConfig: Setting CVar [[r.SkeletalMeshLODBias:0]]
[2025.03.26-05.35.54:702][  0]LogConfig: Setting CVar [[r.ViewDistanceScale:1.0]]
[2025.03.26-05.35.54:702][  0]LogConfig: Applying CVar settings from Section [AntiAliasingQuality@3] File [D:/project/UE/room_escape/Saved/Config/Windows/Scalability.ini]
[2025.03.26-05.35.54:702][  0]LogConfig: Setting CVar [[r.PostProcessAAQuality:4]]
[2025.03.26-05.35.54:702][  0]LogConfig: Applying CVar settings from Section [ShadowQuality@3] File [D:/project/UE/room_escape/Saved/Config/Windows/Scalability.ini]
[2025.03.26-05.35.54:702][  0]LogConfig: Setting CVar [[r.LightFunctionQuality:1]]
[2025.03.26-05.35.54:702][  0]LogConfig: Setting CVar [[r.ShadowQuality:5]]
[2025.03.26-05.35.54:702][  0]LogConfig: Setting CVar [[r.Shadow.CSM.MaxCascades:10]]
[2025.03.26-05.35.54:702][  0]LogConfig: Setting CVar [[r.Shadow.MaxResolution:2048]]
[2025.03.26-05.35.54:702][  0]LogConfig: Setting CVar [[r.Shadow.MaxCSMResolution:2048]]
[2025.03.26-05.35.54:702][  0]LogConfig: Setting CVar [[r.Shadow.RadiusThreshold:0.01]]
[2025.03.26-05.35.54:702][  0]LogConfig: Setting CVar [[r.Shadow.DistanceScale:1.0]]
[2025.03.26-05.35.54:702][  0]LogConfig: Setting CVar [[r.Shadow.CSM.TransitionScale:1.0]]
[2025.03.26-05.35.54:702][  0]LogConfig: Setting CVar [[r.Shadow.PreShadowResolutionFactor:1.0]]
[2025.03.26-05.35.54:702][  0]LogConfig: Setting CVar [[r.DistanceFieldShadowing:1]]
[2025.03.26-05.35.54:702][  0]LogConfig: Setting CVar [[r.DistanceFieldAO:1]]
[2025.03.26-05.35.54:702][  0]LogConfig: Setting CVar [[r.AOQuality:2]]
[2025.03.26-05.35.54:702][  0]LogConfig: Setting CVar [[r.VolumetricFog:1]]
[2025.03.26-05.35.54:702][  0]LogConfig: Setting CVar [[r.VolumetricFog.GridPixelSize:8]]
[2025.03.26-05.35.54:702][  0]LogConfig: Setting CVar [[r.VolumetricFog.GridSizeZ:128]]
[2025.03.26-05.35.54:702][  0]LogConfig: Setting CVar [[r.VolumetricFog.HistoryMissSupersampleCount:4]]
[2025.03.26-05.35.54:702][  0]LogConfig: Setting CVar [[r.LightMaxDrawDistanceScale:1]]
[2025.03.26-05.35.54:702][  0]LogConfig: Setting CVar [[r.CapsuleShadows:1]]
[2025.03.26-05.35.54:702][  0]LogConfig: Applying CVar settings from Section [PostProcessQuality@3] File [D:/project/UE/room_escape/Saved/Config/Windows/Scalability.ini]
[2025.03.26-05.35.54:702][  0]LogConfig: Setting CVar [[r.MotionBlurQuality:4]]
[2025.03.26-05.35.54:702][  0]LogConfig: Setting CVar [[r.AmbientOcclusionMipLevelFactor:0.4]]
[2025.03.26-05.35.54:702][  0]LogConfig: Setting CVar [[r.AmbientOcclusionMaxQuality:100]]
[2025.03.26-05.35.54:702][  0]LogConfig: Setting CVar [[r.AmbientOcclusionLevels:-1]]
[2025.03.26-05.35.54:702][  0]LogConfig: Setting CVar [[r.AmbientOcclusionRadiusScale:1.0]]
[2025.03.26-05.35.54:702][  0]LogConfig: Setting CVar [[r.DepthOfFieldQuality:2]]
[2025.03.26-05.35.54:702][  0]LogConfig: Setting CVar [[r.RenderTargetPoolMin:400]]
[2025.03.26-05.35.54:702][  0]LogConfig: Setting CVar [[r.LensFlareQuality:2]]
[2025.03.26-05.35.54:702][  0]LogConfig: Setting CVar [[r.SceneColorFringeQuality:1]]
[2025.03.26-05.35.54:702][  0]LogConfig: Setting CVar [[r.EyeAdaptationQuality:2]]
[2025.03.26-05.35.54:702][  0]LogConfig: Setting CVar [[r.BloomQuality:5]]
[2025.03.26-05.35.54:702][  0]LogConfig: Setting CVar [[r.FastBlurThreshold:100]]
[2025.03.26-05.35.54:702][  0]LogConfig: Setting CVar [[r.Upscale.Quality:3]]
[2025.03.26-05.35.54:702][  0]LogConfig: Setting CVar [[r.Tonemapper.GrainQuantization:1]]
[2025.03.26-05.35.54:702][  0]LogConfig: Setting CVar [[r.LightShaftQuality:1]]
[2025.03.26-05.35.54:702][  0]LogConfig: Setting CVar [[r.Filter.SizeScale:1]]
[2025.03.26-05.35.54:702][  0]LogConfig: Setting CVar [[r.Tonemapper.Quality:5]]
[2025.03.26-05.35.54:702][  0]LogConfig: Setting CVar [[r.DOF.Gather.AccumulatorQuality:1        ; higher gathering accumulator quality]]
[2025.03.26-05.35.54:702][  0]LogConfig: Setting CVar [[r.DOF.Gather.PostfilterMethod:1          ; Median3x3 postfilering method]]
[2025.03.26-05.35.54:702][  0]LogConfig: Setting CVar [[r.DOF.Gather.EnableBokehSettings:0       ; no bokeh simulation when gathering]]
[2025.03.26-05.35.54:702][  0]LogConfig: Setting CVar [[r.DOF.Gather.RingCount:4                 ; medium number of samples when gathering]]
[2025.03.26-05.35.54:702][  0]LogConfig: Setting CVar [[r.DOF.Scatter.ForegroundCompositing:1    ; additive foreground scattering]]
[2025.03.26-05.35.54:702][  0]LogConfig: Setting CVar [[r.DOF.Scatter.BackgroundCompositing:2    ; additive background scattering]]
[2025.03.26-05.35.54:702][  0]LogConfig: Setting CVar [[r.DOF.Scatter.EnableBokehSettings:1      ; bokeh simulation when scattering]]
[2025.03.26-05.35.54:702][  0]LogConfig: Setting CVar [[r.DOF.Scatter.MaxSpriteRatio:0.1         ; only a maximum of 10% of scattered bokeh]]
[2025.03.26-05.35.54:702][  0]LogConfig: Setting CVar [[r.DOF.Recombine.Quality:1                ; cheap slight out of focus]]
[2025.03.26-05.35.54:702][  0]LogConfig: Setting CVar [[r.DOF.Recombine.EnableBokehSettings:0    ; no bokeh simulation on slight out of focus]]
[2025.03.26-05.35.54:702][  0]LogConfig: Setting CVar [[r.DOF.TemporalAAQuality:1                ; more stable temporal accumulation]]
[2025.03.26-05.35.54:702][  0]LogConfig: Setting CVar [[r.DOF.Kernel.MaxForegroundRadius:0.025]]
[2025.03.26-05.35.54:702][  0]LogConfig: Setting CVar [[r.DOF.Kernel.MaxBackgroundRadius:0.025]]
[2025.03.26-05.35.54:702][  0]LogConfig: Applying CVar settings from Section [TextureQuality@3] File [D:/project/UE/room_escape/Saved/Config/Windows/Scalability.ini]
[2025.03.26-05.35.54:702][  0]LogConfig: Setting CVar [[r.Streaming.MipBias:0]]
[2025.03.26-05.35.54:702][  0]LogConfig: Setting CVar [[r.Streaming.AmortizeCPUToGPUCopy:0]]
[2025.03.26-05.35.54:702][  0]LogConfig: Setting CVar [[r.Streaming.MaxNumTexturesToStreamPerFrame:0]]
[2025.03.26-05.35.54:702][  0]LogConfig: Setting CVar [[r.Streaming.Boost:1]]
[2025.03.26-05.35.54:702][  0]LogConfig: Setting CVar [[r.MaxAnisotropy:8]]
[2025.03.26-05.35.54:702][  0]LogConfig: Setting CVar [[r.VT.MaxAnisotropy:8]]
[2025.03.26-05.35.54:702][  0]LogConfig: Setting CVar [[r.Streaming.LimitPoolSizeToVRAM:0]]
[2025.03.26-05.35.54:702][  0]LogConfig: Setting CVar [[r.Streaming.PoolSize:1000]]
[2025.03.26-05.35.54:702][  0]LogConfig: Setting CVar [[r.Streaming.MaxEffectiveScreenSize:0]]
[2025.03.26-05.35.54:702][  0]LogConfig: Applying CVar settings from Section [EffectsQuality@3] File [D:/project/UE/room_escape/Saved/Config/Windows/Scalability.ini]
[2025.03.26-05.35.54:702][  0]LogConfig: Setting CVar [[r.TranslucencyLightingVolumeDim:64]]
[2025.03.26-05.35.54:702][  0]LogConfig: Setting CVar [[r.RefractionQuality:2]]
[2025.03.26-05.35.54:702][  0]LogConfig: Setting CVar [[r.SSR.Quality:3]]
[2025.03.26-05.35.54:702][  0]LogConfig: Setting CVar [[r.SSR.HalfResSceneColor:0]]
[2025.03.26-05.35.54:702][  0]LogConfig: Setting CVar [[r.SceneColorFormat:4]]
[2025.03.26-05.35.54:702][  0]LogConfig: Setting CVar [[r.DetailMode:2]]
[2025.03.26-05.35.54:702][  0]LogConfig: Setting CVar [[r.TranslucencyVolumeBlur:1]]
[2025.03.26-05.35.54:702][  0]LogConfig: Setting CVar [[r.MaterialQualityLevel:1 ; High quality]]
[2025.03.26-05.35.54:702][  0]LogConfig: Setting CVar [[r.AnisotropicMaterials:1]]
[2025.03.26-05.35.54:702][  0]LogConfig: Setting CVar [[r.SSS.Scale:1]]
[2025.03.26-05.35.54:702][  0]LogConfig: Setting CVar [[r.SSS.SampleSet:2]]
[2025.03.26-05.35.54:702][  0]LogConfig: Setting CVar [[r.SSS.Quality:1]]
[2025.03.26-05.35.54:702][  0]LogConfig: Setting CVar [[r.SSS.HalfRes:0]]
[2025.03.26-05.35.54:702][  0]LogConfig: Setting CVar [[r.SSGI.Quality:3]]
[2025.03.26-05.35.54:702][  0]LogConfig: Setting CVar [[r.EmitterSpawnRateScale:1.0]]
[2025.03.26-05.35.54:702][  0]LogConfig: Setting CVar [[r.ParticleLightQuality:2]]
[2025.03.26-05.35.54:702][  0]LogConfig: Setting CVar [[r.SkyAtmosphere.AerialPerspectiveLUT.FastApplyOnOpaque:1 ; Always have FastSkyLUT 1 in this case to avoid wrong sky]]
[2025.03.26-05.35.54:702][  0]LogConfig: Setting CVar [[r.SkyAtmosphere.AerialPerspectiveLUT.SampleCountMaxPerSlice:4]]
[2025.03.26-05.35.54:702][  0]LogConfig: Setting CVar [[r.SkyAtmosphere.AerialPerspectiveLUT.DepthResolution:16.0]]
[2025.03.26-05.35.54:703][  0]LogConfig: Setting CVar [[r.SkyAtmosphere.FastSkyLUT:1]]
[2025.03.26-05.35.54:703][  0]LogConfig: Setting CVar [[r.SkyAtmosphere.FastSkyLUT.SampleCountMin:4.0]]
[2025.03.26-05.35.54:703][  0]LogConfig: Setting CVar [[r.SkyAtmosphere.FastSkyLUT.SampleCountMax:128.0]]
[2025.03.26-05.35.54:703][  0]LogConfig: Setting CVar [[r.SkyAtmosphere.SampleCountMin:4.0]]
[2025.03.26-05.35.54:703][  0]LogConfig: Setting CVar [[r.SkyAtmosphere.SampleCountMax:128.0]]
[2025.03.26-05.35.54:703][  0]LogConfig: Setting CVar [[r.SkyAtmosphere.TransmittanceLUT.UseSmallFormat:0]]
[2025.03.26-05.35.54:703][  0]LogConfig: Setting CVar [[r.SkyAtmosphere.TransmittanceLUT.SampleCount:10.0]]
[2025.03.26-05.35.54:703][  0]LogConfig: Setting CVar [[r.SkyAtmosphere.MultiScatteringLUT.SampleCount:15.0]]
[2025.03.26-05.35.54:703][  0]LogConfig: Setting CVar [[r.SkyLight.RealTimeReflectionCapture:1]]
[2025.03.26-05.35.54:703][  0]LogConfig: Applying CVar settings from Section [FoliageQuality@3] File [D:/project/UE/room_escape/Saved/Config/Windows/Scalability.ini]
[2025.03.26-05.35.54:703][  0]LogConfig: Setting CVar [[foliage.DensityScale:1.0]]
[2025.03.26-05.35.54:703][  0]LogConfig: Setting CVar [[grass.DensityScale:1.0]]
[2025.03.26-05.35.54:703][  0]LogConfig: Applying CVar settings from Section [ShadingQuality@3] File [D:/project/UE/room_escape/Saved/Config/Windows/Scalability.ini]
[2025.03.26-05.35.54:703][  0]LogConfig: Setting CVar [[r.HairStrands.SkyLighting.IntegrationType:2]]
[2025.03.26-05.35.54:703][  0]LogConfig: Setting CVar [[r.HairStrands.SkyAO.SampleCount:4]]
[2025.03.26-05.35.54:703][  0]LogConfig: Setting CVar [[r.HairStrands.Visibility.MSAA.SamplePerPixel:4]]
[2025.03.26-05.35.54:703][  0]LogInit: Selected Device Profile: [Windows]
[2025.03.26-05.35.54:703][  0]LogInit: Applying CVar settings loaded from the selected device profile: [Windows]
[2025.03.26-05.35.54:703][  0]LogHAL: Display: Platform has ~ 16 GB [16969424896 / 17179869184 / 16], which maps to Larger [LargestMinGB=32, LargerMinGB=12, DefaultMinGB=8, SmallerMinGB=6, SmallestMinGB=0)
[2025.03.26-05.35.54:703][  0]LogInit: Going up to parent DeviceProfile []
[2025.03.26-05.35.54:703][  0]LogConfig: Applying CVar settings from Section [ViewDistanceQuality@3] File [D:/project/UE/room_escape/Saved/Config/Windows/Scalability.ini]
[2025.03.26-05.35.54:703][  0]LogConfig: Setting CVar [[r.SkeletalMeshLODBias:0]]
[2025.03.26-05.35.54:703][  0]LogConfig: Setting CVar [[r.ViewDistanceScale:1.0]]
[2025.03.26-05.35.54:703][  0]LogConfig: Applying CVar settings from Section [AntiAliasingQuality@3] File [D:/project/UE/room_escape/Saved/Config/Windows/Scalability.ini]
[2025.03.26-05.35.54:703][  0]LogConfig: Setting CVar [[r.PostProcessAAQuality:4]]
[2025.03.26-05.35.54:703][  0]LogConfig: Applying CVar settings from Section [ShadowQuality@3] File [D:/project/UE/room_escape/Saved/Config/Windows/Scalability.ini]
[2025.03.26-05.35.54:703][  0]LogConfig: Setting CVar [[r.LightFunctionQuality:1]]
[2025.03.26-05.35.54:703][  0]LogConfig: Setting CVar [[r.ShadowQuality:5]]
[2025.03.26-05.35.54:703][  0]LogConfig: Setting CVar [[r.Shadow.CSM.MaxCascades:10]]
[2025.03.26-05.35.54:703][  0]LogConfig: Setting CVar [[r.Shadow.MaxResolution:2048]]
[2025.03.26-05.35.54:703][  0]LogConfig: Setting CVar [[r.Shadow.MaxCSMResolution:2048]]
[2025.03.26-05.35.54:703][  0]LogConfig: Setting CVar [[r.Shadow.RadiusThreshold:0.01]]
[2025.03.26-05.35.54:703][  0]LogConfig: Setting CVar [[r.Shadow.DistanceScale:1.0]]
[2025.03.26-05.35.54:703][  0]LogConfig: Setting CVar [[r.Shadow.CSM.TransitionScale:1.0]]
[2025.03.26-05.35.54:703][  0]LogConfig: Setting CVar [[r.Shadow.PreShadowResolutionFactor:1.0]]
[2025.03.26-05.35.54:703][  0]LogConfig: Setting CVar [[r.DistanceFieldShadowing:1]]
[2025.03.26-05.35.54:703][  0]LogConfig: Setting CVar [[r.DistanceFieldAO:1]]
[2025.03.26-05.35.54:703][  0]LogConfig: Setting CVar [[r.AOQuality:2]]
[2025.03.26-05.35.54:703][  0]LogConfig: Setting CVar [[r.VolumetricFog:1]]
[2025.03.26-05.35.54:703][  0]LogConfig: Setting CVar [[r.VolumetricFog.GridPixelSize:8]]
[2025.03.26-05.35.54:703][  0]LogConfig: Setting CVar [[r.VolumetricFog.GridSizeZ:128]]
[2025.03.26-05.35.54:703][  0]LogConfig: Setting CVar [[r.VolumetricFog.HistoryMissSupersampleCount:4]]
[2025.03.26-05.35.54:703][  0]LogConfig: Setting CVar [[r.LightMaxDrawDistanceScale:1]]
[2025.03.26-05.35.54:703][  0]LogConfig: Setting CVar [[r.CapsuleShadows:1]]
[2025.03.26-05.35.54:703][  0]LogConfig: Applying CVar settings from Section [PostProcessQuality@3] File [D:/project/UE/room_escape/Saved/Config/Windows/Scalability.ini]
[2025.03.26-05.35.54:703][  0]LogConfig: Setting CVar [[r.MotionBlurQuality:4]]
[2025.03.26-05.35.54:703][  0]LogConfig: Setting CVar [[r.AmbientOcclusionMipLevelFactor:0.4]]
[2025.03.26-05.35.54:703][  0]LogConfig: Setting CVar [[r.AmbientOcclusionMaxQuality:100]]
[2025.03.26-05.35.54:703][  0]LogConfig: Setting CVar [[r.AmbientOcclusionLevels:-1]]
[2025.03.26-05.35.54:703][  0]LogConfig: Setting CVar [[r.AmbientOcclusionRadiusScale:1.0]]
[2025.03.26-05.35.54:703][  0]LogConfig: Setting CVar [[r.DepthOfFieldQuality:2]]
[2025.03.26-05.35.54:703][  0]LogConfig: Setting CVar [[r.RenderTargetPoolMin:400]]
[2025.03.26-05.35.54:703][  0]LogConfig: Setting CVar [[r.LensFlareQuality:2]]
[2025.03.26-05.35.54:703][  0]LogConfig: Setting CVar [[r.SceneColorFringeQuality:1]]
[2025.03.26-05.35.54:703][  0]LogConfig: Setting CVar [[r.EyeAdaptationQuality:2]]
[2025.03.26-05.35.54:703][  0]LogConfig: Setting CVar [[r.BloomQuality:5]]
[2025.03.26-05.35.54:703][  0]LogConfig: Setting CVar [[r.FastBlurThreshold:100]]
[2025.03.26-05.35.54:703][  0]LogConfig: Setting CVar [[r.Upscale.Quality:3]]
[2025.03.26-05.35.54:703][  0]LogConfig: Setting CVar [[r.Tonemapper.GrainQuantization:1]]
[2025.03.26-05.35.54:703][  0]LogConfig: Setting CVar [[r.LightShaftQuality:1]]
[2025.03.26-05.35.54:703][  0]LogConfig: Setting CVar [[r.Filter.SizeScale:1]]
[2025.03.26-05.35.54:703][  0]LogConfig: Setting CVar [[r.Tonemapper.Quality:5]]
[2025.03.26-05.35.54:703][  0]LogConfig: Setting CVar [[r.DOF.Gather.AccumulatorQuality:1        ; higher gathering accumulator quality]]
[2025.03.26-05.35.54:703][  0]LogConfig: Setting CVar [[r.DOF.Gather.PostfilterMethod:1          ; Median3x3 postfilering method]]
[2025.03.26-05.35.54:703][  0]LogConfig: Setting CVar [[r.DOF.Gather.EnableBokehSettings:0       ; no bokeh simulation when gathering]]
[2025.03.26-05.35.54:703][  0]LogConfig: Setting CVar [[r.DOF.Gather.RingCount:4                 ; medium number of samples when gathering]]
[2025.03.26-05.35.54:703][  0]LogConfig: Setting CVar [[r.DOF.Scatter.ForegroundCompositing:1    ; additive foreground scattering]]
[2025.03.26-05.35.54:703][  0]LogConfig: Setting CVar [[r.DOF.Scatter.BackgroundCompositing:2    ; additive background scattering]]
[2025.03.26-05.35.54:703][  0]LogConfig: Setting CVar [[r.DOF.Scatter.EnableBokehSettings:1      ; bokeh simulation when scattering]]
[2025.03.26-05.35.54:703][  0]LogConfig: Setting CVar [[r.DOF.Scatter.MaxSpriteRatio:0.1         ; only a maximum of 10% of scattered bokeh]]
[2025.03.26-05.35.54:703][  0]LogConfig: Setting CVar [[r.DOF.Recombine.Quality:1                ; cheap slight out of focus]]
[2025.03.26-05.35.54:703][  0]LogConfig: Setting CVar [[r.DOF.Recombine.EnableBokehSettings:0    ; no bokeh simulation on slight out of focus]]
[2025.03.26-05.35.54:703][  0]LogConfig: Setting CVar [[r.DOF.TemporalAAQuality:1                ; more stable temporal accumulation]]
[2025.03.26-05.35.54:703][  0]LogConfig: Setting CVar [[r.DOF.Kernel.MaxForegroundRadius:0.025]]
[2025.03.26-05.35.54:703][  0]LogConfig: Setting CVar [[r.DOF.Kernel.MaxBackgroundRadius:0.025]]
[2025.03.26-05.35.54:703][  0]LogConfig: Applying CVar settings from Section [TextureQuality@3] File [D:/project/UE/room_escape/Saved/Config/Windows/Scalability.ini]
[2025.03.26-05.35.54:703][  0]LogConfig: Setting CVar [[r.Streaming.MipBias:0]]
[2025.03.26-05.35.54:703][  0]LogConfig: Setting CVar [[r.Streaming.AmortizeCPUToGPUCopy:0]]
[2025.03.26-05.35.54:703][  0]LogConfig: Setting CVar [[r.Streaming.MaxNumTexturesToStreamPerFrame:0]]
[2025.03.26-05.35.54:703][  0]LogConfig: Setting CVar [[r.Streaming.Boost:1]]
[2025.03.26-05.35.54:703][  0]LogConfig: Setting CVar [[r.MaxAnisotropy:8]]
[2025.03.26-05.35.54:703][  0]LogConfig: Setting CVar [[r.VT.MaxAnisotropy:8]]
[2025.03.26-05.35.54:703][  0]LogConfig: Setting CVar [[r.Streaming.LimitPoolSizeToVRAM:0]]
[2025.03.26-05.35.54:703][  0]LogConfig: Setting CVar [[r.Streaming.PoolSize:1000]]
[2025.03.26-05.35.54:703][  0]LogConfig: Setting CVar [[r.Streaming.MaxEffectiveScreenSize:0]]
[2025.03.26-05.35.54:703][  0]LogConfig: Applying CVar settings from Section [EffectsQuality@3] File [D:/project/UE/room_escape/Saved/Config/Windows/Scalability.ini]
[2025.03.26-05.35.54:703][  0]LogConfig: Setting CVar [[r.TranslucencyLightingVolumeDim:64]]
[2025.03.26-05.35.54:703][  0]LogConfig: Setting CVar [[r.RefractionQuality:2]]
[2025.03.26-05.35.54:703][  0]LogConfig: Setting CVar [[r.SSR.Quality:3]]
[2025.03.26-05.35.54:703][  0]LogConfig: Setting CVar [[r.SSR.HalfResSceneColor:0]]
[2025.03.26-05.35.54:703][  0]LogConfig: Setting CVar [[r.SceneColorFormat:4]]
[2025.03.26-05.35.54:703][  0]LogConfig: Setting CVar [[r.DetailMode:2]]
[2025.03.26-05.35.54:703][  0]LogConfig: Setting CVar [[r.TranslucencyVolumeBlur:1]]
[2025.03.26-05.35.54:703][  0]LogConfig: Setting CVar [[r.MaterialQualityLevel:1 ; High quality]]
[2025.03.26-05.35.54:703][  0]LogConfig: Setting CVar [[r.AnisotropicMaterials:1]]
[2025.03.26-05.35.54:703][  0]LogConfig: Setting CVar [[r.SSS.Scale:1]]
[2025.03.26-05.35.54:703][  0]LogConfig: Setting CVar [[r.SSS.SampleSet:2]]
[2025.03.26-05.35.54:703][  0]LogConfig: Setting CVar [[r.SSS.Quality:1]]
[2025.03.26-05.35.54:703][  0]LogConfig: Setting CVar [[r.SSS.HalfRes:0]]
[2025.03.26-05.35.54:703][  0]LogConfig: Setting CVar [[r.SSGI.Quality:3]]
[2025.03.26-05.35.54:703][  0]LogConfig: Setting CVar [[r.EmitterSpawnRateScale:1.0]]
[2025.03.26-05.35.54:703][  0]LogConfig: Setting CVar [[r.ParticleLightQuality:2]]
[2025.03.26-05.35.54:703][  0]LogConfig: Setting CVar [[r.SkyAtmosphere.AerialPerspectiveLUT.FastApplyOnOpaque:1 ; Always have FastSkyLUT 1 in this case to avoid wrong sky]]
[2025.03.26-05.35.54:703][  0]LogConfig: Setting CVar [[r.SkyAtmosphere.AerialPerspectiveLUT.SampleCountMaxPerSlice:4]]
[2025.03.26-05.35.54:703][  0]LogConfig: Setting CVar [[r.SkyAtmosphere.AerialPerspectiveLUT.DepthResolution:16.0]]
[2025.03.26-05.35.54:703][  0]LogConfig: Setting CVar [[r.SkyAtmosphere.FastSkyLUT:1]]
[2025.03.26-05.35.54:704][  0]LogConfig: Setting CVar [[r.SkyAtmosphere.FastSkyLUT.SampleCountMin:4.0]]
[2025.03.26-05.35.54:704][  0]LogConfig: Setting CVar [[r.SkyAtmosphere.FastSkyLUT.SampleCountMax:128.0]]
[2025.03.26-05.35.54:704][  0]LogConfig: Setting CVar [[r.SkyAtmosphere.SampleCountMin:4.0]]
[2025.03.26-05.35.54:704][  0]LogConfig: Setting CVar [[r.SkyAtmosphere.SampleCountMax:128.0]]
[2025.03.26-05.35.54:704][  0]LogConfig: Setting CVar [[r.SkyAtmosphere.TransmittanceLUT.UseSmallFormat:0]]
[2025.03.26-05.35.54:704][  0]LogConfig: Setting CVar [[r.SkyAtmosphere.TransmittanceLUT.SampleCount:10.0]]
[2025.03.26-05.35.54:704][  0]LogConfig: Setting CVar [[r.SkyAtmosphere.MultiScatteringLUT.SampleCount:15.0]]
[2025.03.26-05.35.54:704][  0]LogConfig: Setting CVar [[r.SkyLight.RealTimeReflectionCapture:1]]
[2025.03.26-05.35.54:704][  0]LogConfig: Applying CVar settings from Section [FoliageQuality@3] File [D:/project/UE/room_escape/Saved/Config/Windows/Scalability.ini]
[2025.03.26-05.35.54:704][  0]LogConfig: Setting CVar [[foliage.DensityScale:1.0]]
[2025.03.26-05.35.54:704][  0]LogConfig: Setting CVar [[grass.DensityScale:1.0]]
[2025.03.26-05.35.54:704][  0]LogConfig: Applying CVar settings from Section [ShadingQuality@3] File [D:/project/UE/room_escape/Saved/Config/Windows/Scalability.ini]
[2025.03.26-05.35.54:704][  0]LogConfig: Setting CVar [[r.HairStrands.SkyLighting.IntegrationType:2]]
[2025.03.26-05.35.54:704][  0]LogConfig: Setting CVar [[r.HairStrands.SkyAO.SampleCount:4]]
[2025.03.26-05.35.54:704][  0]LogConfig: Setting CVar [[r.HairStrands.Visibility.MSAA.SamplePerPixel:4]]
[2025.03.26-05.35.54:704][  0]LogConfig: Applying CVar settings from Section [Startup] File [../../../Engine/Config/ConsoleVariables.ini]
[2025.03.26-05.35.54:704][  0]LogConfig: Setting CVar [[net.UseAdaptiveNetUpdateFrequency:0]]
[2025.03.26-05.35.54:704][  0]LogConfig: Setting CVar [[p.chaos.AllowCreatePhysxBodies:1]]
[2025.03.26-05.35.54:704][  0]LogConfig: Setting CVar [[fx.SkipVectorVMBackendOptimizations:1]]
[2025.03.26-05.35.54:704][  0]LogConfig: Applying CVar settings from Section [ConsoleVariables] File [D:/project/UE/room_escape/Saved/Config/Windows/Engine.ini]
[2025.03.26-05.35.54:704][  0]LogConfig: Applying CVar settings from Section [ConsoleVariables] File [D:/project/UE/room_escape/Saved/Config/Windows/Editor.ini]
[2025.03.26-05.35.54:704][  0]LogInit: Computer: 一介白衣
[2025.03.26-05.35.54:704][  0]LogInit: User: yjby
[2025.03.26-05.35.54:704][  0]LogInit: CPU Page size=4096, Cores=4
[2025.03.26-05.35.54:704][  0]LogInit: High frequency timer resolution =10.000000 MHz
[2025.03.26-05.35.54:704][  0]LogMemory: Memory total: Physical=15.8GB (16GB approx)
[2025.03.26-05.35.54:704][  0]LogMemory: Platform Memory Stats for Windows
[2025.03.26-05.35.54:704][  0]LogMemory: Process Physical Memory: 144.11 MB used, 144.11 MB peak
[2025.03.26-05.35.54:704][  0]LogMemory: Process Virtual Memory: 126.77 MB used, 126.77 MB peak
[2025.03.26-05.35.54:704][  0]LogMemory: Physical Memory: 8847.53 MB used,  7335.78 MB free, 16183.30 MB total
[2025.03.26-05.35.54:704][  0]LogMemory: Virtual Memory: 134197840.00 MB used,  19888.98 MB free, 134217728.00 MB total
[2025.03.26-05.35.54:710][  0]LogWindows: WindowsPlatformFeatures enabled
[2025.03.26-05.35.54:727][  0]LogInit: Physics initialised using underlying interface: PhysX
[2025.03.26-05.35.54:727][  0]LogInit: Overriding language with editor language configuration option (en).
[2025.03.26-05.35.54:727][  0]LogInit: Using OS detected locale (zh-CN).
[2025.03.26-05.35.54:886][  0]LogInit: Setting process to per monitor DPI aware
[2025.03.26-05.35.54:906][  0]LogWindowsTextInputMethodSystem: Display: IME system deactivated.
[2025.03.26-05.35.54:919][  0]LogSlate: New Slate User Created.  User Index 0, Is Virtual User: 0
[2025.03.26-05.35.54:919][  0]LogSlate: Slate User Registered.  User Index 0, Is Virtual User: 0
[2025.03.26-05.35.55:027][  0]LogD3D11RHI: Loaded GFSDK_Aftermath_Lib.x64.dll
[2025.03.26-05.35.55:031][  0]LogHMD: Failed to initialize OpenVR with code 110
[2025.03.26-05.35.55:031][  0]LogD3D11RHI: D3D11 min allowed feature level: 11_0
[2025.03.26-05.35.55:031][  0]LogD3D11RHI: D3D11 max allowed feature level: 11_0
[2025.03.26-05.35.55:031][  0]LogD3D11RHI: D3D11 adapters:
[2025.03.26-05.35.55:146][  0]LogD3D11RHI:    0. 'Intel(R) Iris(R) Xe Graphics' (Feature Level 11_0)
[2025.03.26-05.35.55:146][  0]LogD3D11RHI:       128/0/8091 MB DedicatedVideo/DedicatedSystem/SharedSystem, Outputs:2, VendorId:0x8086
[2025.03.26-05.35.55:148][  0]LogD3D11RHI:    1. 'Microsoft Basic Render Driver' (Feature Level 11_0)
[2025.03.26-05.35.55:148][  0]LogD3D11RHI:       0/0/8091 MB DedicatedVideo/DedicatedSystem/SharedSystem, Outputs:0, VendorId:0x1414
[2025.03.26-05.35.55:254][  0]LogD3D11RHI:    2. 'Intel(R) Iris(R) Xe Graphics' (Feature Level 11_0)
[2025.03.26-05.35.55:254][  0]LogD3D11RHI:       128/0/8091 MB DedicatedVideo/DedicatedSystem/SharedSystem, Outputs:0, VendorId:0x8086
[2025.03.26-05.35.55:254][  0]LogD3D11RHI: Chosen D3D11 Adapter:
[2025.03.26-05.35.55:254][  0]LogD3D11RHI:     Description : Intel(R) Iris(R) Xe Graphics
[2025.03.26-05.35.55:254][  0]LogD3D11RHI:     VendorId    : 8086
[2025.03.26-05.35.55:254][  0]LogD3D11RHI:     DeviceId    : 9a49
[2025.03.26-05.35.55:254][  0]LogD3D11RHI:     SubSysId    : 1307152d
[2025.03.26-05.35.55:254][  0]LogD3D11RHI:     Revision    : 0001
[2025.03.26-05.35.55:254][  0]LogD3D11RHI:     DedicatedVideoMemory : 134217728 bytes
[2025.03.26-05.35.55:254][  0]LogD3D11RHI:     DedicatedSystemMemory : 0 bytes
[2025.03.26-05.35.55:254][  0]LogD3D11RHI:     SharedSystemMemory : 8484712448 bytes
[2025.03.26-05.35.55:254][  0]LogD3D11RHI:     AdapterLuid : 0 54548
[2025.03.26-05.35.55:260][  0]LogD3D11RHI: Creating new Direct3DDevice
[2025.03.26-05.35.55:260][  0]LogD3D11RHI:     GPU DeviceId: 0x9a49 (for the marketing name, search the web for "GPU Device Id")
[2025.03.26-05.35.55:260][  0]LogWindows: EnumDisplayDevices:
[2025.03.26-05.35.55:260][  0]LogWindows:    0. 'Intel(R) Iris(R) Xe Graphics' (P:1 D:1)
[2025.03.26-05.35.55:261][  0]LogWindows:    1. 'Intel(R) Iris(R) Xe Graphics' (P:0 D:1)
[2025.03.26-05.35.55:261][  0]LogWindows:    2. 'Intel(R) Iris(R) Xe Graphics' (P:0 D:0)
[2025.03.26-05.35.55:261][  0]LogWindows:    3. 'Intel(R) Iris(R) Xe Graphics' (P:0 D:0)
[2025.03.26-05.35.55:261][  0]LogWindows:    4. 'Virtual Display Device' (P:0 D:0)
[2025.03.26-05.35.55:261][  0]LogWindows: DebugString: GetVideoDriverDetailsInvalid PrimaryIsNotTheChoosenAdapter FoundDriverCount:4 
[2025.03.26-05.35.55:261][  0]LogD3D11RHI:     Adapter Name: Intel(R) Iris(R) Xe Graphics
[2025.03.26-05.35.55:261][  0]LogD3D11RHI:   Driver Version: 32.0.101.6325 (internal:32.0.101.6325, unified:32.0.101.6325)
[2025.03.26-05.35.55:261][  0]LogD3D11RHI:      Driver Date: 12-10-2024
[2025.03.26-05.35.55:261][  0]LogRHI: Texture pool is 1523 MB (70% of 2176 MB)
[2025.03.26-05.35.55:267][  0]LogD3D11RHI: Creating D3DDevice using adapter:
[2025.03.26-05.35.55:267][  0]LogD3D11RHI:     Description : Intel(R) Iris(R) Xe Graphics
[2025.03.26-05.35.55:267][  0]LogD3D11RHI:     VendorId    : 8086
[2025.03.26-05.35.55:267][  0]LogD3D11RHI:     DeviceId    : 9a49
[2025.03.26-05.35.55:267][  0]LogD3D11RHI:     SubSysId    : 1307152d
[2025.03.26-05.35.55:267][  0]LogD3D11RHI:     Revision    : 0001
[2025.03.26-05.35.55:267][  0]LogD3D11RHI:     DedicatedVideoMemory : 134217728 bytes
[2025.03.26-05.35.55:267][  0]LogD3D11RHI:     DedicatedSystemMemory : 0 bytes
[2025.03.26-05.35.55:267][  0]LogD3D11RHI:     SharedSystemMemory : 8484712448 bytes
[2025.03.26-05.35.55:267][  0]LogD3D11RHI:     AdapterLuid : 0 54548
[2025.03.26-05.35.55:352][  0]LogD3D11RHI: RHI does not have support for 64 bit atomics
[2025.03.26-05.35.55:373][  0]LogD3D11RHI: Intel Extensions support version Full=16777216, Major=1, Minor=0, Revision=0
[2025.03.26-05.35.55:373][  0]LogD3D11RHI: Intel Extensions support version Full=16777217, Major=1, Minor=0, Revision=1
[2025.03.26-05.35.55:373][  0]LogD3D11RHI: Intel Extensions Framework enabled
[2025.03.26-05.35.55:374][  0]LogD3D11RHI: [IntelMetricsDiscovery] Started
[2025.03.26-05.35.55:374][  0]LogD3D11RHI: Async texture creation enabled
[2025.03.26-05.35.55:374][  0]LogD3D11RHI: Array index from any shader is supported
[2025.03.26-05.35.55:383][  0]LogD3D11RHI: GPU Timing Frequency: 19.200000 (Debug: 2 0)
[2025.03.26-05.35.55:668][  0]LogTargetPlatformManager: Display: Loaded TargetPlatform 'AllDesktop'
[2025.03.26-05.35.55:685][  0]LogTargetPlatformManager: Display: Loaded TargetPlatform 'Android'
[2025.03.26-05.35.55:685][  0]LogTargetPlatformManager: Display: Loaded TargetPlatform 'Android_ASTC'
[2025.03.26-05.35.55:685][  0]LogTargetPlatformManager: Display: Loaded TargetPlatform 'Android_DXT'
[2025.03.26-05.35.55:685][  0]LogTargetPlatformManager: Display: Loaded TargetPlatform 'Android_ETC2'
[2025.03.26-05.35.55:685][  0]LogTargetPlatformManager: Display: Loaded TargetPlatform 'AndroidClient'
[2025.03.26-05.35.55:685][  0]LogTargetPlatformManager: Display: Loaded TargetPlatform 'Android_ASTCClient'
[2025.03.26-05.35.55:685][  0]LogTargetPlatformManager: Display: Loaded TargetPlatform 'Android_DXTClient'
[2025.03.26-05.35.55:685][  0]LogTargetPlatformManager: Display: Loaded TargetPlatform 'Android_ETC2Client'
[2025.03.26-05.35.55:685][  0]LogTargetPlatformManager: Display: Loaded TargetPlatform 'Android_Multi'
[2025.03.26-05.35.55:685][  0]LogTargetPlatformManager: Display: Loaded TargetPlatform 'Android_MultiClient'
[2025.03.26-05.35.55:700][  0]LogTargetPlatformManager: Display: Loaded TargetPlatform 'IOSClient'
[2025.03.26-05.35.55:700][  0]LogTargetPlatformManager: Display: Loaded TargetPlatform 'IOS'
[2025.03.26-05.35.55:708][  0]LogTargetPlatformManager: Display: Loaded TargetPlatform 'Linux'
[2025.03.26-05.35.55:712][  0]LogTargetPlatformManager: Display: Loaded TargetPlatform 'LinuxNoEditor'
[2025.03.26-05.35.55:717][  0]LogTargetPlatformManager: Display: Loaded TargetPlatform 'LinuxClient'
[2025.03.26-05.35.55:720][  0]LogTargetPlatformManager: Display: Loaded TargetPlatform 'LinuxServer'
[2025.03.26-05.35.55:728][  0]LogTargetPlatformManager: Display: Loaded TargetPlatform 'LinuxAArch64NoEditor'
[2025.03.26-05.35.55:731][  0]LogTargetPlatformManager: Display: Loaded TargetPlatform 'LinuxAArch64Client'
[2025.03.26-05.35.55:735][  0]LogTargetPlatformManager: Display: Loaded TargetPlatform 'LinuxAArch64Server'
[2025.03.26-05.35.55:753][  0]LogTargetPlatformManager: Display: Loaded TargetPlatform 'Lumin'
[2025.03.26-05.35.55:753][  0]LogTargetPlatformManager: Display: Loaded TargetPlatform 'LuminClient'
[2025.03.26-05.35.55:761][  0]LogTargetPlatformManager: Display: Loaded TargetPlatform 'MacNoEditor'
[2025.03.26-05.35.55:766][  0]LogTargetPlatformManager: Display: Loaded TargetPlatform 'Mac'
[2025.03.26-05.35.55:770][  0]LogTargetPlatformManager: Display: Loaded TargetPlatform 'MacClient'
[2025.03.26-05.35.55:773][  0]LogTargetPlatformManager: Display: Loaded TargetPlatform 'MacServer'
[2025.03.26-05.35.55:782][  0]LogTargetPlatformManager: Display: Loaded TargetPlatform 'TVOSClient'
[2025.03.26-05.35.55:782][  0]LogTargetPlatformManager: Display: Loaded TargetPlatform 'TVOS'
[2025.03.26-05.35.55:789][  0]LogTargetPlatformManager: Display: Loaded TargetPlatform 'WindowsNoEditor'
[2025.03.26-05.35.55:793][  0]LogTargetPlatformManager: Display: Loaded TargetPlatform 'Windows'
[2025.03.26-05.35.55:796][  0]LogTargetPlatformManager: Display: Loaded TargetPlatform 'WindowsClient'
[2025.03.26-05.35.55:800][  0]LogTargetPlatformManager: Display: Loaded TargetPlatform 'WindowsServer'
[2025.03.26-05.35.55:800][  0]LogTargetPlatformManager: Display: Building Assets For Windows
[2025.03.26-05.35.55:806][  0]LogAudioDebug: Display: Lib vorbis DLL was dynamically loaded.
[2025.03.26-05.35.55:830][  0]LogTextureFormatOodle: Display: Oodle Texture 2.9.0 init RDO Off
[2025.03.26-05.35.55:857][  0]LogRendererCore: Ray tracing is disabled. Reason: r.RayTracing=0.
[2025.03.26-05.35.55:857][  0]LogShaderCompilers: Guid format shader working directory is 4 characters bigger than the processId version (../../../../../../project/UE/room_escape/Intermediate/Shaders/WorkingDirectory/12808/).
[2025.03.26-05.35.55:857][  0]LogShaderCompilers: Cleaned the shader compiler working directory 'C:/Users/yjby/AppData/Local/Temp/UnrealShaderWorkingDir/5AAE1D614B1599722E531CBDE41287CC/'.
[2025.03.26-05.35.55:857][  0]LogXGEController: Cannot use XGE Controller as Incredibuild is not installed on this machine.
[2025.03.26-05.35.55:857][  0]LogShaderCompilers: Cannot use XGE Shader Compiler as Incredibuild is not installed on this machine.
[2025.03.26-05.35.55:857][  0]LogShaderCompilers: Display: Using Local Shader Compiler.
[2025.03.26-05.35.56:500][  0]LogDerivedDataCache: Display: Max Cache Size: 512 MB
[2025.03.26-05.35.56:551][  0]LogDerivedDataCache: Loaded boot cache 0.05s 94MB C:/Users/yjby/AppData/Local/UnrealEngine/4.27/DerivedDataCache/Boot.ddc.
[2025.03.26-05.35.56:551][  0]LogDerivedDataCache: Display: Loaded Boot cache: C:/Users/yjby/AppData/Local/UnrealEngine/4.27/DerivedDataCache/Boot.ddc
[2025.03.26-05.35.56:551][  0]LogDerivedDataCache: FDerivedDataBackendGraph:  Pak pak cache file ../../../../../../project/UE/room_escape/DerivedDataCache/DDC.ddp not found, will not use a pak cache.
[2025.03.26-05.35.56:551][  0]LogDerivedDataCache: Unable to find inner node Pak for hierarchical cache Hierarchy.
[2025.03.26-05.35.56:551][  0]LogDerivedDataCache: FDerivedDataBackendGraph:  CompressedPak pak cache file ../../../../../../project/UE/room_escape/DerivedDataCache/Compressed.ddp not found, will not use a pak cache.
[2025.03.26-05.35.56:552][  0]LogDerivedDataCache: Unable to find inner node CompressedPak for hierarchical cache Hierarchy.
[2025.03.26-05.35.56:568][  0]LogDerivedDataCache: Display: Pak cache opened for reading ../../../Engine/DerivedDataCache/Compressed.ddp.
[2025.03.26-05.35.56:568][  0]LogDerivedDataCache: FDerivedDataBackendGraph:  EnterprisePak pak cache file ../../../Enterprise/DerivedDataCache/Compressed.ddp not found, will not use a pak cache.
[2025.03.26-05.35.56:568][  0]LogDerivedDataCache: Unable to find inner node EnterprisePak for hierarchical cache Hierarchy.
[2025.03.26-05.35.56:573][  0]LogDerivedDataCache: Speed tests for C:/Users/yjby/AppData/Local/UnrealEngine/Common/DerivedDataCache took 0.00 seconds
[2025.03.26-05.35.56:573][  0]LogDerivedDataCache: Display: Performance to C:/Users/yjby/AppData/Local/UnrealEngine/Common/DerivedDataCache: Latency=0.02ms. RandomReadSpeed=1511.93MBs, RandomWriteSpeed=250.75MBs. Assigned SpeedClass 'Local'
[2025.03.26-05.35.56:574][  0]LogDerivedDataCache: Using Local data cache path C:/Users/yjby/AppData/Local/UnrealEngine/Common/DerivedDataCache: Writable
[2025.03.26-05.35.56:574][  0]LogDerivedDataCache: Shared data cache path not found in *engine.ini, will not use an Shared cache.
[2025.03.26-05.35.56:574][  0]LogDerivedDataCache: Unable to find inner node Shared for hierarchical cache Hierarchy.
[2025.03.26-05.35.56:611][  0]LogSlate: Using FreeType 2.10.0
[2025.03.26-05.35.56:612][  0]LogSlate: SlateFontServices - WITH_FREETYPE: 1, WITH_HARFBUZZ: 1
[2025.03.26-05.35.56:635][  0]LogAssetRegistry: FAssetRegistry took 0.0024 seconds to start up
[2025.03.26-05.35.56:862][  0]LogInit: Selected Device Profile: [Windows]
[2025.03.26-05.35.56:862][  0]LogInit: Active device profile: [000001DF9D283900][000001DF979F9500 49] Windows
[2025.03.26-05.35.56:862][  0]LogInit: Profiles: [000001DF9D283900][000001DF979F9500 49] Windows, [000001DF9D238900][000001DF97A19680 49] WindowsNoEditor, [000001DF9D280900][000001DF97A1D800 49] WindowsServer, [000001DF9D23B100][000001DF97A21980 49] WindowsClient, [000001DF9D283000][000001DF97A25B00 49] IOS, [000001DF9D239200][000001DF97A28100 49] iPadAir, [000001DF9D281100][000001DF97A2C280 49] iPadAir2, [000001DF9D088100][000001DF97A34540 49] IPadPro, [000001DF9D088200][000001DF97A30580 49] iPadAir3, [000001DF9D282A00][000001DF97A4C700 49] iPadAir4, [000001DF9D08B200][000001DF979FC840 49] iPadMini2, [000001DF9D281600][000001DF97A58980 49] iPadMini3, [000001DF9D089500][000001DF97D6EAC0 49] iPadMini4, [000001DF9D282200][000001DF97D76C40 49] iPadMini5, [000001DF9D07B900][000001DF97DA4F00 49] iPhone6, [000001DF9D07BA00][000001DF97DA0F40 49] iPodTouch6, [000001DF9D08AF00][000001DF97DB5200 49] iPhone7, [000001DF9D08AE00][000001DF97DAD240 49] iPodTouch7, [000001DF9D078D00][000001DF95FE13C0 49] iPhone5S, [000001DF9D088E00][000001DF96005540 49] iPhone6Plus, [000001DF9D07AC00][000001DF960096C0 49] iPhone6S, [000001DF9D08B400][000001DF9CA01840 49] iPhone6SPlus, [000001DF9D079500][000001DF9CA3F9C0 49] iPhone7Plus, [000001DF9D08BB00][000001DF9CA43B40 49] iPhoneSE, [000001DF9D07A400][000001DF9CA46140 49] iPhone8, [000001DF9D089600][000001DF9CA4A2C0 49] iPhone8Plus, [000001DF9D07BF00][000001DF9CA4E440 49] iPhoneX, [000001DF9D08B100][000001DF9CA525C0 49] iPhoneXS, [000001DF9D078500][000001DF9DC70740 49] iPhoneXSMax, [000001DF9D089900][000001DF92BEE8C0 49] iPhoneXR, [000001DF9D07A900][000001DF97D72A00 49] iPhone11, [000001DF9D08AB00][000001DF92BF2B40 49] iPhone11Pro, [000001DF9D079700][000001DF9DC74C80 49] iPhone11ProMax, [000001DF9D08B800][000001DF97B36DC0 49] iPhoneSE2, [000001DF9D07B400][000001DF9E366F40 49] iPhone12Mini, [000001DF9D089C00][000001DF9E3A70C0 49] iPhone12, [000001DF9D07AA00][000001DF9E3AF240 49] iPhone12Pro, [000001DF9D089300][000001DF9E3B33C0 49] iPhone12ProMax, [000001DF9D07A600][000001DF9E3C7540 49] iPadPro105, [000001DF9D088B00][000001DF9E3D56C0 49] iPadPro129, [000001DF9D079600][000001DF9E3D9840 49] iPadPro97, [000001DF9D08BF00][000001DF9E3E79C0 49] iPadPro2_129, [000001DF9D079900][000001DF9E3EBB40 49] iPad5, [000001DF9D088900][000001DF9E3FE140 49] iPad6, [000001DF9D07A100][000001DF9E4022C0 49] iPad7, [000001DF9D088300][000001DF9E406440 49] iPad8, [000001DF9D07B200][000001DF9E40A5C0 49] iPadPro11, [000001DF9D08A200][000001DF9DE9A740 49] iPadPro2_11, [000001DF9D079800][000001DF9DE9E8C0 49] iPadPro3_129, [000001DF9D088D00][000001DF9DC00A40 49] iPadPro4_129, [000001DF9D07B000][000001DF9DC78B80 49] AppleTV, [000001DF9D08A400][000001DF9DC18CC0 49] AppleTV4K, [000001DF9D07AF00][000001DF9DF12E00 49] TVOS, [000001DF9D08BE00][000001DF9DF28F40 49] Mac, [000001DF9D07AD00][000001DF9DF7B0C0 49] MacClient, [000001DF9D088F00][000001DF9DF7F240 49] MacNoEditor, [000001DF9D079000][000001DF9DFBF3C0 49] MacServer, [000001DF9D088800][000001DF9DFC3540 49] Linux, [000001DF9D078900][000001DF9DFC76C0 49] LinuxAArch64, [000001DF9D08BD00][000001DF9DFCB840 49] LinuxNoEditor, [000001DF9D079A00][000001DF9DFCF9C0 49] LinuxAArch64NoEditor, [000001DF9D08A600][000001DF9DFD7B40 49] LinuxClient, [000001DF9D07AB00][000001DF9DFDA140 49] LinuxAArch64Client, [000001DF9D08A000][000001DF9DFDE2C0 49] LinuxServer, [000001DF9D079300][000001DF9DFE2440 49] LinuxAArch64Server, [000001DF9D08BC00][000001DF9DFE65C0 49] Android, [000001DF9D23AF00][000001DF9DFF4740 49] Android_Low, [000001DF9D2C1B00][000001DF9DFF88C0 49] Android_Mid, [000001DF9D23BD00][000001DF9DFFCA40 49] Android_High, [000001DF9D2C1400][000001DF9DC50BC0 49] Android_Default, [000001DF9D238300][000001DF9DC54D40 49] Android_Adreno4xx, [000001DF9D2C1E00][000001DF9DF76E80 49] Android_Adreno5xx_Low, [000001DF9D23B700][000001DF9DC58FC0 49] Android_Adreno5xx, [000001DF9D2C1A00][000001DF9DC5D100 49] Android_Adreno6xx, [000001DF9D239000][000001DF9DFEB280 49] Android_Adreno6xx_Vulkan, [000001DF9D2C0B00][000001DF9DC6D400 49] Android_Mali_T6xx, [000001DF9D239500][000001DF92BC9580 49] Android_Mali_T7xx, [000001DF9D2C1100][000001DF92BCD700 49] Android_Mali_T8xx, [000001DF9D238700][000001DF92BD1880 49] Android_Mali_G71, [000001DF9D2C0400][000001DF92BD5A00 49] Android_Mali_G72, [000001DF9D239600][000001DF92BD9B80 49] Android_Mali_G72_Vulkan, [000001DF9D2C1D00][000001DF97DA8180 49] Android_Mali_G76, [000001DF9D239C00][000001DF97DB0300 49] Android_Mali_G76_Vulkan, [000001DF9D2C0600][000001DF92BDC480 49] Android_Mali_G77, [000001DF9D238D00][000001DF92BE0600 49] Android_Mali_G77_Vulkan, [000001DF9D2C2C00][000001DF92BE4780 49] Android_Mali_G78, [000001DF9D23AB00][000001DF92BE8900 49] Android_Mali_G78_Vulkan, [000001DF9D2C0D00][000001DF95FB0A80 49] Android_Mali_G710, [000001DF9D239D00][000001DF95FB4C00 49] Android_Mali_G710_Vulkan, [000001DF9D2C1F00][000001DF95FB8D80 49] Android_Vulkan_SM5, [000001DF9D088600][000001DF95FBCF00 49] Android_PowerVR_G6xxx, [000001DF9D2C2800][000001DF9DFD3040 49] Android_PowerVR_GT7xxx, [000001DF9D08B300][000001DF95FC1180 49] Android_PowerVR_GE8xxx, [000001DF9D2C2900][000001DF95FC52C0 49] Android_PowerVR_GM9xxx, [000001DF9D088700][000001DF95FCD440 49] Android_PowerVR_GM9xxx_Vulkan, [000001DF9D2C1000][000001DF95FD15C0 49] Android_TegraK1, [000001DF9D08A100][000001DF95FD5740 49] Android_Unknown_Vulkan, [000001DF9D2C0E00][000001DF92AC38C0 49] Lumin, [000001DF9D089A00][000001DF92AC7A40 49] Lumin_Desktop, [000001DF9D2C2300][000001DF92ACBBC0 49] HoloLens, 
[2025.03.26-05.35.56:986][  0]LogMeshReduction: Using QuadricMeshReduction for automatic static mesh reduction
[2025.03.26-05.35.56:986][  0]LogMeshReduction: Using SimplygonMeshReduction for automatic skeletal mesh reduction
[2025.03.26-05.35.56:986][  0]LogMeshReduction: Using ProxyLODMeshReduction for automatic mesh merging
[2025.03.26-05.35.56:986][  0]LogMeshReduction: No distributed automatic mesh merging module available
[2025.03.26-05.35.56:986][  0]LogMeshMerging: No distributed automatic mesh merging module available
[2025.03.26-05.35.56:998][  0]LogNetVersion: room_escape 1.0.0, NetCL: 17155196, EngineNetVer: 17, GameNetVer: 0 (Checksum: 143463569)
[2025.03.26-05.35.57:333][  0]LogTexture: Default maximum texture size for cubemaps generated from long-lat sources has been changed from 512 to unlimited. In order to preserve old behaiour for '/Engine/MapTemplates/Sky/DaylightAmbientCubemap.DaylightAmbientCubemap', its maximum texture size has been explicitly set to 512.
[2025.03.26-05.35.57:382][  0]LogHMD: PokeAHoleMaterial loaded successfully
[2025.03.26-05.35.57:387][  0]LogUObjectArray: 17178 objects as part of root set at end of initial load.
[2025.03.26-05.35.57:387][  0]LogUObjectAllocator: 4302048 out of 0 bytes used by permanent object pool.
[2025.03.26-05.35.57:387][  0]LogUObjectArray: CloseDisregardForGC: 0/0 objects in disregard for GC pool
[2025.03.26-05.35.57:621][  0]LogNiagaraDebuggerClient: Niagara Debugger Client Initialized | Session: 4CCC70324AC85DE83BDA38A5F7A12B38 | Instance: 6DF5B0744D2BB4E5A78C1A805CAE6548 (一介白衣-12808).
[2025.03.26-05.35.57:652][  0]LogPython: Using Python 3.7.7
[2025.03.26-05.35.58:143][  0]LogUdpMessaging: Initializing bridge on interface 0.0.0.0:0 to multicast group 230.0.0.1:6666.
[2025.03.26-05.35.58:150][  0]LogTcpMessaging: Initializing TcpMessaging bridge
[2025.03.26-05.35.58:283][  0]SourceControl: Source control is disabled
[2025.03.26-05.35.58:283][  0]SourceControl: Source control is disabled
[2025.03.26-05.35.58:286][  0]SourceControl: Source control is disabled
[2025.03.26-05.35.58:299][  0]SourceControl: Source control is disabled
[2025.03.26-05.35.58:307][  0]SourceControl: Source control is disabled
[2025.03.26-05.35.58:323][  0]LogUProjectInfo: Found projects:
[2025.03.26-05.35.58:466][  0]LogOpenImageDenoise: OIDN starting up
[2025.03.26-05.35.58:513][  0]LogAndroidPermission: UAndroidPermissionCallbackProxy::GetInstance
[2025.03.26-05.35.58:537][  0]LogAudioCaptureCore: Display: No Audio Capture implementations found. Audio input will be silent.
[2025.03.26-05.35.58:537][  0]LogAudioCaptureCore: Display: No Audio Capture implementations found. Audio input will be silent.
[2025.03.26-05.35.58:658][  0]LogCollectionManager: Loaded 0 collections in 0.000522 seconds
[2025.03.26-05.35.58:677][  0]LogFileCache: Scanning file cache for directory 'D:/project/UE/room_escape/Saved/Collections/' took 0.00s
[2025.03.26-05.35.58:677][  0]LogFileCache: Scanning file cache for directory 'D:/project/UE/room_escape/Content/Developers/yjby/Collections/' took 0.00s
[2025.03.26-05.35.58:677][  0]LogFileCache: Scanning file cache for directory 'D:/project/UE/room_escape/Content/Collections/' took 0.00s
[2025.03.26-05.35.58:677][  0]LogOcInput: OculusInput pre-init called
[2025.03.26-05.35.58:910][  0]LogEngine: Initializing Engine...
[2025.03.26-05.35.58:915][  0]LogHMD: Failed to enumerate extensions. Please check that you have a valid OpenXR runtime installed.
[2025.03.26-05.35.58:915][  0]LogHMD: Failed to initialize OpenVR with code 110
[2025.03.26-05.35.58:915][  0]LogMagicLeap: Warning: VR disabled because ZI is not enabled.  To enable, in the editor, Edit -> Project Settings -> Plugins -> Magic Leap Plugin -> Enable Zero Iteration
[2025.03.26-05.35.58:916][  0]LogStats: UGameplayTagsManager::InitializeManager -  0.000 s
[2025.03.26-05.35.59:023][  0]LogInit: Initializing FReadOnlyCVARCache
[2025.03.26-05.35.59:033][  0]LogAIModule: Creating AISystem for world Untitled
[2025.03.26-05.35.59:034][  0]LogAudio: Display: Initializing Audio Device Manager...
[2025.03.26-05.35.59:039][  0]LogAudio: Display: Loading Default Audio Settings Objects...
[2025.03.26-05.35.59:040][  0]LogAudio: Display: No default SoundConcurrencyObject specified (or failed to load).
[2025.03.26-05.35.59:040][  0]LogAudio: Display: Audio Device Manager Initialized
[2025.03.26-05.35.59:040][  0]LogAudio: Display: Creating Audio Device:                 Id: 1, Scope: Shared, Realtime: True
[2025.03.26-05.35.59:040][  0]LogAudioMixer: Display: Audio Mixer Platform Settings:
[2025.03.26-05.35.59:040][  0]LogAudioMixer: Display: 	Sample Rate:						  48000
[2025.03.26-05.35.59:040][  0]LogAudioMixer: Display: 	Callback Buffer Frame Size Requested: 1024
[2025.03.26-05.35.59:040][  0]LogAudioMixer: Display: 	Callback Buffer Frame Size To Use:	  1024
[2025.03.26-05.35.59:041][  0]LogAudioMixer: Display: 	Number of buffers to queue:			  2
[2025.03.26-05.35.59:041][  0]LogAudioMixer: Display: 	Max Channels (voices):				  32
[2025.03.26-05.35.59:041][  0]LogAudioMixer: Display: 	Number of Async Source Workers:		  0
[2025.03.26-05.35.59:041][  0]LogAudio: Display: AudioDevice MaxSources: 32
[2025.03.26-05.35.59:041][  0]LogAudio: Display: Audio Spatialization Plugin: None (built-in).
[2025.03.26-05.35.59:041][  0]LogAudio: Display: Audio Reverb Plugin: None (built-in).
[2025.03.26-05.35.59:041][  0]LogAudio: Display: Audio Occlusion Plugin: None (built-in).
[2025.03.26-05.35.59:041][  0]LogAudioMixer: Display: Initializing audio mixer.
[2025.03.26-05.35.59:050][  0]LogAudioMixer: Display: 0: FrontLeft
[2025.03.26-05.35.59:050][  0]LogAudioMixer: Display: 1: FrontRight
[2025.03.26-05.35.59:159][  0]LogAudioMixer: Display: Using Audio Device 扬声器 (适用于 I2S 音频的英特尔® 智音技术)
[2025.03.26-05.35.59:161][  0]LogAudioMixer: Display: Initializing Sound Submixes...
[2025.03.26-05.35.59:163][  0]LogAudioMixer: Display: Creating Master Submix 'MasterSubmixDefault'
[2025.03.26-05.35.59:163][  0]LogAudioMixer: Display: Creating Master Submix 'MasterReverbSubmixDefault'
[2025.03.26-05.35.59:164][  0]LogAudioMixer: Display: Creating Master Submix 'MasterEQSubmixDefault'
[2025.03.26-05.35.59:164][  0]LogAudioMixer: FMixerPlatformXAudio2::StartAudioStream() called
[2025.03.26-05.35.59:164][  0]LogAudioMixer: Display: Output buffers initialized: Frames=1024, Channels=2, Samples=2048
[2025.03.26-05.35.59:165][  0]LogAudioMixer: Display: Starting AudioMixerPlatformInterface::RunInternal()
[2025.03.26-05.35.59:165][  0]LogAudioMixer: Display: FMixerPlatformXAudio2::SubmitBuffer() called for the first time
[2025.03.26-05.35.59:165][  0]LogInit: FAudioDevice initialized.
[2025.03.26-05.35.59:165][  0]LogAudio: Display: Audio Device (ID: 1) registered with world 'Untitled'.
[2025.03.26-05.35.59:165][  0]LogNetVersion: Set ProjectVersion to 1.0.0.0. Version Checksum will be recalculated on next use.
[2025.03.26-05.35.59:218][  0]LogDerivedDataCache: Saved boot cache 0.05s 94MB C:/Users/yjby/AppData/Local/UnrealEngine/4.27/DerivedDataCache/Boot.ddc.
[2025.03.26-05.35.59:219][  0]LogInit: Texture streaming: Enabled
[2025.03.26-05.35.59:231][  0]LogAnalytics: Display: [UEEditor.Rocket.Release] APIServer = https://datarouter.ol.epicgames.com/. AppVersion = 4.27.2-18319896+++UE4+Release-4.27
[2025.03.26-05.35.59:234][  0]LogEngineSessionManager: EngineSessionManager initialized
[2025.03.26-05.35.59:234][  0]LogEditorSessionSummary: Verbose: Initializing EditorSessionSummaryWriter for editor session tracking
[2025.03.26-05.35.59:235][  0]LogEditorSessionSummary: EditorSessionSummaryWriter initialized
[2025.03.26-05.35.59:256][  0]LogInit: Transaction tracking system initialized
[2025.03.26-05.35.59:276][  0]BlueprintLog: New page: Editor Load
[2025.03.26-05.35.59:325][  0]LocalizationService: Localization service is disabled
[2025.03.26-05.35.59:345][  0]TimingProfiler: Initialize
[2025.03.26-05.35.59:345][  0]TimingProfiler: OnSessionChanged
[2025.03.26-05.35.59:345][  0]LoadingProfiler: Initialize
[2025.03.26-05.35.59:345][  0]LoadingProfiler: OnSessionChanged
[2025.03.26-05.35.59:345][  0]NetworkingProfiler: Initialize
[2025.03.26-05.35.59:345][  0]NetworkingProfiler: OnSessionChanged
[2025.03.26-05.35.59:345][  0]MemoryProfiler: Initialize
[2025.03.26-05.35.59:345][  0]MemoryProfiler: OnSessionChanged
[2025.03.26-05.35.59:461][  0]LogCook: Display: CookSettings for Memory: MemoryMaxUsedVirtual 0MiB, MemoryMaxUsedPhysical 16384MiB, MemoryMinFreeVirtual 0MiB, MemoryMinFreePhysical 1024MiB
[2025.03.26-05.35.59:461][  0]LogCook: Display: Mobile HDR setting 1
[2025.03.26-05.35.59:626][  0]LogFileCache: Scanning file cache for directory 'D:/project/UE/room_escape/Content/' took 0.01s
[2025.03.26-05.35.59:823][  0]LogInit: Display: Engine is initialized. Leaving FEngineLoop::Init()
[2025.03.26-05.35.59:827][  0]SourceControl: Source control is disabled
[2025.03.26-05.35.59:990][  0]LogSlate: Took 0.000160 seconds to synchronously load lazily loaded font '../../../Engine/Content/Slate/Fonts/Roboto-Regular.ttf' (155K)
[2025.03.26-05.36.06:298][  0]LogSlate: Window 'Restore Packages' being destroyed
[2025.03.26-05.36.11:603][  0]LogSlate: Window 'Unable to Check Out From Source Control!' being destroyed
[2025.03.26-05.36.11:617][  0]Message dialog closed, result: Ok, title: Unable to Check Out From Source Control!, text: The following assets could not be successfully checked out from source control:
/Game/ThirdPersonBP/Maps/ThirdPersonExampleMap
/Game/BP/Second/BP_Button
/Game/BP/Second/BP_MagicWall
/Game/BP/Second/BP_Table
[2025.03.26-05.36.11:635][  0]LogUnrealEdMisc: Loading editor; pre map load, took 17.939
[2025.03.26-05.36.11:636][  0]Cmd: MAP LOAD FILE="../../../../../../project/UE/room_escape/Content/ThirdPersonBP/Maps/ThirdPersonExampleMap.umap" TEMPLATE=0 SHOWPROGRESS=1 FEATURELEVEL=3
[2025.03.26-05.36.11:645][  0]LightingResults: New page: Lighting Build
[2025.03.26-05.36.11:647][  0]LogWorld: UWorld::CleanupWorld for Untitled, bSessionEnded=true, bCleanupResources=true
[2025.03.26-05.36.11:647][  0]LogSlate: InvalidateAllWidgets triggered.  All widgets were invalidated
[2025.03.26-05.36.11:648][  0]MapCheck: New page: Map Check
[2025.03.26-05.36.11:648][  0]LightingResults: New page: Lighting Build
[2025.03.26-05.36.11:655][  0]LogAudio: Display: Audio Device unregistered from world 'None'.
[2025.03.26-05.36.11:659][  0]LogUObjectHash: Compacting FUObjectHashTables data took   1.67ms
[2025.03.26-05.36.12:085][  0]LogLinker: Warning: [AssetLog] D:\project\UE\room_escape\Content\BP\Second\BP_Table.uasset: Failed to load '/Game/BP/Second/BP_TextRendor': Can't find file.
[2025.03.26-05.36.12:085][  0]LogLinker: Warning: [AssetLog] D:\project\UE\room_escape\Content\BP\Second\BP_Table.uasset: Failed to load '/Game/BP/Second/BP_TextRendor': Can't find file.
[2025.03.26-05.36.12:098][  0]LogLinker: Warning: [AssetLog] D:\project\UE\room_escape\Content\BP\Second\BP_TriggerArea.uasset: Failed to load '/Game/BP/Second/BP_TextRendor': Can't find file.
[2025.03.26-05.36.12:182][  0]LogLinker: Warning: [AssetLog] D:\project\UE\room_escape\Content\BP\Second\BP_TriggerArea.uasset: Failed to load '/Game/BP/Second/BP_TextRendor': Can't find file.
[2025.03.26-05.36.12:197][  0]LogLinker: Warning: [AssetLog] D:\project\UE\room_escape\Content\BP\Second\BP_TriggerArea.uasset: Failed to load '/Game/BP/Second/BP_TextRendor': Can't find file.
[2025.03.26-05.36.12:198][  0]LogLinker: Warning: [AssetLog] D:\project\UE\room_escape\Content\BP\Second\BP_TriggerArea.uasset: Failed to load '/Game/BP/Second/BP_TextRendor': Can't find file.
[2025.03.26-05.36.12:198][  0]LogLinker: Warning: [AssetLog] D:\project\UE\room_escape\Content\BP\Second\BP_TriggerArea.uasset: Failed to load '/Game/BP/Second/BP_TextRendor': Can't find file.
[2025.03.26-05.36.12:198][  0]LoadErrors: Failed to load /Game/BP/Second/BP_TextRendor.BP_TextRendor_C Referenced by BP_Table
[2025.03.26-05.36.12:199][  0]LogLinker: Warning: [AssetLog] D:\project\UE\room_escape\Content\BP\Second\BP_TriggerArea.uasset: Failed to load '/Game/BP/Second/BP_TextRendor': Can't find file.
[2025.03.26-05.36.12:199][  0]LoadErrors: Failed to load /Game/BP/Second/BP_TextRendor.BP_TextRendor_C Referenced by K2Node_VariableGet_4
[2025.03.26-05.36.12:199][  0]LogLinker: Warning: [AssetLog] D:\project\UE\room_escape\Content\BP\Second\BP_TriggerArea.uasset: Failed to load '/Game/BP/Second/BP_TextRendor': Can't find file.
[2025.03.26-05.36.12:199][  0]LoadErrors: Failed to load /Game/BP/Second/BP_TextRendor.BP_TextRendor_C Referenced by K2Node_CallFunction_5
[2025.03.26-05.36.12:199][  0]LogLinker: Warning: [AssetLog] D:\project\UE\room_escape\Content\BP\Second\BP_TriggerArea.uasset: Failed to load '/Game/BP/Second/BP_TextRendor': Can't find file.
[2025.03.26-05.36.12:199][  0]LoadErrors: Failed to load /Game/BP/Second/BP_TextRendor.BP_TextRendor_C Referenced by K2Node_CallFunction_5
[2025.03.26-05.36.12:199][  0]LogLinker: Warning: [AssetLog] D:\project\UE\room_escape\Content\BP\Second\BP_TriggerArea.uasset: Failed to load '/Game/BP/Second/BP_TextRendor': Can't find file.
[2025.03.26-05.36.12:199][  0]LoadErrors: Failed to load /Game/BP/Second/BP_TextRendor.BP_TextRendor_C Referenced by K2Node_CallFunction_1
[2025.03.26-05.36.12:199][  0]LogLinker: Warning: [AssetLog] D:\project\UE\room_escape\Content\BP\Second\BP_TriggerArea.uasset: Failed to load '/Game/BP/Second/BP_TextRendor': Can't find file.
[2025.03.26-05.36.12:199][  0]LoadErrors: Failed to load /Game/BP/Second/BP_TextRendor.BP_TextRendor_C Referenced by K2Node_CallFunction_1
[2025.03.26-05.36.12:200][  0]LogLinker: Warning: [AssetLog] D:\project\UE\room_escape\Content\BP\Second\BP_Table.uasset: Failed to load '/Game/BP/Second/BP_TextRendor': Can't find file.
[2025.03.26-05.36.12:201][  0]LogLinker: Warning: [AssetLog] D:\project\UE\room_escape\Content\BP\Second\BP_MagicWall.uasset: Failed to load '/Game/BP/Second/BP_TextRendor': Can't find file.
[2025.03.26-05.36.12:201][  0]LogLinker: Warning: [AssetLog] D:\project\UE\room_escape\Content\BP\Second\BP_MagicWall.uasset: Failed to load '/Game/BP/Second/BP_TextRendor': Can't find file.
[2025.03.26-05.36.12:201][  0]LogLinker: Warning: [AssetLog] D:\project\UE\room_escape\Content\BP\Second\BP_MagicWall.uasset: Failed to load '/Game/BP/Second/BP_TextRendor': Can't find file.
[2025.03.26-05.36.12:201][  0]LoadErrors: Failed to load /Game/BP/Second/BP_TextRendor.BP_TextRendor_C Referenced by BP_Button
[2025.03.26-05.36.12:202][  0]LogLinker: Warning: [AssetLog] D:\project\UE\room_escape\Content\BP\Second\BP_MagicWall.uasset: Failed to load '/Game/BP/Second/BP_TextRendor': Can't find file.
[2025.03.26-05.36.12:202][  0]LoadErrors: Failed to load /Game/BP/Second/BP_TextRendor.BP_TextRendor_C Referenced by K2Node_VariableGet_16
[2025.03.26-05.36.12:202][  0]LogLinker: Warning: [AssetLog] D:\project\UE\room_escape\Content\BP\Second\BP_MagicWall.uasset: Failed to load '/Game/BP/Second/BP_TextRendor': Can't find file.
[2025.03.26-05.36.12:202][  0]LoadErrors: Failed to load /Game/BP/Second/BP_TextRendor.BP_TextRendor_C Referenced by K2Node_CallFunction_23
[2025.03.26-05.36.12:202][  0]LogLinker: Warning: [AssetLog] D:\project\UE\room_escape\Content\BP\Second\BP_MagicWall.uasset: Failed to load '/Game/BP/Second/BP_TextRendor': Can't find file.
[2025.03.26-05.36.12:202][  0]LoadErrors: Failed to load /Game/BP/Second/BP_TextRendor.BP_TextRendor_C Referenced by K2Node_CallFunction_23
[2025.03.26-05.36.12:203][  0]LogLinker: Warning: [AssetLog] D:\project\UE\room_escape\Content\BP\Second\BP_MagicWall.uasset: Failed to load '/Game/BP/Second/BP_TextRendor': Can't find file.
[2025.03.26-05.36.12:203][  0]LoadErrors: Failed to load /Game/BP/Second/BP_TextRendor.BP_TextRendor_C Referenced by K2Node_VariableGet_15
[2025.03.26-05.36.12:203][  0]LogLinker: Warning: [AssetLog] D:\project\UE\room_escape\Content\BP\Second\BP_MagicWall.uasset: Failed to load '/Game/BP/Second/BP_TextRendor': Can't find file.
[2025.03.26-05.36.12:203][  0]LoadErrors: Failed to load /Game/BP/Second/BP_TextRendor.BP_TextRendor_C Referenced by K2Node_CallFunction_22
[2025.03.26-05.36.12:203][  0]LogLinker: Warning: [AssetLog] D:\project\UE\room_escape\Content\BP\Second\BP_MagicWall.uasset: Failed to load '/Game/BP/Second/BP_TextRendor': Can't find file.
[2025.03.26-05.36.12:203][  0]LoadErrors: Failed to load /Game/BP/Second/BP_TextRendor.BP_TextRendor_C Referenced by K2Node_CallFunction_22
[2025.03.26-05.36.12:210][  0]LogBlueprint: Error: [AssetLog] D:\project\UE\room_escape\Content\BP\Second\BP_Button.uasset: [Compiler] In use pin  <Unnamed>  no longer exists on node  Set Text . Please refresh node or break links to remove pin.
[2025.03.26-05.36.12:210][  0]LogBlueprint: Error: [AssetLog] D:\project\UE\room_escape\Content\BP\Second\BP_Button.uasset: [Compiler] In use pin  <Unnamed>  no longer exists on node  Set Text . Please refresh node or break links to remove pin.
[2025.03.26-05.36.12:210][  0]LogBlueprint: Error: [AssetLog] D:\project\UE\room_escape\Content\BP\Second\BP_Button.uasset: [Compiler] In use pin  Target  no longer exists on node  Set Text . Please refresh node or break links to remove pin.
[2025.03.26-05.36.12:210][  0]LogBlueprint: Warning: [AssetLog] D:\project\UE\room_escape\Content\BP\Second\BP_Button.uasset: [Compiler] Input pin  Text Content  specifying non-default value no longer exists on node  Set Text . Please refresh node or reset pin to default value to remove pin.
[2025.03.26-05.36.12:210][  0]LogBlueprint: Error: [AssetLog] D:\project\UE\room_escape\Content\BP\Second\BP_Button.uasset: [Compiler] Could not find a function named "SetText" in 'BP_Button'.
Make sure 'BP_Button' has been compiled for  Set Text
[2025.03.26-05.36.12:210][  0]LogBlueprint: Error: [AssetLog] D:\project\UE\room_escape\Content\BP\Second\BP_Button.uasset: [Compiler] In use pin  Text Render  no longer exists on node  Get . Please refresh node or break links to remove pin.
[2025.03.26-05.36.12:210][  0]LogBlueprint: Error: [AssetLog] D:\project\UE\room_escape\Content\BP\Second\BP_Button.uasset: [Compiler] In use pin  <Unnamed>  no longer exists on node  Set Text . Please refresh node or break links to remove pin.
[2025.03.26-05.36.12:211][  0]LogBlueprint: Error: [AssetLog] D:\project\UE\room_escape\Content\BP\Second\BP_Button.uasset: [Compiler] In use pin  <Unnamed>  no longer exists on node  Set Text . Please refresh node or break links to remove pin.
[2025.03.26-05.36.12:211][  0]LogBlueprint: Error: [AssetLog] D:\project\UE\room_escape\Content\BP\Second\BP_Button.uasset: [Compiler] In use pin  Target  no longer exists on node  Set Text . Please refresh node or break links to remove pin.
[2025.03.26-05.36.12:211][  0]LogBlueprint: Warning: [AssetLog] D:\project\UE\room_escape\Content\BP\Second\BP_Button.uasset: [Compiler] Input pin  Is Visibility  specifying non-default value no longer exists on node  Set Text . Please refresh node or reset pin to default value to remove pin.
[2025.03.26-05.36.12:211][  0]LogBlueprint: Warning: [AssetLog] D:\project\UE\room_escape\Content\BP\Second\BP_Button.uasset: [Compiler] Input pin  Text Content  specifying non-default value no longer exists on node  Set Text . Please refresh node or reset pin to default value to remove pin.
[2025.03.26-05.36.12:211][  0]LogBlueprint: Error: [AssetLog] D:\project\UE\room_escape\Content\BP\Second\BP_Button.uasset: [Compiler] Could not find a function named "SetText" in 'BP_Button'.
Make sure 'BP_Button' has been compiled for  Set Text
[2025.03.26-05.36.12:211][  0]LogBlueprint: Error: [AssetLog] D:\project\UE\room_escape\Content\BP\Second\BP_Button.uasset: [Compiler] In use pin  Text Render  no longer exists on node  Get . Please refresh node or break links to remove pin.
[2025.03.26-05.36.12:216][  0]LogBlueprint: Error: [AssetLog] D:\project\UE\room_escape\Content\BP\Second\BP_Table.uasset: [Compiler] In use pin  <Unnamed>  no longer exists on node  Set Text . Please refresh node or break links to remove pin.
[2025.03.26-05.36.12:216][  0]LogBlueprint: Error: [AssetLog] D:\project\UE\room_escape\Content\BP\Second\BP_Table.uasset: [Compiler] In use pin  <Unnamed>  no longer exists on node  Set Text . Please refresh node or break links to remove pin.
[2025.03.26-05.36.12:216][  0]LogBlueprint: Error: [AssetLog] D:\project\UE\room_escape\Content\BP\Second\BP_Table.uasset: [Compiler] In use pin  Target  no longer exists on node  Set Text . Please refresh node or break links to remove pin.
[2025.03.26-05.36.12:216][  0]LogBlueprint: Error: [AssetLog] D:\project\UE\room_escape\Content\BP\Second\BP_Table.uasset: [Compiler] Could not find a function named "SetText" in 'BP_Table'.
Make sure 'BP_Table' has been compiled for  Set Text
[2025.03.26-05.36.12:216][  0]LogBlueprint: Error: [AssetLog] D:\project\UE\room_escape\Content\BP\Second\BP_Table.uasset: [Compiler] In use pin  <Unnamed>  no longer exists on node  Set Text . Please refresh node or break links to remove pin.
[2025.03.26-05.36.12:216][  0]LogBlueprint: Error: [AssetLog] D:\project\UE\room_escape\Content\BP\Second\BP_Table.uasset: [Compiler] In use pin  <Unnamed>  no longer exists on node  Set Text . Please refresh node or break links to remove pin.
[2025.03.26-05.36.12:217][  0]LogBlueprint: Error: [AssetLog] D:\project\UE\room_escape\Content\BP\Second\BP_Table.uasset: [Compiler] In use pin  Target  no longer exists on node  Set Text . Please refresh node or break links to remove pin.
[2025.03.26-05.36.12:217][  0]LogBlueprint: Warning: [AssetLog] D:\project\UE\room_escape\Content\BP\Second\BP_Table.uasset: [Compiler] Input pin  Is Visibility  specifying non-default value no longer exists on node  Set Text . Please refresh node or reset pin to default value to remove pin.
[2025.03.26-05.36.12:217][  0]LogBlueprint: Warning: [AssetLog] D:\project\UE\room_escape\Content\BP\Second\BP_Table.uasset: [Compiler] Input pin  Text Content  specifying non-default value no longer exists on node  Set Text . Please refresh node or reset pin to default value to remove pin.
[2025.03.26-05.36.12:217][  0]LogBlueprint: Error: [AssetLog] D:\project\UE\room_escape\Content\BP\Second\BP_Table.uasset: [Compiler] Could not find a function named "SetText" in 'BP_Table'.
Make sure 'BP_Table' has been compiled for  Set Text
[2025.03.26-05.36.12:217][  0]LogBlueprint: Error: [AssetLog] D:\project\UE\room_escape\Content\BP\Second\BP_Table.uasset: [Compiler] In use pin  Text Render  no longer exists on node  Get . Please refresh node or break links to remove pin.
[2025.03.26-05.36.12:224][  0]LogLinker: Warning: [AssetLog] D:\project\UE\room_escape\Content\BP\Second\BP_Button.uasset: Failed to load '/Game/BP/Second/BP_TextRendor': Can't find file.
[2025.03.26-05.36.12:224][  0]LogLinker: Warning: [AssetLog] D:\project\UE\room_escape\Content\BP\Second\BP_Button.uasset: Failed to load '/Game/BP/Second/BP_TextRendor': Can't find file.
[2025.03.26-05.36.12:224][  0]LogLinker: Warning: [AssetLog] D:\project\UE\room_escape\Content\ThirdPersonBP\Maps\ThirdPersonExampleMap.umap: Failed to load '/Game/BP/Second/BP_TextRendor': Can't find file.
[2025.03.26-05.36.12:253][  0]LogLinker: Warning: [AssetLog] D:\project\UE\room_escape\Content\ThirdPersonBP\Maps\ThirdPersonExampleMap.umap: Failed to load '/Game/BP/Second/BP_TextRendor': Can't find file.
[2025.03.26-05.36.12:350][  0]LogLinker: Warning: [AssetLog] D:\project\UE\room_escape\Content\ThirdPersonBP\Maps\ThirdPersonExampleMap.umap: Failed to load '/Game/BP/Second/BP_TextRendor': Can't find file.
[2025.03.26-05.36.12:350][  0]LogLinker: Warning: [AssetLog] D:\project\UE\room_escape\Content\ThirdPersonBP\Maps\ThirdPersonExampleMap.umap: Failed to load '/Game/BP/Second/BP_TextRendor': Can't find file.
[2025.03.26-05.36.12:351][  0]LogLinker: Warning: Failed to load '/Game/BP/Second/BP_TextRendor': Can't find file.
[2025.03.26-05.36.12:351][  0]LogLinker: Warning: Failed to load '/Game/BP/Second/BP_TextRendor': Can't find file.
[2025.03.26-05.36.12:351][  0]LogLinker: Warning: Failed to load '/Game/BP/Second/BP_TextRendor': Can't find file.
[2025.03.26-05.36.12:351][  0]LogLinker: Warning: Failed to load '/Game/BP/Second/BP_TextRendor': Can't find file.
[2025.03.26-05.36.12:365][  0]LogLinker: Warning: Failed to load '/Game/BP/Second/BP_TextRendor': Can't find file.
[2025.03.26-05.36.12:365][  0]LogLinker: Warning: Failed to load '/Game/BP/Second/BP_TextRendor': Can't find file.
[2025.03.26-05.36.12:365][  0]LogLinker: Warning: Failed to load '/Game/BP/Second/BP_TextRendor': Can't find file.
[2025.03.26-05.36.12:365][  0]LogLinker: Warning: Failed to load '/Game/BP/Second/BP_TextRendor': Can't find file.
[2025.03.26-05.36.13:042][  0]LogAudio: Display: Audio Device (ID: 1) registered with world 'ThirdPersonExampleMap'.
[2025.03.26-05.36.13:043][  0]LogAIModule: Creating AISystem for world ThirdPersonExampleMap
[2025.03.26-05.36.13:062][  0]LogEditorServer: Finished looking for orphan Actors (0.000 secs)
[2025.03.26-05.36.13:071][  0]LogUObjectHash: Compacting FUObjectHashTables data took   0.68ms
[2025.03.26-05.36.13:073][  0]Cmd: MAP CHECKDEP NOCLEARLOG
[2025.03.26-05.36.13:073][  0]MapCheck: Map check complete: 0 Error(s), 0 Warning(s), took 0.093ms to complete.
[2025.03.26-05.36.13:073][  0]LogFileHelpers: Loading map 'ThirdPersonExampleMap' took 1.436
[2025.03.26-05.36.13:076][  0]LogUnrealEdMisc: Total Editor Startup Time, took 19.378
[2025.03.26-05.36.13:181][  0]LogSlate: Updating window title bar state: overlay mode, drag disabled, window buttons hidden, title bar hidden
[2025.03.26-05.36.13:187][  0]LogSlate: Updating window title bar state: overlay mode, drag disabled, window buttons hidden, title bar hidden
[2025.03.26-05.36.13:192][  0]LogSlate: Updating window title bar state: overlay mode, drag disabled, window buttons hidden, title bar hidden
[2025.03.26-05.36.13:197][  0]LogSlate: Updating window title bar state: overlay mode, drag disabled, window buttons hidden, title bar hidden
[2025.03.26-05.36.13:222][  0]LogNativeClassHierarchy: Verbose: Native class hierarchy populated in 0.0077 seconds. Added 3822 classes and 928 folders.
[2025.03.26-05.36.13:225][  0]LogNativeClassHierarchy: Verbose: Native class hierarchy updated for 'WidgetCarousel' in 0.0002 seconds. Added 0 classes and 0 folders.
[2025.03.26-05.36.13:246][  0]LogPakFile: PakFile PrimaryIndexSize=187
[2025.03.26-05.36.13:246][  0]LogPakFile: PakFile PathHashIndexSize=101
[2025.03.26-05.36.13:246][  0]LogPakFile: PakFile FullDirectoryIndexSize=148
[2025.03.26-05.36.13:247][  0]LogShaderLibrary: Display: ShaderCodeLibraryPakFileMountedCallback: PakFile 'D:/Program Files/Epic Games/UE_4.27/FeaturePacks/FP_FirstPerson.upack' (chunk index -1, root 'root:/') mounted
[2025.03.26-05.36.13:247][  0]LogShaderLibrary: Display: ShaderCodeLibraryPakFileMountedCallback: pending pak file info (ChunkID:-1 Root:root:/ File:D:/Program Files/Epic Games/UE_4.27/FeaturePacks/FP_FirstPerson.upack)
[2025.03.26-05.36.13:247][  0]LogPakFile: OnPakFileMounted2Time == 0.000416
[2025.03.26-05.36.13:257][  0]LogPakFile: PakFile PrimaryIndexSize=189
[2025.03.26-05.36.13:257][  0]LogPakFile: PakFile PathHashIndexSize=101
[2025.03.26-05.36.13:257][  0]LogPakFile: PakFile FullDirectoryIndexSize=152
[2025.03.26-05.36.13:257][  0]LogShaderLibrary: Display: ShaderCodeLibraryPakFileMountedCallback: PakFile 'D:/Program Files/Epic Games/UE_4.27/FeaturePacks/FP_FirstPersonBP.upack' (chunk index -1, root 'root:/') mounted
[2025.03.26-05.36.13:257][  0]LogShaderLibrary: Display: ShaderCodeLibraryPakFileMountedCallback: pending pak file info (ChunkID:-1 Root:root:/ File:D:/Program Files/Epic Games/UE_4.27/FeaturePacks/FP_FirstPersonBP.upack)
[2025.03.26-05.36.13:257][  0]LogPakFile: OnPakFileMounted2Time == 0.000036
[2025.03.26-05.36.13:266][  0]LogPakFile: PakFile PrimaryIndexSize=191
[2025.03.26-05.36.13:266][  0]LogPakFile: PakFile PathHashIndexSize=101
[2025.03.26-05.36.13:266][  0]LogPakFile: PakFile FullDirectoryIndexSize=160
[2025.03.26-05.36.13:266][  0]LogShaderLibrary: Display: ShaderCodeLibraryPakFileMountedCallback: PakFile 'D:/Program Files/Epic Games/UE_4.27/FeaturePacks/MobileStarterContent.upack' (chunk index -1, root 'root:/') mounted
[2025.03.26-05.36.13:266][  0]LogShaderLibrary: Display: ShaderCodeLibraryPakFileMountedCallback: pending pak file info (ChunkID:-1 Root:root:/ File:D:/Program Files/Epic Games/UE_4.27/FeaturePacks/MobileStarterContent.upack)
[2025.03.26-05.36.13:266][  0]LogPakFile: OnPakFileMounted2Time == 0.000052
[2025.03.26-05.36.13:274][  0]LogPakFile: PakFile PrimaryIndexSize=185
[2025.03.26-05.36.13:274][  0]LogPakFile: PakFile PathHashIndexSize=101
[2025.03.26-05.36.13:274][  0]LogPakFile: PakFile FullDirectoryIndexSize=148
[2025.03.26-05.36.13:274][  0]LogShaderLibrary: Display: ShaderCodeLibraryPakFileMountedCallback: PakFile 'D:/Program Files/Epic Games/UE_4.27/FeaturePacks/StarterContent.upack' (chunk index -1, root 'root:/') mounted
[2025.03.26-05.36.13:274][  0]LogShaderLibrary: Display: ShaderCodeLibraryPakFileMountedCallback: pending pak file info (ChunkID:-1 Root:root:/ File:D:/Program Files/Epic Games/UE_4.27/FeaturePacks/StarterContent.upack)
[2025.03.26-05.36.13:274][  0]LogPakFile: OnPakFileMounted2Time == 0.000042
[2025.03.26-05.36.13:283][  0]LogPakFile: PakFile PrimaryIndexSize=190
[2025.03.26-05.36.13:283][  0]LogPakFile: PakFile PathHashIndexSize=101
[2025.03.26-05.36.13:283][  0]LogPakFile: PakFile FullDirectoryIndexSize=154
[2025.03.26-05.36.13:283][  0]LogShaderLibrary: Display: ShaderCodeLibraryPakFileMountedCallback: PakFile 'D:/Program Files/Epic Games/UE_4.27/FeaturePacks/TP_2DSideScroller.upack' (chunk index -1, root 'root:/') mounted
[2025.03.26-05.36.13:283][  0]LogShaderLibrary: Display: ShaderCodeLibraryPakFileMountedCallback: pending pak file info (ChunkID:-1 Root:root:/ File:D:/Program Files/Epic Games/UE_4.27/FeaturePacks/TP_2DSideScroller.upack)
[2025.03.26-05.36.13:283][  0]LogPakFile: OnPakFileMounted2Time == 0.000048
[2025.03.26-05.36.13:290][  0]LogPakFile: PakFile PrimaryIndexSize=192
[2025.03.26-05.36.13:290][  0]LogPakFile: PakFile PathHashIndexSize=101
[2025.03.26-05.36.13:290][  0]LogPakFile: PakFile FullDirectoryIndexSize=158
[2025.03.26-05.36.13:291][  0]LogShaderLibrary: Display: ShaderCodeLibraryPakFileMountedCallback: PakFile 'D:/Program Files/Epic Games/UE_4.27/FeaturePacks/TP_2DSideScrollerBP.upack' (chunk index -1, root 'root:/') mounted
[2025.03.26-05.36.13:291][  0]LogShaderLibrary: Display: ShaderCodeLibraryPakFileMountedCallback: pending pak file info (ChunkID:-1 Root:root:/ File:D:/Program Files/Epic Games/UE_4.27/FeaturePacks/TP_2DSideScrollerBP.upack)
[2025.03.26-05.36.13:291][  0]LogPakFile: OnPakFileMounted2Time == 0.000058
[2025.03.26-05.36.13:298][  0]LogPakFile: PakFile PrimaryIndexSize=182
[2025.03.26-05.36.13:298][  0]LogPakFile: PakFile PathHashIndexSize=101
[2025.03.26-05.36.13:298][  0]LogPakFile: PakFile FullDirectoryIndexSize=138
[2025.03.26-05.36.13:298][  0]LogShaderLibrary: Display: ShaderCodeLibraryPakFileMountedCallback: PakFile 'D:/Program Files/Epic Games/UE_4.27/FeaturePacks/TP_Flying.upack' (chunk index -1, root 'root:/') mounted
[2025.03.26-05.36.13:298][  0]LogShaderLibrary: Display: ShaderCodeLibraryPakFileMountedCallback: pending pak file info (ChunkID:-1 Root:root:/ File:D:/Program Files/Epic Games/UE_4.27/FeaturePacks/TP_Flying.upack)
[2025.03.26-05.36.13:298][  0]LogPakFile: OnPakFileMounted2Time == 0.000062
[2025.03.26-05.36.13:306][  0]LogPakFile: PakFile PrimaryIndexSize=184
[2025.03.26-05.36.13:307][  0]LogPakFile: PakFile PathHashIndexSize=101
[2025.03.26-05.36.13:307][  0]LogPakFile: PakFile FullDirectoryIndexSize=142
[2025.03.26-05.36.13:307][  0]LogShaderLibrary: Display: ShaderCodeLibraryPakFileMountedCallback: PakFile 'D:/Program Files/Epic Games/UE_4.27/FeaturePacks/TP_FlyingBP.upack' (chunk index -1, root 'root:/') mounted
[2025.03.26-05.36.13:307][  0]LogShaderLibrary: Display: ShaderCodeLibraryPakFileMountedCallback: pending pak file info (ChunkID:-1 Root:root:/ File:D:/Program Files/Epic Games/UE_4.27/FeaturePacks/TP_FlyingBP.upack)
[2025.03.26-05.36.13:307][  0]LogPakFile: OnPakFileMounted2Time == 0.000070
[2025.03.26-05.36.13:316][  0]LogPakFile: PakFile PrimaryIndexSize=188
[2025.03.26-05.36.13:316][  0]LogPakFile: PakFile PathHashIndexSize=101
[2025.03.26-05.36.13:316][  0]LogPakFile: PakFile FullDirectoryIndexSize=150
[2025.03.26-05.36.13:316][  0]LogShaderLibrary: Display: ShaderCodeLibraryPakFileMountedCallback: PakFile 'D:/Program Files/Epic Games/UE_4.27/FeaturePacks/TP_HandheldARBP.upack' (chunk index -1, root 'root:/') mounted
[2025.03.26-05.36.13:316][  0]LogShaderLibrary: Display: ShaderCodeLibraryPakFileMountedCallback: pending pak file info (ChunkID:-1 Root:root:/ File:D:/Program Files/Epic Games/UE_4.27/FeaturePacks/TP_HandheldARBP.upack)
[2025.03.26-05.36.13:316][  0]LogPakFile: OnPakFileMounted2Time == 0.000048
[2025.03.26-05.36.13:324][  0]LogPakFile: PakFile PrimaryIndexSize=182
[2025.03.26-05.36.13:324][  0]LogPakFile: PakFile PathHashIndexSize=101
[2025.03.26-05.36.13:324][  0]LogPakFile: PakFile FullDirectoryIndexSize=138
[2025.03.26-05.36.13:324][  0]LogShaderLibrary: Display: ShaderCodeLibraryPakFileMountedCallback: PakFile 'D:/Program Files/Epic Games/UE_4.27/FeaturePacks/TP_Puzzle.upack' (chunk index -1, root 'root:/') mounted
[2025.03.26-05.36.13:324][  0]LogShaderLibrary: Display: ShaderCodeLibraryPakFileMountedCallback: pending pak file info (ChunkID:-1 Root:root:/ File:D:/Program Files/Epic Games/UE_4.27/FeaturePacks/TP_Puzzle.upack)
[2025.03.26-05.36.13:324][  0]LogPakFile: OnPakFileMounted2Time == 0.000036
[2025.03.26-05.36.13:331][  0]LogPakFile: PakFile PrimaryIndexSize=184
[2025.03.26-05.36.13:331][  0]LogPakFile: PakFile PathHashIndexSize=101
[2025.03.26-05.36.13:331][  0]LogPakFile: PakFile FullDirectoryIndexSize=142
[2025.03.26-05.36.13:331][  0]LogShaderLibrary: Display: ShaderCodeLibraryPakFileMountedCallback: PakFile 'D:/Program Files/Epic Games/UE_4.27/FeaturePacks/TP_PuzzleBP.upack' (chunk index -1, root 'root:/') mounted
[2025.03.26-05.36.13:331][  0]LogShaderLibrary: Display: ShaderCodeLibraryPakFileMountedCallback: pending pak file info (ChunkID:-1 Root:root:/ File:D:/Program Files/Epic Games/UE_4.27/FeaturePacks/TP_PuzzleBP.upack)
[2025.03.26-05.36.13:331][  0]LogPakFile: OnPakFileMounted2Time == 0.000031
[2025.03.26-05.36.13:338][  0]LogPakFile: PakFile PrimaryIndexSize=183
[2025.03.26-05.36.13:338][  0]LogPakFile: PakFile PathHashIndexSize=101
[2025.03.26-05.36.13:338][  0]LogPakFile: PakFile FullDirectoryIndexSize=140
[2025.03.26-05.36.13:338][  0]LogShaderLibrary: Display: ShaderCodeLibraryPakFileMountedCallback: PakFile 'D:/Program Files/Epic Games/UE_4.27/FeaturePacks/TP_Rolling.upack' (chunk index -1, root 'root:/') mounted
[2025.03.26-05.36.13:338][  0]LogShaderLibrary: Display: ShaderCodeLibraryPakFileMountedCallback: pending pak file info (ChunkID:-1 Root:root:/ File:D:/Program Files/Epic Games/UE_4.27/FeaturePacks/TP_Rolling.upack)
[2025.03.26-05.36.13:338][  0]LogPakFile: OnPakFileMounted2Time == 0.000036
[2025.03.26-05.36.13:346][  0]LogPakFile: PakFile PrimaryIndexSize=185
[2025.03.26-05.36.13:346][  0]LogPakFile: PakFile PathHashIndexSize=101
[2025.03.26-05.36.13:346][  0]LogPakFile: PakFile FullDirectoryIndexSize=144
[2025.03.26-05.36.13:346][  0]LogShaderLibrary: Display: ShaderCodeLibraryPakFileMountedCallback: PakFile 'D:/Program Files/Epic Games/UE_4.27/FeaturePacks/TP_RollingBP.upack' (chunk index -1, root 'root:/') mounted
[2025.03.26-05.36.13:346][  0]LogShaderLibrary: Display: ShaderCodeLibraryPakFileMountedCallback: pending pak file info (ChunkID:-1 Root:root:/ File:D:/Program Files/Epic Games/UE_4.27/FeaturePacks/TP_RollingBP.upack)
[2025.03.26-05.36.13:346][  0]LogPakFile: OnPakFileMounted2Time == 0.000043
[2025.03.26-05.36.13:353][  0]LogPakFile: PakFile PrimaryIndexSize=188
[2025.03.26-05.36.13:353][  0]LogPakFile: PakFile PathHashIndexSize=101
[2025.03.26-05.36.13:353][  0]LogPakFile: PakFile FullDirectoryIndexSize=150
[2025.03.26-05.36.13:353][  0]LogShaderLibrary: Display: ShaderCodeLibraryPakFileMountedCallback: PakFile 'D:/Program Files/Epic Games/UE_4.27/FeaturePacks/TP_SideScroller.upack' (chunk index -1, root 'root:/') mounted
[2025.03.26-05.36.13:353][  0]LogShaderLibrary: Display: ShaderCodeLibraryPakFileMountedCallback: pending pak file info (ChunkID:-1 Root:root:/ File:D:/Program Files/Epic Games/UE_4.27/FeaturePacks/TP_SideScroller.upack)
[2025.03.26-05.36.13:353][  0]LogPakFile: OnPakFileMounted2Time == 0.000039
[2025.03.26-05.36.13:361][  0]LogPakFile: PakFile PrimaryIndexSize=190
[2025.03.26-05.36.13:361][  0]LogPakFile: PakFile PathHashIndexSize=101
[2025.03.26-05.36.13:361][  0]LogPakFile: PakFile FullDirectoryIndexSize=154
[2025.03.26-05.36.13:361][  0]LogShaderLibrary: Display: ShaderCodeLibraryPakFileMountedCallback: PakFile 'D:/Program Files/Epic Games/UE_4.27/FeaturePacks/TP_SideScrollerBP.upack' (chunk index -1, root 'root:/') mounted
[2025.03.26-05.36.13:361][  0]LogShaderLibrary: Display: ShaderCodeLibraryPakFileMountedCallback: pending pak file info (ChunkID:-1 Root:root:/ File:D:/Program Files/Epic Games/UE_4.27/FeaturePacks/TP_SideScrollerBP.upack)
[2025.03.26-05.36.13:361][  0]LogPakFile: OnPakFileMounted2Time == 0.000051
[2025.03.26-05.36.13:369][  0]LogPakFile: PakFile PrimaryIndexSize=187
[2025.03.26-05.36.13:369][  0]LogPakFile: PakFile PathHashIndexSize=101
[2025.03.26-05.36.13:369][  0]LogPakFile: PakFile FullDirectoryIndexSize=148
[2025.03.26-05.36.13:369][  0]LogShaderLibrary: Display: ShaderCodeLibraryPakFileMountedCallback: PakFile 'D:/Program Files/Epic Games/UE_4.27/FeaturePacks/TP_ThirdPerson.upack' (chunk index -1, root 'root:/') mounted
[2025.03.26-05.36.13:369][  0]LogShaderLibrary: Display: ShaderCodeLibraryPakFileMountedCallback: pending pak file info (ChunkID:-1 Root:root:/ File:D:/Program Files/Epic Games/UE_4.27/FeaturePacks/TP_ThirdPerson.upack)
[2025.03.26-05.36.13:369][  0]LogPakFile: OnPakFileMounted2Time == 0.000126
[2025.03.26-05.36.13:376][  0]LogPakFile: PakFile PrimaryIndexSize=189
[2025.03.26-05.36.13:376][  0]LogPakFile: PakFile PathHashIndexSize=101
[2025.03.26-05.36.13:376][  0]LogPakFile: PakFile FullDirectoryIndexSize=152
[2025.03.26-05.36.13:376][  0]LogShaderLibrary: Display: ShaderCodeLibraryPakFileMountedCallback: PakFile 'D:/Program Files/Epic Games/UE_4.27/FeaturePacks/TP_ThirdPersonBP.upack' (chunk index -1, root 'root:/') mounted
[2025.03.26-05.36.13:376][  0]LogShaderLibrary: Display: ShaderCodeLibraryPakFileMountedCallback: pending pak file info (ChunkID:-1 Root:root:/ File:D:/Program Files/Epic Games/UE_4.27/FeaturePacks/TP_ThirdPersonBP.upack)
[2025.03.26-05.36.13:376][  0]LogPakFile: OnPakFileMounted2Time == 0.000033
[2025.03.26-05.36.13:383][  0]LogPakFile: PakFile PrimaryIndexSize=183
[2025.03.26-05.36.13:383][  0]LogPakFile: PakFile PathHashIndexSize=101
[2025.03.26-05.36.13:383][  0]LogPakFile: PakFile FullDirectoryIndexSize=140
[2025.03.26-05.36.13:383][  0]LogShaderLibrary: Display: ShaderCodeLibraryPakFileMountedCallback: PakFile 'D:/Program Files/Epic Games/UE_4.27/FeaturePacks/TP_TopDown.upack' (chunk index -1, root 'root:/') mounted
[2025.03.26-05.36.13:383][  0]LogShaderLibrary: Display: ShaderCodeLibraryPakFileMountedCallback: pending pak file info (ChunkID:-1 Root:root:/ File:D:/Program Files/Epic Games/UE_4.27/FeaturePacks/TP_TopDown.upack)
[2025.03.26-05.36.13:383][  0]LogPakFile: OnPakFileMounted2Time == 0.000044
[2025.03.26-05.36.13:390][  0]LogPakFile: PakFile PrimaryIndexSize=185
[2025.03.26-05.36.13:390][  0]LogPakFile: PakFile PathHashIndexSize=101
[2025.03.26-05.36.13:390][  0]LogPakFile: PakFile FullDirectoryIndexSize=144
[2025.03.26-05.36.13:390][  0]LogShaderLibrary: Display: ShaderCodeLibraryPakFileMountedCallback: PakFile 'D:/Program Files/Epic Games/UE_4.27/FeaturePacks/TP_TopDownBP.upack' (chunk index -1, root 'root:/') mounted
[2025.03.26-05.36.13:390][  0]LogShaderLibrary: Display: ShaderCodeLibraryPakFileMountedCallback: pending pak file info (ChunkID:-1 Root:root:/ File:D:/Program Files/Epic Games/UE_4.27/FeaturePacks/TP_TopDownBP.upack)
[2025.03.26-05.36.13:390][  0]LogPakFile: OnPakFileMounted2Time == 0.000072
[2025.03.26-05.36.13:401][  0]LogPakFile: PakFile PrimaryIndexSize=185
[2025.03.26-05.36.13:401][  0]LogPakFile: PakFile PathHashIndexSize=101
[2025.03.26-05.36.13:401][  0]LogPakFile: PakFile FullDirectoryIndexSize=144
[2025.03.26-05.36.13:401][  0]LogShaderLibrary: Display: ShaderCodeLibraryPakFileMountedCallback: PakFile 'D:/Program Files/Epic Games/UE_4.27/FeaturePacks/TP_TwinStick.upack' (chunk index -1, root 'root:/') mounted
[2025.03.26-05.36.13:401][  0]LogShaderLibrary: Display: ShaderCodeLibraryPakFileMountedCallback: pending pak file info (ChunkID:-1 Root:root:/ File:D:/Program Files/Epic Games/UE_4.27/FeaturePacks/TP_TwinStick.upack)
[2025.03.26-05.36.13:401][  0]LogPakFile: OnPakFileMounted2Time == 0.000040
[2025.03.26-05.36.13:407][  0]LogPakFile: PakFile PrimaryIndexSize=187
[2025.03.26-05.36.13:407][  0]LogPakFile: PakFile PathHashIndexSize=101
[2025.03.26-05.36.13:407][  0]LogPakFile: PakFile FullDirectoryIndexSize=148
[2025.03.26-05.36.13:407][  0]LogShaderLibrary: Display: ShaderCodeLibraryPakFileMountedCallback: PakFile 'D:/Program Files/Epic Games/UE_4.27/FeaturePacks/TP_TwinStickBP.upack' (chunk index -1, root 'root:/') mounted
[2025.03.26-05.36.13:407][  0]LogShaderLibrary: Display: ShaderCodeLibraryPakFileMountedCallback: pending pak file info (ChunkID:-1 Root:root:/ File:D:/Program Files/Epic Games/UE_4.27/FeaturePacks/TP_TwinStickBP.upack)
[2025.03.26-05.36.13:407][  0]LogPakFile: OnPakFileMounted2Time == 0.000037
[2025.03.26-05.36.13:414][  0]LogPakFile: PakFile PrimaryIndexSize=183
[2025.03.26-05.36.13:414][  0]LogPakFile: PakFile PathHashIndexSize=101
[2025.03.26-05.36.13:414][  0]LogPakFile: PakFile FullDirectoryIndexSize=140
[2025.03.26-05.36.13:414][  0]LogShaderLibrary: Display: ShaderCodeLibraryPakFileMountedCallback: PakFile 'D:/Program Files/Epic Games/UE_4.27/FeaturePacks/TP_Vehicle.upack' (chunk index -1, root 'root:/') mounted
[2025.03.26-05.36.13:414][  0]LogShaderLibrary: Display: ShaderCodeLibraryPakFileMountedCallback: pending pak file info (ChunkID:-1 Root:root:/ File:D:/Program Files/Epic Games/UE_4.27/FeaturePacks/TP_Vehicle.upack)
[2025.03.26-05.36.13:414][  0]LogPakFile: OnPakFileMounted2Time == 0.000032
[2025.03.26-05.36.13:421][  0]LogPakFile: PakFile PrimaryIndexSize=186
[2025.03.26-05.36.13:421][  0]LogPakFile: PakFile PathHashIndexSize=101
[2025.03.26-05.36.13:421][  0]LogPakFile: PakFile FullDirectoryIndexSize=146
[2025.03.26-05.36.13:421][  0]LogShaderLibrary: Display: ShaderCodeLibraryPakFileMountedCallback: PakFile 'D:/Program Files/Epic Games/UE_4.27/FeaturePacks/TP_VehicleAdv.upack' (chunk index -1, root 'root:/') mounted
[2025.03.26-05.36.13:421][  0]LogShaderLibrary: Display: ShaderCodeLibraryPakFileMountedCallback: pending pak file info (ChunkID:-1 Root:root:/ File:D:/Program Files/Epic Games/UE_4.27/FeaturePacks/TP_VehicleAdv.upack)
[2025.03.26-05.36.13:421][  0]LogPakFile: OnPakFileMounted2Time == 0.000036
[2025.03.26-05.36.13:429][  0]LogPakFile: PakFile PrimaryIndexSize=188
[2025.03.26-05.36.13:429][  0]LogPakFile: PakFile PathHashIndexSize=101
[2025.03.26-05.36.13:429][  0]LogPakFile: PakFile FullDirectoryIndexSize=150
[2025.03.26-05.36.13:429][  0]LogShaderLibrary: Display: ShaderCodeLibraryPakFileMountedCallback: PakFile 'D:/Program Files/Epic Games/UE_4.27/FeaturePacks/TP_VehicleAdvBP.upack' (chunk index -1, root 'root:/') mounted
[2025.03.26-05.36.13:429][  0]LogShaderLibrary: Display: ShaderCodeLibraryPakFileMountedCallback: pending pak file info (ChunkID:-1 Root:root:/ File:D:/Program Files/Epic Games/UE_4.27/FeaturePacks/TP_VehicleAdvBP.upack)
[2025.03.26-05.36.13:429][  0]LogPakFile: OnPakFileMounted2Time == 0.000035
[2025.03.26-05.36.13:437][  0]LogPakFile: PakFile PrimaryIndexSize=185
[2025.03.26-05.36.13:437][  0]LogPakFile: PakFile PathHashIndexSize=101
[2025.03.26-05.36.13:437][  0]LogPakFile: PakFile FullDirectoryIndexSize=144
[2025.03.26-05.36.13:437][  0]LogShaderLibrary: Display: ShaderCodeLibraryPakFileMountedCallback: PakFile 'D:/Program Files/Epic Games/UE_4.27/FeaturePacks/TP_VehicleBP.upack' (chunk index -1, root 'root:/') mounted
[2025.03.26-05.36.13:437][  0]LogShaderLibrary: Display: ShaderCodeLibraryPakFileMountedCallback: pending pak file info (ChunkID:-1 Root:root:/ File:D:/Program Files/Epic Games/UE_4.27/FeaturePacks/TP_VehicleBP.upack)
[2025.03.26-05.36.13:437][  0]LogPakFile: OnPakFileMounted2Time == 0.000042
[2025.03.26-05.36.13:445][  0]LogPakFile: PakFile PrimaryIndexSize=192
[2025.03.26-05.36.13:445][  0]LogPakFile: PakFile PathHashIndexSize=101
[2025.03.26-05.36.13:445][  0]LogPakFile: PakFile FullDirectoryIndexSize=158
[2025.03.26-05.36.13:445][  0]LogShaderLibrary: Display: ShaderCodeLibraryPakFileMountedCallback: PakFile 'D:/Program Files/Epic Games/UE_4.27/FeaturePacks/TP_VirtualRealityBP.upack' (chunk index -1, root 'root:/') mounted
[2025.03.26-05.36.13:445][  0]LogShaderLibrary: Display: ShaderCodeLibraryPakFileMountedCallback: pending pak file info (ChunkID:-1 Root:root:/ File:D:/Program Files/Epic Games/UE_4.27/FeaturePacks/TP_VirtualRealityBP.upack)
[2025.03.26-05.36.13:445][  0]LogPakFile: OnPakFileMounted2Time == 0.000037
[2025.03.26-05.36.13:904][  0]LogNativeClassHierarchy: Verbose: Native class hierarchy updated for 'AddContentDialog' in 0.0003 seconds. Added 0 classes and 0 folders.
[2025.03.26-05.36.13:905][  0]LogNativeClassHierarchy: Verbose: Native class hierarchy updated for 'SceneOutliner' in 0.0002 seconds. Added 2 classes and 0 folders.
[2025.03.26-05.36.14:018][  0]LogSlate: Took 0.008222 seconds to synchronously load lazily loaded font '../../../Engine/Content/Editor/Slate/Fonts/FontAwesome.ttf' (139K)
[2025.03.26-05.36.14:019][  0]LogSlate: Took 0.000161 seconds to synchronously load lazily loaded font '../../../Engine/Content/Slate/Fonts/Roboto-Bold.ttf' (160K)
[2025.03.26-05.36.14:158][  0]LogRenderer: Reallocating scene render targets to support 1016x572 Format 10 NumSamples 1 (Frame:1).
[2025.03.26-05.36.14:261][  0]LogNativeClassHierarchy: Verbose: Native class hierarchy updated for 'HierarchicalLODOutliner' in 0.0002 seconds. Added 0 classes and 0 folders.
[2025.03.26-05.36.14:261][  0]LogInput: Warning: Action Jump uses invalid key OculusGo_Left_Trigger_Click.
[2025.03.26-05.36.14:261][  0]LogInput: Warning: Action ResetVR uses invalid key OculusGo_Left_Trackpad_Click.
[2025.03.26-05.36.14:261][  0]LogInput: Warning: Use -RemoveInvalidKeys to remove instances of these keys from the action mapping.
[2025.03.26-05.36.14:261][  0]LogLoad: (Engine Initialization) Total time: 20.56 seconds
[2025.03.26-05.36.14:261][  0]LogLoad: (Engine Initialization) Total Blueprint compile time: 0.00 seconds
[2025.03.26-05.36.14:284][  0]LoadErrors: Warning: CreateExport: Failed to load Outer for resource 'DefaultSceneRoot': BP_TextRendor_C /Game/ThirdPersonBP/Maps/ThirdPersonExampleMap.ThirdPersonExampleMap:PersistentLevel.BP_TextClick
[2025.03.26-05.36.14:284][  0]LoadErrors: Warning: CreateExport: Failed to load Outer for resource 'DefaultSceneRoot': BP_TextRendor_C /Game/ThirdPersonBP/Maps/ThirdPersonExampleMap.ThirdPersonExampleMap:PersistentLevel.BP_TextFood
[2025.03.26-05.36.14:284][  0]LoadErrors: Warning: CreateExport: Failed to load Outer for resource 'TextRender': BP_TextRendor_C /Game/ThirdPersonBP/Maps/ThirdPersonExampleMap.ThirdPersonExampleMap:PersistentLevel.BP_TextClick
[2025.03.26-05.36.14:284][  0]LoadErrors: Warning: CreateExport: Failed to load Outer for resource 'TextRender': BP_TextRendor_C /Game/ThirdPersonBP/Maps/ThirdPersonExampleMap.ThirdPersonExampleMap:PersistentLevel.BP_TextFood
[2025.03.26-05.36.14:316][  0]LogAssetRegistry: Asset discovery search completed in 17.6819 seconds
[2025.03.26-05.36.14:320][  0]LogCollectionManager: Fixed up redirectors for 0 collections in 0.000004 seconds (updated 0 objects)
[2025.03.26-05.36.14:321][  0]LogContentStreaming: Texture pool size now 1000 MB
[2025.03.26-05.36.14:404][  0]LogSlate: Took 0.008183 seconds to synchronously load lazily loaded font '../../../Engine/Content/Slate/Fonts/DroidSansMono.ttf' (77K)
[2025.03.26-05.36.15:303][ 52]LogSlate: Took 0.010503 seconds to synchronously load lazily loaded font '../../../Engine/Content/Slate/Fonts/Roboto-Light.ttf' (167K)
[2025.03.26-05.36.20:983][376]LogSlate: Window 'Message Log' being destroyed
[2025.03.26-05.36.20:988][376]LogSlate: Window 'Message Log' being destroyed
[2025.03.26-05.36.25:248][630]LogTemp: Repeating last play command: Selected Viewport
[2025.03.26-05.36.25:253][630]LogPlayLevel: PlayLevel: No blueprints needed recompiling
[2025.03.26-05.36.25:253][630]BlueprintLog: Warning: Blueprint failed to compile:  BP_Button
[2025.03.26-05.36.25:253][630]BlueprintLog: Warning: Blueprint failed to compile:  BP_Table
[2025.03.26-05.36.25:253][630]LogCustomDialog: Dialog displayed:
[2025.03.26-05.36.30:113][630]LogSlate: Window 'Blueprint Compilation Errors' being destroyed
[2025.03.26-05.36.34:349][881]LogSlate: Window 'Message Log' being destroyed
[2025.03.26-05.36.34:355][881]LogSlate: Window 'Message Log' being destroyed
[2025.03.26-05.36.39:636][135]LogTemp: Repeating last play command: Selected Viewport
[2025.03.26-05.36.39:641][135]LogPlayLevel: PlayLevel: No blueprints needed recompiling
[2025.03.26-05.36.39:641][135]BlueprintLog: Warning: Blueprint failed to compile:  BP_Button
[2025.03.26-05.36.39:641][135]BlueprintLog: Warning: Blueprint failed to compile:  BP_Table
[2025.03.26-05.36.39:641][135]LogCustomDialog: Dialog displayed:
[2025.03.26-05.36.42:249][135]LogAssetEditorSubsystem: Opening Asset editor for Blueprint /Game/BP/Second/BP_Button.BP_Button
[2025.03.26-05.36.43:346][135]LogNativeClassHierarchy: Verbose: Native class hierarchy updated for 'BlueprintGraph' in 0.0005 seconds. Added 126 classes and 0 folders.
[2025.03.26-05.36.53:619][135]LogSlate: Window 'Blueprint Compilation Errors' being destroyed
[2025.03.26-05.36.53:680][135]LogSlate: Took 0.000168 seconds to synchronously load lazily loaded font '../../../Engine/Content/Slate/Fonts/Roboto-BoldCondensed.ttf' (158K)
[2025.03.26-05.36.55:564][232]LogSlate: Window 'Message Log' being destroyed
[2025.03.26-05.36.55:571][232]LogSlate: Window 'Message Log' being destroyed
[2025.03.26-05.36.58:525][397]LogSlate: Took 0.013086 seconds to synchronously load lazily loaded font '../../../Engine/Content/Slate/Fonts/DroidSansFallback.ttf' (3848K)
[2025.03.26-05.36.58:531][397]LogSlate: Took 0.006059 seconds to synchronously load lazily loaded font '../../../Engine/Content/Slate/Fonts/Roboto-Italic.ttf' (157K)
[2025.03.26-05.36.58:876][418]LogSlate: Window 'BP_Button' being destroyed
[2025.03.26-05.37.14:086][200]LogAssetEditorSubsystem: Opening Asset editor for Blueprint /Game/BP/Second/BP_MagicWall.BP_MagicWall
[2025.03.26-05.37.14:425][200]LogLinker: Warning: Failed to load '/Game/ThirdPersonBP/Maps/ThirdPersonExampleMap.ThirdPersonExampleMap:PersistentLevel.ThirdPersonExampleMap': Can't resolve asset name
[2025.03.26-05.37.14:439][200]LogAssetEditorSubsystem: Opening Asset editor for Blueprint /Game/BP/Second/BP_Table.BP_Table
[2025.03.26-05.37.14:813][200]LogAssetEditorSubsystem: Opening Asset editor for Blueprint /Game/BP/Second/BP_SpotLight.BP_SpotLight
[2025.03.26-05.37.15:154][200]LogAssetEditorSubsystem: Opening Asset editor for Blueprint /Game/BP/Second/BP_TriggerArea.BP_TriggerArea
[2025.03.26-05.37.52:186][223]LogEditorClassViewer: Warning: Class /Engine/Tutorial/InWorldBlueprintEditing/TutorialAssets/IWBE_Blutility.IWBE_Blutility_C has parent /Script/Blutility.PlacedEditorUtilityBase, but this parent is not found. The Class will not be shown in ClassViewer.
[2025.03.26-05.37.53:213][223]LogSlate: Window 'Pick Parent Class' being destroyed
[2025.03.26-05.37.53:226][223]LogContentBrowser: Deferred new asset file creation: NewBlueprint
[2025.03.26-05.37.53:238][223]LogContentBrowser: Creating deferred item: NewBlueprint
[2025.03.26-05.38.12:690][876]LogContentBrowser: Attempting asset rename: NewBlueprint -> BP_TextRender
[2025.03.26-05.38.12:699][876]LogContentBrowser: End creating deferred item NewBlueprint
[2025.03.26-05.39.14:249][691]LogAssetEditorSubsystem: Opening Asset editor for Blueprint /Game/BP/Second/BP_TextRender.BP_TextRender
[2025.03.26-05.39.14:556][692]LogRenderer: Reallocating scene render targets to support 1064x680 Format 10 NumSamples 1 (Frame:1).
[2025.03.26-05.39.23:285][202]BlueprintLog: New page: Compile BP_TextRender
[2025.03.26-05.39.23:325][202]LogUObjectHash: Compacting FUObjectHashTables data took   1.60ms
[2025.03.26-05.40.01:303][458]LogSlate: Took 0.010107 seconds to synchronously load lazily loaded font '../../../Engine/Content/Slate/Fonts/Roboto-BoldCondensedItalic.ttf' (160K)
[2025.03.26-05.41.31:323][822]BlueprintLog: New page: Compile BP_TextRender
[2025.03.26-05.41.31:369][822]LogUObjectHash: Compacting FUObjectHashTables data took   1.75ms
[2025.03.26-05.41.49:706][858]Cmd: TRANSACTION UNDO
[2025.03.26-05.41.49:707][858]LogEditorTransaction: Undo Move Actors
[2025.03.26-05.41.53:272][ 56]Cmd: POLY SELECT MEMORY UNION
[2025.03.26-05.42.43:089][835]LogEditorViewport: Clicking on Actor (LMB): BP_TextRender_C (BP_TextRender2)
[2025.03.26-05.42.45:187][939]LogUObjectHash: Compacting FUObjectHashTables data took   2.09ms
[2025.03.26-05.42.46:119][939]LogSlate: Window 'Save Content' being destroyed
[2025.03.26-05.42.46:157][939]Cmd: OBJ SAVEPACKAGE PACKAGE="/Game/BP/Second/BP_TextRender" FILE="../../../../../../project/UE/room_escape/Content/BP/Second/BP_TextRender.uasset" SILENT=true
[2025.03.26-05.42.46:162][939]LogSavePackage: Moving '../../../../../../project/UE/room_escape/Saved/BP_TextRenderC56AEB964B6DB4838D9BA38695F1E9AD.tmp' to '../../../../../../project/UE/room_escape/Content/BP/Second/BP_TextRender.uasset'
[2025.03.26-05.42.46:195][939]LogUObjectHash: Compacting FUObjectHashTables data took   0.45ms
[2025.03.26-05.42.46:230][939]LogSavePackage: Moving '../../../../../../project/UE/room_escape/Saved/ThirdPersonExampleMapAF277BB141EEE69F91F28DA48A283CE3.tmp' to '../../../../../../project/UE/room_escape/Content/ThirdPersonBP/Maps/ThirdPersonExampleMap.umap'
[2025.03.26-05.42.46:235][939]LogFileHelpers: Saving map 'ThirdPersonExampleMap' took 0.072
[2025.03.26-05.42.46:253][939]AssetCheck: New page: Asset Save: multiple assets
[2025.03.26-05.42.46:254][939]LogContentValidation: Display: Validating World /Game/ThirdPersonBP/Maps/ThirdPersonExampleMap.ThirdPersonExampleMap
[2025.03.26-05.42.46:254][939]LogContentValidation: Display: Validating Blueprint /Game/BP/Second/BP_TextRender.BP_TextRender
[2025.03.26-05.42.47:363][  5]LogEditorViewport: Clicking on Actor (LMB): BP_TextRender_C (BP_TextRender2)
[2025.03.26-05.42.47:947][ 39]LogEditorViewport: Clicking on Actor (LMB): BP_TextRender_C (BP_TextRender2)
[2025.03.26-05.43.39:117][ 19]LogUObjectHash: Compacting FUObjectHashTables data took   1.91ms
[2025.03.26-05.43.40:511][ 19]LogSlate: Window 'Save Content' being destroyed
[2025.03.26-05.43.40:563][ 19]LogUObjectHash: Compacting FUObjectHashTables data took   0.42ms
[2025.03.26-05.43.40:601][ 19]LogSavePackage: Moving '../../../../../../project/UE/room_escape/Saved/ThirdPersonExampleMapD25EC29A43DED705B6D030987E4CC601.tmp' to '../../../../../../project/UE/room_escape/Content/ThirdPersonBP/Maps/ThirdPersonExampleMap.umap'
[2025.03.26-05.43.40:605][ 19]LogFileHelpers: Saving map 'ThirdPersonExampleMap' took 0.069
[2025.03.26-05.43.40:619][ 19]AssetCheck: New page: Asset Save: ThirdPersonExampleMap
[2025.03.26-05.43.40:619][ 19]LogContentValidation: Display: Validating World /Game/ThirdPersonBP/Maps/ThirdPersonExampleMap.ThirdPersonExampleMap
[2025.03.26-05.44.00:963][119]LogSlate: Window 'Change Variable Type' being destroyed
[2025.03.26-05.44.08:668][568]LogSlate: Window 'Find in Blueprints' being destroyed
[2025.03.26-05.44.15:669][983]BlueprintLog: New page: Compile BP_Table
[2025.03.26-05.44.15:678][983]LogBlueprint: Error: [AssetLog] D:\project\UE\room_escape\Content\BP\Second\BP_Table.uasset: [Compiler] In use pin  <Unnamed>  no longer exists on node  Set Text . Please refresh node or break links to remove pin.
[2025.03.26-05.44.15:678][983]LogBlueprint: Error: [AssetLog] D:\project\UE\room_escape\Content\BP\Second\BP_Table.uasset: [Compiler] In use pin  <Unnamed>  no longer exists on node  Set Text . Please refresh node or break links to remove pin.
[2025.03.26-05.44.15:678][983]LogBlueprint: Error: [AssetLog] D:\project\UE\room_escape\Content\BP\Second\BP_Table.uasset: [Compiler] In use pin  Target  no longer exists on node  Set Text . Please refresh node or break links to remove pin.
[2025.03.26-05.44.15:678][983]LogBlueprint: Error: [AssetLog] D:\project\UE\room_escape\Content\BP\Second\BP_Table.uasset: [Compiler] Could not find a function named "SetText" in 'BP_Table'.
Make sure 'BP_Table' has been compiled for  Set Text
[2025.03.26-05.44.15:678][983]LogBlueprint: Error: [AssetLog] D:\project\UE\room_escape\Content\BP\Second\BP_Table.uasset: [Compiler] In use pin  <Unnamed>  no longer exists on node  Set Text . Please refresh node or break links to remove pin.
[2025.03.26-05.44.15:678][983]LogBlueprint: Error: [AssetLog] D:\project\UE\room_escape\Content\BP\Second\BP_Table.uasset: [Compiler] In use pin  <Unnamed>  no longer exists on node  Set Text . Please refresh node or break links to remove pin.
[2025.03.26-05.44.15:678][983]LogBlueprint: Error: [AssetLog] D:\project\UE\room_escape\Content\BP\Second\BP_Table.uasset: [Compiler] In use pin  Target  no longer exists on node  Set Text . Please refresh node or break links to remove pin.
[2025.03.26-05.44.15:678][983]LogBlueprint: Warning: [AssetLog] D:\project\UE\room_escape\Content\BP\Second\BP_Table.uasset: [Compiler] Input pin  Is Visibility  specifying non-default value no longer exists on node  Set Text . Please refresh node or reset pin to default value to remove pin.
[2025.03.26-05.44.15:678][983]LogBlueprint: Warning: [AssetLog] D:\project\UE\room_escape\Content\BP\Second\BP_Table.uasset: [Compiler] Input pin  Text Content  specifying non-default value no longer exists on node  Set Text . Please refresh node or reset pin to default value to remove pin.
[2025.03.26-05.44.15:678][983]LogBlueprint: Error: [AssetLog] D:\project\UE\room_escape\Content\BP\Second\BP_Table.uasset: [Compiler] Could not find a function named "SetText" in 'BP_Table'.
Make sure 'BP_Table' has been compiled for  Set Text
[2025.03.26-05.44.15:678][983]LogBlueprint: Error: [AssetLog] D:\project\UE\room_escape\Content\BP\Second\BP_Table.uasset: [Compiler] In use pin  Text Render  no longer exists on node  Get . Please refresh node or break links to remove pin.
[2025.03.26-05.44.15:720][983]LogUObjectHash: Compacting FUObjectHashTables data took   1.73ms
[2025.03.26-05.44.35:035][117]LogEditorViewport: Clicking on Actor (LMB): BP_Table_C (BP_Table)
[2025.03.26-05.44.44:483][632]LogUObjectHash: Compacting FUObjectHashTables data took   2.17ms
[2025.03.26-05.44.45:779][632]LogSlate: Window 'Save Content' being destroyed
[2025.03.26-05.44.45:833][632]Cmd: OBJ SAVEPACKAGE PACKAGE="/Game/BP/Second/BP_Table" FILE="../../../../../../project/UE/room_escape/Content/BP/Second/BP_Table.uasset" SILENT=true
[2025.03.26-05.44.45:850][632]LogSavePackage: Moving '../../../../../../project/UE/room_escape/Saved/BP_TableBB60FF1C415F76B1F62C62B6AE10B5EE.tmp' to '../../../../../../project/UE/room_escape/Content/BP/Second/BP_Table.uasset'
[2025.03.26-05.44.45:880][632]LogUObjectHash: Compacting FUObjectHashTables data took   1.22ms
[2025.03.26-05.44.45:914][632]LogSavePackage: Moving '../../../../../../project/UE/room_escape/Saved/ThirdPersonExampleMap5560C837436B0640D8F33A9EEA838C2D.tmp' to '../../../../../../project/UE/room_escape/Content/ThirdPersonBP/Maps/ThirdPersonExampleMap.umap'
[2025.03.26-05.44.45:918][632]LogFileHelpers: Saving map 'ThirdPersonExampleMap' took 0.068
[2025.03.26-05.44.45:933][632]AssetCheck: New page: Asset Save: multiple assets
[2025.03.26-05.44.45:933][632]LogContentValidation: Display: Validating Blueprint /Game/BP/Second/BP_Table.BP_Table
[2025.03.26-05.44.45:933][632]LogContentValidation: Display: Validating World /Game/ThirdPersonBP/Maps/ThirdPersonExampleMap.ThirdPersonExampleMap
[2025.03.26-05.46.21:141][271]BlueprintLog: New page: Compile BP_Table
[2025.03.26-05.46.21:147][271]LogBlueprint: Error: [AssetLog] D:\project\UE\room_escape\Content\BP\Second\BP_Table.uasset: [Compiler] This blueprint (self) is not a BP_TextRender_C, therefore ' Target ' must have a connection.
[2025.03.26-05.46.21:203][271]LogUObjectHash: Compacting FUObjectHashTables data took   1.66ms
[2025.03.26-05.46.32:561][944]BlueprintLog: New page: Compile BP_Table
[2025.03.26-05.46.32:616][944]LogUObjectHash: Compacting FUObjectHashTables data took   1.86ms
[2025.03.26-05.47.23:431][432]LogSlate: Window 'Change Variable Type' being destroyed
[2025.03.26-05.49.13:971][ 10]BlueprintLog: New page: Compile BP_Button
[2025.03.26-05.49.14:026][ 10]LogUObjectHash: Compacting FUObjectHashTables data took   2.39ms
[2025.03.26-05.49.15:549][ 94]LogTemp: Repeating last play command: Selected Viewport
[2025.03.26-05.49.15:559][ 94]LogPlayLevel: PlayLevel: No blueprints needed recompiling
[2025.03.26-05.49.15:560][ 94]PIE: New page: PIE session: ThirdPersonExampleMap (2025年3月26日 下午9:49:15)
[2025.03.26-05.49.15:562][ 94]LogOnline: OSS: Creating online subsystem instance for: NULL
[2025.03.26-05.49.15:563][ 94]LogOnline: OSS: TryLoadSubsystemAndSetDefault: Loaded subsystem for module [NULL]
[2025.03.26-05.49.15:563][ 94]LogPlayLevel: Creating play world package: /Game/ThirdPersonBP/Maps/UEDPIE_0_ThirdPersonExampleMap
[2025.03.26-05.49.15:576][ 94]LogPlayLevel: PIE: StaticDuplicateObject took: (0.012939s)
[2025.03.26-05.49.15:577][ 94]LogAIModule: Creating AISystem for world ThirdPersonExampleMap
[2025.03.26-05.49.15:577][ 94]LogPlayLevel: PIE: World Init took: (0.001461s)
[2025.03.26-05.49.15:577][ 94]LogPlayLevel: PIE: Created PIE world by copying editor world from /Game/ThirdPersonBP/Maps/ThirdPersonExampleMap.ThirdPersonExampleMap to /Game/ThirdPersonBP/Maps/UEDPIE_0_ThirdPersonExampleMap.ThirdPersonExampleMap (0.014623s)
[2025.03.26-05.49.15:604][ 94]LogUObjectHash: Compacting FUObjectHashTables data took   1.69ms
[2025.03.26-05.49.15:604][ 94]LogAudio: Display: Creating Audio Device:                 Id: 2, Scope: Unique, Realtime: True
[2025.03.26-05.49.15:604][ 94]LogAudioMixer: Display: Audio Mixer Platform Settings:
[2025.03.26-05.49.15:604][ 94]LogAudioMixer: Display: 	Sample Rate:						  48000
[2025.03.26-05.49.15:604][ 94]LogAudioMixer: Display: 	Callback Buffer Frame Size Requested: 1024
[2025.03.26-05.49.15:604][ 94]LogAudioMixer: Display: 	Callback Buffer Frame Size To Use:	  1024
[2025.03.26-05.49.15:604][ 94]LogAudioMixer: Display: 	Number of buffers to queue:			  2
[2025.03.26-05.49.15:604][ 94]LogAudioMixer: Display: 	Max Channels (voices):				  32
[2025.03.26-05.49.15:604][ 94]LogAudioMixer: Display: 	Number of Async Source Workers:		  0
[2025.03.26-05.49.15:604][ 94]LogAudio: Display: AudioDevice MaxSources: 32
[2025.03.26-05.49.15:605][ 94]LogAudio: Display: Audio Spatialization Plugin: None (built-in).
[2025.03.26-05.49.15:605][ 94]LogAudio: Display: Audio Reverb Plugin: None (built-in).
[2025.03.26-05.49.15:605][ 94]LogAudio: Display: Audio Occlusion Plugin: None (built-in).
[2025.03.26-05.49.15:605][ 94]LogAudioMixer: Display: Initializing audio mixer.
[2025.03.26-05.49.15:607][ 94]LogAudioMixer: Display: 0: FrontLeft
[2025.03.26-05.49.15:607][ 94]LogAudioMixer: Display: 1: FrontRight
[2025.03.26-05.49.15:639][ 94]LogAudioMixer: Display: Using Audio Device 扬声器 (适用于 I2S 音频的英特尔® 智音技术)
[2025.03.26-05.49.15:639][ 94]LogAudioMixer: Display: Initializing Sound Submixes...
[2025.03.26-05.49.15:639][ 94]LogAudioMixer: Display: Creating Master Submix 'MasterSubmixDefault'
[2025.03.26-05.49.15:639][ 94]LogAudioMixer: Display: Creating Master Submix 'MasterReverbSubmixDefault'
[2025.03.26-05.49.15:640][ 94]LogAudioMixer: Display: Creating Master Submix 'MasterEQSubmixDefault'
[2025.03.26-05.49.15:640][ 94]LogAudioMixer: FMixerPlatformXAudio2::StartAudioStream() called
[2025.03.26-05.49.15:640][ 94]LogAudioMixer: Display: Output buffers initialized: Frames=1024, Channels=2, Samples=2048
[2025.03.26-05.49.15:641][ 94]LogAudioMixer: Display: Starting AudioMixerPlatformInterface::RunInternal()
[2025.03.26-05.49.15:641][ 94]LogAudioMixer: Display: FMixerPlatformXAudio2::SubmitBuffer() called for the first time
[2025.03.26-05.49.15:641][ 94]LogInit: FAudioDevice initialized.
[2025.03.26-05.49.15:641][ 94]LogAudio: Display: Audio Device (ID: 2) registered with world 'ThirdPersonExampleMap'.
[2025.03.26-05.49.15:683][ 94]LogSlate: Updating window title bar state: overlay mode, drag disabled, window buttons hidden, title bar hidden
[2025.03.26-05.49.15:683][ 94]LogLoad: Game class is 'ThirdPersonGameMode_C'
[2025.03.26-05.49.15:688][ 94]LogWorld: Bringing World /Game/ThirdPersonBP/Maps/UEDPIE_0_ThirdPersonExampleMap.ThirdPersonExampleMap up for play (max tick rate 60) at 2025.03.26-13.49.15
[2025.03.26-05.49.15:688][ 94]LogWorld: Bringing up level for play took: 0.004346
[2025.03.26-05.49.15:689][ 94]LogOnline: OSS: Creating online subsystem instance for: :Context_13
[2025.03.26-05.49.15:690][ 94]LogGameMode: FindPlayerStart: PATHS NOT DEFINED or NO PLAYERSTART with positive rating
[2025.03.26-05.49.15:696][ 94]LogNativeClassHierarchy: Verbose: Native class hierarchy updated for 'MovieSceneCapture' in 0.0005 seconds. Added 20 classes and 0 folders.
[2025.03.26-05.49.15:700][ 94]PIE: Server logged in
[2025.03.26-05.49.15:701][ 94]PIE: Play in editor total start time 0.148 seconds.
[2025.03.26-05.49.15:742][ 95]LogRenderer: Reallocating scene render targets to support 1912x1000 Format 10 NumSamples 1 (Frame:1).
[2025.03.26-05.49.18:101][168]LogSlate: Updating window title bar state: overlay mode, drag disabled, window buttons hidden, title bar hidden
[2025.03.26-05.49.18:101][168]LogWorld: BeginTearingDown for /Game/ThirdPersonBP/Maps/UEDPIE_0_ThirdPersonExampleMap
[2025.03.26-05.49.18:102][168]LogSlate: Window 'room_escape Preview [NetMode: Standalone]  (64-bit/Windows) ' being destroyed
[2025.03.26-05.49.18:131][168]LogWorld: UWorld::CleanupWorld for ThirdPersonExampleMap, bSessionEnded=true, bCleanupResources=true
[2025.03.26-05.49.18:132][168]LogSlate: InvalidateAllWidgets triggered.  All widgets were invalidated
[2025.03.26-05.49.18:147][168]LogPlayLevel: Display: Shutting down PIE online subsystems
[2025.03.26-05.49.18:156][168]LogSlate: InvalidateAllWidgets triggered.  All widgets were invalidated
[2025.03.26-05.49.18:188][168]LogAudio: Display: Audio Device unregistered from world 'None'.
[2025.03.26-05.49.18:190][168]LogAudioMixer: FMixerPlatformXAudio2::StopAudioStream() called
[2025.03.26-05.49.18:191][168]LogAudioMixer: FMixerPlatformXAudio2::StopAudioStream() called
[2025.03.26-05.49.18:218][168]LogUObjectHash: Compacting FUObjectHashTables data took   2.62ms
[2025.03.26-05.49.18:235][169]LogPlayLevel: Display: Destroying online subsystem :Context_13
[2025.03.26-05.49.21:755][329]LogUObjectHash: Compacting FUObjectHashTables data took   1.99ms
[2025.03.26-05.49.23:498][329]LogSlate: Window 'Save Content' being destroyed
[2025.03.26-05.49.23:533][329]Cmd: OBJ SAVEPACKAGE PACKAGE="/Game/BP/Second/BP_Button" FILE="../../../../../../project/UE/room_escape/Content/BP/Second/BP_Button.uasset" SILENT=true
[2025.03.26-05.49.23:550][329]LogSavePackage: Moving '../../../../../../project/UE/room_escape/Saved/BP_Button7D89444144BD94FCFB1500997D4D8343.tmp' to '../../../../../../project/UE/room_escape/Content/BP/Second/BP_Button.uasset'
[2025.03.26-05.49.23:572][329]Cmd: OBJ SAVEPACKAGE PACKAGE="/Game/BP/Second/BP_Table" FILE="../../../../../../project/UE/room_escape/Content/BP/Second/BP_Table.uasset" SILENT=true
[2025.03.26-05.49.23:589][329]LogSavePackage: Moving '../../../../../../project/UE/room_escape/Saved/BP_Table5D4704304AD2533384E4C188C288A3D7.tmp' to '../../../../../../project/UE/room_escape/Content/BP/Second/BP_Table.uasset'
[2025.03.26-05.49.23:620][329]LogUObjectHash: Compacting FUObjectHashTables data took   0.42ms
[2025.03.26-05.49.23:653][329]LogSavePackage: Moving '../../../../../../project/UE/room_escape/Saved/ThirdPersonExampleMap3388BB7448F74C13EEE6E18C86E3C3D6.tmp' to '../../../../../../project/UE/room_escape/Content/ThirdPersonBP/Maps/ThirdPersonExampleMap.umap'
[2025.03.26-05.49.23:667][329]LogFileHelpers: Saving map 'ThirdPersonExampleMap' took 0.077
[2025.03.26-05.49.23:683][329]AssetCheck: New page: Asset Save: multiple assets
[2025.03.26-05.49.23:684][329]LogContentValidation: Display: Validating Blueprint /Game/BP/Second/BP_Button.BP_Button
[2025.03.26-05.49.23:684][329]LogContentValidation: Display: Validating Blueprint /Game/BP/Second/BP_Table.BP_Table
[2025.03.26-05.49.23:684][329]LogContentValidation: Display: Validating World /Game/ThirdPersonBP/Maps/ThirdPersonExampleMap.ThirdPersonExampleMap
[2025.03.26-05.49.26:375][454]LogSlate: Window 'Find in Blueprints' being destroyed
[2025.03.26-05.49.26:385][454]LogSlate: Window 'Find in Blueprints' being destroyed
[2025.03.26-05.49.28:179][547]LogTemp: Repeating last play command: Selected Viewport
[2025.03.26-05.49.28:184][547]LogPlayLevel: PlayLevel: No blueprints needed recompiling
[2025.03.26-05.49.28:184][547]PIE: New page: PIE session: ThirdPersonExampleMap (2025年3月26日 下午9:49:28)
[2025.03.26-05.49.28:184][547]LogPlayLevel: Creating play world package: /Game/ThirdPersonBP/Maps/UEDPIE_0_ThirdPersonExampleMap
[2025.03.26-05.49.28:199][547]LogPlayLevel: PIE: StaticDuplicateObject took: (0.014360s)
[2025.03.26-05.49.28:200][547]LogAIModule: Creating AISystem for world ThirdPersonExampleMap
[2025.03.26-05.49.28:200][547]LogPlayLevel: PIE: World Init took: (0.001463s)
[2025.03.26-05.49.28:200][547]LogPlayLevel: PIE: Created PIE world by copying editor world from /Game/ThirdPersonBP/Maps/ThirdPersonExampleMap.ThirdPersonExampleMap to /Game/ThirdPersonBP/Maps/UEDPIE_0_ThirdPersonExampleMap.ThirdPersonExampleMap (0.016015s)
[2025.03.26-05.49.28:227][547]LogUObjectHash: Compacting FUObjectHashTables data took   1.80ms
[2025.03.26-05.49.28:231][547]LogAudio: Display: Creating Audio Device:                 Id: 3, Scope: Unique, Realtime: True
[2025.03.26-05.49.28:231][547]LogAudioMixer: Display: Audio Mixer Platform Settings:
[2025.03.26-05.49.28:231][547]LogAudioMixer: Display: 	Sample Rate:						  48000
[2025.03.26-05.49.28:231][547]LogAudioMixer: Display: 	Callback Buffer Frame Size Requested: 1024
[2025.03.26-05.49.28:231][547]LogAudioMixer: Display: 	Callback Buffer Frame Size To Use:	  1024
[2025.03.26-05.49.28:231][547]LogAudioMixer: Display: 	Number of buffers to queue:			  2
[2025.03.26-05.49.28:231][547]LogAudioMixer: Display: 	Max Channels (voices):				  32
[2025.03.26-05.49.28:231][547]LogAudioMixer: Display: 	Number of Async Source Workers:		  0
[2025.03.26-05.49.28:231][547]LogAudio: Display: AudioDevice MaxSources: 32
[2025.03.26-05.49.28:231][547]LogAudio: Display: Audio Spatialization Plugin: None (built-in).
[2025.03.26-05.49.28:231][547]LogAudio: Display: Audio Reverb Plugin: None (built-in).
[2025.03.26-05.49.28:231][547]LogAudio: Display: Audio Occlusion Plugin: None (built-in).
[2025.03.26-05.49.28:231][547]LogAudioMixer: Display: Initializing audio mixer.
[2025.03.26-05.49.28:233][547]LogAudioMixer: Display: 0: FrontLeft
[2025.03.26-05.49.28:233][547]LogAudioMixer: Display: 1: FrontRight
[2025.03.26-05.49.28:267][547]LogAudioMixer: Display: Using Audio Device 扬声器 (适用于 I2S 音频的英特尔® 智音技术)
[2025.03.26-05.49.28:267][547]LogAudioMixer: Display: Initializing Sound Submixes...
[2025.03.26-05.49.28:268][547]LogAudioMixer: Display: Creating Master Submix 'MasterSubmixDefault'
[2025.03.26-05.49.28:268][547]LogAudioMixer: Display: Creating Master Submix 'MasterReverbSubmixDefault'
[2025.03.26-05.49.28:269][547]LogAudioMixer: Display: Creating Master Submix 'MasterEQSubmixDefault'
[2025.03.26-05.49.28:269][547]LogAudioMixer: FMixerPlatformXAudio2::StartAudioStream() called
[2025.03.26-05.49.28:269][547]LogAudioMixer: Display: Output buffers initialized: Frames=1024, Channels=2, Samples=2048
[2025.03.26-05.49.28:270][547]LogAudioMixer: Display: Starting AudioMixerPlatformInterface::RunInternal()
[2025.03.26-05.49.28:270][547]LogAudioMixer: Display: FMixerPlatformXAudio2::SubmitBuffer() called for the first time
[2025.03.26-05.49.28:270][547]LogInit: FAudioDevice initialized.
[2025.03.26-05.49.28:270][547]LogAudio: Display: Audio Device (ID: 3) registered with world 'ThirdPersonExampleMap'.
[2025.03.26-05.49.28:282][547]LogLoad: Game class is 'ThirdPersonGameMode_C'
[2025.03.26-05.49.28:287][547]LogWorld: Bringing World /Game/ThirdPersonBP/Maps/UEDPIE_0_ThirdPersonExampleMap.ThirdPersonExampleMap up for play (max tick rate 60) at 2025.03.26-13.49.28
[2025.03.26-05.49.28:288][547]LogWorld: Bringing up level for play took: 0.004018
[2025.03.26-05.49.28:289][547]LogOnline: OSS: Creating online subsystem instance for: :Context_14
[2025.03.26-05.49.28:292][547]PIE: Server logged in
[2025.03.26-05.49.28:293][547]PIE: Play in editor total start time 0.11 seconds.
[2025.03.26-05.49.31:831][754]LogSlate: Updating window title bar state: overlay mode, drag disabled, window buttons hidden, title bar hidden
[2025.03.26-05.49.31:831][754]LogWorld: BeginTearingDown for /Game/ThirdPersonBP/Maps/UEDPIE_0_ThirdPersonExampleMap
[2025.03.26-05.49.31:831][754]LogWorld: UWorld::CleanupWorld for ThirdPersonExampleMap, bSessionEnded=true, bCleanupResources=true
[2025.03.26-05.49.31:832][754]LogSlate: InvalidateAllWidgets triggered.  All widgets were invalidated
[2025.03.26-05.49.31:842][754]LogPlayLevel: Display: Shutting down PIE online subsystems
[2025.03.26-05.49.31:851][754]LogSlate: InvalidateAllWidgets triggered.  All widgets were invalidated
[2025.03.26-05.49.31:877][754]LogAudio: Display: Audio Device unregistered from world 'None'.
[2025.03.26-05.49.31:878][754]LogAudioMixer: FMixerPlatformXAudio2::StopAudioStream() called
[2025.03.26-05.49.31:878][754]LogAudioMixer: FMixerPlatformXAudio2::StopAudioStream() called
[2025.03.26-05.49.31:882][754]LogSlate: Updating window title bar state: overlay mode, drag disabled, window buttons hidden, title bar hidden
[2025.03.26-05.49.31:885][754]LogUObjectHash: Compacting FUObjectHashTables data took   2.01ms
[2025.03.26-05.49.31:918][755]LogPlayLevel: Display: Destroying online subsystem :Context_14
[2025.03.26-05.49.45:125][490]BlueprintLog: New page: Compile BP_TextRender
[2025.03.26-05.49.45:192][490]LogUObjectHash: Compacting FUObjectHashTables data took   4.73ms
[2025.03.26-05.49.47:962][617]LogUObjectHash: Compacting FUObjectHashTables data took   5.67ms
[2025.03.26-05.49.48:989][617]LogSlate: Window 'Save Content' being destroyed
[2025.03.26-05.49.49:031][617]Cmd: OBJ SAVEPACKAGE PACKAGE="/Game/BP/Second/BP_TextRender" FILE="../../../../../../project/UE/room_escape/Content/BP/Second/BP_TextRender.uasset" SILENT=true
[2025.03.26-05.49.49:035][617]LogSavePackage: Moving '../../../../../../project/UE/room_escape/Saved/BP_TextRenderDC5975934E1561B2453205884AF98551.tmp' to '../../../../../../project/UE/room_escape/Content/BP/Second/BP_TextRender.uasset'
[2025.03.26-05.49.49:071][617]LogUObjectHash: Compacting FUObjectHashTables data took   0.78ms
[2025.03.26-05.49.49:106][617]LogSavePackage: Moving '../../../../../../project/UE/room_escape/Saved/ThirdPersonExampleMapB7E4502E4280DEBB30863FA160074D7E.tmp' to '../../../../../../project/UE/room_escape/Content/ThirdPersonBP/Maps/ThirdPersonExampleMap.umap'
[2025.03.26-05.49.49:112][617]LogFileHelpers: Saving map 'ThirdPersonExampleMap' took 0.075
[2025.03.26-05.49.49:127][617]AssetCheck: New page: Asset Save: multiple assets
[2025.03.26-05.49.49:127][617]LogContentValidation: Display: Validating World /Game/ThirdPersonBP/Maps/ThirdPersonExampleMap.ThirdPersonExampleMap
[2025.03.26-05.49.49:127][617]LogContentValidation: Display: Validating Blueprint /Game/BP/Second/BP_TextRender.BP_TextRender
[2025.03.26-05.49.50:656][703]LogTemp: Repeating last play command: Selected Viewport
[2025.03.26-05.49.50:667][703]LogPlayLevel: PlayLevel: No blueprints needed recompiling
[2025.03.26-05.49.50:667][703]PIE: New page: PIE session: ThirdPersonExampleMap (2025年3月26日 下午9:49:50)
[2025.03.26-05.49.50:667][703]LogPlayLevel: Creating play world package: /Game/ThirdPersonBP/Maps/UEDPIE_0_ThirdPersonExampleMap
[2025.03.26-05.49.50:681][703]LogPlayLevel: PIE: StaticDuplicateObject took: (0.013760s)
[2025.03.26-05.49.50:682][703]LogAIModule: Creating AISystem for world ThirdPersonExampleMap
[2025.03.26-05.49.50:682][703]LogPlayLevel: PIE: World Init took: (0.000924s)
[2025.03.26-05.49.50:682][703]LogPlayLevel: PIE: Created PIE world by copying editor world from /Game/ThirdPersonBP/Maps/ThirdPersonExampleMap.ThirdPersonExampleMap to /Game/ThirdPersonBP/Maps/UEDPIE_0_ThirdPersonExampleMap.ThirdPersonExampleMap (0.014855s)
[2025.03.26-05.49.50:711][703]LogUObjectHash: Compacting FUObjectHashTables data took   1.89ms
[2025.03.26-05.49.50:712][703]LogAudio: Display: Creating Audio Device:                 Id: 4, Scope: Unique, Realtime: True
[2025.03.26-05.49.50:712][703]LogAudioMixer: Display: Audio Mixer Platform Settings:
[2025.03.26-05.49.50:712][703]LogAudioMixer: Display: 	Sample Rate:						  48000
[2025.03.26-05.49.50:712][703]LogAudioMixer: Display: 	Callback Buffer Frame Size Requested: 1024
[2025.03.26-05.49.50:712][703]LogAudioMixer: Display: 	Callback Buffer Frame Size To Use:	  1024
[2025.03.26-05.49.50:712][703]LogAudioMixer: Display: 	Number of buffers to queue:			  2
[2025.03.26-05.49.50:712][703]LogAudioMixer: Display: 	Max Channels (voices):				  32
[2025.03.26-05.49.50:712][703]LogAudioMixer: Display: 	Number of Async Source Workers:		  0
[2025.03.26-05.49.50:712][703]LogAudio: Display: AudioDevice MaxSources: 32
[2025.03.26-05.49.50:712][703]LogAudio: Display: Audio Spatialization Plugin: None (built-in).
[2025.03.26-05.49.50:712][703]LogAudio: Display: Audio Reverb Plugin: None (built-in).
[2025.03.26-05.49.50:712][703]LogAudio: Display: Audio Occlusion Plugin: None (built-in).
[2025.03.26-05.49.50:712][703]LogAudioMixer: Display: Initializing audio mixer.
[2025.03.26-05.49.50:714][703]LogAudioMixer: Display: 0: FrontLeft
[2025.03.26-05.49.50:714][703]LogAudioMixer: Display: 1: FrontRight
[2025.03.26-05.49.50:744][703]LogAudioMixer: Display: Using Audio Device 扬声器 (适用于 I2S 音频的英特尔® 智音技术)
[2025.03.26-05.49.50:744][703]LogAudioMixer: Display: Initializing Sound Submixes...
[2025.03.26-05.49.50:744][703]LogAudioMixer: Display: Creating Master Submix 'MasterSubmixDefault'
[2025.03.26-05.49.50:744][703]LogAudioMixer: Display: Creating Master Submix 'MasterReverbSubmixDefault'
[2025.03.26-05.49.50:745][703]LogAudioMixer: Display: Creating Master Submix 'MasterEQSubmixDefault'
[2025.03.26-05.49.50:745][703]LogAudioMixer: FMixerPlatformXAudio2::StartAudioStream() called
[2025.03.26-05.49.50:745][703]LogAudioMixer: Display: Output buffers initialized: Frames=1024, Channels=2, Samples=2048
[2025.03.26-05.49.50:746][703]LogAudioMixer: Display: Starting AudioMixerPlatformInterface::RunInternal()
[2025.03.26-05.49.50:746][703]LogAudioMixer: Display: FMixerPlatformXAudio2::SubmitBuffer() called for the first time
[2025.03.26-05.49.50:746][703]LogInit: FAudioDevice initialized.
[2025.03.26-05.49.50:746][703]LogAudio: Display: Audio Device (ID: 4) registered with world 'ThirdPersonExampleMap'.
[2025.03.26-05.49.50:753][703]LogLoad: Game class is 'ThirdPersonGameMode_C'
[2025.03.26-05.49.50:756][703]LogWorld: Bringing World /Game/ThirdPersonBP/Maps/UEDPIE_0_ThirdPersonExampleMap.ThirdPersonExampleMap up for play (max tick rate 60) at 2025.03.26-13.49.50
[2025.03.26-05.49.50:756][703]LogWorld: Bringing up level for play took: 0.003002
[2025.03.26-05.49.50:757][703]LogOnline: OSS: Creating online subsystem instance for: :Context_15
[2025.03.26-05.49.50:759][703]PIE: Server logged in
[2025.03.26-05.49.50:760][703]PIE: Play in editor total start time 0.094 seconds.
[2025.03.26-05.49.56:480][ 44]LogScript: Warning: Accessed None trying to read property textRender
	BP_Button_C /Game/ThirdPersonBP/Maps/UEDPIE_0_ThirdPersonExampleMap.ThirdPersonExampleMap:PersistentLevel.BP_Button_2
	Function /Game/BP/Second/BP_Button.BP_Button_C:ExecuteUbergraph_BP_Button:001A
[2025.03.26-05.49.56:480][ 44]PIE: Error: Blueprint Runtime Error: "Accessed None trying to read property textRender". Blueprint:  BP_Button Function:  Execute Ubergraph BP Button Graph:  EventGraph Node:  Set Text
[2025.03.26-05.49.59:280][212]LogScript: Warning: Accessed None trying to read property textRender
	BP_Button_C /Game/ThirdPersonBP/Maps/UEDPIE_0_ThirdPersonExampleMap.ThirdPersonExampleMap:PersistentLevel.BP_Button_2
	Function /Game/BP/Second/BP_Button.BP_Button_C:ExecuteUbergraph_BP_Button:045D
[2025.03.26-05.49.59:280][212]PIE: Error: Blueprint Runtime Error: "Accessed None trying to read property textRender". Blueprint:  BP_Button Function:  Execute Ubergraph BP Button Graph:  EventGraph Node:  Set Text
[2025.03.26-05.50.07:620][711]LogSlate: Updating window title bar state: overlay mode, drag disabled, window buttons hidden, title bar hidden
[2025.03.26-05.50.07:620][711]LogWorld: BeginTearingDown for /Game/ThirdPersonBP/Maps/UEDPIE_0_ThirdPersonExampleMap
[2025.03.26-05.50.07:620][711]LogWorld: UWorld::CleanupWorld for ThirdPersonExampleMap, bSessionEnded=true, bCleanupResources=true
[2025.03.26-05.50.07:621][711]LogSlate: InvalidateAllWidgets triggered.  All widgets were invalidated
[2025.03.26-05.50.07:634][711]LogPlayLevel: Display: Shutting down PIE online subsystems
[2025.03.26-05.50.07:641][711]LogSlate: InvalidateAllWidgets triggered.  All widgets were invalidated
[2025.03.26-05.50.07:668][711]LogAudio: Display: Audio Device unregistered from world 'None'.
[2025.03.26-05.50.07:668][711]LogAudioMixer: FMixerPlatformXAudio2::StopAudioStream() called
[2025.03.26-05.50.07:670][711]LogAudioMixer: FMixerPlatformXAudio2::StopAudioStream() called
[2025.03.26-05.50.07:673][711]LogSlate: Updating window title bar state: overlay mode, drag disabled, window buttons hidden, title bar hidden
[2025.03.26-05.50.07:679][711]LogUObjectHash: Compacting FUObjectHashTables data took   3.31ms
[2025.03.26-05.50.07:792][712]LogPlayLevel: Display: Destroying online subsystem :Context_15
[2025.03.26-05.50.14:997][ 35]LogSlate: Window 'Message Log' being destroyed
[2025.03.26-05.50.15:040][ 35]LogSlate: Window 'Message Log' being destroyed
[2025.03.26-05.50.24:927][510]LogEditorViewport: Clicking on Actor (LMB): BP_Table_C (BP_Table)
[2025.03.26-05.50.31:747][853]LogEditorViewport: Clicking on Actor (LMB): BP_Button_C (BP_Button)
[2025.03.26-05.50.40:983][323]LogUObjectHash: Compacting FUObjectHashTables data took   4.26ms
[2025.03.26-05.50.42:130][323]LogSlate: Window 'Save Content' being destroyed
[2025.03.26-05.50.42:194][323]LogUObjectHash: Compacting FUObjectHashTables data took   0.46ms
[2025.03.26-05.50.42:230][323]LogSavePackage: Moving '../../../../../../project/UE/room_escape/Saved/ThirdPersonExampleMap8C3C30CF4236CA9D2C392B90F08310F0.tmp' to '../../../../../../project/UE/room_escape/Content/ThirdPersonBP/Maps/ThirdPersonExampleMap.umap'
[2025.03.26-05.50.42:246][323]LogFileHelpers: Saving map 'ThirdPersonExampleMap' took 0.083
[2025.03.26-05.50.42:261][323]AssetCheck: New page: Asset Save: ThirdPersonExampleMap
[2025.03.26-05.50.42:261][323]LogContentValidation: Display: Validating World /Game/ThirdPersonBP/Maps/ThirdPersonExampleMap.ThirdPersonExampleMap
[2025.03.26-05.50.43:236][378]LogTemp: Repeating last play command: Selected Viewport
[2025.03.26-05.50.43:245][378]LogPlayLevel: PlayLevel: No blueprints needed recompiling
[2025.03.26-05.50.43:245][378]PIE: New page: PIE session: ThirdPersonExampleMap (2025年3月26日 下午9:50:43)
[2025.03.26-05.50.43:245][378]LogPlayLevel: Creating play world package: /Game/ThirdPersonBP/Maps/UEDPIE_0_ThirdPersonExampleMap
[2025.03.26-05.50.43:264][378]LogPlayLevel: PIE: StaticDuplicateObject took: (0.018602s)
[2025.03.26-05.50.43:265][378]LogAIModule: Creating AISystem for world ThirdPersonExampleMap
[2025.03.26-05.50.43:265][378]LogPlayLevel: PIE: World Init took: (0.001299s)
[2025.03.26-05.50.43:265][378]LogPlayLevel: PIE: Created PIE world by copying editor world from /Game/ThirdPersonBP/Maps/ThirdPersonExampleMap.ThirdPersonExampleMap to /Game/ThirdPersonBP/Maps/UEDPIE_0_ThirdPersonExampleMap.ThirdPersonExampleMap (0.020115s)
[2025.03.26-05.50.43:296][378]LogUObjectHash: Compacting FUObjectHashTables data took   1.65ms
[2025.03.26-05.50.43:297][378]LogAudio: Display: Creating Audio Device:                 Id: 5, Scope: Unique, Realtime: True
[2025.03.26-05.50.43:297][378]LogAudioMixer: Display: Audio Mixer Platform Settings:
[2025.03.26-05.50.43:297][378]LogAudioMixer: Display: 	Sample Rate:						  48000
[2025.03.26-05.50.43:297][378]LogAudioMixer: Display: 	Callback Buffer Frame Size Requested: 1024
[2025.03.26-05.50.43:297][378]LogAudioMixer: Display: 	Callback Buffer Frame Size To Use:	  1024
[2025.03.26-05.50.43:297][378]LogAudioMixer: Display: 	Number of buffers to queue:			  2
[2025.03.26-05.50.43:297][378]LogAudioMixer: Display: 	Max Channels (voices):				  32
[2025.03.26-05.50.43:297][378]LogAudioMixer: Display: 	Number of Async Source Workers:		  0
[2025.03.26-05.50.43:297][378]LogAudio: Display: AudioDevice MaxSources: 32
[2025.03.26-05.50.43:297][378]LogAudio: Display: Audio Spatialization Plugin: None (built-in).
[2025.03.26-05.50.43:297][378]LogAudio: Display: Audio Reverb Plugin: None (built-in).
[2025.03.26-05.50.43:297][378]LogAudio: Display: Audio Occlusion Plugin: None (built-in).
[2025.03.26-05.50.43:298][378]LogAudioMixer: Display: Initializing audio mixer.
[2025.03.26-05.50.43:299][378]LogAudioMixer: Display: 0: FrontLeft
[2025.03.26-05.50.43:299][378]LogAudioMixer: Display: 1: FrontRight
[2025.03.26-05.50.43:331][378]LogAudioMixer: Display: Using Audio Device 扬声器 (适用于 I2S 音频的英特尔® 智音技术)
[2025.03.26-05.50.43:331][378]LogAudioMixer: Display: Initializing Sound Submixes...
[2025.03.26-05.50.43:331][378]LogAudioMixer: Display: Creating Master Submix 'MasterSubmixDefault'
[2025.03.26-05.50.43:331][378]LogAudioMixer: Display: Creating Master Submix 'MasterReverbSubmixDefault'
[2025.03.26-05.50.43:331][378]LogAudioMixer: Display: Creating Master Submix 'MasterEQSubmixDefault'
[2025.03.26-05.50.43:331][378]LogAudioMixer: FMixerPlatformXAudio2::StartAudioStream() called
[2025.03.26-05.50.43:331][378]LogAudioMixer: Display: Output buffers initialized: Frames=1024, Channels=2, Samples=2048
[2025.03.26-05.50.43:332][378]LogAudioMixer: Display: Starting AudioMixerPlatformInterface::RunInternal()
[2025.03.26-05.50.43:332][378]LogAudioMixer: Display: FMixerPlatformXAudio2::SubmitBuffer() called for the first time
[2025.03.26-05.50.43:332][378]LogInit: FAudioDevice initialized.
[2025.03.26-05.50.43:332][378]LogAudio: Display: Audio Device (ID: 5) registered with world 'ThirdPersonExampleMap'.
[2025.03.26-05.50.43:339][378]LogLoad: Game class is 'ThirdPersonGameMode_C'
[2025.03.26-05.50.43:342][378]LogWorld: Bringing World /Game/ThirdPersonBP/Maps/UEDPIE_0_ThirdPersonExampleMap.ThirdPersonExampleMap up for play (max tick rate 60) at 2025.03.26-13.50.43
[2025.03.26-05.50.43:343][378]LogWorld: Bringing up level for play took: 0.002568
[2025.03.26-05.50.43:343][378]LogOnline: OSS: Creating online subsystem instance for: :Context_16
[2025.03.26-05.50.43:345][378]PIE: Server logged in
[2025.03.26-05.50.43:346][378]PIE: Play in editor total start time 0.104 seconds.
[2025.03.26-05.50.55:410][ 98]LogSlate: Updating window title bar state: overlay mode, drag disabled, window buttons hidden, title bar hidden
[2025.03.26-05.50.55:410][ 98]LogWorld: BeginTearingDown for /Game/ThirdPersonBP/Maps/UEDPIE_0_ThirdPersonExampleMap
[2025.03.26-05.50.55:410][ 98]LogWorld: UWorld::CleanupWorld for ThirdPersonExampleMap, bSessionEnded=true, bCleanupResources=true
[2025.03.26-05.50.55:410][ 98]LogSlate: InvalidateAllWidgets triggered.  All widgets were invalidated
[2025.03.26-05.50.55:422][ 98]LogPlayLevel: Display: Shutting down PIE online subsystems
[2025.03.26-05.50.55:430][ 98]LogSlate: InvalidateAllWidgets triggered.  All widgets were invalidated
[2025.03.26-05.50.55:458][ 98]LogAudio: Display: Audio Device unregistered from world 'None'.
[2025.03.26-05.50.55:458][ 98]LogAudioMixer: FMixerPlatformXAudio2::StopAudioStream() called
[2025.03.26-05.50.55:459][ 98]LogAudioMixer: FMixerPlatformXAudio2::StopAudioStream() called
[2025.03.26-05.50.55:462][ 98]LogSlate: Updating window title bar state: overlay mode, drag disabled, window buttons hidden, title bar hidden
[2025.03.26-05.50.55:466][ 98]LogUObjectHash: Compacting FUObjectHashTables data took   1.87ms
[2025.03.26-05.50.55:500][ 99]LogPlayLevel: Display: Destroying online subsystem :Context_16
[2025.03.26-05.51.15:754][241]BlueprintLog: New page: Compile BP_TextRender
[2025.03.26-05.51.15:806][241]LogUObjectHash: Compacting FUObjectHashTables data took   2.51ms
[2025.03.26-05.51.17:574][321]LogUObjectHash: Compacting FUObjectHashTables data took   5.47ms
[2025.03.26-05.51.18:580][321]LogSlate: Window 'Save Content' being destroyed
[2025.03.26-05.51.18:620][321]Cmd: OBJ SAVEPACKAGE PACKAGE="/Game/BP/Second/BP_TextRender" FILE="../../../../../../project/UE/room_escape/Content/BP/Second/BP_TextRender.uasset" SILENT=true
[2025.03.26-05.51.18:624][321]LogSavePackage: Moving '../../../../../../project/UE/room_escape/Saved/BP_TextRenderCC63CEBB49298043F948ABA225104A87.tmp' to '../../../../../../project/UE/room_escape/Content/BP/Second/BP_TextRender.uasset'
[2025.03.26-05.51.18:658][321]LogUObjectHash: Compacting FUObjectHashTables data took   0.46ms
[2025.03.26-05.51.18:691][321]LogSavePackage: Moving '../../../../../../project/UE/room_escape/Saved/ThirdPersonExampleMapEC3E499747224B4EC83CE280954723A4.tmp' to '../../../../../../project/UE/room_escape/Content/ThirdPersonBP/Maps/ThirdPersonExampleMap.umap'
[2025.03.26-05.51.18:696][321]LogFileHelpers: Saving map 'ThirdPersonExampleMap' took 0.072
[2025.03.26-05.51.18:710][321]AssetCheck: New page: Asset Save: multiple assets
[2025.03.26-05.51.18:711][321]LogContentValidation: Display: Validating World /Game/ThirdPersonBP/Maps/ThirdPersonExampleMap.ThirdPersonExampleMap
[2025.03.26-05.51.18:711][321]LogContentValidation: Display: Validating Blueprint /Game/BP/Second/BP_TextRender.BP_TextRender
[2025.03.26-05.51.19:991][385]LogTemp: Repeating last play command: Selected Viewport
[2025.03.26-05.51.20:001][385]LogPlayLevel: PlayLevel: No blueprints needed recompiling
[2025.03.26-05.51.20:001][385]PIE: New page: PIE session: ThirdPersonExampleMap (2025年3月26日 下午9:51:20)
[2025.03.26-05.51.20:038][385]LogPlayLevel: Creating play world package: /Game/ThirdPersonBP/Maps/UEDPIE_0_ThirdPersonExampleMap
[2025.03.26-05.51.20:054][385]LogPlayLevel: PIE: StaticDuplicateObject took: (0.015095s)
[2025.03.26-05.51.20:055][385]LogAIModule: Creating AISystem for world ThirdPersonExampleMap
[2025.03.26-05.51.20:055][385]LogPlayLevel: PIE: World Init took: (0.001055s)
[2025.03.26-05.51.20:055][385]LogPlayLevel: PIE: Created PIE world by copying editor world from /Game/ThirdPersonBP/Maps/ThirdPersonExampleMap.ThirdPersonExampleMap to /Game/ThirdPersonBP/Maps/UEDPIE_0_ThirdPersonExampleMap.ThirdPersonExampleMap (0.016408s)
[2025.03.26-05.51.20:086][385]LogUObjectHash: Compacting FUObjectHashTables data took   1.90ms
[2025.03.26-05.51.20:086][385]LogAudio: Display: Creating Audio Device:                 Id: 6, Scope: Unique, Realtime: True
[2025.03.26-05.51.20:086][385]LogAudioMixer: Display: Audio Mixer Platform Settings:
[2025.03.26-05.51.20:086][385]LogAudioMixer: Display: 	Sample Rate:						  48000
[2025.03.26-05.51.20:086][385]LogAudioMixer: Display: 	Callback Buffer Frame Size Requested: 1024
[2025.03.26-05.51.20:086][385]LogAudioMixer: Display: 	Callback Buffer Frame Size To Use:	  1024
[2025.03.26-05.51.20:086][385]LogAudioMixer: Display: 	Number of buffers to queue:			  2
[2025.03.26-05.51.20:086][385]LogAudioMixer: Display: 	Max Channels (voices):				  32
[2025.03.26-05.51.20:086][385]LogAudioMixer: Display: 	Number of Async Source Workers:		  0
[2025.03.26-05.51.20:086][385]LogAudio: Display: AudioDevice MaxSources: 32
[2025.03.26-05.51.20:088][385]LogAudio: Display: Audio Spatialization Plugin: None (built-in).
[2025.03.26-05.51.20:088][385]LogAudio: Display: Audio Reverb Plugin: None (built-in).
[2025.03.26-05.51.20:088][385]LogAudio: Display: Audio Occlusion Plugin: None (built-in).
[2025.03.26-05.51.20:088][385]LogAudioMixer: Display: Initializing audio mixer.
[2025.03.26-05.51.20:090][385]LogAudioMixer: Display: 0: FrontLeft
[2025.03.26-05.51.20:090][385]LogAudioMixer: Display: 1: FrontRight
[2025.03.26-05.51.20:125][385]LogAudioMixer: Display: Using Audio Device 扬声器 (适用于 I2S 音频的英特尔® 智音技术)
[2025.03.26-05.51.20:125][385]LogAudioMixer: Display: Initializing Sound Submixes...
[2025.03.26-05.51.20:125][385]LogAudioMixer: Display: Creating Master Submix 'MasterSubmixDefault'
[2025.03.26-05.51.20:125][385]LogAudioMixer: Display: Creating Master Submix 'MasterReverbSubmixDefault'
[2025.03.26-05.51.20:125][385]LogAudioMixer: Display: Creating Master Submix 'MasterEQSubmixDefault'
[2025.03.26-05.51.20:125][385]LogAudioMixer: FMixerPlatformXAudio2::StartAudioStream() called
[2025.03.26-05.51.20:125][385]LogAudioMixer: Display: Output buffers initialized: Frames=1024, Channels=2, Samples=2048
[2025.03.26-05.51.20:127][385]LogAudioMixer: Display: Starting AudioMixerPlatformInterface::RunInternal()
[2025.03.26-05.51.20:127][385]LogAudioMixer: Display: FMixerPlatformXAudio2::SubmitBuffer() called for the first time
[2025.03.26-05.51.20:127][385]LogInit: FAudioDevice initialized.
[2025.03.26-05.51.20:127][385]LogAudio: Display: Audio Device (ID: 6) registered with world 'ThirdPersonExampleMap'.
[2025.03.26-05.51.20:133][385]LogLoad: Game class is 'ThirdPersonGameMode_C'
[2025.03.26-05.51.20:137][385]LogWorld: Bringing World /Game/ThirdPersonBP/Maps/UEDPIE_0_ThirdPersonExampleMap.ThirdPersonExampleMap up for play (max tick rate 60) at 2025.03.26-13.51.20
[2025.03.26-05.51.20:137][385]LogWorld: Bringing up level for play took: 0.002978
[2025.03.26-05.51.20:137][385]LogOnline: OSS: Creating online subsystem instance for: :Context_17
[2025.03.26-05.51.20:139][385]PIE: Server logged in
[2025.03.26-05.51.20:139][385]PIE: Play in editor total start time 0.142 seconds.
[2025.03.26-05.51.32:540][125]LogSlate: Updating window title bar state: overlay mode, drag disabled, window buttons hidden, title bar hidden
[2025.03.26-05.51.32:540][125]LogWorld: BeginTearingDown for /Game/ThirdPersonBP/Maps/UEDPIE_0_ThirdPersonExampleMap
[2025.03.26-05.51.32:540][125]LogWorld: UWorld::CleanupWorld for ThirdPersonExampleMap, bSessionEnded=true, bCleanupResources=true
[2025.03.26-05.51.32:541][125]LogSlate: InvalidateAllWidgets triggered.  All widgets were invalidated
[2025.03.26-05.51.32:548][125]LogPlayLevel: Display: Shutting down PIE online subsystems
[2025.03.26-05.51.32:555][125]LogSlate: InvalidateAllWidgets triggered.  All widgets were invalidated
[2025.03.26-05.51.32:585][125]LogSlate: Updating window title bar state: overlay mode, drag disabled, window buttons hidden, title bar hidden
[2025.03.26-05.51.32:585][125]LogAudioMixer: FMixerPlatformXAudio2::StopAudioStream() called
[2025.03.26-05.51.32:586][125]LogAudioMixer: FMixerPlatformXAudio2::StopAudioStream() called
[2025.03.26-05.51.32:594][125]LogUObjectHash: Compacting FUObjectHashTables data took   1.78ms
[2025.03.26-05.51.32:624][126]LogPlayLevel: Display: Destroying online subsystem :Context_17
[2025.03.26-05.52.10:573][337]BlueprintLog: New page: Compile BP_TextRender
[2025.03.26-05.52.10:626][337]LogUObjectHash: Compacting FUObjectHashTables data took   2.37ms
[2025.03.26-05.52.12:237][430]LogTemp: Repeating last play command: Selected Viewport
[2025.03.26-05.52.12:241][430]LogPlayLevel: PlayLevel: No blueprints needed recompiling
[2025.03.26-05.52.12:242][430]PIE: New page: PIE session: ThirdPersonExampleMap (2025年3月26日 下午9:52:12)
[2025.03.26-05.52.12:242][430]LogPlayLevel: Creating play world package: /Game/ThirdPersonBP/Maps/UEDPIE_0_ThirdPersonExampleMap
[2025.03.26-05.52.12:256][430]LogPlayLevel: PIE: StaticDuplicateObject took: (0.013699s)
[2025.03.26-05.52.12:257][430]LogAIModule: Creating AISystem for world ThirdPersonExampleMap
[2025.03.26-05.52.12:257][430]LogPlayLevel: PIE: World Init took: (0.001343s)
[2025.03.26-05.52.12:257][430]LogPlayLevel: PIE: Created PIE world by copying editor world from /Game/ThirdPersonBP/Maps/ThirdPersonExampleMap.ThirdPersonExampleMap to /Game/ThirdPersonBP/Maps/UEDPIE_0_ThirdPersonExampleMap.ThirdPersonExampleMap (0.015293s)
[2025.03.26-05.52.12:288][430]LogUObjectHash: Compacting FUObjectHashTables data took   2.52ms
[2025.03.26-05.52.12:289][430]LogAudio: Display: Creating Audio Device:                 Id: 7, Scope: Unique, Realtime: True
[2025.03.26-05.52.12:289][430]LogAudioMixer: Display: Audio Mixer Platform Settings:
[2025.03.26-05.52.12:289][430]LogAudioMixer: Display: 	Sample Rate:						  48000
[2025.03.26-05.52.12:289][430]LogAudioMixer: Display: 	Callback Buffer Frame Size Requested: 1024
[2025.03.26-05.52.12:289][430]LogAudioMixer: Display: 	Callback Buffer Frame Size To Use:	  1024
[2025.03.26-05.52.12:289][430]LogAudioMixer: Display: 	Number of buffers to queue:			  2
[2025.03.26-05.52.12:289][430]LogAudioMixer: Display: 	Max Channels (voices):				  32
[2025.03.26-05.52.12:289][430]LogAudioMixer: Display: 	Number of Async Source Workers:		  0
[2025.03.26-05.52.12:289][430]LogAudio: Display: AudioDevice MaxSources: 32
[2025.03.26-05.52.12:289][430]LogAudio: Display: Audio Spatialization Plugin: None (built-in).
[2025.03.26-05.52.12:290][430]LogAudio: Display: Audio Reverb Plugin: None (built-in).
[2025.03.26-05.52.12:290][430]LogAudio: Display: Audio Occlusion Plugin: None (built-in).
[2025.03.26-05.52.12:290][430]LogAudioMixer: Display: Initializing audio mixer.
[2025.03.26-05.52.12:292][430]LogAudioMixer: Display: 0: FrontLeft
[2025.03.26-05.52.12:292][430]LogAudioMixer: Display: 1: FrontRight
[2025.03.26-05.52.12:323][430]LogAudioMixer: Display: Using Audio Device 扬声器 (适用于 I2S 音频的英特尔® 智音技术)
[2025.03.26-05.52.12:323][430]LogAudioMixer: Display: Initializing Sound Submixes...
[2025.03.26-05.52.12:323][430]LogAudioMixer: Display: Creating Master Submix 'MasterSubmixDefault'
[2025.03.26-05.52.12:323][430]LogAudioMixer: Display: Creating Master Submix 'MasterReverbSubmixDefault'
[2025.03.26-05.52.12:324][430]LogAudioMixer: Display: Creating Master Submix 'MasterEQSubmixDefault'
[2025.03.26-05.52.12:324][430]LogAudioMixer: FMixerPlatformXAudio2::StartAudioStream() called
[2025.03.26-05.52.12:324][430]LogAudioMixer: Display: Output buffers initialized: Frames=1024, Channels=2, Samples=2048
[2025.03.26-05.52.12:324][430]LogAudioMixer: Display: Starting AudioMixerPlatformInterface::RunInternal()
[2025.03.26-05.52.12:324][430]LogAudioMixer: Display: FMixerPlatformXAudio2::SubmitBuffer() called for the first time
[2025.03.26-05.52.12:324][430]LogInit: FAudioDevice initialized.
[2025.03.26-05.52.12:325][430]LogAudio: Display: Audio Device (ID: 7) registered with world 'ThirdPersonExampleMap'.
[2025.03.26-05.52.12:371][430]LogSlate: Updating window title bar state: overlay mode, drag disabled, window buttons hidden, title bar hidden
[2025.03.26-05.52.12:372][430]LogLoad: Game class is 'ThirdPersonGameMode_C'
[2025.03.26-05.52.12:377][430]LogWorld: Bringing World /Game/ThirdPersonBP/Maps/UEDPIE_0_ThirdPersonExampleMap.ThirdPersonExampleMap up for play (max tick rate 60) at 2025.03.26-13.52.12
[2025.03.26-05.52.12:378][430]LogWorld: Bringing up level for play took: 0.004496
[2025.03.26-05.52.12:378][430]LogOnline: OSS: Creating online subsystem instance for: :Context_18
[2025.03.26-05.52.12:379][430]LogGameMode: FindPlayerStart: PATHS NOT DEFINED or NO PLAYERSTART with positive rating
[2025.03.26-05.52.12:381][430]PIE: Server logged in
[2025.03.26-05.52.12:381][430]PIE: Play in editor total start time 0.141 seconds.
[2025.03.26-05.52.15:480][541]LogSlate: Updating window title bar state: overlay mode, drag disabled, window buttons hidden, title bar hidden
[2025.03.26-05.52.15:480][541]LogWorld: BeginTearingDown for /Game/ThirdPersonBP/Maps/UEDPIE_0_ThirdPersonExampleMap
[2025.03.26-05.52.15:481][541]LogSlate: Window 'room_escape Preview [NetMode: Standalone]  (64-bit/Windows) ' being destroyed
[2025.03.26-05.52.15:509][541]LogWorld: UWorld::CleanupWorld for ThirdPersonExampleMap, bSessionEnded=true, bCleanupResources=true
[2025.03.26-05.52.15:510][541]LogSlate: InvalidateAllWidgets triggered.  All widgets were invalidated
[2025.03.26-05.52.15:524][541]LogPlayLevel: Display: Shutting down PIE online subsystems
[2025.03.26-05.52.15:531][541]LogSlate: InvalidateAllWidgets triggered.  All widgets were invalidated
[2025.03.26-05.52.15:564][541]LogAudio: Display: Audio Device unregistered from world 'None'.
[2025.03.26-05.52.15:565][541]LogAudioMixer: FMixerPlatformXAudio2::StopAudioStream() called
[2025.03.26-05.52.15:566][541]LogAudioMixer: FMixerPlatformXAudio2::StopAudioStream() called
[2025.03.26-05.52.15:575][541]LogUObjectHash: Compacting FUObjectHashTables data took   1.92ms
[2025.03.26-05.52.15:591][542]LogPlayLevel: Display: Destroying online subsystem :Context_18
[2025.03.26-05.52.22:742][908]LogTemp: Repeating last play command: Selected Viewport
[2025.03.26-05.52.22:746][908]LogPlayLevel: PlayLevel: No blueprints needed recompiling
[2025.03.26-05.52.22:747][908]PIE: New page: PIE session: ThirdPersonExampleMap (2025年3月26日 下午9:52:22)
[2025.03.26-05.52.22:747][908]LogPlayLevel: Creating play world package: /Game/ThirdPersonBP/Maps/UEDPIE_0_ThirdPersonExampleMap
[2025.03.26-05.52.22:764][908]LogPlayLevel: PIE: StaticDuplicateObject took: (0.017247s)
[2025.03.26-05.52.22:765][908]LogAIModule: Creating AISystem for world ThirdPersonExampleMap
[2025.03.26-05.52.22:765][908]LogPlayLevel: PIE: World Init took: (0.000984s)
[2025.03.26-05.52.22:765][908]LogPlayLevel: PIE: Created PIE world by copying editor world from /Game/ThirdPersonBP/Maps/ThirdPersonExampleMap.ThirdPersonExampleMap to /Game/ThirdPersonBP/Maps/UEDPIE_0_ThirdPersonExampleMap.ThirdPersonExampleMap (0.018420s)
[2025.03.26-05.52.22:796][908]LogUObjectHash: Compacting FUObjectHashTables data took   3.38ms
[2025.03.26-05.52.22:798][908]LogAudio: Display: Creating Audio Device:                 Id: 8, Scope: Unique, Realtime: True
[2025.03.26-05.52.22:798][908]LogAudioMixer: Display: Audio Mixer Platform Settings:
[2025.03.26-05.52.22:798][908]LogAudioMixer: Display: 	Sample Rate:						  48000
[2025.03.26-05.52.22:798][908]LogAudioMixer: Display: 	Callback Buffer Frame Size Requested: 1024
[2025.03.26-05.52.22:798][908]LogAudioMixer: Display: 	Callback Buffer Frame Size To Use:	  1024
[2025.03.26-05.52.22:798][908]LogAudioMixer: Display: 	Number of buffers to queue:			  2
[2025.03.26-05.52.22:798][908]LogAudioMixer: Display: 	Max Channels (voices):				  32
[2025.03.26-05.52.22:798][908]LogAudioMixer: Display: 	Number of Async Source Workers:		  0
[2025.03.26-05.52.22:798][908]LogAudio: Display: AudioDevice MaxSources: 32
[2025.03.26-05.52.22:798][908]LogAudio: Display: Audio Spatialization Plugin: None (built-in).
[2025.03.26-05.52.22:798][908]LogAudio: Display: Audio Reverb Plugin: None (built-in).
[2025.03.26-05.52.22:798][908]LogAudio: Display: Audio Occlusion Plugin: None (built-in).
[2025.03.26-05.52.22:798][908]LogAudioMixer: Display: Initializing audio mixer.
[2025.03.26-05.52.22:800][908]LogAudioMixer: Display: 0: FrontLeft
[2025.03.26-05.52.22:800][908]LogAudioMixer: Display: 1: FrontRight
[2025.03.26-05.52.22:829][908]LogAudioMixer: Display: Using Audio Device 扬声器 (适用于 I2S 音频的英特尔® 智音技术)
[2025.03.26-05.52.22:830][908]LogAudioMixer: Display: Initializing Sound Submixes...
[2025.03.26-05.52.22:830][908]LogAudioMixer: Display: Creating Master Submix 'MasterSubmixDefault'
[2025.03.26-05.52.22:830][908]LogAudioMixer: Display: Creating Master Submix 'MasterReverbSubmixDefault'
[2025.03.26-05.52.22:830][908]LogAudioMixer: Display: Creating Master Submix 'MasterEQSubmixDefault'
[2025.03.26-05.52.22:830][908]LogAudioMixer: FMixerPlatformXAudio2::StartAudioStream() called
[2025.03.26-05.52.22:830][908]LogAudioMixer: Display: Output buffers initialized: Frames=1024, Channels=2, Samples=2048
[2025.03.26-05.52.22:831][908]LogAudioMixer: Display: Starting AudioMixerPlatformInterface::RunInternal()
[2025.03.26-05.52.22:831][908]LogAudioMixer: Display: FMixerPlatformXAudio2::SubmitBuffer() called for the first time
[2025.03.26-05.52.22:831][908]LogInit: FAudioDevice initialized.
[2025.03.26-05.52.22:831][908]LogAudio: Display: Audio Device (ID: 8) registered with world 'ThirdPersonExampleMap'.
[2025.03.26-05.52.22:875][908]LogSlate: Updating window title bar state: overlay mode, drag disabled, window buttons hidden, title bar hidden
[2025.03.26-05.52.22:876][908]LogLoad: Game class is 'ThirdPersonGameMode_C'
[2025.03.26-05.52.22:881][908]LogWorld: Bringing World /Game/ThirdPersonBP/Maps/UEDPIE_0_ThirdPersonExampleMap.ThirdPersonExampleMap up for play (max tick rate 60) at 2025.03.26-13.52.22
[2025.03.26-05.52.22:882][908]LogWorld: Bringing up level for play took: 0.004782
[2025.03.26-05.52.22:882][908]LogOnline: OSS: Creating online subsystem instance for: :Context_19
[2025.03.26-05.52.22:884][908]LogGameMode: FindPlayerStart: PATHS NOT DEFINED or NO PLAYERSTART with positive rating
[2025.03.26-05.52.22:888][908]PIE: Server logged in
[2025.03.26-05.52.22:890][908]PIE: Play in editor total start time 0.145 seconds.
[2025.03.26-05.52.27:201][ 37]LogSlate: Window 'room_escape Preview [NetMode: Standalone]  (64-bit/Windows) ' being destroyed
[2025.03.26-05.52.27:249][ 37]LogWorld: BeginTearingDown for /Game/ThirdPersonBP/Maps/UEDPIE_0_ThirdPersonExampleMap
[2025.03.26-05.52.27:249][ 37]LogWorld: UWorld::CleanupWorld for ThirdPersonExampleMap, bSessionEnded=true, bCleanupResources=true
[2025.03.26-05.52.27:250][ 37]LogSlate: InvalidateAllWidgets triggered.  All widgets were invalidated
[2025.03.26-05.52.27:264][ 37]LogPlayLevel: Display: Shutting down PIE online subsystems
[2025.03.26-05.52.27:274][ 37]LogSlate: InvalidateAllWidgets triggered.  All widgets were invalidated
[2025.03.26-05.52.27:309][ 37]LogAudioMixer: FMixerPlatformXAudio2::StopAudioStream() called
[2025.03.26-05.52.27:310][ 37]LogAudioMixer: FMixerPlatformXAudio2::StopAudioStream() called
[2025.03.26-05.52.27:318][ 37]LogUObjectHash: Compacting FUObjectHashTables data took   2.90ms
[2025.03.26-05.52.27:342][ 38]LogPlayLevel: Display: Destroying online subsystem :Context_19
[2025.03.26-05.53.06:989][340]LogTemp: Repeating last play command: Selected Viewport
[2025.03.26-05.53.06:994][340]LogPlayLevel: PlayLevel: No blueprints needed recompiling
[2025.03.26-05.53.06:994][340]PIE: New page: PIE session: ThirdPersonExampleMap (2025年3月26日 下午9:53:06)
[2025.03.26-05.53.06:994][340]LogPlayLevel: Creating play world package: /Game/ThirdPersonBP/Maps/UEDPIE_0_ThirdPersonExampleMap
[2025.03.26-05.53.07:008][340]LogPlayLevel: PIE: StaticDuplicateObject took: (0.014578s)
[2025.03.26-05.53.07:010][340]LogAIModule: Creating AISystem for world ThirdPersonExampleMap
[2025.03.26-05.53.07:010][340]LogPlayLevel: PIE: World Init took: (0.001512s)
[2025.03.26-05.53.07:010][340]LogPlayLevel: PIE: Created PIE world by copying editor world from /Game/ThirdPersonBP/Maps/ThirdPersonExampleMap.ThirdPersonExampleMap to /Game/ThirdPersonBP/Maps/UEDPIE_0_ThirdPersonExampleMap.ThirdPersonExampleMap (0.016299s)
[2025.03.26-05.53.07:045][340]LogUObjectHash: Compacting FUObjectHashTables data took   5.40ms
[2025.03.26-05.53.07:047][340]LogAudio: Display: Creating Audio Device:                 Id: 9, Scope: Unique, Realtime: True
[2025.03.26-05.53.07:047][340]LogAudioMixer: Display: Audio Mixer Platform Settings:
[2025.03.26-05.53.07:047][340]LogAudioMixer: Display: 	Sample Rate:						  48000
[2025.03.26-05.53.07:047][340]LogAudioMixer: Display: 	Callback Buffer Frame Size Requested: 1024
[2025.03.26-05.53.07:047][340]LogAudioMixer: Display: 	Callback Buffer Frame Size To Use:	  1024
[2025.03.26-05.53.07:047][340]LogAudioMixer: Display: 	Number of buffers to queue:			  2
[2025.03.26-05.53.07:047][340]LogAudioMixer: Display: 	Max Channels (voices):				  32
[2025.03.26-05.53.07:047][340]LogAudioMixer: Display: 	Number of Async Source Workers:		  0
[2025.03.26-05.53.07:047][340]LogAudio: Display: AudioDevice MaxSources: 32
[2025.03.26-05.53.07:048][340]LogAudio: Display: Audio Spatialization Plugin: None (built-in).
[2025.03.26-05.53.07:048][340]LogAudio: Display: Audio Reverb Plugin: None (built-in).
[2025.03.26-05.53.07:048][340]LogAudio: Display: Audio Occlusion Plugin: None (built-in).
[2025.03.26-05.53.07:048][340]LogAudioMixer: Display: Initializing audio mixer.
[2025.03.26-05.53.07:051][340]LogAudioMixer: Display: 0: FrontLeft
[2025.03.26-05.53.07:051][340]LogAudioMixer: Display: 1: FrontRight
[2025.03.26-05.53.07:085][340]LogAudioMixer: Display: Using Audio Device 扬声器 (适用于 I2S 音频的英特尔® 智音技术)
[2025.03.26-05.53.07:085][340]LogAudioMixer: Display: Initializing Sound Submixes...
[2025.03.26-05.53.07:085][340]LogAudioMixer: Display: Creating Master Submix 'MasterSubmixDefault'
[2025.03.26-05.53.07:085][340]LogAudioMixer: Display: Creating Master Submix 'MasterReverbSubmixDefault'
[2025.03.26-05.53.07:085][340]LogAudioMixer: Display: Creating Master Submix 'MasterEQSubmixDefault'
[2025.03.26-05.53.07:085][340]LogAudioMixer: FMixerPlatformXAudio2::StartAudioStream() called
[2025.03.26-05.53.07:085][340]LogAudioMixer: Display: Output buffers initialized: Frames=1024, Channels=2, Samples=2048
[2025.03.26-05.53.07:087][340]LogAudioMixer: Display: Starting AudioMixerPlatformInterface::RunInternal()
[2025.03.26-05.53.07:087][340]LogAudioMixer: Display: FMixerPlatformXAudio2::SubmitBuffer() called for the first time
[2025.03.26-05.53.07:087][340]LogInit: FAudioDevice initialized.
[2025.03.26-05.53.07:087][340]LogAudio: Display: Audio Device (ID: 9) registered with world 'ThirdPersonExampleMap'.
[2025.03.26-05.53.07:138][340]LogSlate: Updating window title bar state: overlay mode, drag disabled, window buttons hidden, title bar hidden
[2025.03.26-05.53.07:139][340]LogLoad: Game class is 'ThirdPersonGameMode_C'
[2025.03.26-05.53.07:144][340]LogWorld: Bringing World /Game/ThirdPersonBP/Maps/UEDPIE_0_ThirdPersonExampleMap.ThirdPersonExampleMap up for play (max tick rate 60) at 2025.03.26-13.53.07
[2025.03.26-05.53.07:145][340]LogWorld: Bringing up level for play took: 0.004471
[2025.03.26-05.53.07:145][340]LogOnline: OSS: Creating online subsystem instance for: :Context_20
[2025.03.26-05.53.07:146][340]LogGameMode: FindPlayerStart: PATHS NOT DEFINED or NO PLAYERSTART with positive rating
[2025.03.26-05.53.07:149][340]PIE: Server logged in
[2025.03.26-05.53.07:152][340]PIE: Play in editor total start time 0.16 seconds.
[2025.03.26-05.53.25:860][919]LogSlate: Updating window title bar state: overlay mode, drag disabled, window buttons hidden, title bar hidden
[2025.03.26-05.53.25:860][919]LogWorld: BeginTearingDown for /Game/ThirdPersonBP/Maps/UEDPIE_0_ThirdPersonExampleMap
[2025.03.26-05.53.25:861][919]LogSlate: Window 'room_escape Preview [NetMode: Standalone]  (64-bit/Windows) ' being destroyed
[2025.03.26-05.53.25:877][919]LogWorld: UWorld::CleanupWorld for ThirdPersonExampleMap, bSessionEnded=true, bCleanupResources=true
[2025.03.26-05.53.25:879][919]LogSlate: InvalidateAllWidgets triggered.  All widgets were invalidated
[2025.03.26-05.53.25:902][919]LogPlayLevel: Display: Shutting down PIE online subsystems
[2025.03.26-05.53.25:912][919]LogSlate: InvalidateAllWidgets triggered.  All widgets were invalidated
[2025.03.26-05.53.25:949][919]LogAudio: Display: Audio Device unregistered from world 'None'.
[2025.03.26-05.53.25:949][919]LogAudioMixer: FMixerPlatformXAudio2::StopAudioStream() called
[2025.03.26-05.53.25:951][919]LogAudioMixer: FMixerPlatformXAudio2::StopAudioStream() called
[2025.03.26-05.53.25:960][919]LogUObjectHash: Compacting FUObjectHashTables data took   3.37ms
[2025.03.26-05.53.25:993][920]LogPlayLevel: Display: Destroying online subsystem :Context_20
[2025.03.26-05.53.44:246][672]LogTemp: Repeating last play command: Selected Viewport
[2025.03.26-05.53.44:255][672]LogPlayLevel: PlayLevel: No blueprints needed recompiling
[2025.03.26-05.53.44:257][672]PIE: New page: PIE session: ThirdPersonExampleMap (2025年3月26日 下午9:53:44)
[2025.03.26-05.53.44:257][672]LogPlayLevel: Creating play world package: /Game/ThirdPersonBP/Maps/UEDPIE_0_ThirdPersonExampleMap
[2025.03.26-05.53.44:282][672]LogPlayLevel: PIE: StaticDuplicateObject took: (0.025252s)
[2025.03.26-05.53.44:283][672]LogAIModule: Creating AISystem for world ThirdPersonExampleMap
[2025.03.26-05.53.44:284][672]LogPlayLevel: PIE: World Init took: (0.001905s)
[2025.03.26-05.53.44:284][672]LogPlayLevel: PIE: Created PIE world by copying editor world from /Game/ThirdPersonBP/Maps/ThirdPersonExampleMap.ThirdPersonExampleMap to /Game/ThirdPersonBP/Maps/UEDPIE_0_ThirdPersonExampleMap.ThirdPersonExampleMap (0.027441s)
[2025.03.26-05.53.44:328][672]LogUObjectHash: Compacting FUObjectHashTables data took   2.68ms
[2025.03.26-05.53.44:331][672]LogAudio: Display: Creating Audio Device:                 Id: 10, Scope: Unique, Realtime: True
[2025.03.26-05.53.44:331][672]LogAudioMixer: Display: Audio Mixer Platform Settings:
[2025.03.26-05.53.44:331][672]LogAudioMixer: Display: 	Sample Rate:						  48000
[2025.03.26-05.53.44:331][672]LogAudioMixer: Display: 	Callback Buffer Frame Size Requested: 1024
[2025.03.26-05.53.44:331][672]LogAudioMixer: Display: 	Callback Buffer Frame Size To Use:	  1024
[2025.03.26-05.53.44:331][672]LogAudioMixer: Display: 	Number of buffers to queue:			  2
[2025.03.26-05.53.44:331][672]LogAudioMixer: Display: 	Max Channels (voices):				  32
[2025.03.26-05.53.44:331][672]LogAudioMixer: Display: 	Number of Async Source Workers:		  0
[2025.03.26-05.53.44:331][672]LogAudio: Display: AudioDevice MaxSources: 32
[2025.03.26-05.53.44:332][672]LogAudio: Display: Audio Spatialization Plugin: None (built-in).
[2025.03.26-05.53.44:332][672]LogAudio: Display: Audio Reverb Plugin: None (built-in).
[2025.03.26-05.53.44:332][672]LogAudio: Display: Audio Occlusion Plugin: None (built-in).
[2025.03.26-05.53.44:332][672]LogAudioMixer: Display: Initializing audio mixer.
[2025.03.26-05.53.44:335][672]LogAudioMixer: Display: 0: FrontLeft
[2025.03.26-05.53.44:335][672]LogAudioMixer: Display: 1: FrontRight
[2025.03.26-05.53.44:375][672]LogAudioMixer: Display: Using Audio Device 扬声器 (适用于 I2S 音频的英特尔® 智音技术)
[2025.03.26-05.53.44:376][672]LogAudioMixer: Display: Initializing Sound Submixes...
[2025.03.26-05.53.44:376][672]LogAudioMixer: Display: Creating Master Submix 'MasterSubmixDefault'
[2025.03.26-05.53.44:376][672]LogAudioMixer: Display: Creating Master Submix 'MasterReverbSubmixDefault'
[2025.03.26-05.53.44:376][672]LogAudioMixer: Display: Creating Master Submix 'MasterEQSubmixDefault'
[2025.03.26-05.53.44:376][672]LogAudioMixer: FMixerPlatformXAudio2::StartAudioStream() called
[2025.03.26-05.53.44:376][672]LogAudioMixer: Display: Output buffers initialized: Frames=1024, Channels=2, Samples=2048
[2025.03.26-05.53.44:377][672]LogAudioMixer: Display: Starting AudioMixerPlatformInterface::RunInternal()
[2025.03.26-05.53.44:377][672]LogAudioMixer: Display: FMixerPlatformXAudio2::SubmitBuffer() called for the first time
[2025.03.26-05.53.44:377][672]LogInit: FAudioDevice initialized.
[2025.03.26-05.53.44:377][672]LogAudio: Display: Audio Device (ID: 10) registered with world 'ThirdPersonExampleMap'.
[2025.03.26-05.53.44:384][672]LogLoad: Game class is 'ThirdPersonGameMode_C'
[2025.03.26-05.53.44:387][672]LogWorld: Bringing World /Game/ThirdPersonBP/Maps/UEDPIE_0_ThirdPersonExampleMap.ThirdPersonExampleMap up for play (max tick rate 60) at 2025.03.26-13.53.44
[2025.03.26-05.53.44:389][672]LogWorld: Bringing up level for play took: 0.004734
[2025.03.26-05.53.44:389][672]LogOnline: OSS: Creating online subsystem instance for: :Context_21
[2025.03.26-05.53.44:392][672]PIE: Server logged in
[2025.03.26-05.53.44:393][672]PIE: Play in editor total start time 0.139 seconds.
[2025.03.26-05.53.49:941][986]LogSlate: Updating window title bar state: overlay mode, drag disabled, window buttons hidden, title bar hidden
[2025.03.26-05.53.49:941][986]LogWorld: BeginTearingDown for /Game/ThirdPersonBP/Maps/UEDPIE_0_ThirdPersonExampleMap
[2025.03.26-05.53.49:942][986]LogWorld: UWorld::CleanupWorld for ThirdPersonExampleMap, bSessionEnded=true, bCleanupResources=true
[2025.03.26-05.53.49:942][986]LogSlate: InvalidateAllWidgets triggered.  All widgets were invalidated
[2025.03.26-05.53.49:962][986]LogPlayLevel: Display: Shutting down PIE online subsystems
[2025.03.26-05.53.49:977][986]LogSlate: InvalidateAllWidgets triggered.  All widgets were invalidated
[2025.03.26-05.53.50:018][986]LogAudio: Display: Audio Device unregistered from world 'None'.
[2025.03.26-05.53.50:019][986]LogAudioMixer: FMixerPlatformXAudio2::StopAudioStream() called
[2025.03.26-05.53.50:021][986]LogAudioMixer: FMixerPlatformXAudio2::StopAudioStream() called
[2025.03.26-05.53.50:023][986]LogSlate: Updating window title bar state: overlay mode, drag disabled, window buttons hidden, title bar hidden
[2025.03.26-05.53.50:026][986]LogUObjectHash: Compacting FUObjectHashTables data took   1.99ms
[2025.03.26-05.53.50:067][987]LogPlayLevel: Display: Destroying online subsystem :Context_21
[2025.03.26-05.53.52:715][102]LogTemp: Repeating last play command: Selected Viewport
[2025.03.26-05.53.52:722][102]LogPlayLevel: PlayLevel: No blueprints needed recompiling
[2025.03.26-05.53.52:722][102]PIE: New page: PIE session: ThirdPersonExampleMap (2025年3月26日 下午9:53:52)
[2025.03.26-05.53.52:722][102]LogPlayLevel: Creating play world package: /Game/ThirdPersonBP/Maps/UEDPIE_0_ThirdPersonExampleMap
[2025.03.26-05.53.52:746][102]LogPlayLevel: PIE: StaticDuplicateObject took: (0.024065s)
[2025.03.26-05.53.52:747][102]LogAIModule: Creating AISystem for world ThirdPersonExampleMap
[2025.03.26-05.53.52:747][102]LogPlayLevel: PIE: World Init took: (0.001166s)
[2025.03.26-05.53.52:747][102]LogPlayLevel: PIE: Created PIE world by copying editor world from /Game/ThirdPersonBP/Maps/ThirdPersonExampleMap.ThirdPersonExampleMap to /Game/ThirdPersonBP/Maps/UEDPIE_0_ThirdPersonExampleMap.ThirdPersonExampleMap (0.025569s)
[2025.03.26-05.53.52:779][102]LogUObjectHash: Compacting FUObjectHashTables data took   1.95ms
[2025.03.26-05.53.52:780][102]LogAudio: Display: Creating Audio Device:                 Id: 11, Scope: Unique, Realtime: True
[2025.03.26-05.53.52:780][102]LogAudioMixer: Display: Audio Mixer Platform Settings:
[2025.03.26-05.53.52:780][102]LogAudioMixer: Display: 	Sample Rate:						  48000
[2025.03.26-05.53.52:780][102]LogAudioMixer: Display: 	Callback Buffer Frame Size Requested: 1024
[2025.03.26-05.53.52:780][102]LogAudioMixer: Display: 	Callback Buffer Frame Size To Use:	  1024
[2025.03.26-05.53.52:780][102]LogAudioMixer: Display: 	Number of buffers to queue:			  2
[2025.03.26-05.53.52:780][102]LogAudioMixer: Display: 	Max Channels (voices):				  32
[2025.03.26-05.53.52:780][102]LogAudioMixer: Display: 	Number of Async Source Workers:		  0
[2025.03.26-05.53.52:780][102]LogAudio: Display: AudioDevice MaxSources: 32
[2025.03.26-05.53.52:780][102]LogAudio: Display: Audio Spatialization Plugin: None (built-in).
[2025.03.26-05.53.52:780][102]LogAudio: Display: Audio Reverb Plugin: None (built-in).
[2025.03.26-05.53.52:780][102]LogAudio: Display: Audio Occlusion Plugin: None (built-in).
[2025.03.26-05.53.52:780][102]LogAudioMixer: Display: Initializing audio mixer.
[2025.03.26-05.53.52:784][102]LogAudioMixer: Display: 0: FrontLeft
[2025.03.26-05.53.52:784][102]LogAudioMixer: Display: 1: FrontRight
[2025.03.26-05.53.52:816][102]LogAudioMixer: Display: Using Audio Device 扬声器 (适用于 I2S 音频的英特尔® 智音技术)
[2025.03.26-05.53.52:816][102]LogAudioMixer: Display: Initializing Sound Submixes...
[2025.03.26-05.53.52:816][102]LogAudioMixer: Display: Creating Master Submix 'MasterSubmixDefault'
[2025.03.26-05.53.52:816][102]LogAudioMixer: Display: Creating Master Submix 'MasterReverbSubmixDefault'
[2025.03.26-05.53.52:817][102]LogAudioMixer: Display: Creating Master Submix 'MasterEQSubmixDefault'
[2025.03.26-05.53.52:817][102]LogAudioMixer: FMixerPlatformXAudio2::StartAudioStream() called
[2025.03.26-05.53.52:817][102]LogAudioMixer: Display: Output buffers initialized: Frames=1024, Channels=2, Samples=2048
[2025.03.26-05.53.52:818][102]LogAudioMixer: Display: Starting AudioMixerPlatformInterface::RunInternal()
[2025.03.26-05.53.52:818][102]LogAudioMixer: Display: FMixerPlatformXAudio2::SubmitBuffer() called for the first time
[2025.03.26-05.53.52:818][102]LogInit: FAudioDevice initialized.
[2025.03.26-05.53.52:818][102]LogAudio: Display: Audio Device (ID: 11) registered with world 'ThirdPersonExampleMap'.
[2025.03.26-05.53.52:823][102]LogLoad: Game class is 'ThirdPersonGameMode_C'
[2025.03.26-05.53.52:827][102]LogWorld: Bringing World /Game/ThirdPersonBP/Maps/UEDPIE_0_ThirdPersonExampleMap.ThirdPersonExampleMap up for play (max tick rate 60) at 2025.03.26-13.53.52
[2025.03.26-05.53.52:827][102]LogWorld: Bringing up level for play took: 0.002637
[2025.03.26-05.53.52:827][102]LogOnline: OSS: Creating online subsystem instance for: :Context_22
[2025.03.26-05.53.52:829][102]PIE: Server logged in
[2025.03.26-05.53.52:830][102]PIE: Play in editor total start time 0.11 seconds.
[2025.03.26-05.54.01:889][631]LogSlate: Updating window title bar state: overlay mode, drag disabled, window buttons hidden, title bar hidden
[2025.03.26-05.54.01:889][631]LogWorld: BeginTearingDown for /Game/ThirdPersonBP/Maps/UEDPIE_0_ThirdPersonExampleMap
[2025.03.26-05.54.01:889][631]LogWorld: UWorld::CleanupWorld for ThirdPersonExampleMap, bSessionEnded=true, bCleanupResources=true
[2025.03.26-05.54.01:890][631]LogSlate: InvalidateAllWidgets triggered.  All widgets were invalidated
[2025.03.26-05.54.01:905][631]LogPlayLevel: Display: Shutting down PIE online subsystems
[2025.03.26-05.54.01:917][631]LogSlate: InvalidateAllWidgets triggered.  All widgets were invalidated
[2025.03.26-05.54.01:948][631]LogSlate: Updating window title bar state: overlay mode, drag disabled, window buttons hidden, title bar hidden
[2025.03.26-05.54.01:949][631]LogAudioMixer: FMixerPlatformXAudio2::StopAudioStream() called
[2025.03.26-05.54.01:950][631]LogAudioMixer: FMixerPlatformXAudio2::StopAudioStream() called
[2025.03.26-05.54.01:958][631]LogUObjectHash: Compacting FUObjectHashTables data took   4.54ms
[2025.03.26-05.54.02:005][632]LogPlayLevel: Display: Destroying online subsystem :Context_22
[2025.03.26-05.54.03:324][686]LogTemp: Repeating last play command: Selected Viewport
[2025.03.26-05.54.03:331][686]LogPlayLevel: PlayLevel: No blueprints needed recompiling
[2025.03.26-05.54.03:332][686]PIE: New page: PIE session: ThirdPersonExampleMap (2025年3月26日 下午9:54:03)
[2025.03.26-05.54.03:332][686]LogPlayLevel: Creating play world package: /Game/ThirdPersonBP/Maps/UEDPIE_0_ThirdPersonExampleMap
[2025.03.26-05.54.03:361][686]LogPlayLevel: PIE: StaticDuplicateObject took: (0.028697s)
[2025.03.26-05.54.03:361][686]LogAIModule: Creating AISystem for world ThirdPersonExampleMap
[2025.03.26-05.54.03:362][686]LogPlayLevel: PIE: World Init took: (0.001054s)
[2025.03.26-05.54.03:362][686]LogPlayLevel: PIE: Created PIE world by copying editor world from /Game/ThirdPersonBP/Maps/ThirdPersonExampleMap.ThirdPersonExampleMap to /Game/ThirdPersonBP/Maps/UEDPIE_0_ThirdPersonExampleMap.ThirdPersonExampleMap (0.029923s)
[2025.03.26-05.54.03:397][686]LogUObjectHash: Compacting FUObjectHashTables data took   2.36ms
[2025.03.26-05.54.03:397][686]LogAudio: Display: Creating Audio Device:                 Id: 12, Scope: Unique, Realtime: True
[2025.03.26-05.54.03:397][686]LogAudioMixer: Display: Audio Mixer Platform Settings:
[2025.03.26-05.54.03:397][686]LogAudioMixer: Display: 	Sample Rate:						  48000
[2025.03.26-05.54.03:397][686]LogAudioMixer: Display: 	Callback Buffer Frame Size Requested: 1024
[2025.03.26-05.54.03:397][686]LogAudioMixer: Display: 	Callback Buffer Frame Size To Use:	  1024
[2025.03.26-05.54.03:397][686]LogAudioMixer: Display: 	Number of buffers to queue:			  2
[2025.03.26-05.54.03:398][686]LogAudioMixer: Display: 	Max Channels (voices):				  32
[2025.03.26-05.54.03:398][686]LogAudioMixer: Display: 	Number of Async Source Workers:		  0
[2025.03.26-05.54.03:398][686]LogAudio: Display: AudioDevice MaxSources: 32
[2025.03.26-05.54.03:398][686]LogAudio: Display: Audio Spatialization Plugin: None (built-in).
[2025.03.26-05.54.03:398][686]LogAudio: Display: Audio Reverb Plugin: None (built-in).
[2025.03.26-05.54.03:398][686]LogAudio: Display: Audio Occlusion Plugin: None (built-in).
[2025.03.26-05.54.03:398][686]LogAudioMixer: Display: Initializing audio mixer.
[2025.03.26-05.54.03:401][686]LogAudioMixer: Display: 0: FrontLeft
[2025.03.26-05.54.03:401][686]LogAudioMixer: Display: 1: FrontRight
[2025.03.26-05.54.03:437][686]LogAudioMixer: Display: Using Audio Device 扬声器 (适用于 I2S 音频的英特尔® 智音技术)
[2025.03.26-05.54.03:437][686]LogAudioMixer: Display: Initializing Sound Submixes...
[2025.03.26-05.54.03:437][686]LogAudioMixer: Display: Creating Master Submix 'MasterSubmixDefault'
[2025.03.26-05.54.03:438][686]LogAudioMixer: Display: Creating Master Submix 'MasterReverbSubmixDefault'
[2025.03.26-05.54.03:438][686]LogAudioMixer: Display: Creating Master Submix 'MasterEQSubmixDefault'
[2025.03.26-05.54.03:438][686]LogAudioMixer: FMixerPlatformXAudio2::StartAudioStream() called
[2025.03.26-05.54.03:438][686]LogAudioMixer: Display: Output buffers initialized: Frames=1024, Channels=2, Samples=2048
[2025.03.26-05.54.03:439][686]LogAudioMixer: Display: Starting AudioMixerPlatformInterface::RunInternal()
[2025.03.26-05.54.03:439][686]LogAudioMixer: Display: FMixerPlatformXAudio2::SubmitBuffer() called for the first time
[2025.03.26-05.54.03:439][686]LogInit: FAudioDevice initialized.
[2025.03.26-05.54.03:439][686]LogAudio: Display: Audio Device (ID: 12) registered with world 'ThirdPersonExampleMap'.
[2025.03.26-05.54.03:445][686]LogLoad: Game class is 'ThirdPersonGameMode_C'
[2025.03.26-05.54.03:449][686]LogWorld: Bringing World /Game/ThirdPersonBP/Maps/UEDPIE_0_ThirdPersonExampleMap.ThirdPersonExampleMap up for play (max tick rate 60) at 2025.03.26-13.54.03
[2025.03.26-05.54.03:450][686]LogWorld: Bringing up level for play took: 0.003581
[2025.03.26-05.54.03:450][686]LogOnline: OSS: Creating online subsystem instance for: :Context_23
[2025.03.26-05.54.03:453][686]PIE: Server logged in
[2025.03.26-05.54.03:454][686]PIE: Play in editor total start time 0.124 seconds.
[2025.03.26-05.54.10:930][125]LogSlate: Updating window title bar state: overlay mode, drag disabled, window buttons hidden, title bar hidden
[2025.03.26-05.54.10:930][125]LogWorld: BeginTearingDown for /Game/ThirdPersonBP/Maps/UEDPIE_0_ThirdPersonExampleMap
[2025.03.26-05.54.10:931][125]LogWorld: UWorld::CleanupWorld for ThirdPersonExampleMap, bSessionEnded=true, bCleanupResources=true
[2025.03.26-05.54.10:932][125]LogSlate: InvalidateAllWidgets triggered.  All widgets were invalidated
[2025.03.26-05.54.10:949][125]LogPlayLevel: Display: Shutting down PIE online subsystems
[2025.03.26-05.54.10:961][125]LogSlate: InvalidateAllWidgets triggered.  All widgets were invalidated
[2025.03.26-05.54.10:991][125]LogSlate: Updating window title bar state: overlay mode, drag disabled, window buttons hidden, title bar hidden
[2025.03.26-05.54.10:992][125]LogAudioMixer: FMixerPlatformXAudio2::StopAudioStream() called
[2025.03.26-05.54.10:993][125]LogAudioMixer: FMixerPlatformXAudio2::StopAudioStream() called
[2025.03.26-05.54.11:000][125]LogUObjectHash: Compacting FUObjectHashTables data took   2.11ms
[2025.03.26-05.54.11:040][126]LogPlayLevel: Display: Destroying online subsystem :Context_23
[2025.03.26-05.55.03:565][364]LogTemp: Repeating last play command: Selected Viewport
[2025.03.26-05.55.03:575][364]BlueprintLog: New page: Pre-Play auto-recompile
[2025.03.26-05.55.03:577][364]LogPlayLevel: [PlayLevel] Compiling BP_TextRender before play...
[2025.03.26-05.55.03:668][364]LogUObjectHash: Compacting FUObjectHashTables data took   3.11ms
[2025.03.26-05.55.03:670][364]LogPlayLevel: PlayLevel: Blueprint regeneration took 95 ms (1 blueprints)
[2025.03.26-05.55.03:670][364]PIE: New page: PIE session: ThirdPersonExampleMap (2025年3月26日 下午9:55:03)
[2025.03.26-05.55.03:671][364]LogPlayLevel: Creating play world package: /Game/ThirdPersonBP/Maps/UEDPIE_0_ThirdPersonExampleMap
[2025.03.26-05.55.03:685][364]LogPlayLevel: PIE: StaticDuplicateObject took: (0.013252s)
[2025.03.26-05.55.03:686][364]LogAIModule: Creating AISystem for world ThirdPersonExampleMap
[2025.03.26-05.55.03:686][364]LogPlayLevel: PIE: World Init took: (0.001042s)
[2025.03.26-05.55.03:686][364]LogPlayLevel: PIE: Created PIE world by copying editor world from /Game/ThirdPersonBP/Maps/ThirdPersonExampleMap.ThirdPersonExampleMap to /Game/ThirdPersonBP/Maps/UEDPIE_0_ThirdPersonExampleMap.ThirdPersonExampleMap (0.014460s)
[2025.03.26-05.55.03:720][364]LogUObjectHash: Compacting FUObjectHashTables data took   4.20ms
[2025.03.26-05.55.03:720][364]LogAudio: Display: Creating Audio Device:                 Id: 13, Scope: Unique, Realtime: True
[2025.03.26-05.55.03:720][364]LogAudioMixer: Display: Audio Mixer Platform Settings:
[2025.03.26-05.55.03:720][364]LogAudioMixer: Display: 	Sample Rate:						  48000
[2025.03.26-05.55.03:720][364]LogAudioMixer: Display: 	Callback Buffer Frame Size Requested: 1024
[2025.03.26-05.55.03:720][364]LogAudioMixer: Display: 	Callback Buffer Frame Size To Use:	  1024
[2025.03.26-05.55.03:720][364]LogAudioMixer: Display: 	Number of buffers to queue:			  2
[2025.03.26-05.55.03:720][364]LogAudioMixer: Display: 	Max Channels (voices):				  32
[2025.03.26-05.55.03:720][364]LogAudioMixer: Display: 	Number of Async Source Workers:		  0
[2025.03.26-05.55.03:720][364]LogAudio: Display: AudioDevice MaxSources: 32
[2025.03.26-05.55.03:721][364]LogAudio: Display: Audio Spatialization Plugin: None (built-in).
[2025.03.26-05.55.03:721][364]LogAudio: Display: Audio Reverb Plugin: None (built-in).
[2025.03.26-05.55.03:721][364]LogAudio: Display: Audio Occlusion Plugin: None (built-in).
[2025.03.26-05.55.03:721][364]LogAudioMixer: Display: Initializing audio mixer.
[2025.03.26-05.55.03:724][364]LogAudioMixer: Display: 0: FrontLeft
[2025.03.26-05.55.03:724][364]LogAudioMixer: Display: 1: FrontRight
[2025.03.26-05.55.03:756][364]LogAudioMixer: Display: Using Audio Device 扬声器 (适用于 I2S 音频的英特尔® 智音技术)
[2025.03.26-05.55.03:756][364]LogAudioMixer: Display: Initializing Sound Submixes...
[2025.03.26-05.55.03:756][364]LogAudioMixer: Display: Creating Master Submix 'MasterSubmixDefault'
[2025.03.26-05.55.03:756][364]LogAudioMixer: Display: Creating Master Submix 'MasterReverbSubmixDefault'
[2025.03.26-05.55.03:758][364]LogAudioMixer: Display: Creating Master Submix 'MasterEQSubmixDefault'
[2025.03.26-05.55.03:758][364]LogAudioMixer: FMixerPlatformXAudio2::StartAudioStream() called
[2025.03.26-05.55.03:758][364]LogAudioMixer: Display: Output buffers initialized: Frames=1024, Channels=2, Samples=2048
[2025.03.26-05.55.03:759][364]LogAudioMixer: Display: Starting AudioMixerPlatformInterface::RunInternal()
[2025.03.26-05.55.03:759][364]LogAudioMixer: Display: FMixerPlatformXAudio2::SubmitBuffer() called for the first time
[2025.03.26-05.55.03:759][364]LogInit: FAudioDevice initialized.
[2025.03.26-05.55.03:759][364]LogAudio: Display: Audio Device (ID: 13) registered with world 'ThirdPersonExampleMap'.
[2025.03.26-05.55.03:765][364]LogLoad: Game class is 'ThirdPersonGameMode_C'
[2025.03.26-05.55.03:769][364]LogWorld: Bringing World /Game/ThirdPersonBP/Maps/UEDPIE_0_ThirdPersonExampleMap.ThirdPersonExampleMap up for play (max tick rate 60) at 2025.03.26-13.55.03
[2025.03.26-05.55.03:769][364]LogWorld: Bringing up level for play took: 0.002823
[2025.03.26-05.55.03:769][364]LogOnline: OSS: Creating online subsystem instance for: :Context_24
[2025.03.26-05.55.03:772][364]PIE: Server logged in
[2025.03.26-05.55.03:772][364]PIE: Play in editor total start time 0.199 seconds.
[2025.03.26-05.55.07:309][563]LogSlate: Updating window title bar state: overlay mode, drag disabled, window buttons hidden, title bar hidden
[2025.03.26-05.55.07:309][563]LogWorld: BeginTearingDown for /Game/ThirdPersonBP/Maps/UEDPIE_0_ThirdPersonExampleMap
[2025.03.26-05.55.07:309][563]LogWorld: UWorld::CleanupWorld for ThirdPersonExampleMap, bSessionEnded=true, bCleanupResources=true
[2025.03.26-05.55.07:310][563]LogSlate: InvalidateAllWidgets triggered.  All widgets were invalidated
[2025.03.26-05.55.07:327][563]LogPlayLevel: Display: Shutting down PIE online subsystems
[2025.03.26-05.55.07:339][563]LogSlate: InvalidateAllWidgets triggered.  All widgets were invalidated
[2025.03.26-05.55.07:370][563]LogSlate: Updating window title bar state: overlay mode, drag disabled, window buttons hidden, title bar hidden
[2025.03.26-05.55.07:371][563]LogAudioMixer: FMixerPlatformXAudio2::StopAudioStream() called
[2025.03.26-05.55.07:373][563]LogAudioMixer: FMixerPlatformXAudio2::StopAudioStream() called
[2025.03.26-05.55.07:380][563]LogUObjectHash: Compacting FUObjectHashTables data took   2.61ms
[2025.03.26-05.55.07:425][564]LogPlayLevel: Display: Destroying online subsystem :Context_24
[2025.03.26-05.56.20:154][148]LogSlate: Window 'BP_TriggerArea' being destroyed
[2025.03.26-05.57.05:853][859]LogTemp: Repeating last play command: Selected Viewport
[2025.03.26-05.57.05:859][859]LogPlayLevel: PlayLevel: No blueprints needed recompiling
[2025.03.26-05.57.05:859][859]PIE: New page: PIE session: ThirdPersonExampleMap (2025年3月26日 下午9:57:05)
[2025.03.26-05.57.05:859][859]LogPlayLevel: Creating play world package: /Game/ThirdPersonBP/Maps/UEDPIE_0_ThirdPersonExampleMap
[2025.03.26-05.57.05:875][859]LogPlayLevel: PIE: StaticDuplicateObject took: (0.015167s)
[2025.03.26-05.57.05:875][859]LogAIModule: Creating AISystem for world ThirdPersonExampleMap
[2025.03.26-05.57.05:875][859]LogPlayLevel: PIE: World Init took: (0.001256s)
[2025.03.26-05.57.05:876][859]LogPlayLevel: PIE: Created PIE world by copying editor world from /Game/ThirdPersonBP/Maps/ThirdPersonExampleMap.ThirdPersonExampleMap to /Game/ThirdPersonBP/Maps/UEDPIE_0_ThirdPersonExampleMap.ThirdPersonExampleMap (0.016580s)
[2025.03.26-05.57.05:917][859]LogUObjectHash: Compacting FUObjectHashTables data took   2.22ms
[2025.03.26-05.57.05:920][859]LogAudio: Display: Creating Audio Device:                 Id: 14, Scope: Unique, Realtime: True
[2025.03.26-05.57.05:920][859]LogAudioMixer: Display: Audio Mixer Platform Settings:
[2025.03.26-05.57.05:920][859]LogAudioMixer: Display: 	Sample Rate:						  48000
[2025.03.26-05.57.05:920][859]LogAudioMixer: Display: 	Callback Buffer Frame Size Requested: 1024
[2025.03.26-05.57.05:920][859]LogAudioMixer: Display: 	Callback Buffer Frame Size To Use:	  1024
[2025.03.26-05.57.05:920][859]LogAudioMixer: Display: 	Number of buffers to queue:			  2
[2025.03.26-05.57.05:920][859]LogAudioMixer: Display: 	Max Channels (voices):				  32
[2025.03.26-05.57.05:920][859]LogAudioMixer: Display: 	Number of Async Source Workers:		  0
[2025.03.26-05.57.05:920][859]LogAudio: Display: AudioDevice MaxSources: 32
[2025.03.26-05.57.05:921][859]LogAudio: Display: Audio Spatialization Plugin: None (built-in).
[2025.03.26-05.57.05:921][859]LogAudio: Display: Audio Reverb Plugin: None (built-in).
[2025.03.26-05.57.05:921][859]LogAudio: Display: Audio Occlusion Plugin: None (built-in).
[2025.03.26-05.57.05:921][859]LogAudioMixer: Display: Initializing audio mixer.
[2025.03.26-05.57.05:924][859]LogAudioMixer: Display: 0: FrontLeft
[2025.03.26-05.57.05:924][859]LogAudioMixer: Display: 1: FrontRight
[2025.03.26-05.57.05:957][859]LogAudioMixer: Display: Using Audio Device 扬声器 (适用于 I2S 音频的英特尔® 智音技术)
[2025.03.26-05.57.05:958][859]LogAudioMixer: Display: Initializing Sound Submixes...
[2025.03.26-05.57.05:958][859]LogAudioMixer: Display: Creating Master Submix 'MasterSubmixDefault'
[2025.03.26-05.57.05:958][859]LogAudioMixer: Display: Creating Master Submix 'MasterReverbSubmixDefault'
[2025.03.26-05.57.05:958][859]LogAudioMixer: Display: Creating Master Submix 'MasterEQSubmixDefault'
[2025.03.26-05.57.05:958][859]LogAudioMixer: FMixerPlatformXAudio2::StartAudioStream() called
[2025.03.26-05.57.05:958][859]LogAudioMixer: Display: Output buffers initialized: Frames=1024, Channels=2, Samples=2048
[2025.03.26-05.57.05:959][859]LogAudioMixer: Display: Starting AudioMixerPlatformInterface::RunInternal()
[2025.03.26-05.57.05:959][859]LogAudioMixer: Display: FMixerPlatformXAudio2::SubmitBuffer() called for the first time
[2025.03.26-05.57.05:959][859]LogInit: FAudioDevice initialized.
[2025.03.26-05.57.05:959][859]LogAudio: Display: Audio Device (ID: 14) registered with world 'ThirdPersonExampleMap'.
[2025.03.26-05.57.06:017][859]LogSlate: Updating window title bar state: overlay mode, drag disabled, window buttons hidden, title bar hidden
[2025.03.26-05.57.06:017][859]LogLoad: Game class is 'ThirdPersonGameMode_C'
[2025.03.26-05.57.06:023][859]LogWorld: Bringing World /Game/ThirdPersonBP/Maps/UEDPIE_0_ThirdPersonExampleMap.ThirdPersonExampleMap up for play (max tick rate 60) at 2025.03.26-13.57.06
[2025.03.26-05.57.06:023][859]LogWorld: Bringing up level for play took: 0.004161
[2025.03.26-05.57.06:023][859]LogOnline: OSS: Creating online subsystem instance for: :Context_25
[2025.03.26-05.57.06:025][859]LogGameMode: FindPlayerStart: PATHS NOT DEFINED or NO PLAYERSTART with positive rating
[2025.03.26-05.57.06:028][859]PIE: Server logged in
[2025.03.26-05.57.06:031][859]PIE: Play in editor total start time 0.173 seconds.
[2025.03.26-05.57.09:159][951]LogSlate: Updating window title bar state: overlay mode, drag disabled, window buttons hidden, title bar hidden
[2025.03.26-05.57.09:159][951]LogWorld: BeginTearingDown for /Game/ThirdPersonBP/Maps/UEDPIE_0_ThirdPersonExampleMap
[2025.03.26-05.57.09:160][951]LogSlate: Window 'room_escape Preview [NetMode: Standalone]  (64-bit/Windows) ' being destroyed
[2025.03.26-05.57.09:178][951]LogWorld: UWorld::CleanupWorld for ThirdPersonExampleMap, bSessionEnded=true, bCleanupResources=true
[2025.03.26-05.57.09:179][951]LogSlate: InvalidateAllWidgets triggered.  All widgets were invalidated
[2025.03.26-05.57.09:208][951]LogPlayLevel: Display: Shutting down PIE online subsystems
[2025.03.26-05.57.09:216][951]LogSlate: InvalidateAllWidgets triggered.  All widgets were invalidated
[2025.03.26-05.57.09:254][951]LogAudioMixer: FMixerPlatformXAudio2::StopAudioStream() called
[2025.03.26-05.57.09:256][951]LogAudioMixer: FMixerPlatformXAudio2::StopAudioStream() called
[2025.03.26-05.57.09:264][951]LogUObjectHash: Compacting FUObjectHashTables data took   2.14ms
[2025.03.26-05.57.09:308][952]LogPlayLevel: Display: Destroying online subsystem :Context_25
[2025.03.26-05.57.12:914][124]LogTemp: Repeating last play command: Selected Viewport
[2025.03.26-05.57.12:921][124]LogPlayLevel: PlayLevel: No blueprints needed recompiling
[2025.03.26-05.57.12:921][124]PIE: New page: PIE session: ThirdPersonExampleMap (2025年3月26日 下午9:57:12)
[2025.03.26-05.57.12:921][124]LogPlayLevel: Creating play world package: /Game/ThirdPersonBP/Maps/UEDPIE_0_ThirdPersonExampleMap
[2025.03.26-05.57.12:936][124]LogPlayLevel: PIE: StaticDuplicateObject took: (0.014802s)
[2025.03.26-05.57.12:936][124]LogAIModule: Creating AISystem for world ThirdPersonExampleMap
[2025.03.26-05.57.12:937][124]LogPlayLevel: PIE: World Init took: (0.001163s)
[2025.03.26-05.57.12:937][124]LogPlayLevel: PIE: Created PIE world by copying editor world from /Game/ThirdPersonBP/Maps/ThirdPersonExampleMap.ThirdPersonExampleMap to /Game/ThirdPersonBP/Maps/UEDPIE_0_ThirdPersonExampleMap.ThirdPersonExampleMap (0.016193s)
[2025.03.26-05.57.12:969][124]LogUObjectHash: Compacting FUObjectHashTables data took   3.76ms
[2025.03.26-05.57.12:971][124]LogAudio: Display: Creating Audio Device:                 Id: 15, Scope: Unique, Realtime: True
[2025.03.26-05.57.12:971][124]LogAudioMixer: Display: Audio Mixer Platform Settings:
[2025.03.26-05.57.12:971][124]LogAudioMixer: Display: 	Sample Rate:						  48000
[2025.03.26-05.57.12:971][124]LogAudioMixer: Display: 	Callback Buffer Frame Size Requested: 1024
[2025.03.26-05.57.12:971][124]LogAudioMixer: Display: 	Callback Buffer Frame Size To Use:	  1024
[2025.03.26-05.57.12:971][124]LogAudioMixer: Display: 	Number of buffers to queue:			  2
[2025.03.26-05.57.12:971][124]LogAudioMixer: Display: 	Max Channels (voices):				  32
[2025.03.26-05.57.12:971][124]LogAudioMixer: Display: 	Number of Async Source Workers:		  0
[2025.03.26-05.57.12:971][124]LogAudio: Display: AudioDevice MaxSources: 32
[2025.03.26-05.57.12:971][124]LogAudio: Display: Audio Spatialization Plugin: None (built-in).
[2025.03.26-05.57.12:971][124]LogAudio: Display: Audio Reverb Plugin: None (built-in).
[2025.03.26-05.57.12:971][124]LogAudio: Display: Audio Occlusion Plugin: None (built-in).
[2025.03.26-05.57.12:971][124]LogAudioMixer: Display: Initializing audio mixer.
[2025.03.26-05.57.12:973][124]LogAudioMixer: Display: 0: FrontLeft
[2025.03.26-05.57.12:973][124]LogAudioMixer: Display: 1: FrontRight
[2025.03.26-05.57.13:003][124]LogAudioMixer: Display: Using Audio Device 扬声器 (适用于 I2S 音频的英特尔® 智音技术)
[2025.03.26-05.57.13:004][124]LogAudioMixer: Display: Initializing Sound Submixes...
[2025.03.26-05.57.13:004][124]LogAudioMixer: Display: Creating Master Submix 'MasterSubmixDefault'
[2025.03.26-05.57.13:004][124]LogAudioMixer: Display: Creating Master Submix 'MasterReverbSubmixDefault'
[2025.03.26-05.57.13:004][124]LogAudioMixer: Display: Creating Master Submix 'MasterEQSubmixDefault'
[2025.03.26-05.57.13:004][124]LogAudioMixer: FMixerPlatformXAudio2::StartAudioStream() called
[2025.03.26-05.57.13:004][124]LogAudioMixer: Display: Output buffers initialized: Frames=1024, Channels=2, Samples=2048
[2025.03.26-05.57.13:005][124]LogAudioMixer: Display: Starting AudioMixerPlatformInterface::RunInternal()
[2025.03.26-05.57.13:005][124]LogAudioMixer: Display: FMixerPlatformXAudio2::SubmitBuffer() called for the first time
[2025.03.26-05.57.13:005][124]LogInit: FAudioDevice initialized.
[2025.03.26-05.57.13:005][124]LogAudio: Display: Audio Device (ID: 15) registered with world 'ThirdPersonExampleMap'.
[2025.03.26-05.57.13:010][124]LogLoad: Game class is 'ThirdPersonGameMode_C'
[2025.03.26-05.57.13:014][124]LogWorld: Bringing World /Game/ThirdPersonBP/Maps/UEDPIE_0_ThirdPersonExampleMap.ThirdPersonExampleMap up for play (max tick rate 60) at 2025.03.26-13.57.13
[2025.03.26-05.57.13:014][124]LogWorld: Bringing up level for play took: 0.002859
[2025.03.26-05.57.13:015][124]LogOnline: OSS: Creating online subsystem instance for: :Context_26
[2025.03.26-05.57.13:016][124]PIE: Server logged in
[2025.03.26-05.57.13:017][124]PIE: Play in editor total start time 0.098 seconds.
[2025.03.26-05.57.39:477][638]LogSlate: Updating window title bar state: overlay mode, drag disabled, window buttons hidden, title bar hidden
[2025.03.26-05.57.39:477][638]LogWorld: BeginTearingDown for /Game/ThirdPersonBP/Maps/UEDPIE_0_ThirdPersonExampleMap
[2025.03.26-05.57.39:478][638]LogWorld: UWorld::CleanupWorld for ThirdPersonExampleMap, bSessionEnded=true, bCleanupResources=true
[2025.03.26-05.57.39:478][638]LogSlate: InvalidateAllWidgets triggered.  All widgets were invalidated
[2025.03.26-05.57.39:493][638]LogPlayLevel: Display: Shutting down PIE online subsystems
[2025.03.26-05.57.39:501][638]LogSlate: InvalidateAllWidgets triggered.  All widgets were invalidated
[2025.03.26-05.57.39:531][638]LogSlate: Updating window title bar state: overlay mode, drag disabled, window buttons hidden, title bar hidden
[2025.03.26-05.57.39:531][638]LogAudioMixer: FMixerPlatformXAudio2::StopAudioStream() called
[2025.03.26-05.57.39:532][638]LogAudioMixer: FMixerPlatformXAudio2::StopAudioStream() called
[2025.03.26-05.57.39:541][638]LogUObjectHash: Compacting FUObjectHashTables data took   2.06ms
[2025.03.26-05.57.39:586][639]LogPlayLevel: Display: Destroying online subsystem :Context_26
[2025.03.26-05.58.19:014][278]LogEditorViewport: Clicking on Actor (LMB): BP_TextRender_C (BP_TextClick)
[2025.03.26-05.58.40:397][196]BlueprintLog: New page: Compile BP_TextRender
[2025.03.26-05.58.40:486][196]LogUObjectHash: Compacting FUObjectHashTables data took   5.83ms
[2025.03.26-05.59.05:633][242]LogTemp: Repeating last play command: Selected Viewport
[2025.03.26-05.59.05:643][242]BlueprintLog: New page: Pre-Play auto-recompile
[2025.03.26-05.59.05:646][242]LogPlayLevel: [PlayLevel] Compiling BP_TextRender before play...
[2025.03.26-05.59.05:738][242]LogUObjectHash: Compacting FUObjectHashTables data took   2.71ms
[2025.03.26-05.59.05:740][242]LogPlayLevel: PlayLevel: Blueprint regeneration took 96 ms (1 blueprints)
[2025.03.26-05.59.05:740][242]PIE: New page: PIE session: ThirdPersonExampleMap (2025年3月26日 下午9:59:05)
[2025.03.26-05.59.05:740][242]LogPlayLevel: Creating play world package: /Game/ThirdPersonBP/Maps/UEDPIE_0_ThirdPersonExampleMap
[2025.03.26-05.59.05:755][242]LogPlayLevel: PIE: StaticDuplicateObject took: (0.015628s)
[2025.03.26-05.59.05:757][242]LogAIModule: Creating AISystem for world ThirdPersonExampleMap
[2025.03.26-05.59.05:757][242]LogPlayLevel: PIE: World Init took: (0.001362s)
[2025.03.26-05.59.05:757][242]LogPlayLevel: PIE: Created PIE world by copying editor world from /Game/ThirdPersonBP/Maps/ThirdPersonExampleMap.ThirdPersonExampleMap to /Game/ThirdPersonBP/Maps/UEDPIE_0_ThirdPersonExampleMap.ThirdPersonExampleMap (0.017225s)
[2025.03.26-05.59.05:792][242]LogUObjectHash: Compacting FUObjectHashTables data took   2.04ms
[2025.03.26-05.59.05:793][242]LogAudio: Display: Creating Audio Device:                 Id: 16, Scope: Unique, Realtime: True
[2025.03.26-05.59.05:793][242]LogAudioMixer: Display: Audio Mixer Platform Settings:
[2025.03.26-05.59.05:793][242]LogAudioMixer: Display: 	Sample Rate:						  48000
[2025.03.26-05.59.05:793][242]LogAudioMixer: Display: 	Callback Buffer Frame Size Requested: 1024
[2025.03.26-05.59.05:793][242]LogAudioMixer: Display: 	Callback Buffer Frame Size To Use:	  1024
[2025.03.26-05.59.05:793][242]LogAudioMixer: Display: 	Number of buffers to queue:			  2
[2025.03.26-05.59.05:793][242]LogAudioMixer: Display: 	Max Channels (voices):				  32
[2025.03.26-05.59.05:793][242]LogAudioMixer: Display: 	Number of Async Source Workers:		  0
[2025.03.26-05.59.05:793][242]LogAudio: Display: AudioDevice MaxSources: 32
[2025.03.26-05.59.05:793][242]LogAudio: Display: Audio Spatialization Plugin: None (built-in).
[2025.03.26-05.59.05:793][242]LogAudio: Display: Audio Reverb Plugin: None (built-in).
[2025.03.26-05.59.05:793][242]LogAudio: Display: Audio Occlusion Plugin: None (built-in).
[2025.03.26-05.59.05:793][242]LogAudioMixer: Display: Initializing audio mixer.
[2025.03.26-05.59.05:797][242]LogAudioMixer: Display: 0: FrontLeft
[2025.03.26-05.59.05:797][242]LogAudioMixer: Display: 1: FrontRight
[2025.03.26-05.59.05:831][242]LogAudioMixer: Display: Using Audio Device 扬声器 (适用于 I2S 音频的英特尔® 智音技术)
[2025.03.26-05.59.05:831][242]LogAudioMixer: Display: Initializing Sound Submixes...
[2025.03.26-05.59.05:831][242]LogAudioMixer: Display: Creating Master Submix 'MasterSubmixDefault'
[2025.03.26-05.59.05:831][242]LogAudioMixer: Display: Creating Master Submix 'MasterReverbSubmixDefault'
[2025.03.26-05.59.05:832][242]LogAudioMixer: Display: Creating Master Submix 'MasterEQSubmixDefault'
[2025.03.26-05.59.05:832][242]LogAudioMixer: FMixerPlatformXAudio2::StartAudioStream() called
[2025.03.26-05.59.05:832][242]LogAudioMixer: Display: Output buffers initialized: Frames=1024, Channels=2, Samples=2048
[2025.03.26-05.59.05:833][242]LogAudioMixer: Display: Starting AudioMixerPlatformInterface::RunInternal()
[2025.03.26-05.59.05:833][242]LogAudioMixer: Display: FMixerPlatformXAudio2::SubmitBuffer() called for the first time
[2025.03.26-05.59.05:833][242]LogInit: FAudioDevice initialized.
[2025.03.26-05.59.05:833][242]LogAudio: Display: Audio Device (ID: 16) registered with world 'ThirdPersonExampleMap'.
[2025.03.26-05.59.05:855][242]LogLoad: Game class is 'ThirdPersonGameMode_C'
[2025.03.26-05.59.05:859][242]LogWorld: Bringing World /Game/ThirdPersonBP/Maps/UEDPIE_0_ThirdPersonExampleMap.ThirdPersonExampleMap up for play (max tick rate 60) at 2025.03.26-13.59.05
[2025.03.26-05.59.05:860][242]LogWorld: Bringing up level for play took: 0.003958
[2025.03.26-05.59.05:860][242]LogOnline: OSS: Creating online subsystem instance for: :Context_27
[2025.03.26-05.59.05:862][242]PIE: Server logged in
[2025.03.26-05.59.05:863][242]PIE: Play in editor total start time 0.221 seconds.
[2025.03.26-05.59.15:837][815]LogSlate: Updating window title bar state: overlay mode, drag disabled, window buttons hidden, title bar hidden
[2025.03.26-05.59.15:837][815]LogWorld: BeginTearingDown for /Game/ThirdPersonBP/Maps/UEDPIE_0_ThirdPersonExampleMap
[2025.03.26-05.59.15:837][815]LogWorld: UWorld::CleanupWorld for ThirdPersonExampleMap, bSessionEnded=true, bCleanupResources=true
[2025.03.26-05.59.15:838][815]LogSlate: InvalidateAllWidgets triggered.  All widgets were invalidated
[2025.03.26-05.59.15:848][815]LogPlayLevel: Display: Shutting down PIE online subsystems
[2025.03.26-05.59.15:855][815]LogSlate: InvalidateAllWidgets triggered.  All widgets were invalidated
[2025.03.26-05.59.15:883][815]LogSlate: Updating window title bar state: overlay mode, drag disabled, window buttons hidden, title bar hidden
[2025.03.26-05.59.15:884][815]LogAudioMixer: FMixerPlatformXAudio2::StopAudioStream() called
[2025.03.26-05.59.15:884][815]LogAudioMixer: FMixerPlatformXAudio2::StopAudioStream() called
[2025.03.26-05.59.15:893][815]LogUObjectHash: Compacting FUObjectHashTables data took   3.73ms
[2025.03.26-05.59.15:936][816]LogPlayLevel: Display: Destroying online subsystem :Context_27
[2025.03.26-05.59.49:954][448]BlueprintLog: New page: Compile BP_TextRender
[2025.03.26-05.59.50:022][448]LogUObjectHash: Compacting FUObjectHashTables data took   5.32ms
[2025.03.26-05.59.50:935][483]LogTemp: Repeating last play command: Selected Viewport
[2025.03.26-05.59.50:940][483]LogPlayLevel: PlayLevel: No blueprints needed recompiling
[2025.03.26-05.59.50:940][483]PIE: New page: PIE session: ThirdPersonExampleMap (2025年3月26日 下午9:59:50)
[2025.03.26-05.59.50:940][483]LogPlayLevel: Creating play world package: /Game/ThirdPersonBP/Maps/UEDPIE_0_ThirdPersonExampleMap
[2025.03.26-05.59.50:955][483]LogPlayLevel: PIE: StaticDuplicateObject took: (0.015023s)
[2025.03.26-05.59.50:956][483]LogAIModule: Creating AISystem for world ThirdPersonExampleMap
[2025.03.26-05.59.50:957][483]LogPlayLevel: PIE: World Init took: (0.001125s)
[2025.03.26-05.59.50:957][483]LogPlayLevel: PIE: Created PIE world by copying editor world from /Game/ThirdPersonBP/Maps/ThirdPersonExampleMap.ThirdPersonExampleMap to /Game/ThirdPersonBP/Maps/UEDPIE_0_ThirdPersonExampleMap.ThirdPersonExampleMap (0.016346s)
[2025.03.26-05.59.50:992][483]LogUObjectHash: Compacting FUObjectHashTables data took   3.03ms
[2025.03.26-05.59.50:993][483]LogAudio: Display: Creating Audio Device:                 Id: 17, Scope: Unique, Realtime: True
[2025.03.26-05.59.50:994][483]LogAudioMixer: Display: Audio Mixer Platform Settings:
[2025.03.26-05.59.50:994][483]LogAudioMixer: Display: 	Sample Rate:						  48000
[2025.03.26-05.59.50:994][483]LogAudioMixer: Display: 	Callback Buffer Frame Size Requested: 1024
[2025.03.26-05.59.50:994][483]LogAudioMixer: Display: 	Callback Buffer Frame Size To Use:	  1024
[2025.03.26-05.59.50:994][483]LogAudioMixer: Display: 	Number of buffers to queue:			  2
[2025.03.26-05.59.50:994][483]LogAudioMixer: Display: 	Max Channels (voices):				  32
[2025.03.26-05.59.50:994][483]LogAudioMixer: Display: 	Number of Async Source Workers:		  0
[2025.03.26-05.59.50:994][483]LogAudio: Display: AudioDevice MaxSources: 32
[2025.03.26-05.59.50:994][483]LogAudio: Display: Audio Spatialization Plugin: None (built-in).
[2025.03.26-05.59.50:994][483]LogAudio: Display: Audio Reverb Plugin: None (built-in).
[2025.03.26-05.59.50:994][483]LogAudio: Display: Audio Occlusion Plugin: None (built-in).
[2025.03.26-05.59.50:994][483]LogAudioMixer: Display: Initializing audio mixer.
[2025.03.26-05.59.50:997][483]LogAudioMixer: Display: 0: FrontLeft
[2025.03.26-05.59.50:997][483]LogAudioMixer: Display: 1: FrontRight
[2025.03.26-05.59.51:031][483]LogAudioMixer: Display: Using Audio Device 扬声器 (适用于 I2S 音频的英特尔® 智音技术)
[2025.03.26-05.59.51:032][483]LogAudioMixer: Display: Initializing Sound Submixes...
[2025.03.26-05.59.51:032][483]LogAudioMixer: Display: Creating Master Submix 'MasterSubmixDefault'
[2025.03.26-05.59.51:032][483]LogAudioMixer: Display: Creating Master Submix 'MasterReverbSubmixDefault'
[2025.03.26-05.59.51:032][483]LogAudioMixer: Display: Creating Master Submix 'MasterEQSubmixDefault'
[2025.03.26-05.59.51:032][483]LogAudioMixer: FMixerPlatformXAudio2::StartAudioStream() called
[2025.03.26-05.59.51:032][483]LogAudioMixer: Display: Output buffers initialized: Frames=1024, Channels=2, Samples=2048
[2025.03.26-05.59.51:034][483]LogAudioMixer: Display: Starting AudioMixerPlatformInterface::RunInternal()
[2025.03.26-05.59.51:034][483]LogAudioMixer: Display: FMixerPlatformXAudio2::SubmitBuffer() called for the first time
[2025.03.26-05.59.51:034][483]LogInit: FAudioDevice initialized.
[2025.03.26-05.59.51:034][483]LogAudio: Display: Audio Device (ID: 17) registered with world 'ThirdPersonExampleMap'.
[2025.03.26-05.59.51:053][483]LogLoad: Game class is 'ThirdPersonGameMode_C'
[2025.03.26-05.59.51:057][483]LogWorld: Bringing World /Game/ThirdPersonBP/Maps/UEDPIE_0_ThirdPersonExampleMap.ThirdPersonExampleMap up for play (max tick rate 60) at 2025.03.26-13.59.51
[2025.03.26-05.59.51:057][483]LogWorld: Bringing up level for play took: 0.003859
[2025.03.26-05.59.51:058][483]LogOnline: OSS: Creating online subsystem instance for: :Context_28
[2025.03.26-05.59.51:061][483]PIE: Server logged in
[2025.03.26-05.59.51:062][483]PIE: Play in editor total start time 0.122 seconds.
[2025.03.26-05.59.54:618][687]LogSlate: Updating window title bar state: overlay mode, drag disabled, window buttons hidden, title bar hidden
[2025.03.26-05.59.54:618][687]LogWorld: BeginTearingDown for /Game/ThirdPersonBP/Maps/UEDPIE_0_ThirdPersonExampleMap
[2025.03.26-05.59.54:618][687]LogWorld: UWorld::CleanupWorld for ThirdPersonExampleMap, bSessionEnded=true, bCleanupResources=true
[2025.03.26-05.59.54:619][687]LogSlate: InvalidateAllWidgets triggered.  All widgets were invalidated
[2025.03.26-05.59.54:629][687]LogPlayLevel: Display: Shutting down PIE online subsystems
[2025.03.26-05.59.54:638][687]LogSlate: InvalidateAllWidgets triggered.  All widgets were invalidated
[2025.03.26-05.59.54:667][687]LogAudio: Display: Audio Device unregistered from world 'None'.
[2025.03.26-05.59.54:667][687]LogAudioMixer: FMixerPlatformXAudio2::StopAudioStream() called
[2025.03.26-05.59.54:668][687]LogAudioMixer: FMixerPlatformXAudio2::StopAudioStream() called
[2025.03.26-05.59.54:672][687]LogSlate: Updating window title bar state: overlay mode, drag disabled, window buttons hidden, title bar hidden
[2025.03.26-05.59.54:675][687]LogUObjectHash: Compacting FUObjectHashTables data took   2.31ms
[2025.03.26-05.59.54:709][688]LogPlayLevel: Display: Destroying online subsystem :Context_28
[2025.03.26-06.01.16:088][580]BlueprintLog: New page: Compile BP_TextRender
[2025.03.26-06.01.16:158][580]LogUObjectHash: Compacting FUObjectHashTables data took   3.06ms
[2025.03.26-06.01.17:162][622]LogTemp: Repeating last play command: Selected Viewport
[2025.03.26-06.01.17:169][622]LogPlayLevel: PlayLevel: No blueprints needed recompiling
[2025.03.26-06.01.17:169][622]PIE: New page: PIE session: ThirdPersonExampleMap (2025年3月26日 下午10:01:17)
[2025.03.26-06.01.17:169][622]LogPlayLevel: Creating play world package: /Game/ThirdPersonBP/Maps/UEDPIE_0_ThirdPersonExampleMap
[2025.03.26-06.01.17:182][622]LogPlayLevel: PIE: StaticDuplicateObject took: (0.012912s)
[2025.03.26-06.01.17:182][622]LogAIModule: Creating AISystem for world ThirdPersonExampleMap
[2025.03.26-06.01.17:183][622]LogPlayLevel: PIE: World Init took: (0.000960s)
[2025.03.26-06.01.17:183][622]LogPlayLevel: PIE: Created PIE world by copying editor world from /Game/ThirdPersonBP/Maps/ThirdPersonExampleMap.ThirdPersonExampleMap to /Game/ThirdPersonBP/Maps/UEDPIE_0_ThirdPersonExampleMap.ThirdPersonExampleMap (0.014042s)
[2025.03.26-06.01.17:217][622]LogUObjectHash: Compacting FUObjectHashTables data took   2.64ms
[2025.03.26-06.01.17:217][622]LogAudio: Display: Creating Audio Device:                 Id: 18, Scope: Unique, Realtime: True
[2025.03.26-06.01.17:217][622]LogAudioMixer: Display: Audio Mixer Platform Settings:
[2025.03.26-06.01.17:217][622]LogAudioMixer: Display: 	Sample Rate:						  48000
[2025.03.26-06.01.17:217][622]LogAudioMixer: Display: 	Callback Buffer Frame Size Requested: 1024
[2025.03.26-06.01.17:217][622]LogAudioMixer: Display: 	Callback Buffer Frame Size To Use:	  1024
[2025.03.26-06.01.17:217][622]LogAudioMixer: Display: 	Number of buffers to queue:			  2
[2025.03.26-06.01.17:217][622]LogAudioMixer: Display: 	Max Channels (voices):				  32
[2025.03.26-06.01.17:217][622]LogAudioMixer: Display: 	Number of Async Source Workers:		  0
[2025.03.26-06.01.17:217][622]LogAudio: Display: AudioDevice MaxSources: 32
[2025.03.26-06.01.17:217][622]LogAudio: Display: Audio Spatialization Plugin: None (built-in).
[2025.03.26-06.01.17:217][622]LogAudio: Display: Audio Reverb Plugin: None (built-in).
[2025.03.26-06.01.17:217][622]LogAudio: Display: Audio Occlusion Plugin: None (built-in).
[2025.03.26-06.01.17:217][622]LogAudioMixer: Display: Initializing audio mixer.
[2025.03.26-06.01.17:221][622]LogAudioMixer: Display: 0: FrontLeft
[2025.03.26-06.01.17:221][622]LogAudioMixer: Display: 1: FrontRight
[2025.03.26-06.01.17:253][622]LogAudioMixer: Display: Using Audio Device 扬声器 (适用于 I2S 音频的英特尔® 智音技术)
[2025.03.26-06.01.17:253][622]LogAudioMixer: Display: Initializing Sound Submixes...
[2025.03.26-06.01.17:253][622]LogAudioMixer: Display: Creating Master Submix 'MasterSubmixDefault'
[2025.03.26-06.01.17:253][622]LogAudioMixer: Display: Creating Master Submix 'MasterReverbSubmixDefault'
[2025.03.26-06.01.17:253][622]LogAudioMixer: Display: Creating Master Submix 'MasterEQSubmixDefault'
[2025.03.26-06.01.17:253][622]LogAudioMixer: FMixerPlatformXAudio2::StartAudioStream() called
[2025.03.26-06.01.17:253][622]LogAudioMixer: Display: Output buffers initialized: Frames=1024, Channels=2, Samples=2048
[2025.03.26-06.01.17:254][622]LogAudioMixer: Display: Starting AudioMixerPlatformInterface::RunInternal()
[2025.03.26-06.01.17:254][622]LogAudioMixer: Display: FMixerPlatformXAudio2::SubmitBuffer() called for the first time
[2025.03.26-06.01.17:254][622]LogInit: FAudioDevice initialized.
[2025.03.26-06.01.17:254][622]LogAudio: Display: Audio Device (ID: 18) registered with world 'ThirdPersonExampleMap'.
[2025.03.26-06.01.17:273][622]LogLoad: Game class is 'ThirdPersonGameMode_C'
[2025.03.26-06.01.17:278][622]LogWorld: Bringing World /Game/ThirdPersonBP/Maps/UEDPIE_0_ThirdPersonExampleMap.ThirdPersonExampleMap up for play (max tick rate 60) at 2025.03.26-14.01.17
[2025.03.26-06.01.17:278][622]LogWorld: Bringing up level for play took: 0.003723
[2025.03.26-06.01.17:278][622]LogOnline: OSS: Creating online subsystem instance for: :Context_29
[2025.03.26-06.01.17:280][622]PIE: Server logged in
[2025.03.26-06.01.17:281][622]PIE: Play in editor total start time 0.113 seconds.
[2025.03.26-06.01.20:149][779]LogBlueprintUserMessages: [BP_TextRender_8] Hello
[2025.03.26-06.01.20:762][811]LogBlueprintUserMessages: [BP_TextRender_8] Hello
[2025.03.26-06.01.20:999][824]LogBlueprintUserMessages: [BP_TextRender_8] Hello
[2025.03.26-06.01.22:531][912]LogBlueprintUserMessages: [BP_TextRender_8] Hello
[2025.03.26-06.01.22:733][924]LogBlueprintUserMessages: [BP_TextRender_8] Hello
[2025.03.26-06.01.23:237][953]LogBlueprintUserMessages: [BP_TextRender_8] Hello
[2025.03.26-06.01.23:440][965]LogBlueprintUserMessages: [BP_TextRender_8] Hello
[2025.03.26-06.01.23:778][985]LogBlueprintUserMessages: [BP_TextRender_8] Hello
[2025.03.26-06.01.23:995][998]LogBlueprintUserMessages: [BP_TextRender_8] Hello
[2025.03.26-06.01.24:233][ 12]LogBlueprintUserMessages: [BP_TextRender_8] Hello
[2025.03.26-06.01.24:408][ 22]LogBlueprintUserMessages: [BP_TextRender_8] Hello
[2025.03.26-06.01.26:819][163]LogBlueprintUserMessages: [BP_TextRender_8] Hello
[2025.03.26-06.01.26:970][172]LogBlueprintUserMessages: [BP_TextRender_8] Hello
[2025.03.26-06.01.27:557][204]LogSlate: Updating window title bar state: overlay mode, drag disabled, window buttons hidden, title bar hidden
[2025.03.26-06.01.27:557][204]LogWorld: BeginTearingDown for /Game/ThirdPersonBP/Maps/UEDPIE_0_ThirdPersonExampleMap
[2025.03.26-06.01.27:557][204]LogWorld: UWorld::CleanupWorld for ThirdPersonExampleMap, bSessionEnded=true, bCleanupResources=true
[2025.03.26-06.01.27:558][204]LogSlate: InvalidateAllWidgets triggered.  All widgets were invalidated
[2025.03.26-06.01.27:580][204]LogPlayLevel: Display: Shutting down PIE online subsystems
[2025.03.26-06.01.27:598][204]LogSlate: InvalidateAllWidgets triggered.  All widgets were invalidated
[2025.03.26-06.01.27:638][204]LogAudio: Display: Audio Device unregistered from world 'None'.
[2025.03.26-06.01.27:639][204]LogAudioMixer: FMixerPlatformXAudio2::StopAudioStream() called
[2025.03.26-06.01.27:641][204]LogAudioMixer: FMixerPlatformXAudio2::StopAudioStream() called
[2025.03.26-06.01.27:643][204]LogSlate: Updating window title bar state: overlay mode, drag disabled, window buttons hidden, title bar hidden
[2025.03.26-06.01.27:648][204]LogUObjectHash: Compacting FUObjectHashTables data took   2.83ms
[2025.03.26-06.01.27:696][205]LogPlayLevel: Display: Destroying online subsystem :Context_29
[2025.03.26-06.01.29:777][293]LogTemp: Repeating last play command: Selected Viewport
[2025.03.26-06.01.29:783][293]LogPlayLevel: PlayLevel: No blueprints needed recompiling
[2025.03.26-06.01.29:784][293]PIE: New page: PIE session: ThirdPersonExampleMap (2025年3月26日 下午10:01:29)
[2025.03.26-06.01.29:784][293]LogPlayLevel: Creating play world package: /Game/ThirdPersonBP/Maps/UEDPIE_0_ThirdPersonExampleMap
[2025.03.26-06.01.29:809][293]LogPlayLevel: PIE: StaticDuplicateObject took: (0.025710s)
[2025.03.26-06.01.29:810][293]LogAIModule: Creating AISystem for world ThirdPersonExampleMap
[2025.03.26-06.01.29:811][293]LogPlayLevel: PIE: World Init took: (0.001031s)
[2025.03.26-06.01.29:811][293]LogPlayLevel: PIE: Created PIE world by copying editor world from /Game/ThirdPersonBP/Maps/ThirdPersonExampleMap.ThirdPersonExampleMap to /Game/ThirdPersonBP/Maps/UEDPIE_0_ThirdPersonExampleMap.ThirdPersonExampleMap (0.026983s)
[2025.03.26-06.01.29:843][293]LogUObjectHash: Compacting FUObjectHashTables data took   2.07ms
[2025.03.26-06.01.29:844][293]LogAudio: Display: Creating Audio Device:                 Id: 19, Scope: Unique, Realtime: True
[2025.03.26-06.01.29:845][293]LogAudioMixer: Display: Audio Mixer Platform Settings:
[2025.03.26-06.01.29:845][293]LogAudioMixer: Display: 	Sample Rate:						  48000
[2025.03.26-06.01.29:845][293]LogAudioMixer: Display: 	Callback Buffer Frame Size Requested: 1024
[2025.03.26-06.01.29:845][293]LogAudioMixer: Display: 	Callback Buffer Frame Size To Use:	  1024
[2025.03.26-06.01.29:845][293]LogAudioMixer: Display: 	Number of buffers to queue:			  2
[2025.03.26-06.01.29:845][293]LogAudioMixer: Display: 	Max Channels (voices):				  32
[2025.03.26-06.01.29:845][293]LogAudioMixer: Display: 	Number of Async Source Workers:		  0
[2025.03.26-06.01.29:845][293]LogAudio: Display: AudioDevice MaxSources: 32
[2025.03.26-06.01.29:845][293]LogAudio: Display: Audio Spatialization Plugin: None (built-in).
[2025.03.26-06.01.29:845][293]LogAudio: Display: Audio Reverb Plugin: None (built-in).
[2025.03.26-06.01.29:845][293]LogAudio: Display: Audio Occlusion Plugin: None (built-in).
[2025.03.26-06.01.29:845][293]LogAudioMixer: Display: Initializing audio mixer.
[2025.03.26-06.01.29:848][293]LogAudioMixer: Display: 0: FrontLeft
[2025.03.26-06.01.29:848][293]LogAudioMixer: Display: 1: FrontRight
[2025.03.26-06.01.29:880][293]LogAudioMixer: Display: Using Audio Device 扬声器 (适用于 I2S 音频的英特尔® 智音技术)
[2025.03.26-06.01.29:881][293]LogAudioMixer: Display: Initializing Sound Submixes...
[2025.03.26-06.01.29:881][293]LogAudioMixer: Display: Creating Master Submix 'MasterSubmixDefault'
[2025.03.26-06.01.29:881][293]LogAudioMixer: Display: Creating Master Submix 'MasterReverbSubmixDefault'
[2025.03.26-06.01.29:881][293]LogAudioMixer: Display: Creating Master Submix 'MasterEQSubmixDefault'
[2025.03.26-06.01.29:881][293]LogAudioMixer: FMixerPlatformXAudio2::StartAudioStream() called
[2025.03.26-06.01.29:881][293]LogAudioMixer: Display: Output buffers initialized: Frames=1024, Channels=2, Samples=2048
[2025.03.26-06.01.29:882][293]LogAudioMixer: Display: Starting AudioMixerPlatformInterface::RunInternal()
[2025.03.26-06.01.29:882][293]LogAudioMixer: Display: FMixerPlatformXAudio2::SubmitBuffer() called for the first time
[2025.03.26-06.01.29:882][293]LogInit: FAudioDevice initialized.
[2025.03.26-06.01.29:882][293]LogAudio: Display: Audio Device (ID: 19) registered with world 'ThirdPersonExampleMap'.
[2025.03.26-06.01.29:888][293]LogLoad: Game class is 'ThirdPersonGameMode_C'
[2025.03.26-06.01.29:893][293]LogWorld: Bringing World /Game/ThirdPersonBP/Maps/UEDPIE_0_ThirdPersonExampleMap.ThirdPersonExampleMap up for play (max tick rate 60) at 2025.03.26-14.01.29
[2025.03.26-06.01.29:893][293]LogWorld: Bringing up level for play took: 0.003028
[2025.03.26-06.01.29:893][293]LogOnline: OSS: Creating online subsystem instance for: :Context_30
[2025.03.26-06.01.29:895][293]PIE: Server logged in
[2025.03.26-06.01.29:896][293]PIE: Play in editor total start time 0.114 seconds.
[2025.03.26-06.01.31:407][378]LogBlueprintUserMessages: [BP_TextRender_8] Hello
[2025.03.26-06.01.31:735][397]LogBlueprintUserMessages: [BP_TextRender_8] Hello
[2025.03.26-06.01.31:986][412]LogBlueprintUserMessages: [BP_TextRender_8] Hello
[2025.03.26-06.01.32:378][435]LogBlueprintUserMessages: [BP_TextRender_8] Hello
[2025.03.26-06.01.32:512][443]LogBlueprintUserMessages: [BP_TextRender_8] Hello
[2025.03.26-06.01.33:018][470]LogSlate: Updating window title bar state: overlay mode, drag disabled, window buttons hidden, title bar hidden
[2025.03.26-06.01.33:018][470]LogWorld: BeginTearingDown for /Game/ThirdPersonBP/Maps/UEDPIE_0_ThirdPersonExampleMap
[2025.03.26-06.01.33:019][470]LogWorld: UWorld::CleanupWorld for ThirdPersonExampleMap, bSessionEnded=true, bCleanupResources=true
[2025.03.26-06.01.33:020][470]LogSlate: InvalidateAllWidgets triggered.  All widgets were invalidated
[2025.03.26-06.01.33:036][470]LogPlayLevel: Display: Shutting down PIE online subsystems
[2025.03.26-06.01.33:046][470]LogSlate: InvalidateAllWidgets triggered.  All widgets were invalidated
[2025.03.26-06.01.33:080][470]LogSlate: Updating window title bar state: overlay mode, drag disabled, window buttons hidden, title bar hidden
[2025.03.26-06.01.33:081][470]LogAudioMixer: FMixerPlatformXAudio2::StopAudioStream() called
[2025.03.26-06.01.33:082][470]LogAudioMixer: FMixerPlatformXAudio2::StopAudioStream() called
[2025.03.26-06.01.33:089][470]LogUObjectHash: Compacting FUObjectHashTables data took   2.50ms
[2025.03.26-06.01.33:132][471]LogPlayLevel: Display: Destroying online subsystem :Context_30
[2025.03.26-06.01.48:283][ 82]LogTemp: Repeating last play command: Selected Viewport
[2025.03.26-06.01.48:292][ 82]BlueprintLog: New page: Pre-Play auto-recompile
[2025.03.26-06.01.48:296][ 82]LogPlayLevel: [PlayLevel] Compiling BP_TextRender before play...
[2025.03.26-06.01.48:387][ 82]LogUObjectHash: Compacting FUObjectHashTables data took   2.95ms
[2025.03.26-06.01.48:389][ 82]LogPlayLevel: PlayLevel: Blueprint regeneration took 96 ms (1 blueprints)
[2025.03.26-06.01.48:389][ 82]PIE: New page: PIE session: ThirdPersonExampleMap (2025年3月26日 下午10:01:48)
[2025.03.26-06.01.48:389][ 82]LogPlayLevel: Creating play world package: /Game/ThirdPersonBP/Maps/UEDPIE_0_ThirdPersonExampleMap
[2025.03.26-06.01.48:402][ 82]LogPlayLevel: PIE: StaticDuplicateObject took: (0.013754s)
[2025.03.26-06.01.48:404][ 82]LogAIModule: Creating AISystem for world ThirdPersonExampleMap
[2025.03.26-06.01.48:404][ 82]LogPlayLevel: PIE: World Init took: (0.001319s)
[2025.03.26-06.01.48:404][ 82]LogPlayLevel: PIE: Created PIE world by copying editor world from /Game/ThirdPersonBP/Maps/ThirdPersonExampleMap.ThirdPersonExampleMap to /Game/ThirdPersonBP/Maps/UEDPIE_0_ThirdPersonExampleMap.ThirdPersonExampleMap (0.015245s)
[2025.03.26-06.01.48:441][ 82]LogUObjectHash: Compacting FUObjectHashTables data took   2.16ms
[2025.03.26-06.01.48:442][ 82]LogAudio: Display: Creating Audio Device:                 Id: 20, Scope: Unique, Realtime: True
[2025.03.26-06.01.48:442][ 82]LogAudioMixer: Display: Audio Mixer Platform Settings:
[2025.03.26-06.01.48:442][ 82]LogAudioMixer: Display: 	Sample Rate:						  48000
[2025.03.26-06.01.48:442][ 82]LogAudioMixer: Display: 	Callback Buffer Frame Size Requested: 1024
[2025.03.26-06.01.48:442][ 82]LogAudioMixer: Display: 	Callback Buffer Frame Size To Use:	  1024
[2025.03.26-06.01.48:442][ 82]LogAudioMixer: Display: 	Number of buffers to queue:			  2
[2025.03.26-06.01.48:442][ 82]LogAudioMixer: Display: 	Max Channels (voices):				  32
[2025.03.26-06.01.48:442][ 82]LogAudioMixer: Display: 	Number of Async Source Workers:		  0
[2025.03.26-06.01.48:442][ 82]LogAudio: Display: AudioDevice MaxSources: 32
[2025.03.26-06.01.48:442][ 82]LogAudio: Display: Audio Spatialization Plugin: None (built-in).
[2025.03.26-06.01.48:442][ 82]LogAudio: Display: Audio Reverb Plugin: None (built-in).
[2025.03.26-06.01.48:442][ 82]LogAudio: Display: Audio Occlusion Plugin: None (built-in).
[2025.03.26-06.01.48:442][ 82]LogAudioMixer: Display: Initializing audio mixer.
[2025.03.26-06.01.48:444][ 82]LogAudioMixer: Display: 0: FrontLeft
[2025.03.26-06.01.48:444][ 82]LogAudioMixer: Display: 1: FrontRight
[2025.03.26-06.01.48:481][ 82]LogAudioMixer: Display: Using Audio Device 扬声器 (适用于 I2S 音频的英特尔® 智音技术)
[2025.03.26-06.01.48:481][ 82]LogAudioMixer: Display: Initializing Sound Submixes...
[2025.03.26-06.01.48:481][ 82]LogAudioMixer: Display: Creating Master Submix 'MasterSubmixDefault'
[2025.03.26-06.01.48:481][ 82]LogAudioMixer: Display: Creating Master Submix 'MasterReverbSubmixDefault'
[2025.03.26-06.01.48:482][ 82]LogAudioMixer: Display: Creating Master Submix 'MasterEQSubmixDefault'
[2025.03.26-06.01.48:482][ 82]LogAudioMixer: FMixerPlatformXAudio2::StartAudioStream() called
[2025.03.26-06.01.48:482][ 82]LogAudioMixer: Display: Output buffers initialized: Frames=1024, Channels=2, Samples=2048
[2025.03.26-06.01.48:483][ 82]LogAudioMixer: Display: Starting AudioMixerPlatformInterface::RunInternal()
[2025.03.26-06.01.48:483][ 82]LogAudioMixer: Display: FMixerPlatformXAudio2::SubmitBuffer() called for the first time
[2025.03.26-06.01.48:483][ 82]LogInit: FAudioDevice initialized.
[2025.03.26-06.01.48:483][ 82]LogAudio: Display: Audio Device (ID: 20) registered with world 'ThirdPersonExampleMap'.
[2025.03.26-06.01.48:500][ 82]LogLoad: Game class is 'ThirdPersonGameMode_C'
[2025.03.26-06.01.48:505][ 82]LogWorld: Bringing World /Game/ThirdPersonBP/Maps/UEDPIE_0_ThirdPersonExampleMap.ThirdPersonExampleMap up for play (max tick rate 60) at 2025.03.26-14.01.48
[2025.03.26-06.01.48:505][ 82]LogWorld: Bringing up level for play took: 0.004100
[2025.03.26-06.01.48:505][ 82]LogOnline: OSS: Creating online subsystem instance for: :Context_31
[2025.03.26-06.01.48:507][ 82]PIE: Server logged in
[2025.03.26-06.01.48:508][ 82]PIE: Play in editor total start time 0.218 seconds.
[2025.03.26-06.02.01:797][852]LogSlate: Updating window title bar state: overlay mode, drag disabled, window buttons hidden, title bar hidden
[2025.03.26-06.02.01:797][852]LogWorld: BeginTearingDown for /Game/ThirdPersonBP/Maps/UEDPIE_0_ThirdPersonExampleMap
[2025.03.26-06.02.01:797][852]LogWorld: UWorld::CleanupWorld for ThirdPersonExampleMap, bSessionEnded=true, bCleanupResources=true
[2025.03.26-06.02.01:798][852]LogSlate: InvalidateAllWidgets triggered.  All widgets were invalidated
[2025.03.26-06.02.01:813][852]LogPlayLevel: Display: Shutting down PIE online subsystems
[2025.03.26-06.02.01:822][852]LogSlate: InvalidateAllWidgets triggered.  All widgets were invalidated
[2025.03.26-06.02.01:854][852]LogSlate: Updating window title bar state: overlay mode, drag disabled, window buttons hidden, title bar hidden
[2025.03.26-06.02.01:854][852]LogAudioMixer: FMixerPlatformXAudio2::StopAudioStream() called
[2025.03.26-06.02.01:856][852]LogAudioMixer: FMixerPlatformXAudio2::StopAudioStream() called
[2025.03.26-06.02.01:865][852]LogUObjectHash: Compacting FUObjectHashTables data took   4.14ms
[2025.03.26-06.02.01:909][853]LogPlayLevel: Display: Destroying online subsystem :Context_31
[2025.03.26-06.02.07:540][ 89]LogTemp: Repeating last play command: Selected Viewport
[2025.03.26-06.02.07:548][ 89]BlueprintLog: New page: Pre-Play auto-recompile
[2025.03.26-06.02.07:552][ 89]LogPlayLevel: [PlayLevel] Compiling BP_TextRender before play...
[2025.03.26-06.02.07:655][ 89]LogUObjectHash: Compacting FUObjectHashTables data took   2.67ms
[2025.03.26-06.02.07:656][ 89]LogPlayLevel: PlayLevel: Blueprint regeneration took 106 ms (1 blueprints)
[2025.03.26-06.02.07:656][ 89]PIE: New page: PIE session: ThirdPersonExampleMap (2025年3月26日 下午10:02:07)
[2025.03.26-06.02.07:656][ 89]LogPlayLevel: Creating play world package: /Game/ThirdPersonBP/Maps/UEDPIE_0_ThirdPersonExampleMap
[2025.03.26-06.02.07:670][ 89]LogPlayLevel: PIE: StaticDuplicateObject took: (0.014316s)
[2025.03.26-06.02.07:671][ 89]LogAIModule: Creating AISystem for world ThirdPersonExampleMap
[2025.03.26-06.02.07:672][ 89]LogPlayLevel: PIE: World Init took: (0.001747s)
[2025.03.26-06.02.07:672][ 89]LogPlayLevel: PIE: Created PIE world by copying editor world from /Game/ThirdPersonBP/Maps/ThirdPersonExampleMap.ThirdPersonExampleMap to /Game/ThirdPersonBP/Maps/UEDPIE_0_ThirdPersonExampleMap.ThirdPersonExampleMap (0.016312s)
[2025.03.26-06.02.07:709][ 89]LogUObjectHash: Compacting FUObjectHashTables data took   4.27ms
[2025.03.26-06.02.07:709][ 89]LogAudio: Display: Creating Audio Device:                 Id: 21, Scope: Unique, Realtime: True
[2025.03.26-06.02.07:709][ 89]LogAudioMixer: Display: Audio Mixer Platform Settings:
[2025.03.26-06.02.07:709][ 89]LogAudioMixer: Display: 	Sample Rate:						  48000
[2025.03.26-06.02.07:709][ 89]LogAudioMixer: Display: 	Callback Buffer Frame Size Requested: 1024
[2025.03.26-06.02.07:709][ 89]LogAudioMixer: Display: 	Callback Buffer Frame Size To Use:	  1024
[2025.03.26-06.02.07:709][ 89]LogAudioMixer: Display: 	Number of buffers to queue:			  2
[2025.03.26-06.02.07:709][ 89]LogAudioMixer: Display: 	Max Channels (voices):				  32
[2025.03.26-06.02.07:709][ 89]LogAudioMixer: Display: 	Number of Async Source Workers:		  0
[2025.03.26-06.02.07:709][ 89]LogAudio: Display: AudioDevice MaxSources: 32
[2025.03.26-06.02.07:710][ 89]LogAudio: Display: Audio Spatialization Plugin: None (built-in).
[2025.03.26-06.02.07:710][ 89]LogAudio: Display: Audio Reverb Plugin: None (built-in).
[2025.03.26-06.02.07:710][ 89]LogAudio: Display: Audio Occlusion Plugin: None (built-in).
[2025.03.26-06.02.07:710][ 89]LogAudioMixer: Display: Initializing audio mixer.
[2025.03.26-06.02.07:713][ 89]LogAudioMixer: Display: 0: FrontLeft
[2025.03.26-06.02.07:713][ 89]LogAudioMixer: Display: 1: FrontRight
[2025.03.26-06.02.07:750][ 89]LogAudioMixer: Display: Using Audio Device 扬声器 (适用于 I2S 音频的英特尔® 智音技术)
[2025.03.26-06.02.07:750][ 89]LogAudioMixer: Display: Initializing Sound Submixes...
[2025.03.26-06.02.07:750][ 89]LogAudioMixer: Display: Creating Master Submix 'MasterSubmixDefault'
[2025.03.26-06.02.07:750][ 89]LogAudioMixer: Display: Creating Master Submix 'MasterReverbSubmixDefault'
[2025.03.26-06.02.07:751][ 89]LogAudioMixer: Display: Creating Master Submix 'MasterEQSubmixDefault'
[2025.03.26-06.02.07:751][ 89]LogAudioMixer: FMixerPlatformXAudio2::StartAudioStream() called
[2025.03.26-06.02.07:751][ 89]LogAudioMixer: Display: Output buffers initialized: Frames=1024, Channels=2, Samples=2048
[2025.03.26-06.02.07:752][ 89]LogAudioMixer: Display: Starting AudioMixerPlatformInterface::RunInternal()
[2025.03.26-06.02.07:752][ 89]LogAudioMixer: Display: FMixerPlatformXAudio2::SubmitBuffer() called for the first time
[2025.03.26-06.02.07:752][ 89]LogInit: FAudioDevice initialized.
[2025.03.26-06.02.07:752][ 89]LogAudio: Display: Audio Device (ID: 21) registered with world 'ThirdPersonExampleMap'.
[2025.03.26-06.02.07:766][ 89]LogLoad: Game class is 'ThirdPersonGameMode_C'
[2025.03.26-06.02.07:771][ 89]LogWorld: Bringing World /Game/ThirdPersonBP/Maps/UEDPIE_0_ThirdPersonExampleMap.ThirdPersonExampleMap up for play (max tick rate 60) at 2025.03.26-14.02.07
[2025.03.26-06.02.07:771][ 89]LogWorld: Bringing up level for play took: 0.004136
[2025.03.26-06.02.07:771][ 89]LogOnline: OSS: Creating online subsystem instance for: :Context_32
[2025.03.26-06.02.07:773][ 89]PIE: Server logged in
[2025.03.26-06.02.07:774][ 89]PIE: Play in editor total start time 0.228 seconds.
[2025.03.26-06.02.13:277][392]LogSlate: Updating window title bar state: overlay mode, drag disabled, window buttons hidden, title bar hidden
[2025.03.26-06.02.13:277][392]LogWorld: BeginTearingDown for /Game/ThirdPersonBP/Maps/UEDPIE_0_ThirdPersonExampleMap
[2025.03.26-06.02.13:277][392]LogWorld: UWorld::CleanupWorld for ThirdPersonExampleMap, bSessionEnded=true, bCleanupResources=true
[2025.03.26-06.02.13:278][392]LogSlate: InvalidateAllWidgets triggered.  All widgets were invalidated
[2025.03.26-06.02.13:292][392]LogPlayLevel: Display: Shutting down PIE online subsystems
[2025.03.26-06.02.13:303][392]LogSlate: InvalidateAllWidgets triggered.  All widgets were invalidated
[2025.03.26-06.02.13:335][392]LogSlate: Updating window title bar state: overlay mode, drag disabled, window buttons hidden, title bar hidden
[2025.03.26-06.02.13:336][392]LogAudioMixer: FMixerPlatformXAudio2::StopAudioStream() called
[2025.03.26-06.02.13:337][392]LogAudioMixer: FMixerPlatformXAudio2::StopAudioStream() called
[2025.03.26-06.02.13:345][392]LogUObjectHash: Compacting FUObjectHashTables data took   2.56ms
[2025.03.26-06.02.13:392][393]LogPlayLevel: Display: Destroying online subsystem :Context_32
[2025.03.26-06.02.23:226][770]Cmd: DELETE
[2025.03.26-06.02.23:226][770]Cmd: ACTOR DELETE
[2025.03.26-06.02.23:231][770]LogEditorActor: Deleted Actor: BP_TextRender_C
[2025.03.26-06.02.23:281][770]LogUObjectHash: Compacting FUObjectHashTables data took   2.48ms
[2025.03.26-06.02.23:284][770]LogEditorActor: Deleted 1 Actors (0.057 secs)
[2025.03.26-06.02.25:367][861]LogTemp: Repeating last play command: Selected Viewport
[2025.03.26-06.02.25:375][861]LogPlayLevel: PlayLevel: No blueprints needed recompiling
[2025.03.26-06.02.25:376][861]PIE: New page: PIE session: ThirdPersonExampleMap (2025年3月26日 下午10:02:25)
[2025.03.26-06.02.25:376][861]LogPlayLevel: Creating play world package: /Game/ThirdPersonBP/Maps/UEDPIE_0_ThirdPersonExampleMap
[2025.03.26-06.02.25:398][861]LogPlayLevel: PIE: StaticDuplicateObject took: (0.021558s)
[2025.03.26-06.02.25:399][861]LogAIModule: Creating AISystem for world ThirdPersonExampleMap
[2025.03.26-06.02.25:399][861]LogPlayLevel: PIE: World Init took: (0.001313s)
[2025.03.26-06.02.25:399][861]LogPlayLevel: PIE: Created PIE world by copying editor world from /Game/ThirdPersonBP/Maps/ThirdPersonExampleMap.ThirdPersonExampleMap to /Game/ThirdPersonBP/Maps/UEDPIE_0_ThirdPersonExampleMap.ThirdPersonExampleMap (0.023158s)
[2025.03.26-06.02.25:435][861]LogUObjectHash: Compacting FUObjectHashTables data took   2.13ms
[2025.03.26-06.02.25:435][861]LogAudio: Display: Creating Audio Device:                 Id: 22, Scope: Unique, Realtime: True
[2025.03.26-06.02.25:435][861]LogAudioMixer: Display: Audio Mixer Platform Settings:
[2025.03.26-06.02.25:435][861]LogAudioMixer: Display: 	Sample Rate:						  48000
[2025.03.26-06.02.25:436][861]LogAudioMixer: Display: 	Callback Buffer Frame Size Requested: 1024
[2025.03.26-06.02.25:436][861]LogAudioMixer: Display: 	Callback Buffer Frame Size To Use:	  1024
[2025.03.26-06.02.25:436][861]LogAudioMixer: Display: 	Number of buffers to queue:			  2
[2025.03.26-06.02.25:436][861]LogAudioMixer: Display: 	Max Channels (voices):				  32
[2025.03.26-06.02.25:436][861]LogAudioMixer: Display: 	Number of Async Source Workers:		  0
[2025.03.26-06.02.25:436][861]LogAudio: Display: AudioDevice MaxSources: 32
[2025.03.26-06.02.25:436][861]LogAudio: Display: Audio Spatialization Plugin: None (built-in).
[2025.03.26-06.02.25:436][861]LogAudio: Display: Audio Reverb Plugin: None (built-in).
[2025.03.26-06.02.25:436][861]LogAudio: Display: Audio Occlusion Plugin: None (built-in).
[2025.03.26-06.02.25:436][861]LogAudioMixer: Display: Initializing audio mixer.
[2025.03.26-06.02.25:439][861]LogAudioMixer: Display: 0: FrontLeft
[2025.03.26-06.02.25:439][861]LogAudioMixer: Display: 1: FrontRight
[2025.03.26-06.02.25:472][861]LogAudioMixer: Display: Using Audio Device 扬声器 (适用于 I2S 音频的英特尔® 智音技术)
[2025.03.26-06.02.25:472][861]LogAudioMixer: Display: Initializing Sound Submixes...
[2025.03.26-06.02.25:472][861]LogAudioMixer: Display: Creating Master Submix 'MasterSubmixDefault'
[2025.03.26-06.02.25:472][861]LogAudioMixer: Display: Creating Master Submix 'MasterReverbSubmixDefault'
[2025.03.26-06.02.25:472][861]LogAudioMixer: Display: Creating Master Submix 'MasterEQSubmixDefault'
[2025.03.26-06.02.25:472][861]LogAudioMixer: FMixerPlatformXAudio2::StartAudioStream() called
[2025.03.26-06.02.25:472][861]LogAudioMixer: Display: Output buffers initialized: Frames=1024, Channels=2, Samples=2048
[2025.03.26-06.02.25:473][861]LogAudioMixer: Display: Starting AudioMixerPlatformInterface::RunInternal()
[2025.03.26-06.02.25:473][861]LogAudioMixer: Display: FMixerPlatformXAudio2::SubmitBuffer() called for the first time
[2025.03.26-06.02.25:473][861]LogInit: FAudioDevice initialized.
[2025.03.26-06.02.25:473][861]LogAudio: Display: Audio Device (ID: 22) registered with world 'ThirdPersonExampleMap'.
[2025.03.26-06.02.25:482][861]LogLoad: Game class is 'ThirdPersonGameMode_C'
[2025.03.26-06.02.25:486][861]LogWorld: Bringing World /Game/ThirdPersonBP/Maps/UEDPIE_0_ThirdPersonExampleMap.ThirdPersonExampleMap up for play (max tick rate 60) at 2025.03.26-14.02.25
[2025.03.26-06.02.25:486][861]LogWorld: Bringing up level for play took: 0.002695
[2025.03.26-06.02.25:487][861]LogOnline: OSS: Creating online subsystem instance for: :Context_33
[2025.03.26-06.02.25:489][861]PIE: Server logged in
[2025.03.26-06.02.25:490][861]PIE: Play in editor total start time 0.116 seconds.
[2025.03.26-06.02.34:877][406]LogSlate: Updating window title bar state: overlay mode, drag disabled, window buttons hidden, title bar hidden
[2025.03.26-06.02.34:877][406]LogWorld: BeginTearingDown for /Game/ThirdPersonBP/Maps/UEDPIE_0_ThirdPersonExampleMap
[2025.03.26-06.02.34:877][406]LogWorld: UWorld::CleanupWorld for ThirdPersonExampleMap, bSessionEnded=true, bCleanupResources=true
[2025.03.26-06.02.34:878][406]LogSlate: InvalidateAllWidgets triggered.  All widgets were invalidated
[2025.03.26-06.02.34:894][406]LogPlayLevel: Display: Shutting down PIE online subsystems
[2025.03.26-06.02.34:900][406]LogSlate: InvalidateAllWidgets triggered.  All widgets were invalidated
[2025.03.26-06.02.34:935][406]LogSlate: Updating window title bar state: overlay mode, drag disabled, window buttons hidden, title bar hidden
[2025.03.26-06.02.34:935][406]LogAudioMixer: FMixerPlatformXAudio2::StopAudioStream() called
[2025.03.26-06.02.34:936][406]LogAudioMixer: FMixerPlatformXAudio2::StopAudioStream() called
[2025.03.26-06.02.34:944][406]LogUObjectHash: Compacting FUObjectHashTables data took   1.95ms
[2025.03.26-06.02.34:969][407]LogPlayLevel: Display: Destroying online subsystem :Context_33
[2025.03.26-06.02.44:775][836]BlueprintLog: New page: Compile BP_Table
[2025.03.26-06.02.44:839][836]LogUObjectHash: Compacting FUObjectHashTables data took   2.19ms
[2025.03.26-06.02.49:788][ 43]LogUObjectHash: Compacting FUObjectHashTables data took   6.55ms
[2025.03.26-06.02.50:739][ 43]LogSlate: Window 'Save Content' being destroyed
[2025.03.26-06.02.50:791][ 43]Cmd: OBJ SAVEPACKAGE PACKAGE="/Game/BP/Second/BP_Table" FILE="../../../../../../project/UE/room_escape/Content/BP/Second/BP_Table.uasset" SILENT=true
[2025.03.26-06.02.50:809][ 43]LogSavePackage: Moving '../../../../../../project/UE/room_escape/Saved/BP_Table08AAEC6849520E51640DD2AEF65EE160.tmp' to '../../../../../../project/UE/room_escape/Content/BP/Second/BP_Table.uasset'
[2025.03.26-06.02.50:810][ 43]Cmd: OBJ SAVEPACKAGE PACKAGE="/Game/BP/Second/BP_TextRender" FILE="../../../../../../project/UE/room_escape/Content/BP/Second/BP_TextRender.uasset" SILENT=true
[2025.03.26-06.02.50:819][ 43]LogSavePackage: Moving '../../../../../../project/UE/room_escape/Saved/BP_TextRenderD7E85B884BFA9EB5B5B76F94ADC3C683.tmp' to '../../../../../../project/UE/room_escape/Content/BP/Second/BP_TextRender.uasset'
[2025.03.26-06.02.50:852][ 43]LogUObjectHash: Compacting FUObjectHashTables data took   0.47ms
[2025.03.26-06.02.50:888][ 43]LogSavePackage: Moving '../../../../../../project/UE/room_escape/Saved/ThirdPersonExampleMapA93E1BD6411A3EDD22E57AAAFFEDB188.tmp' to '../../../../../../project/UE/room_escape/Content/ThirdPersonBP/Maps/ThirdPersonExampleMap.umap'
[2025.03.26-06.02.50:903][ 43]LogFileHelpers: Saving map 'ThirdPersonExampleMap' took 0.084
[2025.03.26-06.02.50:919][ 43]AssetCheck: New page: Asset Save: multiple assets
[2025.03.26-06.02.50:920][ 43]LogContentValidation: Display: Validating Blueprint /Game/BP/Second/BP_Table.BP_Table
[2025.03.26-06.02.50:920][ 43]LogContentValidation: Display: Validating World /Game/ThirdPersonBP/Maps/ThirdPersonExampleMap.ThirdPersonExampleMap
[2025.03.26-06.02.50:920][ 43]LogContentValidation: Display: Validating Blueprint /Game/BP/Second/BP_TextRender.BP_TextRender
[2025.03.26-06.03.06:994][876]LogTemp: Repeating last play command: Selected Viewport
[2025.03.26-06.03.07:001][876]LogPlayLevel: PlayLevel: No blueprints needed recompiling
[2025.03.26-06.03.07:001][876]PIE: New page: PIE session: ThirdPersonExampleMap (2025年3月26日 下午10:03:07)
[2025.03.26-06.03.07:002][876]LogPlayLevel: Creating play world package: /Game/ThirdPersonBP/Maps/UEDPIE_0_ThirdPersonExampleMap
[2025.03.26-06.03.07:023][876]LogPlayLevel: PIE: StaticDuplicateObject took: (0.020866s)
[2025.03.26-06.03.07:024][876]LogAIModule: Creating AISystem for world ThirdPersonExampleMap
[2025.03.26-06.03.07:024][876]LogPlayLevel: PIE: World Init took: (0.000949s)
[2025.03.26-06.03.07:024][876]LogPlayLevel: PIE: Created PIE world by copying editor world from /Game/ThirdPersonBP/Maps/ThirdPersonExampleMap.ThirdPersonExampleMap to /Game/ThirdPersonBP/Maps/UEDPIE_0_ThirdPersonExampleMap.ThirdPersonExampleMap (0.022020s)
[2025.03.26-06.03.07:059][876]LogUObjectHash: Compacting FUObjectHashTables data took   2.50ms
[2025.03.26-06.03.07:061][876]LogAudio: Display: Creating Audio Device:                 Id: 23, Scope: Unique, Realtime: True
[2025.03.26-06.03.07:061][876]LogAudioMixer: Display: Audio Mixer Platform Settings:
[2025.03.26-06.03.07:061][876]LogAudioMixer: Display: 	Sample Rate:						  48000
[2025.03.26-06.03.07:061][876]LogAudioMixer: Display: 	Callback Buffer Frame Size Requested: 1024
[2025.03.26-06.03.07:061][876]LogAudioMixer: Display: 	Callback Buffer Frame Size To Use:	  1024
[2025.03.26-06.03.07:061][876]LogAudioMixer: Display: 	Number of buffers to queue:			  2
[2025.03.26-06.03.07:061][876]LogAudioMixer: Display: 	Max Channels (voices):				  32
[2025.03.26-06.03.07:061][876]LogAudioMixer: Display: 	Number of Async Source Workers:		  0
[2025.03.26-06.03.07:061][876]LogAudio: Display: AudioDevice MaxSources: 32
[2025.03.26-06.03.07:062][876]LogAudio: Display: Audio Spatialization Plugin: None (built-in).
[2025.03.26-06.03.07:062][876]LogAudio: Display: Audio Reverb Plugin: None (built-in).
[2025.03.26-06.03.07:062][876]LogAudio: Display: Audio Occlusion Plugin: None (built-in).
[2025.03.26-06.03.07:062][876]LogAudioMixer: Display: Initializing audio mixer.
[2025.03.26-06.03.07:065][876]LogAudioMixer: Display: 0: FrontLeft
[2025.03.26-06.03.07:065][876]LogAudioMixer: Display: 1: FrontRight
[2025.03.26-06.03.07:100][876]LogAudioMixer: Display: Using Audio Device 扬声器 (适用于 I2S 音频的英特尔® 智音技术)
[2025.03.26-06.03.07:100][876]LogAudioMixer: Display: Initializing Sound Submixes...
[2025.03.26-06.03.07:100][876]LogAudioMixer: Display: Creating Master Submix 'MasterSubmixDefault'
[2025.03.26-06.03.07:100][876]LogAudioMixer: Display: Creating Master Submix 'MasterReverbSubmixDefault'
[2025.03.26-06.03.07:101][876]LogAudioMixer: Display: Creating Master Submix 'MasterEQSubmixDefault'
[2025.03.26-06.03.07:101][876]LogAudioMixer: FMixerPlatformXAudio2::StartAudioStream() called
[2025.03.26-06.03.07:101][876]LogAudioMixer: Display: Output buffers initialized: Frames=1024, Channels=2, Samples=2048
[2025.03.26-06.03.07:102][876]LogAudioMixer: Display: Starting AudioMixerPlatformInterface::RunInternal()
[2025.03.26-06.03.07:102][876]LogAudioMixer: Display: FMixerPlatformXAudio2::SubmitBuffer() called for the first time
[2025.03.26-06.03.07:102][876]LogInit: FAudioDevice initialized.
[2025.03.26-06.03.07:102][876]LogAudio: Display: Audio Device (ID: 23) registered with world 'ThirdPersonExampleMap'.
[2025.03.26-06.03.07:151][876]LogSlate: Updating window title bar state: overlay mode, drag disabled, window buttons hidden, title bar hidden
[2025.03.26-06.03.07:152][876]LogLoad: Game class is 'ThirdPersonGameMode_C'
[2025.03.26-06.03.07:156][876]LogWorld: Bringing World /Game/ThirdPersonBP/Maps/UEDPIE_0_ThirdPersonExampleMap.ThirdPersonExampleMap up for play (max tick rate 60) at 2025.03.26-14.03.07
[2025.03.26-06.03.07:156][876]LogWorld: Bringing up level for play took: 0.004225
[2025.03.26-06.03.07:156][876]LogOnline: OSS: Creating online subsystem instance for: :Context_35
[2025.03.26-06.03.07:158][876]LogGameMode: FindPlayerStart: PATHS NOT DEFINED or NO PLAYERSTART with positive rating
[2025.03.26-06.03.07:160][876]PIE: Server logged in
[2025.03.26-06.03.07:162][876]PIE: Play in editor total start time 0.162 seconds.
[2025.03.26-06.03.09:337][938]LogSlate: Window 'room_escape Preview [NetMode: Standalone]  (64-bit/Windows) ' being destroyed
[2025.03.26-06.03.09:378][938]LogWorld: BeginTearingDown for /Game/ThirdPersonBP/Maps/UEDPIE_0_ThirdPersonExampleMap
[2025.03.26-06.03.09:378][938]LogWorld: UWorld::CleanupWorld for ThirdPersonExampleMap, bSessionEnded=true, bCleanupResources=true
[2025.03.26-06.03.09:379][938]LogSlate: InvalidateAllWidgets triggered.  All widgets were invalidated
[2025.03.26-06.03.09:398][938]LogPlayLevel: Display: Shutting down PIE online subsystems
[2025.03.26-06.03.09:404][938]LogSlate: InvalidateAllWidgets triggered.  All widgets were invalidated
[2025.03.26-06.03.09:437][938]LogAudioMixer: FMixerPlatformXAudio2::StopAudioStream() called
[2025.03.26-06.03.09:438][938]LogAudioMixer: FMixerPlatformXAudio2::StopAudioStream() called
[2025.03.26-06.03.09:447][938]LogUObjectHash: Compacting FUObjectHashTables data took   4.45ms
[2025.03.26-06.03.09:468][939]LogPlayLevel: Display: Destroying online subsystem :Context_35
[2025.03.26-06.03.11:567][ 22]LogTemp: Repeating last play command: Selected Viewport
[2025.03.26-06.03.11:574][ 22]LogPlayLevel: PlayLevel: No blueprints needed recompiling
[2025.03.26-06.03.11:574][ 22]PIE: New page: PIE session: ThirdPersonExampleMap (2025年3月26日 下午10:03:11)
[2025.03.26-06.03.11:574][ 22]LogPlayLevel: Creating play world package: /Game/ThirdPersonBP/Maps/UEDPIE_0_ThirdPersonExampleMap
[2025.03.26-06.03.11:610][ 22]LogPlayLevel: PIE: StaticDuplicateObject took: (0.035363s)
[2025.03.26-06.03.11:611][ 22]LogAIModule: Creating AISystem for world ThirdPersonExampleMap
[2025.03.26-06.03.11:612][ 22]LogPlayLevel: PIE: World Init took: (0.001803s)
[2025.03.26-06.03.11:612][ 22]LogPlayLevel: PIE: Created PIE world by copying editor world from /Game/ThirdPersonBP/Maps/ThirdPersonExampleMap.ThirdPersonExampleMap to /Game/ThirdPersonBP/Maps/UEDPIE_0_ThirdPersonExampleMap.ThirdPersonExampleMap (0.037459s)
[2025.03.26-06.03.11:648][ 22]LogUObjectHash: Compacting FUObjectHashTables data took   2.16ms
[2025.03.26-06.03.11:648][ 22]LogAudio: Display: Creating Audio Device:                 Id: 24, Scope: Unique, Realtime: True
[2025.03.26-06.03.11:648][ 22]LogAudioMixer: Display: Audio Mixer Platform Settings:
[2025.03.26-06.03.11:648][ 22]LogAudioMixer: Display: 	Sample Rate:						  48000
[2025.03.26-06.03.11:648][ 22]LogAudioMixer: Display: 	Callback Buffer Frame Size Requested: 1024
[2025.03.26-06.03.11:648][ 22]LogAudioMixer: Display: 	Callback Buffer Frame Size To Use:	  1024
[2025.03.26-06.03.11:648][ 22]LogAudioMixer: Display: 	Number of buffers to queue:			  2
[2025.03.26-06.03.11:648][ 22]LogAudioMixer: Display: 	Max Channels (voices):				  32
[2025.03.26-06.03.11:648][ 22]LogAudioMixer: Display: 	Number of Async Source Workers:		  0
[2025.03.26-06.03.11:648][ 22]LogAudio: Display: AudioDevice MaxSources: 32
[2025.03.26-06.03.11:649][ 22]LogAudio: Display: Audio Spatialization Plugin: None (built-in).
[2025.03.26-06.03.11:649][ 22]LogAudio: Display: Audio Reverb Plugin: None (built-in).
[2025.03.26-06.03.11:649][ 22]LogAudio: Display: Audio Occlusion Plugin: None (built-in).
[2025.03.26-06.03.11:649][ 22]LogAudioMixer: Display: Initializing audio mixer.
[2025.03.26-06.03.11:651][ 22]LogAudioMixer: Display: 0: FrontLeft
[2025.03.26-06.03.11:651][ 22]LogAudioMixer: Display: 1: FrontRight
[2025.03.26-06.03.11:689][ 22]LogAudioMixer: Display: Using Audio Device 扬声器 (适用于 I2S 音频的英特尔® 智音技术)
[2025.03.26-06.03.11:689][ 22]LogAudioMixer: Display: Initializing Sound Submixes...
[2025.03.26-06.03.11:689][ 22]LogAudioMixer: Display: Creating Master Submix 'MasterSubmixDefault'
[2025.03.26-06.03.11:689][ 22]LogAudioMixer: Display: Creating Master Submix 'MasterReverbSubmixDefault'
[2025.03.26-06.03.11:690][ 22]LogAudioMixer: Display: Creating Master Submix 'MasterEQSubmixDefault'
[2025.03.26-06.03.11:690][ 22]LogAudioMixer: FMixerPlatformXAudio2::StartAudioStream() called
[2025.03.26-06.03.11:690][ 22]LogAudioMixer: Display: Output buffers initialized: Frames=1024, Channels=2, Samples=2048
[2025.03.26-06.03.11:690][ 22]LogAudioMixer: Display: Starting AudioMixerPlatformInterface::RunInternal()
[2025.03.26-06.03.11:690][ 22]LogAudioMixer: Display: FMixerPlatformXAudio2::SubmitBuffer() called for the first time
[2025.03.26-06.03.11:690][ 22]LogInit: FAudioDevice initialized.
[2025.03.26-06.03.11:690][ 22]LogAudio: Display: Audio Device (ID: 24) registered with world 'ThirdPersonExampleMap'.
[2025.03.26-06.03.11:701][ 22]LogLoad: Game class is 'ThirdPersonGameMode_C'
[2025.03.26-06.03.11:706][ 22]LogWorld: Bringing World /Game/ThirdPersonBP/Maps/UEDPIE_0_ThirdPersonExampleMap.ThirdPersonExampleMap up for play (max tick rate 60) at 2025.03.26-14.03.11
[2025.03.26-06.03.11:706][ 22]LogWorld: Bringing up level for play took: 0.003944
[2025.03.26-06.03.11:706][ 22]LogOnline: OSS: Creating online subsystem instance for: :Context_36
[2025.03.26-06.03.11:709][ 22]PIE: Server logged in
[2025.03.26-06.03.11:710][ 22]PIE: Play in editor total start time 0.137 seconds.
[2025.03.26-06.03.19:892][504]LogBlueprintUserMessages: [BP_Button_2] 还没吃饭！
[2025.03.26-06.03.48:898][211]Cmd: ce  ForwardMove 100
[2025.03.26-06.03.49:015][218]Cmd: ce  ForwardMove 100
[2025.03.26-06.03.52:080][400]Cmd: ce  ForwardMove 100
[2025.03.26-06.03.52:201][407]Cmd: ce  ForwardMove 100
[2025.03.26-06.03.54:360][534]Cmd: ce  ForwardMove 100
[2025.03.26-06.03.54:477][541]Cmd: ce  ForwardMove 100
[2025.03.26-06.03.57:175][700]LogSlate: Updating window title bar state: overlay mode, drag disabled, window buttons hidden, title bar hidden
[2025.03.26-06.03.57:175][700]LogWorld: BeginTearingDown for /Game/ThirdPersonBP/Maps/UEDPIE_0_ThirdPersonExampleMap
[2025.03.26-06.03.57:176][700]LogWorld: UWorld::CleanupWorld for ThirdPersonExampleMap, bSessionEnded=true, bCleanupResources=true
[2025.03.26-06.03.57:176][700]LogSlate: InvalidateAllWidgets triggered.  All widgets were invalidated
[2025.03.26-06.03.57:189][700]LogPlayLevel: Display: Shutting down PIE online subsystems
[2025.03.26-06.03.57:194][700]LogSlate: InvalidateAllWidgets triggered.  All widgets were invalidated
[2025.03.26-06.03.57:223][700]LogSlate: Updating window title bar state: overlay mode, drag disabled, window buttons hidden, title bar hidden
[2025.03.26-06.03.57:224][700]LogAudioMixer: FMixerPlatformXAudio2::StopAudioStream() called
[2025.03.26-06.03.57:225][700]LogAudioMixer: FMixerPlatformXAudio2::StopAudioStream() called
[2025.03.26-06.03.57:232][700]LogUObjectHash: Compacting FUObjectHashTables data took   1.93ms
[2025.03.26-06.03.57:258][701]LogPlayLevel: Display: Destroying online subsystem :Context_36
[2025.03.26-06.04.12:334][ 84]LogUObjectHash: Compacting FUObjectHashTables data took   7.73ms
[2025.03.26-06.04.13:278][ 98]LogUObjectHash: Compacting FUObjectHashTables data took   1.10ms
[2025.03.26-06.04.13:630][103]LogUObjectHash: Compacting FUObjectHashTables data took   2.06ms
[2025.03.26-06.04.13:808][105]LogUObjectHash: Compacting FUObjectHashTables data took   2.54ms
[2025.03.26-06.04.13:921][106]LogUObjectHash: Compacting FUObjectHashTables data took   1.16ms
[2025.03.26-06.04.17:603][193]LogSlate: Window 'Message Log' being destroyed
[2025.03.26-06.04.17:661][193]LogSlate: Window 'Message Log' being destroyed
[2025.03.26-06.04.18:955][219]LogUObjectHash: Compacting FUObjectHashTables data took   1.12ms
[2025.03.26-06.04.22:054][287]LogEditorViewport: Clicking on Actor (LMB): ThirdPersonCharacter_C (ThirdPersonCharacter)
[2025.03.26-06.04.26:514][379]LogEditorViewport: Clicking on Actor (LMB): StaticMeshActor (Wall20)
[2025.03.26-06.04.28:933][432]LogUObjectHash: Compacting FUObjectHashTables data took   5.83ms
[2025.03.26-06.04.30:512][432]LogSlate: Window 'Save Content' being destroyed
[2025.03.26-06.04.30:588][432]LogUObjectHash: Compacting FUObjectHashTables data took   0.59ms
[2025.03.26-06.04.30:636][432]LogSavePackage: Moving '../../../../../../project/UE/room_escape/Saved/ThirdPersonExampleMap1707644E4BB7802BFA70C18BFF50D27A.tmp' to '../../../../../../project/UE/room_escape/Content/ThirdPersonBP/Maps/ThirdPersonExampleMap.umap'
[2025.03.26-06.04.30:657][432]LogFileHelpers: Saving map 'ThirdPersonExampleMap' took 0.105
[2025.03.26-06.04.30:674][432]AssetCheck: New page: Asset Save: ThirdPersonExampleMap
[2025.03.26-06.04.30:674][432]LogContentValidation: Display: Validating World /Game/ThirdPersonBP/Maps/ThirdPersonExampleMap.ThirdPersonExampleMap
[2025.03.26-06.07.18:985][397]LogEditorViewport: Clicking on Actor (LMB): StaticMeshActor (Wall13)
[2025.03.26-06.07.28:642][669]LogSlate: Only BGRA pngs, bmps or icos are supported in by External Image Picker
[2025.03.26-06.07.33:804][803]LogSlate: Prevented a slow task dialog from being summoned while a context menu was open
[2025.03.26-06.07.33:824][803]LogEditorClassViewer: Warning: Class /Engine/Tutorial/InWorldBlueprintEditing/TutorialAssets/IWBE_Blutility.IWBE_Blutility_C has parent /Script/Blutility.PlacedEditorUtilityBase, but this parent is not found. The Class will not be shown in ClassViewer.
[2025.03.26-06.09.31:323][311]LogSlate: Window 'Project Settings' being destroyed
[2025.03.26-06.09.31:373][311]LogSlate: Window 'Project Settings' being destroyed
[2025.03.26-06.09.53:767][862]LogAssetEditorSubsystem: Opening Asset editor for Blueprint /Game/ThirdPersonBP/Blueprints/ThirdPersonCharacter.ThirdPersonCharacter
[2025.03.26-06.09.56:800][  9]LogWorld: UWorld::CleanupWorld for World_14, bSessionEnded=true, bCleanupResources=true
[2025.03.26-06.09.56:801][  9]LogSlate: InvalidateAllWidgets triggered.  All widgets were invalidated
[2025.03.26-06.10.32:130][924]LogTemp: Repeating last play command: Selected Viewport
[2025.03.26-06.10.32:139][924]LogPlayLevel: PlayLevel: No blueprints needed recompiling
[2025.03.26-06.10.32:139][924]PIE: New page: PIE session: ThirdPersonExampleMap (2025年3月26日 下午10:10:32)
[2025.03.26-06.10.32:139][924]LogPlayLevel: Creating play world package: /Game/ThirdPersonBP/Maps/UEDPIE_0_ThirdPersonExampleMap
[2025.03.26-06.10.32:170][924]LogPlayLevel: PIE: StaticDuplicateObject took: (0.030076s)
[2025.03.26-06.10.32:171][924]LogAIModule: Creating AISystem for world ThirdPersonExampleMap
[2025.03.26-06.10.32:172][924]LogPlayLevel: PIE: World Init took: (0.002459s)
[2025.03.26-06.10.32:172][924]LogPlayLevel: PIE: Created PIE world by copying editor world from /Game/ThirdPersonBP/Maps/ThirdPersonExampleMap.ThirdPersonExampleMap to /Game/ThirdPersonBP/Maps/UEDPIE_0_ThirdPersonExampleMap.ThirdPersonExampleMap (0.032928s)
[2025.03.26-06.10.32:274][924]LogUObjectHash: Compacting FUObjectHashTables data took   4.31ms
[2025.03.26-06.10.32:278][924]LogAudio: Display: Creating Audio Device:                 Id: 25, Scope: Unique, Realtime: True
[2025.03.26-06.10.32:278][924]LogAudioMixer: Display: Audio Mixer Platform Settings:
[2025.03.26-06.10.32:278][924]LogAudioMixer: Display: 	Sample Rate:						  48000
[2025.03.26-06.10.32:278][924]LogAudioMixer: Display: 	Callback Buffer Frame Size Requested: 1024
[2025.03.26-06.10.32:278][924]LogAudioMixer: Display: 	Callback Buffer Frame Size To Use:	  1024
[2025.03.26-06.10.32:278][924]LogAudioMixer: Display: 	Number of buffers to queue:			  2
[2025.03.26-06.10.32:278][924]LogAudioMixer: Display: 	Max Channels (voices):				  32
[2025.03.26-06.10.32:278][924]LogAudioMixer: Display: 	Number of Async Source Workers:		  0
[2025.03.26-06.10.32:278][924]LogAudio: Display: AudioDevice MaxSources: 32
[2025.03.26-06.10.32:279][924]LogAudio: Display: Audio Spatialization Plugin: None (built-in).
[2025.03.26-06.10.32:279][924]LogAudio: Display: Audio Reverb Plugin: None (built-in).
[2025.03.26-06.10.32:279][924]LogAudio: Display: Audio Occlusion Plugin: None (built-in).
[2025.03.26-06.10.32:279][924]LogAudioMixer: Display: Initializing audio mixer.
[2025.03.26-06.10.32:283][924]LogAudioMixer: Display: 0: FrontLeft
[2025.03.26-06.10.32:283][924]LogAudioMixer: Display: 1: FrontRight
[2025.03.26-06.10.32:322][924]LogAudioMixer: Display: Using Audio Device 扬声器 (适用于 I2S 音频的英特尔® 智音技术)
[2025.03.26-06.10.32:322][924]LogAudioMixer: Display: Initializing Sound Submixes...
[2025.03.26-06.10.32:322][924]LogAudioMixer: Display: Creating Master Submix 'MasterSubmixDefault'
[2025.03.26-06.10.32:322][924]LogAudioMixer: Display: Creating Master Submix 'MasterReverbSubmixDefault'
[2025.03.26-06.10.32:322][924]LogAudioMixer: Display: Creating Master Submix 'MasterEQSubmixDefault'
[2025.03.26-06.10.32:322][924]LogAudioMixer: FMixerPlatformXAudio2::StartAudioStream() called
[2025.03.26-06.10.32:322][924]LogAudioMixer: Display: Output buffers initialized: Frames=1024, Channels=2, Samples=2048
[2025.03.26-06.10.32:323][924]LogAudioMixer: Display: Starting AudioMixerPlatformInterface::RunInternal()
[2025.03.26-06.10.32:323][924]LogAudioMixer: Display: FMixerPlatformXAudio2::SubmitBuffer() called for the first time
[2025.03.26-06.10.32:323][924]LogInit: FAudioDevice initialized.
[2025.03.26-06.10.32:324][924]LogAudio: Display: Audio Device (ID: 25) registered with world 'ThirdPersonExampleMap'.
[2025.03.26-06.10.32:334][924]LogLoad: Game class is 'ThirdPersonGameMode_C'
[2025.03.26-06.10.32:339][924]LogWorld: Bringing World /Game/ThirdPersonBP/Maps/UEDPIE_0_ThirdPersonExampleMap.ThirdPersonExampleMap up for play (max tick rate 60) at 2025.03.26-14.10.32
[2025.03.26-06.10.32:340][924]LogWorld: Bringing up level for play took: 0.003825
[2025.03.26-06.10.32:340][924]LogOnline: OSS: Creating online subsystem instance for: :Context_39
[2025.03.26-06.10.32:343][924]PIE: Server logged in
[2025.03.26-06.10.32:344][924]PIE: Play in editor total start time 0.207 seconds.
[2025.03.26-06.10.36:214][151]LogSlate: Updating window title bar state: overlay mode, drag disabled, window buttons hidden, title bar hidden
[2025.03.26-06.10.36:214][151]LogWorld: BeginTearingDown for /Game/ThirdPersonBP/Maps/UEDPIE_0_ThirdPersonExampleMap
[2025.03.26-06.10.36:214][151]LogWorld: UWorld::CleanupWorld for ThirdPersonExampleMap, bSessionEnded=true, bCleanupResources=true
[2025.03.26-06.10.36:215][151]LogSlate: InvalidateAllWidgets triggered.  All widgets were invalidated
[2025.03.26-06.10.36:230][151]LogPlayLevel: Display: Shutting down PIE online subsystems
[2025.03.26-06.10.36:263][151]LogSlate: InvalidateAllWidgets triggered.  All widgets were invalidated
[2025.03.26-06.10.36:297][151]LogSlate: Updating window title bar state: overlay mode, drag disabled, window buttons hidden, title bar hidden
[2025.03.26-06.10.36:301][151]LogAudioMixer: FMixerPlatformXAudio2::StopAudioStream() called
[2025.03.26-06.10.36:302][151]LogAudioMixer: FMixerPlatformXAudio2::StopAudioStream() called
[2025.03.26-06.10.36:326][151]LogUObjectHash: Compacting FUObjectHashTables data took   2.90ms
[2025.03.26-06.10.36:363][152]LogPlayLevel: Display: Destroying online subsystem :Context_39
[2025.03.26-06.10.43:239][298]LogAssetEditorSubsystem: Opening Asset editor for LevelScriptBlueprint /Game/ThirdPersonBP/Maps/ThirdPersonExampleMap.ThirdPersonExampleMap:PersistentLevel.ThirdPersonExampleMap
[2025.03.26-06.12.14:487][ 54]BlueprintLog: New page: Compile ThirdPersonExampleMap
[2025.03.26-06.12.14:594][ 54]LogUObjectHash: Compacting FUObjectHashTables data took   6.75ms
[2025.03.26-06.14.01:716][ 95]BlueprintLog: New page: Compile ThirdPersonExampleMap
[2025.03.26-06.14.01:815][ 95]LogUObjectHash: Compacting FUObjectHashTables data took   2.98ms
[2025.03.26-06.14.06:478][186]LogTemp: Repeating last play command: Selected Viewport
[2025.03.26-06.14.06:485][186]LogPlayLevel: PlayLevel: No blueprints needed recompiling
[2025.03.26-06.14.06:486][186]PIE: New page: PIE session: ThirdPersonExampleMap (2025年3月26日 下午10:14:06)
[2025.03.26-06.14.06:486][186]LogPlayLevel: Creating play world package: /Game/ThirdPersonBP/Maps/UEDPIE_0_ThirdPersonExampleMap
[2025.03.26-06.14.06:519][186]LogPlayLevel: PIE: StaticDuplicateObject took: (0.032289s)
[2025.03.26-06.14.06:520][186]LogAIModule: Creating AISystem for world ThirdPersonExampleMap
[2025.03.26-06.14.06:521][186]LogPlayLevel: PIE: World Init took: (0.002928s)
[2025.03.26-06.14.06:521][186]LogPlayLevel: PIE: Created PIE world by copying editor world from /Game/ThirdPersonBP/Maps/ThirdPersonExampleMap.ThirdPersonExampleMap to /Game/ThirdPersonBP/Maps/UEDPIE_0_ThirdPersonExampleMap.ThirdPersonExampleMap (0.035577s)
[2025.03.26-06.14.06:570][186]LogUObjectHash: Compacting FUObjectHashTables data took   2.54ms
[2025.03.26-06.14.06:571][186]LogAudio: Display: Creating Audio Device:                 Id: 26, Scope: Unique, Realtime: True
[2025.03.26-06.14.06:571][186]LogAudioMixer: Display: Audio Mixer Platform Settings:
[2025.03.26-06.14.06:571][186]LogAudioMixer: Display: 	Sample Rate:						  48000
[2025.03.26-06.14.06:571][186]LogAudioMixer: Display: 	Callback Buffer Frame Size Requested: 1024
[2025.03.26-06.14.06:571][186]LogAudioMixer: Display: 	Callback Buffer Frame Size To Use:	  1024
[2025.03.26-06.14.06:571][186]LogAudioMixer: Display: 	Number of buffers to queue:			  2
[2025.03.26-06.14.06:571][186]LogAudioMixer: Display: 	Max Channels (voices):				  32
[2025.03.26-06.14.06:571][186]LogAudioMixer: Display: 	Number of Async Source Workers:		  0
[2025.03.26-06.14.06:571][186]LogAudio: Display: AudioDevice MaxSources: 32
[2025.03.26-06.14.06:572][186]LogAudio: Display: Audio Spatialization Plugin: None (built-in).
[2025.03.26-06.14.06:572][186]LogAudio: Display: Audio Reverb Plugin: None (built-in).
[2025.03.26-06.14.06:572][186]LogAudio: Display: Audio Occlusion Plugin: None (built-in).
[2025.03.26-06.14.06:572][186]LogAudioMixer: Display: Initializing audio mixer.
[2025.03.26-06.14.06:577][186]LogAudioMixer: Display: 0: FrontLeft
[2025.03.26-06.14.06:577][186]LogAudioMixer: Display: 1: FrontRight
[2025.03.26-06.14.06:617][186]LogAudioMixer: Display: Using Audio Device 扬声器 (适用于 I2S 音频的英特尔® 智音技术)
[2025.03.26-06.14.06:617][186]LogAudioMixer: Display: Initializing Sound Submixes...
[2025.03.26-06.14.06:617][186]LogAudioMixer: Display: Creating Master Submix 'MasterSubmixDefault'
[2025.03.26-06.14.06:617][186]LogAudioMixer: Display: Creating Master Submix 'MasterReverbSubmixDefault'
[2025.03.26-06.14.06:617][186]LogAudioMixer: Display: Creating Master Submix 'MasterEQSubmixDefault'
[2025.03.26-06.14.06:617][186]LogAudioMixer: FMixerPlatformXAudio2::StartAudioStream() called
[2025.03.26-06.14.06:617][186]LogAudioMixer: Display: Output buffers initialized: Frames=1024, Channels=2, Samples=2048
[2025.03.26-06.14.06:618][186]LogAudioMixer: Display: Starting AudioMixerPlatformInterface::RunInternal()
[2025.03.26-06.14.06:618][186]LogAudioMixer: Display: FMixerPlatformXAudio2::SubmitBuffer() called for the first time
[2025.03.26-06.14.06:618][186]LogInit: FAudioDevice initialized.
[2025.03.26-06.14.06:618][186]LogAudio: Display: Audio Device (ID: 26) registered with world 'ThirdPersonExampleMap'.
[2025.03.26-06.14.06:637][186]LogLoad: Game class is 'ThirdPersonGameMode_C'
[2025.03.26-06.14.06:642][186]LogWorld: Bringing World /Game/ThirdPersonBP/Maps/UEDPIE_0_ThirdPersonExampleMap.ThirdPersonExampleMap up for play (max tick rate 60) at 2025.03.26-14.14.06
[2025.03.26-06.14.06:643][186]LogWorld: Bringing up level for play took: 0.004584
[2025.03.26-06.14.06:643][186]LogOnline: OSS: Creating online subsystem instance for: :Context_41
[2025.03.26-06.14.06:648][186]PIE: Server logged in
[2025.03.26-06.14.06:649][186]PIE: Play in editor total start time 0.165 seconds.
[2025.03.26-06.14.18:224][724]LogSlate: Updating window title bar state: overlay mode, drag disabled, window buttons hidden, title bar hidden
[2025.03.26-06.14.18:224][724]LogWorld: BeginTearingDown for /Game/ThirdPersonBP/Maps/UEDPIE_0_ThirdPersonExampleMap
[2025.03.26-06.14.18:224][724]LogWorld: UWorld::CleanupWorld for ThirdPersonExampleMap, bSessionEnded=true, bCleanupResources=true
[2025.03.26-06.14.18:225][724]LogSlate: InvalidateAllWidgets triggered.  All widgets were invalidated
[2025.03.26-06.14.18:245][724]LogPlayLevel: Display: Shutting down PIE online subsystems
[2025.03.26-06.14.18:280][724]LogSlate: InvalidateAllWidgets triggered.  All widgets were invalidated
[2025.03.26-06.14.18:312][724]LogAudio: Display: Audio Device unregistered from world 'None'.
[2025.03.26-06.14.18:312][724]LogAudioMixer: FMixerPlatformXAudio2::StopAudioStream() called
[2025.03.26-06.14.18:313][724]LogAudioMixer: FMixerPlatformXAudio2::StopAudioStream() called
[2025.03.26-06.14.18:316][724]LogSlate: Updating window title bar state: overlay mode, drag disabled, window buttons hidden, title bar hidden
[2025.03.26-06.14.18:320][724]LogUObjectHash: Compacting FUObjectHashTables data took   2.20ms
[2025.03.26-06.14.18:361][725]LogPlayLevel: Display: Destroying online subsystem :Context_41
[2025.03.26-06.14.34:463][ 16]LogTemp: Repeating last play command: Selected Viewport
[2025.03.26-06.14.34:472][ 16]BlueprintLog: New page: Pre-Play auto-recompile
[2025.03.26-06.14.34:472][ 16]LogPlayLevel: [PlayLevel] Compiling ThirdPersonExampleMap before play...
[2025.03.26-06.14.34:572][ 16]LogUObjectHash: Compacting FUObjectHashTables data took   2.73ms
[2025.03.26-06.14.34:574][ 16]LogPlayLevel: PlayLevel: Blueprint regeneration took 103 ms (1 blueprints)
[2025.03.26-06.14.34:574][ 16]PIE: New page: PIE session: ThirdPersonExampleMap (2025年3月26日 下午10:14:34)
[2025.03.26-06.14.34:574][ 16]LogPlayLevel: Creating play world package: /Game/ThirdPersonBP/Maps/UEDPIE_0_ThirdPersonExampleMap
[2025.03.26-06.14.34:593][ 16]LogPlayLevel: PIE: StaticDuplicateObject took: (0.018563s)
[2025.03.26-06.14.34:594][ 16]LogAIModule: Creating AISystem for world ThirdPersonExampleMap
[2025.03.26-06.14.34:595][ 16]LogPlayLevel: PIE: World Init took: (0.001634s)
[2025.03.26-06.14.34:595][ 16]LogPlayLevel: PIE: Created PIE world by copying editor world from /Game/ThirdPersonBP/Maps/ThirdPersonExampleMap.ThirdPersonExampleMap to /Game/ThirdPersonBP/Maps/UEDPIE_0_ThirdPersonExampleMap.ThirdPersonExampleMap (0.020413s)
[2025.03.26-06.14.34:633][ 16]LogUObjectHash: Compacting FUObjectHashTables data took   2.05ms
[2025.03.26-06.14.34:633][ 16]LogAudio: Display: Creating Audio Device:                 Id: 27, Scope: Unique, Realtime: True
[2025.03.26-06.14.34:633][ 16]LogAudioMixer: Display: Audio Mixer Platform Settings:
[2025.03.26-06.14.34:633][ 16]LogAudioMixer: Display: 	Sample Rate:						  48000
[2025.03.26-06.14.34:633][ 16]LogAudioMixer: Display: 	Callback Buffer Frame Size Requested: 1024
[2025.03.26-06.14.34:633][ 16]LogAudioMixer: Display: 	Callback Buffer Frame Size To Use:	  1024
[2025.03.26-06.14.34:633][ 16]LogAudioMixer: Display: 	Number of buffers to queue:			  2
[2025.03.26-06.14.34:633][ 16]LogAudioMixer: Display: 	Max Channels (voices):				  32
[2025.03.26-06.14.34:633][ 16]LogAudioMixer: Display: 	Number of Async Source Workers:		  0
[2025.03.26-06.14.34:633][ 16]LogAudio: Display: AudioDevice MaxSources: 32
[2025.03.26-06.14.34:634][ 16]LogAudio: Display: Audio Spatialization Plugin: None (built-in).
[2025.03.26-06.14.34:634][ 16]LogAudio: Display: Audio Reverb Plugin: None (built-in).
[2025.03.26-06.14.34:634][ 16]LogAudio: Display: Audio Occlusion Plugin: None (built-in).
[2025.03.26-06.14.34:634][ 16]LogAudioMixer: Display: Initializing audio mixer.
[2025.03.26-06.14.34:636][ 16]LogAudioMixer: Display: 0: FrontLeft
[2025.03.26-06.14.34:636][ 16]LogAudioMixer: Display: 1: FrontRight
[2025.03.26-06.14.34:669][ 16]LogAudioMixer: Display: Using Audio Device 扬声器 (适用于 I2S 音频的英特尔® 智音技术)
[2025.03.26-06.14.34:669][ 16]LogAudioMixer: Display: Initializing Sound Submixes...
[2025.03.26-06.14.34:669][ 16]LogAudioMixer: Display: Creating Master Submix 'MasterSubmixDefault'
[2025.03.26-06.14.34:669][ 16]LogAudioMixer: Display: Creating Master Submix 'MasterReverbSubmixDefault'
[2025.03.26-06.14.34:670][ 16]LogAudioMixer: Display: Creating Master Submix 'MasterEQSubmixDefault'
[2025.03.26-06.14.34:670][ 16]LogAudioMixer: FMixerPlatformXAudio2::StartAudioStream() called
[2025.03.26-06.14.34:670][ 16]LogAudioMixer: Display: Output buffers initialized: Frames=1024, Channels=2, Samples=2048
[2025.03.26-06.14.34:671][ 16]LogAudioMixer: Display: Starting AudioMixerPlatformInterface::RunInternal()
[2025.03.26-06.14.34:671][ 16]LogAudioMixer: Display: FMixerPlatformXAudio2::SubmitBuffer() called for the first time
[2025.03.26-06.14.34:671][ 16]LogInit: FAudioDevice initialized.
[2025.03.26-06.14.34:671][ 16]LogAudio: Display: Audio Device (ID: 27) registered with world 'ThirdPersonExampleMap'.
[2025.03.26-06.14.34:687][ 16]LogLoad: Game class is 'ThirdPersonGameMode_C'
[2025.03.26-06.14.34:692][ 16]LogWorld: Bringing World /Game/ThirdPersonBP/Maps/UEDPIE_0_ThirdPersonExampleMap.ThirdPersonExampleMap up for play (max tick rate 60) at 2025.03.26-14.14.34
[2025.03.26-06.14.34:692][ 16]LogWorld: Bringing up level for play took: 0.003297
[2025.03.26-06.14.34:692][ 16]LogOnline: OSS: Creating online subsystem instance for: :Context_42
[2025.03.26-06.14.34:694][ 16]PIE: Server logged in
[2025.03.26-06.14.34:695][ 16]PIE: Play in editor total start time 0.225 seconds.
[2025.03.26-06.14.57:663][340]LogSlate: Updating window title bar state: overlay mode, drag disabled, window buttons hidden, title bar hidden
[2025.03.26-06.14.57:663][340]LogWorld: BeginTearingDown for /Game/ThirdPersonBP/Maps/UEDPIE_0_ThirdPersonExampleMap
[2025.03.26-06.14.57:663][340]LogWorld: UWorld::CleanupWorld for ThirdPersonExampleMap, bSessionEnded=true, bCleanupResources=true
[2025.03.26-06.14.57:664][340]LogSlate: InvalidateAllWidgets triggered.  All widgets were invalidated
[2025.03.26-06.14.57:678][340]LogPlayLevel: Display: Shutting down PIE online subsystems
[2025.03.26-06.14.57:707][340]LogSlate: InvalidateAllWidgets triggered.  All widgets were invalidated
[2025.03.26-06.14.57:738][340]LogSlate: Updating window title bar state: overlay mode, drag disabled, window buttons hidden, title bar hidden
[2025.03.26-06.14.57:740][340]LogAudioMixer: FMixerPlatformXAudio2::StopAudioStream() called
[2025.03.26-06.14.57:741][340]LogAudioMixer: FMixerPlatformXAudio2::StopAudioStream() called
[2025.03.26-06.14.57:749][340]LogUObjectHash: Compacting FUObjectHashTables data took   2.16ms
[2025.03.26-06.14.57:783][341]LogPlayLevel: Display: Destroying online subsystem :Context_42
[2025.03.26-06.14.58:943][363]LogEditorViewport: Clicking on Actor (context menu): StaticMeshActor (Wall_400x303)
[2025.03.26-06.14.59:790][385]LogEditorViewport: Clicking on Actor (LMB): StaticMeshActor (Floor)
[2025.03.26-06.15.02:165][460]Cmd: DELETE
[2025.03.26-06.15.02:165][460]Cmd: ACTOR DELETE
[2025.03.26-06.15.02:170][460]LogEditorActor: Deleted Actor: StaticMeshActor
[2025.03.26-06.15.02:239][460]LogUObjectHash: Compacting FUObjectHashTables data took   2.98ms
[2025.03.26-06.15.02:241][460]LogEditorActor: Deleted 1 Actors (0.075 secs)
[2025.03.26-06.15.03:838][516]Cmd: TRANSACTION UNDO
[2025.03.26-06.15.03:838][516]LogEditorTransaction: Undo Delete Actors
[2025.03.26-06.15.25:613][754]LogTemp: Repeating last play command: Selected Viewport
[2025.03.26-06.15.25:623][754]LogPlayLevel: PlayLevel: No blueprints needed recompiling
[2025.03.26-06.15.25:623][754]PIE: New page: PIE session: ThirdPersonExampleMap (2025年3月26日 下午10:15:25)
[2025.03.26-06.15.25:623][754]LogPlayLevel: Creating play world package: /Game/ThirdPersonBP/Maps/UEDPIE_0_ThirdPersonExampleMap
[2025.03.26-06.15.25:656][754]LogPlayLevel: PIE: StaticDuplicateObject took: (0.033131s)
[2025.03.26-06.15.25:658][754]LogAIModule: Creating AISystem for world ThirdPersonExampleMap
[2025.03.26-06.15.25:659][754]LogPlayLevel: PIE: World Init took: (0.002667s)
[2025.03.26-06.15.25:659][754]LogPlayLevel: PIE: Created PIE world by copying editor world from /Game/ThirdPersonBP/Maps/ThirdPersonExampleMap.ThirdPersonExampleMap to /Game/ThirdPersonBP/Maps/UEDPIE_0_ThirdPersonExampleMap.ThirdPersonExampleMap (0.036084s)
[2025.03.26-06.15.25:708][754]LogUObjectHash: Compacting FUObjectHashTables data took   4.40ms
[2025.03.26-06.15.25:712][754]LogAudio: Display: Creating Audio Device:                 Id: 28, Scope: Unique, Realtime: True
[2025.03.26-06.15.25:713][754]LogAudioMixer: Display: Audio Mixer Platform Settings:
[2025.03.26-06.15.25:713][754]LogAudioMixer: Display: 	Sample Rate:						  48000
[2025.03.26-06.15.25:713][754]LogAudioMixer: Display: 	Callback Buffer Frame Size Requested: 1024
[2025.03.26-06.15.25:713][754]LogAudioMixer: Display: 	Callback Buffer Frame Size To Use:	  1024
[2025.03.26-06.15.25:713][754]LogAudioMixer: Display: 	Number of buffers to queue:			  2
[2025.03.26-06.15.25:713][754]LogAudioMixer: Display: 	Max Channels (voices):				  32
[2025.03.26-06.15.25:713][754]LogAudioMixer: Display: 	Number of Async Source Workers:		  0
[2025.03.26-06.15.25:713][754]LogAudio: Display: AudioDevice MaxSources: 32
[2025.03.26-06.15.25:713][754]LogAudio: Display: Audio Spatialization Plugin: None (built-in).
[2025.03.26-06.15.25:713][754]LogAudio: Display: Audio Reverb Plugin: None (built-in).
[2025.03.26-06.15.25:714][754]LogAudio: Display: Audio Occlusion Plugin: None (built-in).
[2025.03.26-06.15.25:714][754]LogAudioMixer: Display: Initializing audio mixer.
[2025.03.26-06.15.25:717][754]LogAudioMixer: Display: 0: FrontLeft
[2025.03.26-06.15.25:717][754]LogAudioMixer: Display: 1: FrontRight
[2025.03.26-06.15.25:752][754]LogAudioMixer: Display: Using Audio Device 扬声器 (适用于 I2S 音频的英特尔® 智音技术)
[2025.03.26-06.15.25:753][754]LogAudioMixer: Display: Initializing Sound Submixes...
[2025.03.26-06.15.25:753][754]LogAudioMixer: Display: Creating Master Submix 'MasterSubmixDefault'
[2025.03.26-06.15.25:753][754]LogAudioMixer: Display: Creating Master Submix 'MasterReverbSubmixDefault'
[2025.03.26-06.15.25:753][754]LogAudioMixer: Display: Creating Master Submix 'MasterEQSubmixDefault'
[2025.03.26-06.15.25:753][754]LogAudioMixer: FMixerPlatformXAudio2::StartAudioStream() called
[2025.03.26-06.15.25:753][754]LogAudioMixer: Display: Output buffers initialized: Frames=1024, Channels=2, Samples=2048
[2025.03.26-06.15.25:754][754]LogAudioMixer: Display: Starting AudioMixerPlatformInterface::RunInternal()
[2025.03.26-06.15.25:754][754]LogAudioMixer: Display: FMixerPlatformXAudio2::SubmitBuffer() called for the first time
[2025.03.26-06.15.25:754][754]LogInit: FAudioDevice initialized.
[2025.03.26-06.15.25:754][754]LogAudio: Display: Audio Device (ID: 28) registered with world 'ThirdPersonExampleMap'.
[2025.03.26-06.15.25:764][754]LogLoad: Game class is 'ThirdPersonGameMode_C'
[2025.03.26-06.15.25:768][754]LogWorld: Bringing World /Game/ThirdPersonBP/Maps/UEDPIE_0_ThirdPersonExampleMap.ThirdPersonExampleMap up for play (max tick rate 60) at 2025.03.26-14.15.25
[2025.03.26-06.15.25:768][754]LogWorld: Bringing up level for play took: 0.003538
[2025.03.26-06.15.25:769][754]LogOnline: OSS: Creating online subsystem instance for: :Context_43
[2025.03.26-06.15.25:773][754]PIE: Server logged in
[2025.03.26-06.15.25:773][754]PIE: Play in editor total start time 0.153 seconds.
[2025.03.26-06.15.47:735][ 19]Cmd: ce passLevel
[2025.03.26-06.15.48:870][ 84]Cmd: ce passLevel
[2025.03.26-06.15.50:231][163]Cmd: ce passLevel
[2025.03.26-06.15.56:098][493]Cmd: ce passLevel
[2025.03.26-06.15.57:786][585]Cmd: ce passLevel
[2025.03.26-06.15.58:820][644]Cmd: ce passLevel
[2025.03.26-06.16.51:091][500]LogSlate: Updating window title bar state: overlay mode, drag disabled, window buttons hidden, title bar hidden
[2025.03.26-06.16.51:091][500]LogWorld: BeginTearingDown for /Game/ThirdPersonBP/Maps/UEDPIE_0_ThirdPersonExampleMap
[2025.03.26-06.16.51:091][500]LogWorld: UWorld::CleanupWorld for ThirdPersonExampleMap, bSessionEnded=true, bCleanupResources=true
[2025.03.26-06.16.51:092][500]LogSlate: InvalidateAllWidgets triggered.  All widgets were invalidated
[2025.03.26-06.16.51:107][500]LogPlayLevel: Display: Shutting down PIE online subsystems
[2025.03.26-06.16.51:128][500]LogSlate: InvalidateAllWidgets triggered.  All widgets were invalidated
[2025.03.26-06.16.51:161][500]LogAudio: Display: Audio Device unregistered from world 'None'.
[2025.03.26-06.16.51:161][500]LogAudioMixer: FMixerPlatformXAudio2::StopAudioStream() called
[2025.03.26-06.16.51:163][500]LogAudioMixer: FMixerPlatformXAudio2::StopAudioStream() called
[2025.03.26-06.16.51:166][500]LogSlate: Updating window title bar state: overlay mode, drag disabled, window buttons hidden, title bar hidden
[2025.03.26-06.16.51:171][500]LogUObjectHash: Compacting FUObjectHashTables data took   2.48ms
[2025.03.26-06.16.51:211][501]LogPlayLevel: Display: Destroying online subsystem :Context_43
[2025.03.26-06.18.19:836][353]LogTemp: Repeating last play command: Selected Viewport
[2025.03.26-06.18.19:840][353]LogPlayLevel: PlayLevel: No blueprints needed recompiling
[2025.03.26-06.18.19:840][353]PIE: New page: PIE session: ThirdPersonExampleMap (2025年3月26日 下午10:18:19)
[2025.03.26-06.18.19:840][353]LogPlayLevel: Creating play world package: /Game/ThirdPersonBP/Maps/UEDPIE_0_ThirdPersonExampleMap
[2025.03.26-06.18.19:855][353]LogPlayLevel: PIE: StaticDuplicateObject took: (0.014335s)
[2025.03.26-06.18.19:856][353]LogAIModule: Creating AISystem for world ThirdPersonExampleMap
[2025.03.26-06.18.19:856][353]LogPlayLevel: PIE: World Init took: (0.001247s)
[2025.03.26-06.18.19:856][353]LogPlayLevel: PIE: Created PIE world by copying editor world from /Game/ThirdPersonBP/Maps/ThirdPersonExampleMap.ThirdPersonExampleMap to /Game/ThirdPersonBP/Maps/UEDPIE_0_ThirdPersonExampleMap.ThirdPersonExampleMap (0.015783s)
[2025.03.26-06.18.19:891][353]LogUObjectHash: Compacting FUObjectHashTables data took   2.23ms
[2025.03.26-06.18.19:894][353]LogAudio: Display: Creating Audio Device:                 Id: 29, Scope: Unique, Realtime: True
[2025.03.26-06.18.19:894][353]LogAudioMixer: Display: Audio Mixer Platform Settings:
[2025.03.26-06.18.19:894][353]LogAudioMixer: Display: 	Sample Rate:						  48000
[2025.03.26-06.18.19:894][353]LogAudioMixer: Display: 	Callback Buffer Frame Size Requested: 1024
[2025.03.26-06.18.19:894][353]LogAudioMixer: Display: 	Callback Buffer Frame Size To Use:	  1024
[2025.03.26-06.18.19:894][353]LogAudioMixer: Display: 	Number of buffers to queue:			  2
[2025.03.26-06.18.19:894][353]LogAudioMixer: Display: 	Max Channels (voices):				  32
[2025.03.26-06.18.19:894][353]LogAudioMixer: Display: 	Number of Async Source Workers:		  0
[2025.03.26-06.18.19:894][353]LogAudio: Display: AudioDevice MaxSources: 32
[2025.03.26-06.18.19:895][353]LogAudio: Display: Audio Spatialization Plugin: None (built-in).
[2025.03.26-06.18.19:895][353]LogAudio: Display: Audio Reverb Plugin: None (built-in).
[2025.03.26-06.18.19:895][353]LogAudio: Display: Audio Occlusion Plugin: None (built-in).
[2025.03.26-06.18.19:895][353]LogAudioMixer: Display: Initializing audio mixer.
[2025.03.26-06.18.19:897][353]LogAudioMixer: Display: 0: FrontLeft
[2025.03.26-06.18.19:897][353]LogAudioMixer: Display: 1: FrontRight
[2025.03.26-06.18.19:926][353]LogAudioMixer: Display: Using Audio Device 扬声器 (适用于 I2S 音频的英特尔® 智音技术)
[2025.03.26-06.18.19:926][353]LogAudioMixer: Display: Initializing Sound Submixes...
[2025.03.26-06.18.19:926][353]LogAudioMixer: Display: Creating Master Submix 'MasterSubmixDefault'
[2025.03.26-06.18.19:926][353]LogAudioMixer: Display: Creating Master Submix 'MasterReverbSubmixDefault'
[2025.03.26-06.18.19:927][353]LogAudioMixer: Display: Creating Master Submix 'MasterEQSubmixDefault'
[2025.03.26-06.18.19:927][353]LogAudioMixer: FMixerPlatformXAudio2::StartAudioStream() called
[2025.03.26-06.18.19:927][353]LogAudioMixer: Display: Output buffers initialized: Frames=1024, Channels=2, Samples=2048
[2025.03.26-06.18.19:927][353]LogAudioMixer: Display: Starting AudioMixerPlatformInterface::RunInternal()
[2025.03.26-06.18.19:927][353]LogAudioMixer: Display: FMixerPlatformXAudio2::SubmitBuffer() called for the first time
[2025.03.26-06.18.19:927][353]LogInit: FAudioDevice initialized.
[2025.03.26-06.18.19:929][353]LogAudio: Display: Audio Device (ID: 29) registered with world 'ThirdPersonExampleMap'.
[2025.03.26-06.18.19:979][353]LogSlate: Updating window title bar state: overlay mode, drag disabled, window buttons hidden, title bar hidden
[2025.03.26-06.18.19:980][353]LogLoad: Game class is 'ThirdPersonGameMode_C'
[2025.03.26-06.18.19:985][353]LogWorld: Bringing World /Game/ThirdPersonBP/Maps/UEDPIE_0_ThirdPersonExampleMap.ThirdPersonExampleMap up for play (max tick rate 60) at 2025.03.26-14.18.19
[2025.03.26-06.18.19:986][353]LogWorld: Bringing up level for play took: 0.004897
[2025.03.26-06.18.19:986][353]LogOnline: OSS: Creating online subsystem instance for: :Context_44
[2025.03.26-06.18.19:989][353]LogGameMode: FindPlayerStart: PATHS NOT DEFINED or NO PLAYERSTART with positive rating
[2025.03.26-06.18.19:991][353]PIE: Server logged in
[2025.03.26-06.18.19:993][353]PIE: Play in editor total start time 0.155 seconds.
[2025.03.26-06.18.23:544][471]LogSlate: Window 'room_escape Preview [NetMode: Standalone]  (64-bit/Windows) ' being destroyed
[2025.03.26-06.18.23:597][471]LogWorld: BeginTearingDown for /Game/ThirdPersonBP/Maps/UEDPIE_0_ThirdPersonExampleMap
[2025.03.26-06.18.23:597][471]LogWorld: UWorld::CleanupWorld for ThirdPersonExampleMap, bSessionEnded=true, bCleanupResources=true
[2025.03.26-06.18.23:599][471]LogSlate: InvalidateAllWidgets triggered.  All widgets were invalidated
[2025.03.26-06.18.23:614][471]LogPlayLevel: Display: Shutting down PIE online subsystems
[2025.03.26-06.18.23:630][471]LogSlate: InvalidateAllWidgets triggered.  All widgets were invalidated
[2025.03.26-06.18.23:667][471]LogAudioMixer: FMixerPlatformXAudio2::StopAudioStream() called
[2025.03.26-06.18.23:668][471]LogAudioMixer: FMixerPlatformXAudio2::StopAudioStream() called
[2025.03.26-06.18.23:677][471]LogUObjectHash: Compacting FUObjectHashTables data took   2.02ms
[2025.03.26-06.18.23:740][472]LogPlayLevel: Display: Destroying online subsystem :Context_44
[2025.03.26-06.18.49:280][958]LogTemp: Repeating last play command: Selected Viewport
[2025.03.26-06.18.49:289][958]LogPlayLevel: PlayLevel: No blueprints needed recompiling
[2025.03.26-06.18.49:289][958]PIE: New page: PIE session: ThirdPersonExampleMap (2025年3月26日 下午10:18:49)
[2025.03.26-06.18.49:289][958]LogPlayLevel: Creating play world package: /Game/ThirdPersonBP/Maps/UEDPIE_0_ThirdPersonExampleMap
[2025.03.26-06.18.49:311][958]LogPlayLevel: PIE: StaticDuplicateObject took: (0.021956s)
[2025.03.26-06.18.49:312][958]LogAIModule: Creating AISystem for world ThirdPersonExampleMap
[2025.03.26-06.18.49:313][958]LogPlayLevel: PIE: World Init took: (0.001207s)
[2025.03.26-06.18.49:313][958]LogPlayLevel: PIE: Created PIE world by copying editor world from /Game/ThirdPersonBP/Maps/ThirdPersonExampleMap.ThirdPersonExampleMap to /Game/ThirdPersonBP/Maps/UEDPIE_0_ThirdPersonExampleMap.ThirdPersonExampleMap (0.023354s)
[2025.03.26-06.18.49:350][958]LogUObjectHash: Compacting FUObjectHashTables data took   2.18ms
[2025.03.26-06.18.49:354][958]LogAudio: Display: Creating Audio Device:                 Id: 30, Scope: Unique, Realtime: True
[2025.03.26-06.18.49:354][958]LogAudioMixer: Display: Audio Mixer Platform Settings:
[2025.03.26-06.18.49:354][958]LogAudioMixer: Display: 	Sample Rate:						  48000
[2025.03.26-06.18.49:354][958]LogAudioMixer: Display: 	Callback Buffer Frame Size Requested: 1024
[2025.03.26-06.18.49:354][958]LogAudioMixer: Display: 	Callback Buffer Frame Size To Use:	  1024
[2025.03.26-06.18.49:354][958]LogAudioMixer: Display: 	Number of buffers to queue:			  2
[2025.03.26-06.18.49:354][958]LogAudioMixer: Display: 	Max Channels (voices):				  32
[2025.03.26-06.18.49:354][958]LogAudioMixer: Display: 	Number of Async Source Workers:		  0
[2025.03.26-06.18.49:354][958]LogAudio: Display: AudioDevice MaxSources: 32
[2025.03.26-06.18.49:354][958]LogAudio: Display: Audio Spatialization Plugin: None (built-in).
[2025.03.26-06.18.49:354][958]LogAudio: Display: Audio Reverb Plugin: None (built-in).
[2025.03.26-06.18.49:354][958]LogAudio: Display: Audio Occlusion Plugin: None (built-in).
[2025.03.26-06.18.49:354][958]LogAudioMixer: Display: Initializing audio mixer.
[2025.03.26-06.18.49:357][958]LogAudioMixer: Display: 0: FrontLeft
[2025.03.26-06.18.49:357][958]LogAudioMixer: Display: 1: FrontRight
[2025.03.26-06.18.49:392][958]LogAudioMixer: Display: Using Audio Device 扬声器 (适用于 I2S 音频的英特尔® 智音技术)
[2025.03.26-06.18.49:392][958]LogAudioMixer: Display: Initializing Sound Submixes...
[2025.03.26-06.18.49:392][958]LogAudioMixer: Display: Creating Master Submix 'MasterSubmixDefault'
[2025.03.26-06.18.49:392][958]LogAudioMixer: Display: Creating Master Submix 'MasterReverbSubmixDefault'
[2025.03.26-06.18.49:393][958]LogAudioMixer: Display: Creating Master Submix 'MasterEQSubmixDefault'
[2025.03.26-06.18.49:393][958]LogAudioMixer: FMixerPlatformXAudio2::StartAudioStream() called
[2025.03.26-06.18.49:393][958]LogAudioMixer: Display: Output buffers initialized: Frames=1024, Channels=2, Samples=2048
[2025.03.26-06.18.49:394][958]LogAudioMixer: Display: Starting AudioMixerPlatformInterface::RunInternal()
[2025.03.26-06.18.49:394][958]LogAudioMixer: Display: FMixerPlatformXAudio2::SubmitBuffer() called for the first time
[2025.03.26-06.18.49:394][958]LogInit: FAudioDevice initialized.
[2025.03.26-06.18.49:394][958]LogAudio: Display: Audio Device (ID: 30) registered with world 'ThirdPersonExampleMap'.
[2025.03.26-06.18.49:403][958]LogLoad: Game class is 'ThirdPersonGameMode_C'
[2025.03.26-06.18.49:408][958]LogWorld: Bringing World /Game/ThirdPersonBP/Maps/UEDPIE_0_ThirdPersonExampleMap.ThirdPersonExampleMap up for play (max tick rate 60) at 2025.03.26-14.18.49
[2025.03.26-06.18.49:408][958]LogWorld: Bringing up level for play took: 0.003109
[2025.03.26-06.18.49:408][958]LogOnline: OSS: Creating online subsystem instance for: :Context_45
[2025.03.26-06.18.49:411][958]PIE: Server logged in
[2025.03.26-06.18.49:411][958]PIE: Play in editor total start time 0.124 seconds.
[2025.03.26-06.19.04:541][849]LogSlate: Updating window title bar state: overlay mode, drag disabled, window buttons hidden, title bar hidden
[2025.03.26-06.19.04:541][849]LogWorld: BeginTearingDown for /Game/ThirdPersonBP/Maps/UEDPIE_0_ThirdPersonExampleMap
[2025.03.26-06.19.04:541][849]LogWorld: UWorld::CleanupWorld for ThirdPersonExampleMap, bSessionEnded=true, bCleanupResources=true
[2025.03.26-06.19.04:542][849]LogSlate: InvalidateAllWidgets triggered.  All widgets were invalidated
[2025.03.26-06.19.04:556][849]LogPlayLevel: Display: Shutting down PIE online subsystems
[2025.03.26-06.19.04:572][849]LogSlate: InvalidateAllWidgets triggered.  All widgets were invalidated
[2025.03.26-06.19.04:604][849]LogAudio: Display: Audio Device unregistered from world 'None'.
[2025.03.26-06.19.04:604][849]LogAudioMixer: FMixerPlatformXAudio2::StopAudioStream() called
[2025.03.26-06.19.04:605][849]LogAudioMixer: FMixerPlatformXAudio2::StopAudioStream() called
[2025.03.26-06.19.04:609][849]LogSlate: Updating window title bar state: overlay mode, drag disabled, window buttons hidden, title bar hidden
[2025.03.26-06.19.04:613][849]LogUObjectHash: Compacting FUObjectHashTables data took   2.15ms
[2025.03.26-06.19.04:675][850]LogPlayLevel: Display: Destroying online subsystem :Context_45
[2025.03.26-06.19.56:445][ 46]LogTemp: Repeating last play command: Selected Viewport
[2025.03.26-06.19.56:455][ 46]LogPlayLevel: PlayLevel: No blueprints needed recompiling
[2025.03.26-06.19.56:455][ 46]PIE: New page: PIE session: ThirdPersonExampleMap (2025年3月26日 下午10:19:56)
[2025.03.26-06.19.56:455][ 46]LogPlayLevel: Creating play world package: /Game/ThirdPersonBP/Maps/UEDPIE_0_ThirdPersonExampleMap
[2025.03.26-06.19.56:475][ 46]LogPlayLevel: PIE: StaticDuplicateObject took: (0.020289s)
[2025.03.26-06.19.56:476][ 46]LogAIModule: Creating AISystem for world ThirdPersonExampleMap
[2025.03.26-06.19.56:477][ 46]LogPlayLevel: PIE: World Init took: (0.001549s)
[2025.03.26-06.19.56:477][ 46]LogPlayLevel: PIE: Created PIE world by copying editor world from /Game/ThirdPersonBP/Maps/ThirdPersonExampleMap.ThirdPersonExampleMap to /Game/ThirdPersonBP/Maps/UEDPIE_0_ThirdPersonExampleMap.ThirdPersonExampleMap (0.022078s)
[2025.03.26-06.19.56:527][ 46]LogUObjectHash: Compacting FUObjectHashTables data took   5.20ms
[2025.03.26-06.19.56:531][ 46]LogAudio: Display: Creating Audio Device:                 Id: 31, Scope: Unique, Realtime: True
[2025.03.26-06.19.56:531][ 46]LogAudioMixer: Display: Audio Mixer Platform Settings:
[2025.03.26-06.19.56:531][ 46]LogAudioMixer: Display: 	Sample Rate:						  48000
[2025.03.26-06.19.56:531][ 46]LogAudioMixer: Display: 	Callback Buffer Frame Size Requested: 1024
[2025.03.26-06.19.56:531][ 46]LogAudioMixer: Display: 	Callback Buffer Frame Size To Use:	  1024
[2025.03.26-06.19.56:531][ 46]LogAudioMixer: Display: 	Number of buffers to queue:			  2
[2025.03.26-06.19.56:531][ 46]LogAudioMixer: Display: 	Max Channels (voices):				  32
[2025.03.26-06.19.56:531][ 46]LogAudioMixer: Display: 	Number of Async Source Workers:		  0
[2025.03.26-06.19.56:531][ 46]LogAudio: Display: AudioDevice MaxSources: 32
[2025.03.26-06.19.56:532][ 46]LogAudio: Display: Audio Spatialization Plugin: None (built-in).
[2025.03.26-06.19.56:532][ 46]LogAudio: Display: Audio Reverb Plugin: None (built-in).
[2025.03.26-06.19.56:532][ 46]LogAudio: Display: Audio Occlusion Plugin: None (built-in).
[2025.03.26-06.19.56:532][ 46]LogAudioMixer: Display: Initializing audio mixer.
[2025.03.26-06.19.56:535][ 46]LogAudioMixer: Display: 0: FrontLeft
[2025.03.26-06.19.56:535][ 46]LogAudioMixer: Display: 1: FrontRight
[2025.03.26-06.19.56:567][ 46]LogAudioMixer: Display: Using Audio Device 扬声器 (适用于 I2S 音频的英特尔® 智音技术)
[2025.03.26-06.19.56:568][ 46]LogAudioMixer: Display: Initializing Sound Submixes...
[2025.03.26-06.19.56:568][ 46]LogAudioMixer: Display: Creating Master Submix 'MasterSubmixDefault'
[2025.03.26-06.19.56:568][ 46]LogAudioMixer: Display: Creating Master Submix 'MasterReverbSubmixDefault'
[2025.03.26-06.19.56:568][ 46]LogAudioMixer: Display: Creating Master Submix 'MasterEQSubmixDefault'
[2025.03.26-06.19.56:568][ 46]LogAudioMixer: FMixerPlatformXAudio2::StartAudioStream() called
[2025.03.26-06.19.56:568][ 46]LogAudioMixer: Display: Output buffers initialized: Frames=1024, Channels=2, Samples=2048
[2025.03.26-06.19.56:569][ 46]LogAudioMixer: Display: Starting AudioMixerPlatformInterface::RunInternal()
[2025.03.26-06.19.56:569][ 46]LogAudioMixer: Display: FMixerPlatformXAudio2::SubmitBuffer() called for the first time
[2025.03.26-06.19.56:569][ 46]LogInit: FAudioDevice initialized.
[2025.03.26-06.19.56:569][ 46]LogAudio: Display: Audio Device (ID: 31) registered with world 'ThirdPersonExampleMap'.
[2025.03.26-06.19.56:575][ 46]LogLoad: Game class is 'ThirdPersonGameMode_C'
[2025.03.26-06.19.56:578][ 46]LogWorld: Bringing World /Game/ThirdPersonBP/Maps/UEDPIE_0_ThirdPersonExampleMap.ThirdPersonExampleMap up for play (max tick rate 60) at 2025.03.26-14.19.56
[2025.03.26-06.19.56:578][ 46]LogWorld: Bringing up level for play took: 0.002525
[2025.03.26-06.19.56:579][ 46]LogOnline: OSS: Creating online subsystem instance for: :Context_49
[2025.03.26-06.19.56:581][ 46]PIE: Server logged in
[2025.03.26-06.19.56:582][ 46]PIE: Play in editor total start time 0.128 seconds.
[2025.03.26-06.20.18:580][211]LogUObjectHash: Compacting FUObjectHashTables data took   2.39ms
[2025.03.26-06.20.20:333][211]LogSlate: Window 'Save Content' being destroyed
[2025.03.26-06.20.20:383][211]LogUObjectHash: Compacting FUObjectHashTables data took   1.32ms
[2025.03.26-06.20.20:425][211]LogSavePackage: Moving '../../../../../../project/UE/room_escape/Saved/ThirdPersonExampleMapDE3528FF450D890ADFBD10A58743675F.tmp' to '../../../../../../project/UE/room_escape/Content/ThirdPersonBP/Maps/ThirdPersonExampleMap.umap'
[2025.03.26-06.20.20:442][211]LogFileHelpers: Saving map 'ThirdPersonExampleMap' took 0.098
[2025.03.26-06.20.20:452][211]AssetCheck: New page: Asset Save: ThirdPersonExampleMap
[2025.03.26-06.20.20:452][211]LogContentValidation: Display: Validating World /Game/ThirdPersonBP/Maps/ThirdPersonExampleMap.ThirdPersonExampleMap
[2025.03.26-06.20.25:128][469]LogSlate: Window 'ThirdPersonExampleMap' being destroyed
[2025.03.26-06.20.25:137][469]LogWorld: UWorld::CleanupWorld for World_15, bSessionEnded=true, bCleanupResources=true
[2025.03.26-06.20.25:138][469]LogSlate: InvalidateAllWidgets triggered.  All widgets were invalidated
[2025.03.26-06.20.32:527][897]LogAssetEditorSubsystem: Opening Asset editor for LevelScriptBlueprint /Game/ThirdPersonBP/Maps/ThirdPersonExampleMap.ThirdPersonExampleMap:PersistentLevel.ThirdPersonExampleMap
[2025.03.26-06.20.45:131][594]LogSlate: Updating window title bar state: overlay mode, drag disabled, window buttons hidden, title bar hidden
[2025.03.26-06.20.45:131][594]LogWorld: BeginTearingDown for /Game/ThirdPersonBP/Maps/UEDPIE_0_ThirdPersonExampleMap
[2025.03.26-06.20.45:131][594]LogWorld: UWorld::CleanupWorld for ThirdPersonExampleMap, bSessionEnded=true, bCleanupResources=true
[2025.03.26-06.20.45:132][594]LogSlate: InvalidateAllWidgets triggered.  All widgets were invalidated
[2025.03.26-06.20.45:154][594]LogPlayLevel: Display: Shutting down PIE online subsystems
[2025.03.26-06.20.45:171][594]LogSlate: InvalidateAllWidgets triggered.  All widgets were invalidated
[2025.03.26-06.20.45:203][594]LogAudio: Display: Audio Device unregistered from world 'None'.
[2025.03.26-06.20.45:203][594]LogAudioMixer: FMixerPlatformXAudio2::StopAudioStream() called
[2025.03.26-06.20.45:204][594]LogAudioMixer: FMixerPlatformXAudio2::StopAudioStream() called
[2025.03.26-06.20.45:208][594]LogSlate: Updating window title bar state: overlay mode, drag disabled, window buttons hidden, title bar hidden
[2025.03.26-06.20.45:214][594]LogUObjectHash: Compacting FUObjectHashTables data took   2.32ms
[2025.03.26-06.20.45:246][595]LogPlayLevel: Display: Destroying online subsystem :Context_49
[2025.03.26-06.20.46:010][630]LogTemp: Repeating last play command: Selected Viewport
[2025.03.26-06.20.46:018][630]LogPlayLevel: PlayLevel: No blueprints needed recompiling
[2025.03.26-06.20.46:018][630]PIE: New page: PIE session: ThirdPersonExampleMap (2025年3月26日 下午10:20:46)
[2025.03.26-06.20.46:018][630]LogPlayLevel: Creating play world package: /Game/ThirdPersonBP/Maps/UEDPIE_0_ThirdPersonExampleMap
[2025.03.26-06.20.46:038][630]LogPlayLevel: PIE: StaticDuplicateObject took: (0.020103s)
[2025.03.26-06.20.46:040][630]LogAIModule: Creating AISystem for world ThirdPersonExampleMap
[2025.03.26-06.20.46:040][630]LogPlayLevel: PIE: World Init took: (0.001548s)
[2025.03.26-06.20.46:040][630]LogPlayLevel: PIE: Created PIE world by copying editor world from /Game/ThirdPersonBP/Maps/ThirdPersonExampleMap.ThirdPersonExampleMap to /Game/ThirdPersonBP/Maps/UEDPIE_0_ThirdPersonExampleMap.ThirdPersonExampleMap (0.021910s)
[2025.03.26-06.20.46:078][630]LogUObjectHash: Compacting FUObjectHashTables data took   2.14ms
[2025.03.26-06.20.46:079][630]LogAudio: Display: Creating Audio Device:                 Id: 32, Scope: Unique, Realtime: True
[2025.03.26-06.20.46:080][630]LogAudioMixer: Display: Audio Mixer Platform Settings:
[2025.03.26-06.20.46:080][630]LogAudioMixer: Display: 	Sample Rate:						  48000
[2025.03.26-06.20.46:080][630]LogAudioMixer: Display: 	Callback Buffer Frame Size Requested: 1024
[2025.03.26-06.20.46:080][630]LogAudioMixer: Display: 	Callback Buffer Frame Size To Use:	  1024
[2025.03.26-06.20.46:080][630]LogAudioMixer: Display: 	Number of buffers to queue:			  2
[2025.03.26-06.20.46:080][630]LogAudioMixer: Display: 	Max Channels (voices):				  32
[2025.03.26-06.20.46:080][630]LogAudioMixer: Display: 	Number of Async Source Workers:		  0
[2025.03.26-06.20.46:080][630]LogAudio: Display: AudioDevice MaxSources: 32
[2025.03.26-06.20.46:080][630]LogAudio: Display: Audio Spatialization Plugin: None (built-in).
[2025.03.26-06.20.46:080][630]LogAudio: Display: Audio Reverb Plugin: None (built-in).
[2025.03.26-06.20.46:080][630]LogAudio: Display: Audio Occlusion Plugin: None (built-in).
[2025.03.26-06.20.46:080][630]LogAudioMixer: Display: Initializing audio mixer.
[2025.03.26-06.20.46:083][630]LogAudioMixer: Display: 0: FrontLeft
[2025.03.26-06.20.46:083][630]LogAudioMixer: Display: 1: FrontRight
[2025.03.26-06.20.46:121][630]LogAudioMixer: Display: Using Audio Device 扬声器 (适用于 I2S 音频的英特尔® 智音技术)
[2025.03.26-06.20.46:121][630]LogAudioMixer: Display: Initializing Sound Submixes...
[2025.03.26-06.20.46:121][630]LogAudioMixer: Display: Creating Master Submix 'MasterSubmixDefault'
[2025.03.26-06.20.46:121][630]LogAudioMixer: Display: Creating Master Submix 'MasterReverbSubmixDefault'
[2025.03.26-06.20.46:122][630]LogAudioMixer: Display: Creating Master Submix 'MasterEQSubmixDefault'
[2025.03.26-06.20.46:122][630]LogAudioMixer: FMixerPlatformXAudio2::StartAudioStream() called
[2025.03.26-06.20.46:122][630]LogAudioMixer: Display: Output buffers initialized: Frames=1024, Channels=2, Samples=2048
[2025.03.26-06.20.46:123][630]LogAudioMixer: Display: Starting AudioMixerPlatformInterface::RunInternal()
[2025.03.26-06.20.46:123][630]LogAudioMixer: Display: FMixerPlatformXAudio2::SubmitBuffer() called for the first time
[2025.03.26-06.20.46:123][630]LogInit: FAudioDevice initialized.
[2025.03.26-06.20.46:123][630]LogAudio: Display: Audio Device (ID: 32) registered with world 'ThirdPersonExampleMap'.
[2025.03.26-06.20.46:129][630]LogLoad: Game class is 'ThirdPersonGameMode_C'
[2025.03.26-06.20.46:133][630]LogWorld: Bringing World /Game/ThirdPersonBP/Maps/UEDPIE_0_ThirdPersonExampleMap.ThirdPersonExampleMap up for play (max tick rate 60) at 2025.03.26-14.20.46
[2025.03.26-06.20.46:133][630]LogWorld: Bringing up level for play took: 0.003102
[2025.03.26-06.20.46:133][630]LogOnline: OSS: Creating online subsystem instance for: :Context_51
[2025.03.26-06.20.46:135][630]PIE: Server logged in
[2025.03.26-06.20.46:136][630]PIE: Play in editor total start time 0.119 seconds.
[2025.03.26-06.20.55:040][154]LogSlate: Updating window title bar state: overlay mode, drag disabled, window buttons hidden, title bar hidden
[2025.03.26-06.20.55:040][154]LogWorld: BeginTearingDown for /Game/ThirdPersonBP/Maps/UEDPIE_0_ThirdPersonExampleMap
[2025.03.26-06.20.55:040][154]LogWorld: UWorld::CleanupWorld for ThirdPersonExampleMap, bSessionEnded=true, bCleanupResources=true
[2025.03.26-06.20.55:041][154]LogSlate: InvalidateAllWidgets triggered.  All widgets were invalidated
[2025.03.26-06.20.55:050][154]LogPlayLevel: Display: Shutting down PIE online subsystems
[2025.03.26-06.20.55:069][154]LogSlate: InvalidateAllWidgets triggered.  All widgets were invalidated
[2025.03.26-06.20.55:103][154]LogSlate: Updating window title bar state: overlay mode, drag disabled, window buttons hidden, title bar hidden
[2025.03.26-06.20.55:104][154]LogAudioMixer: FMixerPlatformXAudio2::StopAudioStream() called
[2025.03.26-06.20.55:105][154]LogAudioMixer: FMixerPlatformXAudio2::StopAudioStream() called
[2025.03.26-06.20.55:113][154]LogUObjectHash: Compacting FUObjectHashTables data took   2.33ms
[2025.03.26-06.20.55:144][155]LogPlayLevel: Display: Destroying online subsystem :Context_51
[2025.03.26-06.21.12:051][915]LogEditorViewport: Clicking on Actor (LMB): ThirdPersonCharacter_C (ThirdPersonCharacter)
[2025.03.26-06.21.25:701][336]Cmd: TRANSACTION UNDO
[2025.03.26-06.21.25:701][336]LogEditorTransaction: Undo Move Actors
[2025.03.26-06.21.38:468][729]LogTemp: Repeating last play command: Selected Viewport
[2025.03.26-06.21.38:477][729]LogPlayLevel: PlayLevel: No blueprints needed recompiling
[2025.03.26-06.21.38:478][729]PIE: New page: PIE session: ThirdPersonExampleMap (2025年3月26日 下午10:21:38)
[2025.03.26-06.21.38:478][729]LogPlayLevel: Creating play world package: /Game/ThirdPersonBP/Maps/UEDPIE_0_ThirdPersonExampleMap
[2025.03.26-06.21.38:506][729]LogPlayLevel: PIE: StaticDuplicateObject took: (0.028400s)
[2025.03.26-06.21.38:508][729]LogAIModule: Creating AISystem for world ThirdPersonExampleMap
[2025.03.26-06.21.38:508][729]LogPlayLevel: PIE: World Init took: (0.001652s)
[2025.03.26-06.21.38:508][729]LogPlayLevel: PIE: Created PIE world by copying editor world from /Game/ThirdPersonBP/Maps/ThirdPersonExampleMap.ThirdPersonExampleMap to /Game/ThirdPersonBP/Maps/UEDPIE_0_ThirdPersonExampleMap.ThirdPersonExampleMap (0.030380s)
[2025.03.26-06.21.38:552][729]LogUObjectHash: Compacting FUObjectHashTables data took   2.39ms
[2025.03.26-06.21.38:554][729]LogAudio: Display: Creating Audio Device:                 Id: 33, Scope: Unique, Realtime: True
[2025.03.26-06.21.38:555][729]LogAudioMixer: Display: Audio Mixer Platform Settings:
[2025.03.26-06.21.38:555][729]LogAudioMixer: Display: 	Sample Rate:						  48000
[2025.03.26-06.21.38:555][729]LogAudioMixer: Display: 	Callback Buffer Frame Size Requested: 1024
[2025.03.26-06.21.38:555][729]LogAudioMixer: Display: 	Callback Buffer Frame Size To Use:	  1024
[2025.03.26-06.21.38:555][729]LogAudioMixer: Display: 	Number of buffers to queue:			  2
[2025.03.26-06.21.38:555][729]LogAudioMixer: Display: 	Max Channels (voices):				  32
[2025.03.26-06.21.38:555][729]LogAudioMixer: Display: 	Number of Async Source Workers:		  0
[2025.03.26-06.21.38:555][729]LogAudio: Display: AudioDevice MaxSources: 32
[2025.03.26-06.21.38:555][729]LogAudio: Display: Audio Spatialization Plugin: None (built-in).
[2025.03.26-06.21.38:555][729]LogAudio: Display: Audio Reverb Plugin: None (built-in).
[2025.03.26-06.21.38:555][729]LogAudio: Display: Audio Occlusion Plugin: None (built-in).
[2025.03.26-06.21.38:555][729]LogAudioMixer: Display: Initializing audio mixer.
[2025.03.26-06.21.38:558][729]LogAudioMixer: Display: 0: FrontLeft
[2025.03.26-06.21.38:558][729]LogAudioMixer: Display: 1: FrontRight
[2025.03.26-06.21.38:592][729]LogAudioMixer: Display: Using Audio Device 扬声器 (适用于 I2S 音频的英特尔® 智音技术)
[2025.03.26-06.21.38:592][729]LogAudioMixer: Display: Initializing Sound Submixes...
[2025.03.26-06.21.38:592][729]LogAudioMixer: Display: Creating Master Submix 'MasterSubmixDefault'
[2025.03.26-06.21.38:592][729]LogAudioMixer: Display: Creating Master Submix 'MasterReverbSubmixDefault'
[2025.03.26-06.21.38:593][729]LogAudioMixer: Display: Creating Master Submix 'MasterEQSubmixDefault'
[2025.03.26-06.21.38:593][729]LogAudioMixer: FMixerPlatformXAudio2::StartAudioStream() called
[2025.03.26-06.21.38:593][729]LogAudioMixer: Display: Output buffers initialized: Frames=1024, Channels=2, Samples=2048
[2025.03.26-06.21.38:594][729]LogAudioMixer: Display: Starting AudioMixerPlatformInterface::RunInternal()
[2025.03.26-06.21.38:594][729]LogAudioMixer: Display: FMixerPlatformXAudio2::SubmitBuffer() called for the first time
[2025.03.26-06.21.38:594][729]LogInit: FAudioDevice initialized.
[2025.03.26-06.21.38:594][729]LogAudio: Display: Audio Device (ID: 33) registered with world 'ThirdPersonExampleMap'.
[2025.03.26-06.21.38:602][729]LogLoad: Game class is 'ThirdPersonGameMode_C'
[2025.03.26-06.21.38:606][729]LogWorld: Bringing World /Game/ThirdPersonBP/Maps/UEDPIE_0_ThirdPersonExampleMap.ThirdPersonExampleMap up for play (max tick rate 60) at 2025.03.26-14.21.38
[2025.03.26-06.21.38:606][729]LogWorld: Bringing up level for play took: 0.002754
[2025.03.26-06.21.38:606][729]LogOnline: OSS: Creating online subsystem instance for: :Context_52
[2025.03.26-06.21.38:609][729]PIE: Server logged in
[2025.03.26-06.21.38:610][729]PIE: Play in editor total start time 0.134 seconds.
[2025.03.26-06.21.49:880][383]LogSlate: Updating window title bar state: overlay mode, drag disabled, window buttons hidden, title bar hidden
[2025.03.26-06.21.49:880][383]LogWorld: BeginTearingDown for /Game/ThirdPersonBP/Maps/UEDPIE_0_ThirdPersonExampleMap
[2025.03.26-06.21.49:880][383]LogWorld: UWorld::CleanupWorld for ThirdPersonExampleMap, bSessionEnded=true, bCleanupResources=true
[2025.03.26-06.21.49:881][383]LogSlate: InvalidateAllWidgets triggered.  All widgets were invalidated
[2025.03.26-06.21.49:892][383]LogPlayLevel: Display: Shutting down PIE online subsystems
[2025.03.26-06.21.49:928][383]LogSlate: InvalidateAllWidgets triggered.  All widgets were invalidated
[2025.03.26-06.21.49:968][383]LogAudio: Display: Audio Device unregistered from world 'None'.
[2025.03.26-06.21.49:968][383]LogAudioMixer: FMixerPlatformXAudio2::StopAudioStream() called
[2025.03.26-06.21.49:969][383]LogAudioMixer: FMixerPlatformXAudio2::StopAudioStream() called
[2025.03.26-06.21.49:972][383]LogSlate: Updating window title bar state: overlay mode, drag disabled, window buttons hidden, title bar hidden
[2025.03.26-06.21.49:979][383]LogUObjectHash: Compacting FUObjectHashTables data took   4.92ms
[2025.03.26-06.21.50:021][384]LogPlayLevel: Display: Destroying online subsystem :Context_52
[2025.03.26-06.21.54:973][534]LogTemp: Repeating last play command: Selected Viewport
[2025.03.26-06.21.54:981][534]LogPlayLevel: PlayLevel: No blueprints needed recompiling
[2025.03.26-06.21.54:981][534]PIE: New page: PIE session: ThirdPersonExampleMap (2025年3月26日 下午10:21:54)
[2025.03.26-06.21.54:982][534]LogPlayLevel: Creating play world package: /Game/ThirdPersonBP/Maps/UEDPIE_0_ThirdPersonExampleMap
[2025.03.26-06.21.55:007][534]LogPlayLevel: PIE: StaticDuplicateObject took: (0.025685s)
[2025.03.26-06.21.55:009][534]LogAIModule: Creating AISystem for world ThirdPersonExampleMap
[2025.03.26-06.21.55:009][534]LogPlayLevel: PIE: World Init took: (0.002149s)
[2025.03.26-06.21.55:009][534]LogPlayLevel: PIE: Created PIE world by copying editor world from /Game/ThirdPersonBP/Maps/ThirdPersonExampleMap.ThirdPersonExampleMap to /Game/ThirdPersonBP/Maps/UEDPIE_0_ThirdPersonExampleMap.ThirdPersonExampleMap (0.028165s)
[2025.03.26-06.21.55:055][534]LogUObjectHash: Compacting FUObjectHashTables data took   2.27ms
[2025.03.26-06.21.55:056][534]LogAudio: Display: Creating Audio Device:                 Id: 34, Scope: Unique, Realtime: True
[2025.03.26-06.21.55:056][534]LogAudioMixer: Display: Audio Mixer Platform Settings:
[2025.03.26-06.21.55:056][534]LogAudioMixer: Display: 	Sample Rate:						  48000
[2025.03.26-06.21.55:056][534]LogAudioMixer: Display: 	Callback Buffer Frame Size Requested: 1024
[2025.03.26-06.21.55:056][534]LogAudioMixer: Display: 	Callback Buffer Frame Size To Use:	  1024
[2025.03.26-06.21.55:056][534]LogAudioMixer: Display: 	Number of buffers to queue:			  2
[2025.03.26-06.21.55:056][534]LogAudioMixer: Display: 	Max Channels (voices):				  32
[2025.03.26-06.21.55:056][534]LogAudioMixer: Display: 	Number of Async Source Workers:		  0
[2025.03.26-06.21.55:056][534]LogAudio: Display: AudioDevice MaxSources: 32
[2025.03.26-06.21.55:057][534]LogAudio: Display: Audio Spatialization Plugin: None (built-in).
[2025.03.26-06.21.55:057][534]LogAudio: Display: Audio Reverb Plugin: None (built-in).
[2025.03.26-06.21.55:057][534]LogAudio: Display: Audio Occlusion Plugin: None (built-in).
[2025.03.26-06.21.55:057][534]LogAudioMixer: Display: Initializing audio mixer.
[2025.03.26-06.21.55:059][534]LogAudioMixer: Display: 0: FrontLeft
[2025.03.26-06.21.55:059][534]LogAudioMixer: Display: 1: FrontRight
[2025.03.26-06.21.55:100][534]LogAudioMixer: Display: Using Audio Device 扬声器 (适用于 I2S 音频的英特尔® 智音技术)
[2025.03.26-06.21.55:100][534]LogAudioMixer: Display: Initializing Sound Submixes...
[2025.03.26-06.21.55:100][534]LogAudioMixer: Display: Creating Master Submix 'MasterSubmixDefault'
[2025.03.26-06.21.55:100][534]LogAudioMixer: Display: Creating Master Submix 'MasterReverbSubmixDefault'
[2025.03.26-06.21.55:100][534]LogAudioMixer: Display: Creating Master Submix 'MasterEQSubmixDefault'
[2025.03.26-06.21.55:100][534]LogAudioMixer: FMixerPlatformXAudio2::StartAudioStream() called
[2025.03.26-06.21.55:100][534]LogAudioMixer: Display: Output buffers initialized: Frames=1024, Channels=2, Samples=2048
[2025.03.26-06.21.55:101][534]LogAudioMixer: Display: Starting AudioMixerPlatformInterface::RunInternal()
[2025.03.26-06.21.55:101][534]LogAudioMixer: Display: FMixerPlatformXAudio2::SubmitBuffer() called for the first time
[2025.03.26-06.21.55:101][534]LogInit: FAudioDevice initialized.
[2025.03.26-06.21.55:101][534]LogAudio: Display: Audio Device (ID: 34) registered with world 'ThirdPersonExampleMap'.
[2025.03.26-06.21.55:107][534]LogLoad: Game class is 'ThirdPersonGameMode_C'
[2025.03.26-06.21.55:111][534]LogWorld: Bringing World /Game/ThirdPersonBP/Maps/UEDPIE_0_ThirdPersonExampleMap.ThirdPersonExampleMap up for play (max tick rate 60) at 2025.03.26-14.21.55
[2025.03.26-06.21.55:111][534]LogWorld: Bringing up level for play took: 0.003076
[2025.03.26-06.21.55:111][534]LogOnline: OSS: Creating online subsystem instance for: :Context_53
[2025.03.26-06.21.55:115][534]PIE: Server logged in
[2025.03.26-06.21.55:115][534]PIE: Play in editor total start time 0.136 seconds.
[2025.03.26-06.22.24:839][279]LogSlate: Updating window title bar state: overlay mode, drag disabled, window buttons hidden, title bar hidden
[2025.03.26-06.22.24:839][279]LogWorld: BeginTearingDown for /Game/ThirdPersonBP/Maps/UEDPIE_0_ThirdPersonExampleMap
[2025.03.26-06.22.24:840][279]LogWorld: UWorld::CleanupWorld for ThirdPersonExampleMap, bSessionEnded=true, bCleanupResources=true
[2025.03.26-06.22.24:840][279]LogSlate: InvalidateAllWidgets triggered.  All widgets were invalidated
[2025.03.26-06.22.24:853][279]LogPlayLevel: Display: Shutting down PIE online subsystems
[2025.03.26-06.22.24:892][279]LogSlate: InvalidateAllWidgets triggered.  All widgets were invalidated
[2025.03.26-06.22.24:923][279]LogSlate: Updating window title bar state: overlay mode, drag disabled, window buttons hidden, title bar hidden
[2025.03.26-06.22.24:924][279]LogAudioMixer: FMixerPlatformXAudio2::StopAudioStream() called
[2025.03.26-06.22.24:925][279]LogAudioMixer: FMixerPlatformXAudio2::StopAudioStream() called
[2025.03.26-06.22.24:934][279]LogUObjectHash: Compacting FUObjectHashTables data took   2.31ms
[2025.03.26-06.22.25:008][280]LogPlayLevel: Display: Destroying online subsystem :Context_53
[2025.03.26-06.22.46:906][  3]BlueprintLog: New page: Compile ThirdPersonExampleMap
[2025.03.26-06.22.46:996][  3]LogUObjectHash: Compacting FUObjectHashTables data took   3.80ms
[2025.03.26-06.24.01:295][174]Cmd: CAMERA ALIGN ACTIVEVIEWPORTONLY
[2025.03.26-06.24.21:254][779]LogEditorViewport: Clicking on Actor (context menu): StaticMeshActor (Wall13)
[2025.03.26-06.24.21:688][791]LogEditorViewport: Clicking on Actor (LMB): StaticMeshActor (Wall13)
[2025.03.26-06.24.25:786][947]LogEditorViewport: Clicking on Actor (LMB): StaticMeshActor (Wall13)
[2025.03.26-06.24.26:470][975]Cmd: TRANSACTION UNDO
[2025.03.26-06.24.26:470][975]LogEditorTransaction: Undo Clicking on Actors
[2025.03.26-06.24.28:581][ 34]Cmd: TRANSACTION UNDO
[2025.03.26-06.24.28:581][ 34]LogEditorTransaction: Undo Clicking on Actors
[2025.03.26-06.24.29:817][ 70]Cmd: TRANSACTION UNDO
[2025.03.26-06.24.29:817][ 70]LogEditorTransaction: Undo Clicking on Actors
[2025.03.26-06.24.30:740][107]Cmd: TRANSACTION UNDO
[2025.03.26-06.24.30:741][107]LogEditorTransaction: Undo Clicking on Actors (context menu)
[2025.03.26-06.24.31:831][139]Cmd: TRANSACTION UNDO
[2025.03.26-06.24.31:831][139]LogEditorTransaction: Undo Clicking on Actors
[2025.03.26-06.24.33:353][184]Cmd: TRANSACTION UNDO
[2025.03.26-06.24.33:353][184]LogEditorTransaction: Undo Move Actors
[2025.03.26-06.24.34:570][221]Cmd: TRANSACTION UNDO
[2025.03.26-06.24.34:570][221]LogEditorTransaction: Undo Clicking on Actors
[2025.03.26-06.24.36:155][292]Cmd: TRANSACTION UNDO
[2025.03.26-06.24.36:155][292]LogEditorTransaction: Undo Set Location
[2025.03.26-06.24.36:773][319]Cmd: TRANSACTION UNDO
[2025.03.26-06.24.36:773][319]LogEditorTransaction: Undo Clicking on Actors
[2025.03.26-06.24.37:871][352]Cmd: TRANSACTION UNDO
[2025.03.26-06.24.37:872][352]LogEditorTransaction: Undo Set Location
[2025.03.26-06.24.38:867][382]Cmd: TRANSACTION UNDO
[2025.03.26-06.24.38:867][382]LogEditorTransaction: Undo Set Location
[2025.03.26-06.24.44:162][541]Cmd: CAMERA ALIGN ACTIVEVIEWPORTONLY
[2025.03.26-06.24.46:109][599]Cmd: CAMERA ALIGN ACTIVEVIEWPORTONLY
[2025.03.26-06.24.50:570][725]LogEditorViewport: Clicking on Actor (LMB): ThirdPersonCharacter_C (ThirdPersonCharacter2)
[2025.03.26-06.25.26:564][749]Cmd: CAMERA ALIGN ACTIVEVIEWPORTONLY
[2025.03.26-06.25.43:610][283]Cmd: CAMERA ALIGN ACTIVEVIEWPORTONLY
[2025.03.26-06.26.23:363][541]LogTemp: Repeating last play command: Selected Viewport
[2025.03.26-06.26.23:372][541]LogPlayLevel: PlayLevel: No blueprints needed recompiling
[2025.03.26-06.26.23:372][541]PIE: New page: PIE session: ThirdPersonExampleMap (2025年3月26日 下午10:26:23)
[2025.03.26-06.26.23:372][541]LogPlayLevel: Creating play world package: /Game/ThirdPersonBP/Maps/UEDPIE_0_ThirdPersonExampleMap
[2025.03.26-06.26.23:402][541]LogPlayLevel: PIE: StaticDuplicateObject took: (0.030021s)
[2025.03.26-06.26.23:404][541]LogAIModule: Creating AISystem for world ThirdPersonExampleMap
[2025.03.26-06.26.23:404][541]LogPlayLevel: PIE: World Init took: (0.002461s)
[2025.03.26-06.26.23:405][541]LogPlayLevel: PIE: Created PIE world by copying editor world from /Game/ThirdPersonBP/Maps/ThirdPersonExampleMap.ThirdPersonExampleMap to /Game/ThirdPersonBP/Maps/UEDPIE_0_ThirdPersonExampleMap.ThirdPersonExampleMap (0.032812s)
[2025.03.26-06.26.23:465][541]LogUObjectHash: Compacting FUObjectHashTables data took   2.92ms
[2025.03.26-06.26.23:470][541]LogAudio: Display: Creating Audio Device:                 Id: 35, Scope: Unique, Realtime: True
[2025.03.26-06.26.23:470][541]LogAudioMixer: Display: Audio Mixer Platform Settings:
[2025.03.26-06.26.23:470][541]LogAudioMixer: Display: 	Sample Rate:						  48000
[2025.03.26-06.26.23:470][541]LogAudioMixer: Display: 	Callback Buffer Frame Size Requested: 1024
[2025.03.26-06.26.23:470][541]LogAudioMixer: Display: 	Callback Buffer Frame Size To Use:	  1024
[2025.03.26-06.26.23:470][541]LogAudioMixer: Display: 	Number of buffers to queue:			  2
[2025.03.26-06.26.23:470][541]LogAudioMixer: Display: 	Max Channels (voices):				  32
[2025.03.26-06.26.23:470][541]LogAudioMixer: Display: 	Number of Async Source Workers:		  0
[2025.03.26-06.26.23:470][541]LogAudio: Display: AudioDevice MaxSources: 32
[2025.03.26-06.26.23:470][541]LogAudio: Display: Audio Spatialization Plugin: None (built-in).
[2025.03.26-06.26.23:470][541]LogAudio: Display: Audio Reverb Plugin: None (built-in).
[2025.03.26-06.26.23:470][541]LogAudio: Display: Audio Occlusion Plugin: None (built-in).
[2025.03.26-06.26.23:470][541]LogAudioMixer: Display: Initializing audio mixer.
[2025.03.26-06.26.23:473][541]LogAudioMixer: Display: 0: FrontLeft
[2025.03.26-06.26.23:473][541]LogAudioMixer: Display: 1: FrontRight
[2025.03.26-06.26.23:510][541]LogAudioMixer: Display: Using Audio Device 扬声器 (适用于 I2S 音频的英特尔® 智音技术)
[2025.03.26-06.26.23:510][541]LogAudioMixer: Display: Initializing Sound Submixes...
[2025.03.26-06.26.23:510][541]LogAudioMixer: Display: Creating Master Submix 'MasterSubmixDefault'
[2025.03.26-06.26.23:510][541]LogAudioMixer: Display: Creating Master Submix 'MasterReverbSubmixDefault'
[2025.03.26-06.26.23:510][541]LogAudioMixer: Display: Creating Master Submix 'MasterEQSubmixDefault'
[2025.03.26-06.26.23:511][541]LogAudioMixer: FMixerPlatformXAudio2::StartAudioStream() called
[2025.03.26-06.26.23:511][541]LogAudioMixer: Display: Output buffers initialized: Frames=1024, Channels=2, Samples=2048
[2025.03.26-06.26.23:511][541]LogAudioMixer: Display: Starting AudioMixerPlatformInterface::RunInternal()
[2025.03.26-06.26.23:511][541]LogAudioMixer: Display: FMixerPlatformXAudio2::SubmitBuffer() called for the first time
[2025.03.26-06.26.23:511][541]LogInit: FAudioDevice initialized.
[2025.03.26-06.26.23:511][541]LogAudio: Display: Audio Device (ID: 35) registered with world 'ThirdPersonExampleMap'.
[2025.03.26-06.26.23:524][541]LogLoad: Game class is 'ThirdPersonGameMode_C'
[2025.03.26-06.26.23:528][541]LogWorld: Bringing World /Game/ThirdPersonBP/Maps/UEDPIE_0_ThirdPersonExampleMap.ThirdPersonExampleMap up for play (max tick rate 60) at 2025.03.26-14.26.23
[2025.03.26-06.26.23:528][541]LogWorld: Bringing up level for play took: 0.003116
[2025.03.26-06.26.23:528][541]LogOnline: OSS: Creating online subsystem instance for: :Context_54
[2025.03.26-06.26.23:531][541]PIE: Server logged in
[2025.03.26-06.26.23:532][541]PIE: Play in editor total start time 0.161 seconds.
[2025.03.26-06.27.07:768][250]Cmd: ce passLevel
[2025.03.26-06.27.08:632][296]Cmd: ce passLevel
[2025.03.26-06.27.09:586][346]Cmd: ce passLevel
[2025.03.26-06.27.14:732][629]Cmd: ce passLevel
[2025.03.26-06.27.15:533][675]Cmd: ce passLevel
[2025.03.26-06.27.16:551][733]Cmd: ce passLevel
[2025.03.26-06.27.54:644][792]Cmd: ce  ForwardMove 100
[2025.03.26-06.27.54:752][798]Cmd: ce  ForwardMove 100
[2025.03.26-06.27.56:679][901]LogSlate: Updating window title bar state: overlay mode, drag disabled, window buttons hidden, title bar hidden
[2025.03.26-06.27.56:679][901]LogWorld: BeginTearingDown for /Game/ThirdPersonBP/Maps/UEDPIE_0_ThirdPersonExampleMap
[2025.03.26-06.27.56:679][901]LogWorld: UWorld::CleanupWorld for ThirdPersonExampleMap, bSessionEnded=true, bCleanupResources=true
[2025.03.26-06.27.56:680][901]LogSlate: InvalidateAllWidgets triggered.  All widgets were invalidated
[2025.03.26-06.27.56:698][901]LogPlayLevel: Display: Shutting down PIE online subsystems
[2025.03.26-06.27.56:739][901]LogSlate: InvalidateAllWidgets triggered.  All widgets were invalidated
[2025.03.26-06.27.56:781][901]LogAudio: Display: Audio Device unregistered from world 'None'.
[2025.03.26-06.27.56:781][901]LogAudioMixer: FMixerPlatformXAudio2::StopAudioStream() called
[2025.03.26-06.27.56:782][901]LogAudioMixer: FMixerPlatformXAudio2::StopAudioStream() called
[2025.03.26-06.27.56:787][901]LogSlate: Updating window title bar state: overlay mode, drag disabled, window buttons hidden, title bar hidden
[2025.03.26-06.27.56:792][901]LogUObjectHash: Compacting FUObjectHashTables data took   3.81ms
[2025.03.26-06.27.56:846][902]LogPlayLevel: Display: Destroying online subsystem :Context_54
[2025.03.26-06.33.35:549][966]LogUObjectHash: Compacting FUObjectHashTables data took   4.31ms
[2025.03.26-06.33.35:584][966]LogSavePackage: Moving '../../../../../../project/UE/room_escape/Saved/ThirdPersonExampleMap_Auto1B39E8E414C98F22D0A61BE850383C07C.tmp' to '../../../../../../project/UE/room_escape/Saved/Autosaves/Game/ThirdPersonBP/Maps/ThirdPersonExampleMap_Auto1.umap'
[2025.03.26-06.33.35:586][966]LogFileHelpers: Editor autosave (incl. external actors) for '/Game/ThirdPersonBP/Maps/ThirdPersonExampleMap' took 0.082
[2025.03.26-06.33.35:586][966]LogFileHelpers: Editor autosave (incl. sublevels & external actors) for all levels took 0.082
[2025.03.26-06.34.35:562][984]LogTemp: Repeating last play command: Selected Viewport
[2025.03.26-06.34.35:569][984]LogPlayLevel: PlayLevel: No blueprints needed recompiling
[2025.03.26-06.34.35:570][984]PIE: New page: PIE session: ThirdPersonExampleMap (2025年3月26日 下午10:34:35)
[2025.03.26-06.34.35:570][984]LogPlayLevel: Creating play world package: /Game/ThirdPersonBP/Maps/UEDPIE_0_ThirdPersonExampleMap
[2025.03.26-06.34.35:595][984]LogPlayLevel: PIE: StaticDuplicateObject took: (0.023957s)
[2025.03.26-06.34.35:596][984]LogAIModule: Creating AISystem for world ThirdPersonExampleMap
[2025.03.26-06.34.35:596][984]LogPlayLevel: PIE: World Init took: (0.001477s)
[2025.03.26-06.34.35:596][984]LogPlayLevel: PIE: Created PIE world by copying editor world from /Game/ThirdPersonBP/Maps/ThirdPersonExampleMap.ThirdPersonExampleMap to /Game/ThirdPersonBP/Maps/UEDPIE_0_ThirdPersonExampleMap.ThirdPersonExampleMap (0.025740s)
[2025.03.26-06.34.35:639][984]LogUObjectHash: Compacting FUObjectHashTables data took   2.18ms
[2025.03.26-06.34.35:642][984]LogAudio: Display: Creating Audio Device:                 Id: 36, Scope: Unique, Realtime: True
[2025.03.26-06.34.35:642][984]LogAudioMixer: Display: Audio Mixer Platform Settings:
[2025.03.26-06.34.35:642][984]LogAudioMixer: Display: 	Sample Rate:						  48000
[2025.03.26-06.34.35:642][984]LogAudioMixer: Display: 	Callback Buffer Frame Size Requested: 1024
[2025.03.26-06.34.35:642][984]LogAudioMixer: Display: 	Callback Buffer Frame Size To Use:	  1024
[2025.03.26-06.34.35:642][984]LogAudioMixer: Display: 	Number of buffers to queue:			  2
[2025.03.26-06.34.35:642][984]LogAudioMixer: Display: 	Max Channels (voices):				  32
[2025.03.26-06.34.35:642][984]LogAudioMixer: Display: 	Number of Async Source Workers:		  0
[2025.03.26-06.34.35:642][984]LogAudio: Display: AudioDevice MaxSources: 32
[2025.03.26-06.34.35:642][984]LogAudio: Display: Audio Spatialization Plugin: None (built-in).
[2025.03.26-06.34.35:642][984]LogAudio: Display: Audio Reverb Plugin: None (built-in).
[2025.03.26-06.34.35:642][984]LogAudio: Display: Audio Occlusion Plugin: None (built-in).
[2025.03.26-06.34.35:642][984]LogAudioMixer: Display: Initializing audio mixer.
[2025.03.26-06.34.35:646][984]LogAudioMixer: Display: 0: FrontLeft
[2025.03.26-06.34.35:646][984]LogAudioMixer: Display: 1: FrontRight
[2025.03.26-06.34.35:680][984]LogAudioMixer: Display: Using Audio Device 扬声器 (适用于 I2S 音频的英特尔® 智音技术)
[2025.03.26-06.34.35:680][984]LogAudioMixer: Display: Initializing Sound Submixes...
[2025.03.26-06.34.35:680][984]LogAudioMixer: Display: Creating Master Submix 'MasterSubmixDefault'
[2025.03.26-06.34.35:680][984]LogAudioMixer: Display: Creating Master Submix 'MasterReverbSubmixDefault'
[2025.03.26-06.34.35:681][984]LogAudioMixer: Display: Creating Master Submix 'MasterEQSubmixDefault'
[2025.03.26-06.34.35:681][984]LogAudioMixer: FMixerPlatformXAudio2::StartAudioStream() called
[2025.03.26-06.34.35:681][984]LogAudioMixer: Display: Output buffers initialized: Frames=1024, Channels=2, Samples=2048
[2025.03.26-06.34.35:682][984]LogAudioMixer: Display: Starting AudioMixerPlatformInterface::RunInternal()
[2025.03.26-06.34.35:682][984]LogAudioMixer: Display: FMixerPlatformXAudio2::SubmitBuffer() called for the first time
[2025.03.26-06.34.35:682][984]LogInit: FAudioDevice initialized.
[2025.03.26-06.34.35:682][984]LogAudio: Display: Audio Device (ID: 36) registered with world 'ThirdPersonExampleMap'.
[2025.03.26-06.34.35:694][984]LogLoad: Game class is 'ThirdPersonGameMode_C'
[2025.03.26-06.34.35:696][984]LogWorld: Bringing World /Game/ThirdPersonBP/Maps/UEDPIE_0_ThirdPersonExampleMap.ThirdPersonExampleMap up for play (max tick rate 60) at 2025.03.26-14.34.35
[2025.03.26-06.34.35:696][984]LogWorld: Bringing up level for play took: 0.002515
[2025.03.26-06.34.35:697][984]LogOnline: OSS: Creating online subsystem instance for: :Context_55
[2025.03.26-06.34.35:699][984]PIE: Server logged in
[2025.03.26-06.34.35:700][984]PIE: Play in editor total start time 0.131 seconds.
[2025.03.26-06.34.44:465][495]LogSlate: Updating window title bar state: overlay mode, drag disabled, window buttons hidden, title bar hidden
[2025.03.26-06.34.44:465][495]LogWorld: BeginTearingDown for /Game/ThirdPersonBP/Maps/UEDPIE_0_ThirdPersonExampleMap
[2025.03.26-06.34.44:465][495]LogWorld: UWorld::CleanupWorld for ThirdPersonExampleMap, bSessionEnded=true, bCleanupResources=true
[2025.03.26-06.34.44:466][495]LogSlate: InvalidateAllWidgets triggered.  All widgets were invalidated
[2025.03.26-06.34.44:477][495]LogPlayLevel: Display: Shutting down PIE online subsystems
[2025.03.26-06.34.44:512][495]LogSlate: InvalidateAllWidgets triggered.  All widgets were invalidated
[2025.03.26-06.34.44:543][495]LogSlate: Updating window title bar state: overlay mode, drag disabled, window buttons hidden, title bar hidden
[2025.03.26-06.34.44:544][495]LogAudioMixer: FMixerPlatformXAudio2::StopAudioStream() called
[2025.03.26-06.34.44:545][495]LogAudioMixer: FMixerPlatformXAudio2::StopAudioStream() called
[2025.03.26-06.34.44:552][495]LogUObjectHash: Compacting FUObjectHashTables data took   1.86ms
[2025.03.26-06.34.44:588][496]LogPlayLevel: Display: Destroying online subsystem :Context_55
[2025.03.26-06.34.49:231][630]Cmd: CAMERA ALIGN ACTIVEVIEWPORTONLY
[2025.03.26-06.34.50:848][670]LogUObjectHash: Compacting FUObjectHashTables data took   2.55ms
[2025.03.26-06.34.52:254][670]LogSlate: Window 'Save Content' being destroyed
[2025.03.26-06.34.52:327][670]LogUObjectHash: Compacting FUObjectHashTables data took   0.64ms
[2025.03.26-06.34.52:364][670]LogSavePackage: Moving '../../../../../../project/UE/room_escape/Saved/ThirdPersonExampleMap8166F3F44295B7FD9892528FB7F171C0.tmp' to '../../../../../../project/UE/room_escape/Content/ThirdPersonBP/Maps/ThirdPersonExampleMap.umap'
[2025.03.26-06.34.52:379][670]LogFileHelpers: Saving map 'ThirdPersonExampleMap' took 0.089
[2025.03.26-06.34.52:406][670]AssetCheck: New page: Asset Save: ThirdPersonExampleMap
[2025.03.26-06.34.52:406][670]LogContentValidation: Display: Validating World /Game/ThirdPersonBP/Maps/ThirdPersonExampleMap.ThirdPersonExampleMap
[2025.03.26-06.54.40:842][556]LogEditorViewport: Clicking on Actor (context menu): StaticMeshActor (Wall7)
[2025.03.26-06.54.41:691][578]LogEditorViewport: Clicking on Actor (context menu): StaticMeshActor (Wall7)
[2025.03.26-06.54.47:091][737]Cmd: CAMERA ALIGN ACTIVEVIEWPORTONLY
[2025.03.26-06.54.51:445][840]Cmd: CAMERA ALIGN ACTIVEVIEWPORTONLY
[2025.03.26-06.54.56:159][952]Cmd: CAMERA ALIGN ACTIVEVIEWPORTONLY
[2025.03.26-07.19.54:010][828]LogAudioMixer: Warning: Changing default audio render device to new device: {0.0.0.00000000}.{28889e13-a039-4157-b81b-f8eed91d53ed}.
[2025.03.26-07.19.54:010][828]LogAudioMixer: Resetting audio stream to device id 
[2025.03.26-07.19.54:050][828]LogAudioMixer: Display: 0: FrontLeft
[2025.03.26-07.19.54:050][828]LogAudioMixer: Display: 1: FrontRight
[2025.03.26-07.20.09:326][867]LogD3D11RHI: Timed out while waiting for GPU to catch up. (0.5 s) (ErrorCode 00000001) (00000000)
[2025.03.26-07.20.28:779][925]LogD3D11RHI: Timed out while waiting for GPU to catch up. (0.5 s) (ErrorCode 00000001) (00000000)
[2025.03.26-07.20.46:557][978]LogD3D11RHI: Timed out while waiting for GPU to catch up. (0.5 s) (ErrorCode 00000001) (00000000)
[2025.03.26-07.21.52:643][175]LogD3D11RHI: Timed out while waiting for GPU to catch up. (0.5 s) (ErrorCode 00000001) (00000000)
[2025.03.26-07.22.58:045][370]LogD3D11RHI: Timed out while waiting for GPU to catch up. (0.5 s) (ErrorCode 00000001) (00000000)
[2025.03.26-07.23.13:794][417]LogD3D11RHI: Timed out while waiting for GPU to catch up. (0.5 s) (ErrorCode 00000001) (00000000)
[2025.03.26-07.24.02:417][561]LogD3D11RHI: Timed out while waiting for GPU to catch up. (0.5 s) (ErrorCode 00000001) (00000000)
[2025.03.26-07.24.08:436][566]LogAudioMixer: Warning: Changing default audio render device to new device: {0.0.0.00000000}.{9cd014f6-e44b-4026-ac05-e666d50ce081}.
[2025.03.26-07.24.08:436][566]LogAudioMixer: Resetting audio stream to device id 
[2025.03.26-07.24.08:502][566]LogAudioMixer: Display: 0: FrontLeft
[2025.03.26-07.24.08:502][566]LogAudioMixer: Display: 1: FrontRight
[2025.03.26-07.32.03:552][997]LogPackageLocalizationCache: Processed 27 localized package path(s) for 2 prioritized culture(s) in 0.695523 seconds
[2025.03.26-07.32.03:552][997]LogSlate: FontCache flush requested. Reason: Culture for localization was changed
[2025.03.26-07.32.03:552][997]LogSlate: FontCache flush requested. Reason: Culture for localization was changed
[2025.03.26-07.32.04:511][997]LogTextLocalizationResource: LocRes '../../../Engine/Content/Localization/Editor/zh/Editor.locres' could not be opened for reading!
[2025.03.26-07.32.04:511][997]LogTextLocalizationResource: LocRes '../../../Engine/Content/Localization/EditorTutorials/zh/EditorTutorials.locres' could not be opened for reading!
[2025.03.26-07.32.04:511][997]LogTextLocalizationResource: LocRes '../../../Engine/Content/Localization/Keywords/zh/Keywords.locres' could not be opened for reading!
[2025.03.26-07.32.04:511][997]LogTextLocalizationResource: LocRes '../../../Engine/Content/Localization/Category/zh/Category.locres' could not be opened for reading!
[2025.03.26-07.32.04:512][997]LogTextLocalizationResource: LocRes '../../../Engine/Content/Localization/ToolTips/zh/ToolTips.locres' could not be opened for reading!
[2025.03.26-07.32.04:512][997]LogTextLocalizationResource: LocRes '../../../Engine/Content/Localization/PropertyNames/zh/PropertyNames.locres' could not be opened for reading!
[2025.03.26-07.32.04:512][997]LogTextLocalizationResource: LocRes '../../../Engine/Content/Localization/Engine/zh/Engine.locres' could not be opened for reading!
[2025.03.26-07.32.04:512][997]LogTextLocalizationResource: LocRes '../../../Engine/Plugins/Online/OnlineSubsystem/Content/Localization/OnlineSubsystem/zh/OnlineSubsystem.locres' could not be opened for reading!
[2025.03.26-07.32.04:512][997]LogTextLocalizationResource: LocRes '../../../Engine/Plugins/Online/OnlineSubsystemUtils/Content/Localization/OnlineSubsystemUtils/zh/OnlineSubsystemUtils.locres' could not be opened for reading!
[2025.03.26-07.32.04:512][997]LogTextLocalizationResource: LocRes '../../../Engine/Plugins/Online/IOS/OnlineSubsystemIOS/Content/Localization/OnlineSubsystemIOS/zh/OnlineSubsystemIOS.locres' could not be opened for reading!
[2025.03.26-07.32.04:512][997]LogTextLocalizationResource: LocRes '../../../Engine/Plugins/Online/Android/OnlineSubsystemGooglePlay/Content/Localization/OnlineSubsystemGooglePlay/zh/OnlineSubsystemGooglePlay.locres' could not be opened for reading!
[2025.03.26-07.32.04:783][997]LogSlate: InvalidateAllWidgets triggered.  All widgets were invalidated
[2025.03.26-07.32.04:820][998]LogSlate: Took 0.001984 seconds to synchronously load lazily loaded font '../../../Engine/Content/Slate/Fonts/Roboto-Regular.ttf' (155K)
[2025.03.26-07.32.04:827][998]LogSlate: Took 0.001547 seconds to synchronously load lazily loaded font '../../../Engine/Content/Slate/Fonts/Roboto-Bold.ttf' (160K)
[2025.03.26-07.32.04:838][998]LogSlate: Took 0.010532 seconds to synchronously load lazily loaded font '../../../Engine/Content/Slate/Fonts/DroidSansFallback.ttf' (3848K)
[2025.03.26-07.32.04:842][998]LogSlate: Took 0.002574 seconds to synchronously load lazily loaded font '../../../Engine/Content/Slate/Fonts/Roboto-Italic.ttf' (157K)
[2025.03.26-07.32.04:849][998]LogSlate: Took 0.002687 seconds to synchronously load lazily loaded font '../../../Engine/Content/Editor/Slate/Fonts/FontAwesome.ttf' (139K)
[2025.03.26-07.32.04:874][998]LogSlate: Took 0.001212 seconds to synchronously load lazily loaded font '../../../Engine/Content/Slate/Fonts/Roboto-BoldCondensed.ttf' (158K)
[2025.03.26-07.32.04:876][998]LogSlate: Took 0.001244 seconds to synchronously load lazily loaded font '../../../Engine/Content/Slate/Fonts/DroidSansMono.ttf' (77K)
[2025.03.26-07.32.06:209][ 35]LogSlate: Window '编辑器偏好设置' being destroyed
[2025.03.26-07.32.06:251][ 35]LogSlate: Window '编辑器偏好设置' being destroyed
[2025.03.26-07.32.09:504][115]LogSlate: Window '教程' being destroyed
[2025.03.26-07.32.19:112][318]LogSlate: Window 'ThirdPersonExampleMap' being destroyed
[2025.03.26-07.32.19:118][318]LogSlate: Window 'ThirdPersonExampleMap' being destroyed
[2025.03.26-07.32.19:131][318]LogActorComponent: UnregisterComponent: (/Engine/Transient.EditorFloorComp) Not registered. Aborting.
[2025.03.26-07.32.19:131][318]LogWorld: UWorld::CleanupWorld for World_9, bSessionEnded=true, bCleanupResources=true
[2025.03.26-07.32.19:131][318]LogSlate: InvalidateAllWidgets triggered.  All widgets were invalidated
[2025.03.26-07.32.19:532][318]LogActorComponent: UnregisterComponent: (/Engine/Transient.EditorFloorComp) Not registered. Aborting.
[2025.03.26-07.32.19:532][318]LogWorld: UWorld::CleanupWorld for World_8, bSessionEnded=true, bCleanupResources=true
[2025.03.26-07.32.19:532][318]LogSlate: InvalidateAllWidgets triggered.  All widgets were invalidated
[2025.03.26-07.32.19:764][318]LogActorComponent: UnregisterComponent: (/Engine/Transient.EditorFloorComp) Not registered. Aborting.
[2025.03.26-07.32.19:764][318]LogWorld: UWorld::CleanupWorld for World_4, bSessionEnded=true, bCleanupResources=true
[2025.03.26-07.32.19:765][318]LogSlate: InvalidateAllWidgets triggered.  All widgets were invalidated
[2025.03.26-07.32.20:126][318]LogActorComponent: UnregisterComponent: (/Engine/Transient.EditorFloorComp) Not registered. Aborting.
[2025.03.26-07.32.20:127][318]LogWorld: UWorld::CleanupWorld for World_6, bSessionEnded=true, bCleanupResources=true
[2025.03.26-07.32.20:127][318]LogSlate: InvalidateAllWidgets triggered.  All widgets were invalidated
[2025.03.26-07.32.20:369][318]LogWorld: UWorld::CleanupWorld for World_19, bSessionEnded=true, bCleanupResources=true
[2025.03.26-07.32.20:369][318]LogSlate: InvalidateAllWidgets triggered.  All widgets were invalidated
[2025.03.26-07.32.21:539][329]LogUObjectHash: Compacting FUObjectHashTables data took  18.46ms
[2025.03.26-07.32.22:792][353]LogUObjectHash: Compacting FUObjectHashTables data took   9.78ms
[2025.03.26-07.32.32:692][623]LogUObjectGlobals: Warning: 寻找对象“Object 无.LevelToolbarPlay”失败
[2025.03.26-07.32.40:084][836]LogSlate: Window '教程' being destroyed
[2025.03.26-07.33.04:203][555]LogUObjectGlobals: Warning: 寻找对象“Object 无.ActorDetails”失败
[2025.03.26-07.33.30:883][341]LogSlate: Window '教程' being destroyed
[2025.03.26-07.34.40:826][237]LogUObjectGlobals: Warning: 寻找对象“Object 无.ContentBrowser”失败
[2025.03.26-07.35.08:449][ 69]LogSlate: Window '教程' being destroyed
[2025.03.26-07.35.38:338][ 83]LogSlate: Window '教程' being destroyed
[2025.03.26-07.36.24:663][603]LogSlate: Window '教程' being destroyed
[2025.03.26-07.36.26:743][675]LogUObjectGlobals: Warning: 寻找对象“Object 无.EditorViewports”失败
[2025.03.26-07.36.51:657][487]LogSlate: Window '教程' being destroyed
[2025.03.26-07.36.51:854][487]LogSlate: Took 0.000547 seconds to synchronously load lazily loaded font '../../../Engine/Content/Slate/Fonts/Roboto-Light.ttf' (167K)
[2025.03.26-07.36.51:870][487]LogAssetEditorSubsystem: Opening Asset editor for AnimBlueprint /Engine/Tutorial/SubEditors/TutorialAssets/Character/TutorialTPP_AnimBlueprint.TutorialTPP_AnimBlueprint
[2025.03.26-07.36.52:000][487]LogNativeClassHierarchy: Verbose: Native class hierarchy updated for 'SkeletonEditor' in 0.0014 seconds. Added 1 classes and 2 folders.
[2025.03.26-07.36.52:021][487]LogTexture: Default maximum texture size for cubemaps generated from long-lat sources has been changed from 512 to unlimited. In order to preserve old behaiour for '/Engine/EditorMaterials/AssetViewer/EpicQuadPanorama_CC+EV1.EpicQuadPanorama_CC+EV1', its maximum texture size has been explicitly set to 512.
[2025.03.26-07.36.52:198][487]LogTexture: Default maximum texture size for cubemaps generated from long-lat sources has been changed from 512 to unlimited. In order to preserve old behaiour for '/Engine/MapTemplates/Sky/SunsetAmbientCubemap.SunsetAmbientCubemap', its maximum texture size has been explicitly set to 512.
[2025.03.26-07.36.52:311][487]LogActorComponent: RegisterComponentWithWorld: (/Engine/Transient.World_25:PersistentLevel.AnimationEditorPreviewActor_0.DebugSkelMeshComponent_0) Already registered. Aborting.
[2025.03.26-07.36.52:318][487]LogNativeClassHierarchy: Verbose: Native class hierarchy updated for 'PinnedCommandList' in 0.0003 seconds. Added 1 classes and 0 folders.
[2025.03.26-07.37.15:694][769]LogUObjectGlobals: Warning: 寻找对象“Object 无.MyBlueprintPanel”失败
[2025.03.26-07.37.17:070][851]LogUObjectGlobals: Warning: 寻找对象“Object 无.GraphEditorPanel”失败
[2025.03.26-07.37.27:967][488]LogWorld: UWorld::CleanupWorld for World_25, bSessionEnded=true, bCleanupResources=true
[2025.03.26-07.37.27:967][488]LogSlate: InvalidateAllWidgets triggered.  All widgets were invalidated
[2025.03.26-07.37.27:979][488]LogWorld: UWorld::CleanupWorld for World_24, bSessionEnded=true, bCleanupResources=true
[2025.03.26-07.37.27:979][488]LogSlate: InvalidateAllWidgets triggered.  All widgets were invalidated
[2025.03.26-07.37.28:097][488]LogWorld: UWorld::CleanupWorld for World_26, bSessionEnded=true, bCleanupResources=true
[2025.03.26-07.37.28:097][488]LogSlate: InvalidateAllWidgets triggered.  All widgets were invalidated
[2025.03.26-07.37.29:610][576]LogActorComponent: UnregisterComponent: (/Engine/Transient.EditorFloorComp) Not registered. Aborting.
[2025.03.26-07.37.29:610][576]LogWorld: UWorld::CleanupWorld for World_7, bSessionEnded=true, bCleanupResources=true
[2025.03.26-07.37.29:610][576]LogSlate: InvalidateAllWidgets triggered.  All widgets were invalidated
[2025.03.26-07.37.33:926][767]LogUObjectHash: Compacting FUObjectHashTables data took   8.39ms
[2025.03.26-07.37.35:348][809]LogUObjectHash: Compacting FUObjectHashTables data took   3.69ms
[2025.03.26-07.37.35:375][809]LogActorComponent: UnregisterComponent: (/Engine/Transient.EditorFloorComp) Not registered. Aborting.
[2025.03.26-07.37.35:375][809]LogWorld: UWorld::CleanupWorld for World_5, bSessionEnded=true, bCleanupResources=true
[2025.03.26-07.37.35:375][809]LogSlate: InvalidateAllWidgets triggered.  All widgets were invalidated
[2025.03.26-07.37.35:538][809]LogSlate: Window 'room_escape - 虚幻编辑器' being destroyed
[2025.03.26-07.37.35:841][810]Cmd: QUIT_EDITOR
[2025.03.26-07.37.35:842][810]LogCore: Engine exit requested (reason: UUnrealEdEngine::CloseEditor())
[2025.03.26-07.37.35:851][810]LogCore: Engine exit requested (reason: EngineExit() was called; note: exit was already requested)
[2025.03.26-07.37.36:003][810]LogAudio: Display: Beginning Audio Device Manager Shutdown (Module: AudioMixerXAudio2)...
[2025.03.26-07.37.36:003][810]LogAudio: Display: Destroying 1 Remaining Audio Device(s)...
[2025.03.26-07.37.36:003][810]LogAudio: Display: Audio Device unregistered from world 'ThirdPersonExampleMap'.
[2025.03.26-07.37.36:003][810]LogAudioMixer: FMixerPlatformXAudio2::StopAudioStream() called
[2025.03.26-07.37.36:004][810]LogAudioMixer: FMixerPlatformXAudio2::StopAudioStream() called
[2025.03.26-07.37.36:073][810]LogAudio: Display: Audio Device Manager Shutdown
[2025.03.26-07.37.36:077][810]LogWindowsTextInputMethodSystem: Display: IME system activated using TSF (微软拼音).
[2025.03.26-07.37.36:091][810]LogExit: Preparing to exit.
[2025.03.26-07.37.36:220][810]LogUObjectHash: Compacting FUObjectHashTables data took   4.69ms
[2025.03.26-07.37.36:622][810]LogWorld: UWorld::CleanupWorld for World_0, bSessionEnded=true, bCleanupResources=true
[2025.03.26-07.37.36:625][810]LogWorld: UWorld::CleanupWorld for World_1, bSessionEnded=true, bCleanupResources=true
[2025.03.26-07.37.36:628][810]LogWorld: UWorld::CleanupWorld for World_2, bSessionEnded=true, bCleanupResources=true
[2025.03.26-07.37.36:631][810]LogWorld: UWorld::CleanupWorld for World_3, bSessionEnded=true, bCleanupResources=true
[2025.03.26-07.37.36:634][810]LogWorld: UWorld::CleanupWorld for World_11, bSessionEnded=true, bCleanupResources=true
[2025.03.26-07.37.36:638][810]LogWorld: UWorld::CleanupWorld for World_16, bSessionEnded=true, bCleanupResources=true
[2025.03.26-07.37.36:641][810]LogWorld: UWorld::CleanupWorld for World_17, bSessionEnded=true, bCleanupResources=true
[2025.03.26-07.37.36:645][810]LogWorld: UWorld::CleanupWorld for World_18, bSessionEnded=true, bCleanupResources=true
[2025.03.26-07.37.36:649][810]LogWorld: UWorld::CleanupWorld for World_10, bSessionEnded=true, bCleanupResources=true
[2025.03.26-07.37.36:653][810]LogWorld: UWorld::CleanupWorld for World_13, bSessionEnded=true, bCleanupResources=true
[2025.03.26-07.37.36:655][810]LogWorld: UWorld::CleanupWorld for World_12, bSessionEnded=true, bCleanupResources=true
[2025.03.26-07.37.36:660][810]LogWorld: UWorld::CleanupWorld for World_20, bSessionEnded=true, bCleanupResources=true
[2025.03.26-07.37.36:663][810]LogWorld: UWorld::CleanupWorld for World_21, bSessionEnded=true, bCleanupResources=true
[2025.03.26-07.37.36:666][810]LogWorld: UWorld::CleanupWorld for World_22, bSessionEnded=true, bCleanupResources=true
[2025.03.26-07.37.36:669][810]LogWorld: UWorld::CleanupWorld for World_27, bSessionEnded=true, bCleanupResources=true
[2025.03.26-07.37.36:672][810]LogWorld: UWorld::CleanupWorld for World_23, bSessionEnded=true, bCleanupResources=true
[2025.03.26-07.37.36:809][810]LogDemo: Cleaned up 0 splitscreen connections with owner deletion
[2025.03.26-07.37.36:866][810]LogWorld: UWorld::CleanupWorld for None, bSessionEnded=true, bCleanupResources=true
[2025.03.26-07.37.36:869][810]LogExit: Editor shut down
[2025.03.26-07.37.36:878][810]LogExit: Transaction tracking system shut down
[2025.03.26-07.37.37:742][810]LogExit: Object subsystem successfully closed.
[2025.03.26-07.37.37:768][810]LogShaderCompilers: Display: === FShaderJobCache stats ===
[2025.03.26-07.37.37:768][810]LogShaderCompilers: Display: Total job queries 0, among them cache hits 0 (0.00%)
[2025.03.26-07.37.37:768][810]LogShaderCompilers: Display: Tracking 0 distinct input hashes that result in 0 distinct outputs (0.00%)
[2025.03.26-07.37.37:768][810]LogShaderCompilers: Display: RAM used: 0.00 MB (0.00 GB) of 819.20 MB (0.80 GB) budget. Usage: 0.00%
[2025.03.26-07.37.37:768][810]LogShaderCompilers: Display: ================================================
[2025.03.26-07.37.37:800][810]LogShaderCompilers: Display: Shaders left to compile 0
[2025.03.26-07.37.37:905][810]LogModuleManager: Shutting down and abandoning module PinnedCommandList (882)
[2025.03.26-07.37.37:905][810]LogModuleManager: Shutting down and abandoning module SkeletonEditor (880)
[2025.03.26-07.37.37:905][810]LogModuleManager: Shutting down and abandoning module ExternalImagePicker (878)
[2025.03.26-07.37.37:905][810]LogModuleManager: Shutting down and abandoning module MovieSceneCapture (876)
[2025.03.26-07.37.37:905][810]LogModuleManager: Shutting down and abandoning module Voice (874)
[2025.03.26-07.37.37:906][810]LogModuleManager: Shutting down and abandoning module BlueprintGraph (872)
[2025.03.26-07.37.37:906][810]LogModuleManager: Shutting down and abandoning module HierarchicalLODOutliner (870)
[2025.03.26-07.37.37:906][810]LogModuleManager: Shutting down and abandoning module SceneOutliner (868)
[2025.03.26-07.37.37:906][810]LogModuleManager: Shutting down and abandoning module AddContentDialog (866)
[2025.03.26-07.37.37:924][810]LogModuleManager: Shutting down and abandoning module WidgetCarousel (865)
[2025.03.26-07.37.37:924][810]LogModuleManager: Shutting down and abandoning module EditorWidgets (862)
[2025.03.26-07.37.37:924][810]LogModuleManager: Shutting down and abandoning module StatsViewer (860)
[2025.03.26-07.37.37:924][810]LogModuleManager: Shutting down and abandoning module PIEPreviewDeviceProfileSelector (858)
[2025.03.26-07.37.37:925][810]LogModuleManager: Shutting down and abandoning module SequenceRecorderSections (856)
[2025.03.26-07.37.37:925][810]LogModuleManager: Shutting down and abandoning module AutomationWorker (854)
[2025.03.26-07.37.37:926][810]LogModuleManager: Shutting down and abandoning module SteamVREditor (852)
[2025.03.26-07.37.37:926][810]LogModuleManager: Shutting down and abandoning module OculusMR (850)
[2025.03.26-07.37.37:926][810]LogModuleManager: Shutting down and abandoning module OpenXRInput (848)
[2025.03.26-07.37.37:927][810]LogModuleManager: Shutting down and abandoning module GooglePADEditor (846)
[2025.03.26-07.37.37:927][810]LogModuleManager: Shutting down and abandoning module AudioCaptureEditor (844)
[2025.03.26-07.37.37:927][810]LogModuleManager: Shutting down and abandoning module TakeRecorderSources (842)
[2025.03.26-07.37.37:930][810]LogModuleManager: Shutting down and abandoning module TakeRecorder (841)
[2025.03.26-07.37.37:932][810]LogModuleManager: Shutting down and abandoning module TakeTrackRecorders (838)
[2025.03.26-07.37.37:933][810]LogModuleManager: Shutting down and abandoning module TakesCore (836)
[2025.03.26-07.37.37:934][810]LogModuleManager: Shutting down and abandoning module TemplateSequenceEditor (834)
[2025.03.26-07.37.37:938][810]LogModuleManager: Shutting down and abandoning module MatineeToLevelSequence (832)
[2025.03.26-07.37.37:938][810]LogModuleManager: Shutting down and abandoning module LevelSequenceEditor (830)
[2025.03.26-07.37.37:942][810]LogModuleManager: Shutting down and abandoning module ActorSequenceEditor (828)
[2025.03.26-07.37.37:943][810]LogModuleManager: Shutting down and abandoning module WebMMediaFactory (826)
[2025.03.26-07.37.37:944][810]LogModuleManager: Shutting down and abandoning module WebMMediaEditor (824)
[2025.03.26-07.37.37:944][810]LogModuleManager: Shutting down and abandoning module WebMMedia (822)
[2025.03.26-07.37.37:944][810]LogModuleManager: Shutting down and abandoning module WmfMediaFactory (820)
[2025.03.26-07.37.37:944][810]LogModuleManager: Shutting down and abandoning module WmfMediaEditor (818)
[2025.03.26-07.37.37:944][810]LogModuleManager: Shutting down and abandoning module MediaPlayerEditor (816)
[2025.03.26-07.37.37:945][810]LogModuleManager: Shutting down and abandoning module MediaCompositingEditor (814)
[2025.03.26-07.37.37:947][810]LogModuleManager: Shutting down and abandoning module SequenceRecorder (813)
[2025.03.26-07.37.37:947][810]LogModuleManager: Shutting down and abandoning module OpenExrWrapper (810)
[2025.03.26-07.37.37:948][810]LogModuleManager: Shutting down and abandoning module ImgMediaFactory (808)
[2025.03.26-07.37.37:948][810]LogModuleManager: Shutting down and abandoning module ImgMediaEditor (806)
[2025.03.26-07.37.37:948][810]LogModuleManager: Shutting down and abandoning module AvfMediaFactory (804)
[2025.03.26-07.37.37:948][810]LogModuleManager: Shutting down and abandoning module AvfMediaEditor (802)
[2025.03.26-07.37.37:948][810]LogModuleManager: Shutting down and abandoning module AndroidMediaFactory (800)
[2025.03.26-07.37.37:948][810]LogModuleManager: Shutting down and abandoning module AndroidMediaEditor (798)
[2025.03.26-07.37.37:948][810]LogModuleManager: Shutting down and abandoning module MagicLeapMediaCodecFactory (796)
[2025.03.26-07.37.37:948][810]LogModuleManager: Shutting down and abandoning module MagicLeapMediaFactory (794)
[2025.03.26-07.37.37:948][810]LogModuleManager: Shutting down and abandoning module MagicLeapMediaEditor (792)
[2025.03.26-07.37.37:948][810]LogModuleManager: Shutting down and abandoning module PlanarCut (790)
[2025.03.26-07.37.37:949][810]LogModuleManager: Shutting down and abandoning module CharacterAI (788)
[2025.03.26-07.37.37:949][810]LogModuleManager: Shutting down and abandoning module CameraShakePreviewer (786)
[2025.03.26-07.37.37:950][810]LogModuleManager: Shutting down and abandoning module TextureAlignMode (784)
[2025.03.26-07.37.37:950][810]LogModuleManager: Shutting down and abandoning module BspMode (782)
[2025.03.26-07.37.37:951][810]LogModuleManager: Shutting down and abandoning module GeometryMode (780)
[2025.03.26-07.37.37:951][810]LogModuleManager: Shutting down and abandoning module SmartSnapping (778)
[2025.03.26-07.37.37:951][810]LogModuleManager: Shutting down and abandoning module SessionServices (776)
[2025.03.26-07.37.37:958][810]LogModuleManager: Shutting down and abandoning module MeshPaint (774)
[2025.03.26-07.37.37:958][810]LogModuleManager: Shutting down and abandoning module VirtualTexturingEditor (772)
[2025.03.26-07.37.37:959][810]LogModuleManager: Shutting down and abandoning module FoliageEdit (770)
[2025.03.26-07.37.37:960][810]LogModuleManager: Shutting down and abandoning module LandscapeEditor (768)
[2025.03.26-07.37.37:963][810]LogModuleManager: Shutting down and abandoning module MeshPaintMode (766)
[2025.03.26-07.37.37:963][810]LogModuleManager: Shutting down and abandoning module SceneDepthPickerMode (764)
[2025.03.26-07.37.37:963][810]LogModuleManager: Shutting down and abandoning module ActorPickerMode (762)
[2025.03.26-07.37.37:963][810]LogModuleManager: Shutting down and abandoning module PlacementMode (760)
[2025.03.26-07.37.37:964][810]LogModuleManager: Shutting down and abandoning module ViewportSnapping (758)
[2025.03.26-07.37.37:964][810]LogModuleManager: Shutting down and abandoning module ViewportInteraction (756)
[2025.03.26-07.37.37:964][810]LogModuleManager: Shutting down and abandoning module ClothPainter (754)
[2025.03.26-07.37.37:967][810]LogModuleManager: Shutting down and abandoning module SkeletalMeshEditor (753)
[2025.03.26-07.37.37:968][810]LogModuleManager: Shutting down and abandoning module LogVisualizer (750)
[2025.03.26-07.37.37:970][810]LogModuleManager: Shutting down and abandoning module IntroTutorials (748)
[2025.03.26-07.37.37:972][810]LogModuleManager: Shutting down and abandoning module GameProjectGeneration (747)
[2025.03.26-07.37.37:972][810]LogModuleManager: Shutting down and abandoning module LuminPlatformEditor (744)
[2025.03.26-07.37.37:972][810]LogModuleManager: Shutting down and abandoning module IOSPlatformEditor (742)
[2025.03.26-07.37.37:973][810]LogModuleManager: Shutting down and abandoning module AndroidPlatformEditor (740)
[2025.03.26-07.37.37:973][810]LogModuleManager: Shutting down and abandoning module AndroidDeviceDetection (739)
[2025.03.26-07.37.39:850][810]LogModuleManager: Shutting down and abandoning module WindowsPlatformEditor (736)
[2025.03.26-07.37.39:850][810]LogModuleManager: Shutting down and abandoning module LuminRuntimeSettings (734)
[2025.03.26-07.37.39:850][810]LogModuleManager: Shutting down and abandoning module IOSRuntimeSettings (732)
[2025.03.26-07.37.39:850][810]LogModuleManager: Shutting down and abandoning module AndroidRuntimeSettings (730)
[2025.03.26-07.37.39:850][810]LogModuleManager: Shutting down and abandoning module TraceInsights (728)
[2025.03.26-07.37.39:852][810]MemoryProfiler: Shutdown
[2025.03.26-07.37.39:852][810]NetworkingProfiler: Shutdown
[2025.03.26-07.37.39:852][810]LoadingProfiler: Shutdown
[2025.03.26-07.37.39:855][810]TimingProfiler: Shutdown
[2025.03.26-07.37.39:856][810]LogModuleManager: Shutting down and abandoning module TraceServices (727)
[2025.03.26-07.37.39:858][810]LogModuleManager: Shutting down and abandoning module EditorInteractiveToolsFramework (724)
[2025.03.26-07.37.39:858][810]LogModuleManager: Shutting down and abandoning module TimeManagementEditor (722)
[2025.03.26-07.37.39:859][810]LogModuleManager: Shutting down and abandoning module InputBindingEditor (720)
[2025.03.26-07.37.39:859][810]LogModuleManager: Shutting down and abandoning module MergeActors (718)
[2025.03.26-07.37.39:860][810]LogModuleManager: Shutting down and abandoning module LocalizationDashboard (716)
[2025.03.26-07.37.39:860][810]LogModuleManager: Shutting down and abandoning module LocalizationService (715)
[2025.03.26-07.37.39:861][810]LogModuleManager: Shutting down and abandoning module HardwareTargeting (712)
[2025.03.26-07.37.39:861][810]LogModuleManager: Shutting down and abandoning module DeviceProfileEditor (710)
[2025.03.26-07.37.39:861][810]LogModuleManager: Shutting down and abandoning module UndoHistory (708)
[2025.03.26-07.37.39:862][810]LogModuleManager: Shutting down and abandoning module XmlParser (706)
[2025.03.26-07.37.39:862][810]LogModuleManager: Shutting down and abandoning module Blutility (704)
[2025.03.26-07.37.39:862][810]LogModuleManager: Shutting down and abandoning module ProjectSettingsViewer (702)
[2025.03.26-07.37.39:862][810]LogModuleManager: Shutting down and abandoning module ProjectTargetPlatformEditor (701)
[2025.03.26-07.37.39:866][810]LogModuleManager: Shutting down and abandoning module EditorSettingsViewer (698)
[2025.03.26-07.37.39:866][810]LogModuleManager: Shutting down and abandoning module InternationalizationSettings (697)
[2025.03.26-07.37.39:866][810]LogModuleManager: Shutting down and abandoning module SettingsEditor (694)
[2025.03.26-07.37.39:866][810]LogModuleManager: Shutting down and abandoning module ProjectLauncher (692)
[2025.03.26-07.37.39:866][810]LogModuleManager: Shutting down and abandoning module SessionFrontend (690)
[2025.03.26-07.37.39:867][810]LogModuleManager: Shutting down and abandoning module ProfilerClient (688)
[2025.03.26-07.37.39:867][810]LogModuleManager: Shutting down and abandoning module DeviceManager (686)
[2025.03.26-07.37.39:869][810]LogModuleManager: Shutting down and abandoning module TargetDeviceServices (685)
[2025.03.26-07.37.39:900][810]LogModuleManager: Shutting down and abandoning module AutomationController (682)
[2025.03.26-07.37.39:900][810]LogModuleManager: Shutting down and abandoning module AutomationWindow (680)
[2025.03.26-07.37.39:901][810]LogModuleManager: Shutting down and abandoning module Layers (678)
[2025.03.26-07.37.39:902][810]LogModuleManager: Shutting down and abandoning module ComponentVisualizers (676)
[2025.03.26-07.37.39:902][810]LogModuleManager: Shutting down and abandoning module DetailCustomizations (674)
[2025.03.26-07.37.39:903][810]LogModuleManager: Shutting down and abandoning module PackagesDialog (672)
[2025.03.26-07.37.39:904][810]LogModuleManager: Shutting down and abandoning module AnimationBlueprintEditor (670)
[2025.03.26-07.37.39:904][810]LogModuleManager: Shutting down and abandoning module Persona (668)
[2025.03.26-07.37.39:904][810]LogModuleManager: Shutting down and abandoning module AdvancedPreviewScene (667)
[2025.03.26-07.37.39:904][810]LogModuleManager: Shutting down and abandoning module AnimGraph (665)
[2025.03.26-07.37.39:904][810]LogModuleManager: Shutting down and abandoning module Kismet (662)
[2025.03.26-07.37.39:936][810]LogModuleManager: Shutting down and abandoning module KismetWidgets (661)
[2025.03.26-07.37.39:936][810]LogModuleManager: Shutting down and abandoning module GraphEditor (658)
[2025.03.26-07.37.39:936][810]LogModuleManager: Shutting down and abandoning module StructViewer (656)
[2025.03.26-07.37.39:937][810]LogModuleManager: Shutting down and abandoning module ClassViewer (654)
[2025.03.26-07.37.39:941][810]LogModuleManager: Shutting down and abandoning module Toolbox (652)
[2025.03.26-07.37.39:941][810]LogModuleManager: Shutting down and abandoning module ModuleUI (650)
[2025.03.26-07.37.39:941][810]LogModuleManager: Shutting down and abandoning module OutputLog (648)
[2025.03.26-07.37.39:949][810]LogModuleManager: Shutting down and abandoning module GammaUI (646)
[2025.03.26-07.37.39:949][810]LogModuleManager: Shutting down and abandoning module Documentation (644)
[2025.03.26-07.37.39:953][810]LogModuleManager: Shutting down and abandoning module LiveCoding (642)
[2025.03.26-07.37.39:954][810]LogModuleManager: Shutting down and abandoning module LevelSequence (640)
[2025.03.26-07.37.39:954][810]LogModuleManager: Shutting down and abandoning module MovieSceneTracks (638)
[2025.03.26-07.37.39:954][810]LogModuleManager: Shutting down and abandoning module MovieScene (636)
[2025.03.26-07.37.39:956][810]LogModuleManager: Shutting down and abandoning module StreamingPauseRendering (634)
[2025.03.26-07.37.39:956][810]LogModuleManager: Shutting down and abandoning module LauncherPlatform (632)
[2025.03.26-07.37.39:956][810]LogModuleManager: Shutting down and abandoning module AnalyticsET (630)
[2025.03.26-07.37.39:956][810]LogModuleManager: Shutting down and abandoning module PortalServices (628)
[2025.03.26-07.37.39:956][810]LogModuleManager: Shutting down and abandoning module PortalRpc (626)
[2025.03.26-07.37.39:956][810]LogModuleManager: Shutting down and abandoning module MessagingRpc (624)
[2025.03.26-07.37.39:956][810]LogModuleManager: Shutting down and abandoning module AudioMixerXAudio2 (622)
[2025.03.26-07.37.39:956][810]LogModuleManager: Shutting down and abandoning module AudioMixerCore (621)
[2025.03.26-07.37.39:956][810]LogModuleManager: Shutting down and abandoning module AIModule (618)
[2025.03.26-07.37.39:957][810]LogModuleManager: Shutting down and abandoning module GameplayDebugger (617)
[2025.03.26-07.37.39:957][810]LogModuleManager: Shutting down and abandoning module AITestSuite (615)
[2025.03.26-07.37.39:957][810]LogModuleManager: Shutting down and abandoning module NavigationSystem (613)
[2025.03.26-07.37.39:957][810]LogModuleManager: Shutting down and abandoning module ImageWriteQueue (610)
[2025.03.26-07.37.39:957][810]LogModuleManager: Shutting down and abandoning module ProfilerService (608)
[2025.03.26-07.37.40:094][810]LogModuleManager: Shutting down and abandoning module TaskGraph (606)
[2025.03.26-07.37.40:094][810]LogModuleManager: Shutting down and abandoning module AudioSynesthesiaEditor (604)
[2025.03.26-07.37.40:094][810]LogModuleManager: Shutting down and abandoning module OculusEditor (602)
[2025.03.26-07.37.40:097][810]LogModuleManager: Shutting down and abandoning module OculusInput (600)
[2025.03.26-07.37.40:097][810]LogModuleManager: Shutting down and abandoning module ContentBrowserFileDataSource (598)
[2025.03.26-07.37.40:097][810]LogModuleManager: Shutting down and abandoning module ContentBrowserClassDataSource (596)
[2025.03.26-07.37.40:097][810]LogModuleManager: Shutting down and abandoning module ContentBrowserAssetDataSource (594)
[2025.03.26-07.37.40:097][810]LogModuleManager: Shutting down and abandoning module CollectionManager (593)
[2025.03.26-07.37.40:098][810]LogModuleManager: Shutting down and abandoning module VariantManagerContentEditor (590)
[2025.03.26-07.37.40:098][810]LogModuleManager: Shutting down and abandoning module DatasmithContentEditor (588)
[2025.03.26-07.37.40:099][810]LogModuleManager: Shutting down and abandoning module SynthesisEditor (586)
[2025.03.26-07.37.40:099][810]LogModuleManager: Shutting down and abandoning module Synthesis (584)
[2025.03.26-07.37.40:099][810]LogModuleManager: Shutting down and abandoning module ProceduralMeshComponentEditor (582)
[2025.03.26-07.37.40:100][810]LogModuleManager: Shutting down and abandoning module ProceduralMeshComponent (580)
[2025.03.26-07.37.40:100][810]LogModuleManager: Shutting down and abandoning module OpenXREditor (578)
[2025.03.26-07.37.40:100][810]LogModuleManager: Shutting down and abandoning module MobilePatchingUtils (576)
[2025.03.26-07.37.40:100][810]LogModuleManager: Shutting down and abandoning module GooglePAD (574)
[2025.03.26-07.37.40:100][810]LogModuleManager: Shutting down and abandoning module EditableMesh (572)
[2025.03.26-07.37.40:100][810]LogModuleManager: Shutting down and abandoning module CustomMeshComponent (570)
[2025.03.26-07.37.40:100][810]LogModuleManager: Shutting down and abandoning module CableComponent (568)
[2025.03.26-07.37.40:100][810]LogModuleManager: Shutting down and abandoning module AudioCapture (566)
[2025.03.26-07.37.40:100][810]LogModuleManager: Shutting down and abandoning module AudioCaptureRtAudio (565)
[2025.03.26-07.37.40:101][810]LogModuleManager: Shutting down and abandoning module AssetTags (562)
[2025.03.26-07.37.40:101][810]LogModuleManager: Shutting down and abandoning module ArchVisCharacter (560)
[2025.03.26-07.37.40:101][810]LogModuleManager: Shutting down and abandoning module AppleImageUtilsBlueprintSupport (558)
[2025.03.26-07.37.40:101][810]LogModuleManager: Shutting down and abandoning module AppleImageUtils (556)
[2025.03.26-07.37.40:101][810]LogModuleManager: Shutting down and abandoning module AndroidPermission (554)
[2025.03.26-07.37.40:101][810]LogModuleManager: Shutting down and abandoning module TakeSequencer (552)
[2025.03.26-07.37.40:101][810]LogModuleManager: Shutting down and abandoning module TakeMovieScene (550)
[2025.03.26-07.37.40:101][810]LogModuleManager: Shutting down and abandoning module ActorLayerUtilitiesEditor (548)
[2025.03.26-07.37.40:101][810]LogModuleManager: Shutting down and abandoning module ActorLayerUtilities (546)
[2025.03.26-07.37.40:101][810]LogModuleManager: Shutting down and abandoning module ScreenshotTools (544)
[2025.03.26-07.37.40:101][810]LogModuleManager: Shutting down and abandoning module TemplateSequence (542)
[2025.03.26-07.37.40:101][810]LogModuleManager: Shutting down and abandoning module MediaCompositing (540)
[2025.03.26-07.37.40:101][810]LogModuleManager: Shutting down and abandoning module ImgMedia (538)
[2025.03.26-07.37.40:101][810]LogModuleManager: Shutting down and abandoning module MagicLeapSharedWorld (536)
[2025.03.26-07.37.40:101][810]LogModuleManager: Shutting down and abandoning module MagicLeapLightEstimation (534)
[2025.03.26-07.37.40:101][810]LogModuleManager: Shutting down and abandoning module MagicLeapHelperVulkan (532)
[2025.03.26-07.37.40:101][810]LogModuleManager: Shutting down and abandoning module MagicLeapHelperOpenGL (530)
[2025.03.26-07.37.40:101][810]LogModuleManager: Shutting down and abandoning module MagicLeapAudio (528)
[2025.03.26-07.37.40:101][810]LogModuleManager: Shutting down and abandoning module OpenImageDenoise (526)
[2025.03.26-07.37.40:102][810]LogOpenImageDenoise: OIDN shutting down
[2025.03.26-07.37.40:102][810]LogModuleManager: Shutting down and abandoning module MotoSynthEditor (524)
[2025.03.26-07.37.40:102][810]LogModuleManager: Shutting down and abandoning module MotoSynth (522)
[2025.03.26-07.37.40:102][810]LogModuleManager: Shutting down and abandoning module MeshConversion (520)
[2025.03.26-07.37.40:102][810]LogModuleManager: Shutting down and abandoning module DynamicMesh (518)
[2025.03.26-07.37.40:102][810]LogModuleManager: Shutting down and abandoning module GeometryAlgorithms (516)
[2025.03.26-07.37.40:103][810]LogModuleManager: Shutting down and abandoning module GeometricObjects (514)
[2025.03.26-07.37.40:103][810]LogModuleManager: Shutting down and abandoning module GeometryCollectionTracks (512)
[2025.03.26-07.37.40:103][810]LogModuleManager: Shutting down and abandoning module GeometryCollectionSequencer (511)
[2025.03.26-07.37.40:103][810]LogModuleManager: Shutting down and abandoning module GeometryCollectionEditor (508)
[2025.03.26-07.37.40:103][810]LogModuleManager: Shutting down and abandoning module GeometryCacheTracks (506)
[2025.03.26-07.37.40:103][810]LogModuleManager: Shutting down and abandoning module GeometryCacheStreamer (504)
[2025.03.26-07.37.40:104][810]LogModuleManager: Shutting down and abandoning module GeometryCacheSequencer (502)
[2025.03.26-07.37.40:104][810]LogModuleManager: Shutting down and abandoning module ChaosSolverEditor (500)
[2025.03.26-07.37.40:104][810]LogModuleManager: Shutting down and abandoning module ChaosNiagara (498)
[2025.03.26-07.37.40:104][810]LogModuleManager: Shutting down and abandoning module FractureEditor (496)
[2025.03.26-07.37.40:104][810]LogModuleManager: Shutting down and abandoning module FieldSystemEngine (495)
[2025.03.26-07.37.40:104][810]LogModuleManager: Shutting down and abandoning module ChaosClothEditor (492)
[2025.03.26-07.37.40:105][810]LogModuleManager: Shutting down and abandoning module BackChannel (490)
[2025.03.26-07.37.40:105][810]LogModuleManager: Shutting down and abandoning module AutomationUtilsEditor (488)
[2025.03.26-07.37.40:105][810]LogModuleManager: Shutting down and abandoning module AutomationUtils (486)
[2025.03.26-07.37.40:105][810]LogModuleManager: Shutting down and abandoning module NiagaraEditorWidgets (484)
[2025.03.26-07.37.40:107][810]LogModuleManager: Shutting down and abandoning module AlembicImporter (482)
[2025.03.26-07.37.40:107][810]LogModuleManager: Shutting down and abandoning module AlembicLibrary (481)
[2025.03.26-07.37.40:107][810]LogModuleManager: Shutting down and abandoning module GeometryCache (480)
[2025.03.26-07.37.40:107][810]LogModuleManager: Shutting down and abandoning module GeometryCacheEd (479)
[2025.03.26-07.37.40:107][810]LogModuleManager: Shutting down and abandoning module SpeedTreeImporter (474)
[2025.03.26-07.37.40:107][810]LogModuleManager: Shutting down and abandoning module VisualStudioCodeSourceCodeAccess (472)
[2025.03.26-07.37.40:108][810]LogModuleManager: Shutting down and abandoning module VisualStudioSourceCodeAccess (470)
[2025.03.26-07.37.40:108][810]LogModuleManager: Shutting down and abandoning module PluginBrowser (468)
[2025.03.26-07.37.40:109][810]LogModuleManager: Shutting down and abandoning module MobileLauncherProfileWizard (466)
[2025.03.26-07.37.40:110][810]LogModuleManager: Shutting down and abandoning module MaterialAnalyzer (464)
[2025.03.26-07.37.40:111][810]LogModuleManager: Shutting down and abandoning module UObjectPlugin (462)
[2025.03.26-07.37.40:111][810]LogModuleManager: Shutting down and abandoning module SubversionSourceControl (460)
[2025.03.26-07.37.40:112][810]LogModuleManager: Shutting down and abandoning module RiderSourceCodeAccess (458)
[2025.03.26-07.37.40:113][810]LogModuleManager: Shutting down and abandoning module PluginUtils (456)
[2025.03.26-07.37.40:113][810]LogModuleManager: Shutting down and abandoning module PlasticSourceControl (454)
[2025.03.26-07.37.40:114][810]LogModuleManager: Shutting down and abandoning module CurveEditorTools (452)
[2025.03.26-07.37.40:115][810]LogModuleManager: Shutting down and abandoning module CryptoKeysOpenSSL (450)
[2025.03.26-07.37.40:115][810]LogModuleManager: Shutting down and abandoning module CryptoKeys (448)
[2025.03.26-07.37.40:115][810]LogModuleManager: Shutting down and abandoning module PerforceSourceControl (446)
[2025.03.26-07.37.40:116][810]LogModuleManager: Shutting down and abandoning module GitSourceControl (444)
[2025.03.26-07.37.40:117][810]LogModuleManager: Shutting down and abandoning module SourceControl (443)
[2025.03.26-07.37.40:118][810]LogModuleManager: Shutting down and abandoning module CLionSourceCodeAccess (440)
[2025.03.26-07.37.40:118][810]LogModuleManager: Shutting down and abandoning module AnimationSharingEd (438)
[2025.03.26-07.37.40:118][810]LogModuleManager: Shutting down and abandoning module OodleNetworkHandlerComponent (436)
[2025.03.26-07.37.40:118][810]LogModuleManager: Shutting down and abandoning module LiveLinkSequencer (434)
[2025.03.26-07.37.40:118][810]LogModuleManager: Shutting down and abandoning module LiveLinkMovieScene (432)
[2025.03.26-07.37.40:118][810]LogModuleManager: Shutting down and abandoning module LiveLinkGraphNode (430)
[2025.03.26-07.37.40:118][810]LogModuleManager: Shutting down and abandoning module LiveLinkEditor (428)
[2025.03.26-07.37.40:119][810]LogModuleManager: Shutting down and abandoning module LiveLinkComponents (426)
[2025.03.26-07.37.40:119][810]LogModuleManager: Shutting down and abandoning module LiveLink (424)
[2025.03.26-07.37.40:600][810]LogModuleManager: Shutting down and abandoning module LightPropagationVolumeEditor (422)
[2025.03.26-07.37.40:600][810]LogModuleManager: Shutting down and abandoning module PaperTiledImporter (420)
[2025.03.26-07.37.40:600][810]LogModuleManager: Shutting down and abandoning module PaperSpriteSheetImporter (418)
[2025.03.26-07.37.40:601][810]LogModuleManager: Shutting down and abandoning module Paper2DEditor (416)
[2025.03.26-07.37.40:602][810]LogModuleManager: Shutting down and abandoning module MeshPaintingToolset (414)
[2025.03.26-07.37.40:602][810]LogModuleManager: Shutting down and abandoning module MeshPaintEditorMode (412)
[2025.03.26-07.37.40:603][810]LogModuleManager: Shutting down and abandoning module SoundFields (410)
[2025.03.26-07.37.40:604][810]LogModuleManager: Shutting down and abandoning module SignificanceManager (408)
[2025.03.26-07.37.40:604][810]LogModuleManager: Shutting down and abandoning module RuntimePhysXCooking (406)
[2025.03.26-07.37.40:604][810]LogModuleManager: Shutting down and abandoning module PropertyAccessEditor (404)
[2025.03.26-07.37.40:604][810]LogModuleManager: Shutting down and abandoning module PhysXVehiclesEditor (402)
[2025.03.26-07.37.40:604][810]LogModuleManager: Shutting down and abandoning module LocationServicesBPLibrary (398)
[2025.03.26-07.37.40:604][810]LogModuleManager: Shutting down and abandoning module AudioSynesthesia (396)
[2025.03.26-07.37.40:604][810]LogModuleManager: Shutting down and abandoning module AudioSynesthesiaCore (394)
[2025.03.26-07.37.40:605][810]LogModuleManager: Shutting down and abandoning module ActorSequence (392)
[2025.03.26-07.37.40:605][810]LogModuleManager: Shutting down and abandoning module TcpMessaging (390)
[2025.03.26-07.37.40:706][810]LogModuleManager: Shutting down and abandoning module UdpMessaging (388)
[2025.03.26-07.37.40:806][810]LogModuleManager: Shutting down and abandoning module ImgMediaEngine (386)
[2025.03.26-07.37.40:806][810]LogModuleManager: Shutting down and abandoning module MagicLeapARPin (384)
[2025.03.26-07.37.40:806][810]LogModuleManager: Shutting down and abandoning module MagicLeapHandMeshing (382)
[2025.03.26-07.37.40:806][810]LogModuleManager: Shutting down and abandoning module MagicLeapSecureStorage (380)
[2025.03.26-07.37.40:806][810]LogModuleManager: Shutting down and abandoning module MagicLeapPrivileges (378)
[2025.03.26-07.37.40:806][810]LogModuleManager: Shutting down and abandoning module MagicLeapPlanes (376)
[2025.03.26-07.37.40:808][810]LogMagicLeapPlanes: Planes tracker already destroyed.
[2025.03.26-07.37.40:808][810]LogModuleManager: Shutting down and abandoning module MagicLeapImageTracker (374)
[2025.03.26-07.37.40:808][810]LogModuleManager: Shutting down and abandoning module MagicLeapIdentity (372)
[2025.03.26-07.37.40:808][810]LogModuleManager: Shutting down and abandoning module MagicLeapHandTracking (370)
[2025.03.26-07.37.40:808][810]LogModuleManager: Shutting down and abandoning module MagicLeapEyeTracker (368)
[2025.03.26-07.37.40:808][810]LogModuleManager: Shutting down and abandoning module MagicLeapController (366)
[2025.03.26-07.37.40:808][810]LogModuleManager: Shutting down and abandoning module MagicLeapARPinImpl (364)
[2025.03.26-07.37.40:808][810]LogModuleManager: Shutting down and abandoning module MagicLeapAR (362)
[2025.03.26-07.37.40:808][810]LogModuleManager: Shutting down and abandoning module PythonScriptPlugin (360)
[2025.03.26-07.37.40:809][810]LogModuleManager: Shutting down and abandoning module NiagaraAnimNotifies (358)
[2025.03.26-07.37.40:809][810]LogModuleManager: Shutting down and abandoning module Niagara (356)
[2025.03.26-07.37.40:810][810]LogModuleManager: Shutting down and abandoning module SignalProcessing (355)
[2025.03.26-07.37.40:810][810]LogModuleManager: Shutting down and abandoning module NiagaraEditor (353)
[2025.03.26-07.37.40:813][810]LogModuleManager: Shutting down and abandoning module NiagaraCore (350)
[2025.03.26-07.37.40:813][810]LogModuleManager: Shutting down and abandoning module GameplayCameras (348)
[2025.03.26-07.37.40:813][810]LogModuleManager: Shutting down and abandoning module GameplayTagsEditor (346)
[2025.03.26-07.37.40:814][810]LogModuleManager: Shutting down and abandoning module FacialAnimationEditor (344)
[2025.03.26-07.37.40:814][810]LogModuleManager: Shutting down and abandoning module FacialAnimation (342)
[2025.03.26-07.37.40:814][810]LogModuleManager: Shutting down and abandoning module DataValidation (340)
[2025.03.26-07.37.40:814][810]LogModuleManager: Shutting down and abandoning module PropertyAccessNode (338)
[2025.03.26-07.37.40:814][810]LogModuleManager: Shutting down and abandoning module AssetManagerEditor (336)
[2025.03.26-07.37.40:815][810]LogModuleManager: Shutting down and abandoning module LevelEditor (335)
[2025.03.26-07.37.40:820][810]LogModuleManager: Shutting down and abandoning module PixelInspectorModule (334)
[2025.03.26-07.37.40:820][810]LogModuleManager: Shutting down and abandoning module CommonMenuExtensions (332)
[2025.03.26-07.37.40:821][810]LogModuleManager: Shutting down and abandoning module MainFrame (330)
[2025.03.26-07.37.40:821][810]LogModuleManager: Shutting down and abandoning module HotReload (329)
[2025.03.26-07.37.40:822][810]LogModuleManager: Shutting down and abandoning module ToolMenus (325)
[2025.03.26-07.37.40:822][810]LogModuleManager: Shutting down and abandoning module ContentBrowser (323)
[2025.03.26-07.37.40:822][810]LogModuleManager: Shutting down and abandoning module ContentBrowserData (322)
[2025.03.26-07.37.40:822][810]LogModuleManager: Shutting down and abandoning module TreeMap (319)
[2025.03.26-07.37.40:823][810]LogModuleManager: Shutting down and abandoning module AnimationSharing (316)
[2025.03.26-07.37.40:823][810]LogModuleManager: Shutting down and abandoning module LightPropagationVolumeRuntime (314)
[2025.03.26-07.37.40:823][810]LogModuleManager: Shutting down and abandoning module Paper2D (312)
[2025.03.26-07.37.40:823][810]LogModuleManager: Shutting down and abandoning module EnvironmentQueryEditor (310)
[2025.03.26-07.37.40:823][810]LogModuleManager: Shutting down and abandoning module WindowsMoviePlayer (308)
[2025.03.26-07.37.40:848][810]LogModuleManager: Shutting down and abandoning module WebMMoviePlayer (306)
[2025.03.26-07.37.40:848][810]LogModuleManager: Shutting down and abandoning module NetworkReplayStreaming (304)
[2025.03.26-07.37.40:849][810]LogModuleManager: Shutting down and abandoning module PacketHandler (302)
[2025.03.26-07.37.40:849][810]LogModuleManager: Shutting down and abandoning module ClothingSystemEditor (300)
[2025.03.26-07.37.40:849][810]LogModuleManager: Shutting down and abandoning module ClothingSystemRuntimeNv (298)
[2025.03.26-07.37.40:850][810]LogModuleManager: Shutting down and abandoning module MediaAssets (296)
[2025.03.26-07.37.40:850][810]LogModuleManager: Shutting down and abandoning module Overlay (294)
[2025.03.26-07.37.40:850][810]LogModuleManager: Shutting down and abandoning module OverlayEditor (293)
[2025.03.26-07.37.40:850][810]LogModuleManager: Shutting down and abandoning module VREditor (290)
[2025.03.26-07.37.40:851][810]LogModuleManager: Shutting down and abandoning module StringTableEditor (288)
[2025.03.26-07.37.40:851][810]LogModuleManager: Shutting down and abandoning module GameplayTasksEditor (286)
[2025.03.26-07.37.40:851][810]LogModuleManager: Shutting down and abandoning module BehaviorTreeEditor (284)
[2025.03.26-07.37.40:852][810]LogModuleManager: Shutting down and abandoning module FunctionalTesting (282)
[2025.03.26-07.37.40:852][810]LogModuleManager: Shutting down and abandoning module CollisionAnalyzer (280)
[2025.03.26-07.37.40:853][810]LogModuleManager: Shutting down and abandoning module WorkspaceMenuStructure (279)
[2025.03.26-07.37.40:854][810]LogModuleManager: Shutting down and abandoning module UMG (276)
[2025.03.26-07.37.40:854][810]LogModuleManager: Shutting down and abandoning module UMGEditor (275)
[2025.03.26-07.37.40:855][810]LogModuleManager: Shutting down and abandoning module MessageLog (273)
[2025.03.26-07.37.40:855][810]LogModuleManager: Shutting down and abandoning module SlateReflector (268)
[2025.03.26-07.37.40:857][810]LogModuleManager: Shutting down and abandoning module Slate (266)
[2025.03.26-07.37.40:857][810]LogModuleManager: Shutting down and abandoning module SlateCore (264)
[2025.03.26-07.37.40:858][810]LogModuleManager: Shutting down and abandoning module LandscapeEditorUtilities (262)
[2025.03.26-07.37.40:858][810]LogModuleManager: Shutting down and abandoning module UnrealEd (260)
[2025.03.26-07.37.40:858][810]LogModuleManager: Shutting down and abandoning module MRMesh (258)
[2025.03.26-07.37.40:858][810]LogModuleManager: Shutting down and abandoning module SourceCodeAccess (256)
[2025.03.26-07.37.40:858][810]LogModuleManager: Shutting down and abandoning module HeadMountedDisplay (254)
[2025.03.26-07.37.40:858][810]LogModuleManager: Shutting down and abandoning module XAudio2 (252)
[2025.03.26-07.37.40:859][810]LogModuleManager: Shutting down and abandoning module Networking (250)
[2025.03.26-07.37.40:859][810]LogModuleManager: Shutting down and abandoning module Core (248)
[2025.03.26-07.37.40:859][810]LogModuleManager: Shutting down and abandoning module MaterialEditor (246)
[2025.03.26-07.37.40:860][810]LogModuleManager: Shutting down and abandoning module MovieSceneTools (244)
[2025.03.26-07.37.40:862][810]LogModuleManager: Shutting down and abandoning module CurveEditor (243)
[2025.03.26-07.37.40:863][810]LogModuleManager: Shutting down and abandoning module Sequencer (241)
[2025.03.26-07.37.40:864][810]LogModuleManager: Shutting down and abandoning module EditorStyle (240)
[2025.03.26-07.37.40:869][810]LogModuleManager: Shutting down and abandoning module KismetCompiler (236)
[2025.03.26-07.37.40:869][810]LogModuleManager: Shutting down and abandoning module MeshBuilder (234)
[2025.03.26-07.37.40:870][810]LogModuleManager: Shutting down and abandoning module MeshUtilities (232)
[2025.03.26-07.37.40:871][810]LogModuleManager: Shutting down and abandoning module MeshMergeUtilities (231)
[2025.03.26-07.37.40:871][810]LogModuleManager: Shutting down and abandoning module MeshReductionInterface (230)
[2025.03.26-07.37.40:871][810]LogModuleManager: Shutting down and abandoning module MeshBoneReduction (229)
[2025.03.26-07.37.40:871][810]LogModuleManager: Shutting down and abandoning module SkeletalMeshReduction (227)
[2025.03.26-07.37.40:872][810]LogModuleManager: Shutting down and abandoning module ProxyLODMeshReduction (225)
[2025.03.26-07.37.40:873][810]LogModuleManager: Shutting down and abandoning module QuadricMeshReduction (223)
[2025.03.26-07.37.40:873][810]LogModuleManager: Shutting down and abandoning module MaterialBaking (219)
[2025.03.26-07.37.40:874][810]LogModuleManager: Shutting down and abandoning module NullInstallBundleManager (214)
[2025.03.26-07.37.40:874][810]LogModuleManager: Shutting down and abandoning module DerivedDataCache (212)
[2025.03.26-07.37.40:874][810]LogModuleManager: Shutting down and abandoning module TargetPlatform (210)
[2025.03.26-07.37.40:876][810]LogModuleManager: Shutting down and abandoning module VulkanShaderFormat (209)
[2025.03.26-07.37.40:877][810]LogModuleManager: Shutting down and abandoning module ShaderFormatVectorVM (207)
[2025.03.26-07.37.40:877][810]LogModuleManager: Shutting down and abandoning module ShaderFormatOpenGL (205)
[2025.03.26-07.37.40:878][810]LogModuleManager: Shutting down and abandoning module ShaderFormatD3D (203)
[2025.03.26-07.37.40:878][810]LogModuleManager: Shutting down and abandoning module MetalShaderFormat (201)
[2025.03.26-07.37.40:879][810]LogModuleManager: Shutting down and abandoning module TextureFormatOodle (199)
[2025.03.26-07.37.40:879][810]LogModuleManager: Shutting down and abandoning module TextureFormatUncompressed (197)
[2025.03.26-07.37.40:879][810]LogModuleManager: Shutting down and abandoning module TextureFormatPVR (195)
[2025.03.26-07.37.40:880][810]LogModuleManager: Shutting down and abandoning module TextureFormatETC2 (193)
[2025.03.26-07.37.40:880][810]LogModuleManager: Shutting down and abandoning module TextureFormatDXT (191)
[2025.03.26-07.37.40:880][810]LogModuleManager: Shutting down and abandoning module TextureFormatIntelISPCTexComp (189)
[2025.03.26-07.37.40:881][810]LogModuleManager: Shutting down and abandoning module TextureFormatASTC (187)
[2025.03.26-07.37.40:881][810]LogModuleManager: Shutting down and abandoning module ImageWrapper (186)
[2025.03.26-07.37.40:881][810]LogModuleManager: Shutting down and abandoning module AudioFormatOpus (183)
[2025.03.26-07.37.40:881][810]LogModuleManager: Shutting down and abandoning module AudioFormatOgg (181)
[2025.03.26-07.37.40:881][810]LogModuleManager: Shutting down and abandoning module AudioFormatADPCM (179)
[2025.03.26-07.37.40:882][810]LogModuleManager: Shutting down and abandoning module WindowsServerTargetPlatform (177)
[2025.03.26-07.37.40:882][810]LogModuleManager: Shutting down and abandoning module WindowsClientTargetPlatform (175)
[2025.03.26-07.37.40:883][810]LogModuleManager: Shutting down and abandoning module WindowsTargetPlatform (173)
[2025.03.26-07.37.40:883][810]LogModuleManager: Shutting down and abandoning module WindowsNoEditorTargetPlatform (171)
[2025.03.26-07.37.40:883][810]LogModuleManager: Shutting down and abandoning module TVOSTargetPlatform (169)
[2025.03.26-07.37.40:896][810]LogModuleManager: Shutting down and abandoning module MacServerTargetPlatform (167)
[2025.03.26-07.37.40:896][810]LogModuleManager: Shutting down and abandoning module MacClientTargetPlatform (165)
[2025.03.26-07.37.40:896][810]LogModuleManager: Shutting down and abandoning module MacTargetPlatform (163)
[2025.03.26-07.37.40:897][810]LogModuleManager: Shutting down and abandoning module MacNoEditorTargetPlatform (161)
[2025.03.26-07.37.40:897][810]LogModuleManager: Shutting down and abandoning module LuminTargetPlatform (159)
[2025.03.26-07.37.40:916][810]LogModuleManager: Shutting down and abandoning module LinuxAArch64ServerTargetPlatform (157)
[2025.03.26-07.37.40:916][810]LogModuleManager: Shutting down and abandoning module LinuxAArch64ClientTargetPlatform (155)
[2025.03.26-07.37.40:917][810]LogModuleManager: Shutting down and abandoning module LinuxAArch64NoEditorTargetPlatform (153)
[2025.03.26-07.37.40:917][810]LogModuleManager: Shutting down and abandoning module LinuxServerTargetPlatform (151)
[2025.03.26-07.37.40:917][810]LogModuleManager: Shutting down and abandoning module LinuxClientTargetPlatform (149)
[2025.03.26-07.37.40:917][810]LogModuleManager: Shutting down and abandoning module LinuxNoEditorTargetPlatform (147)
[2025.03.26-07.37.40:917][810]LogModuleManager: Shutting down and abandoning module LinuxTargetPlatform (145)
[2025.03.26-07.37.40:918][810]LogModuleManager: Shutting down and abandoning module Messaging (143)
[2025.03.26-07.37.40:918][810]LogModuleManager: Shutting down and abandoning module IOSTargetPlatform (141)
[2025.03.26-07.37.40:926][810]LogModuleManager: Shutting down and abandoning module AndroidTargetPlatform (139)
[2025.03.26-07.37.40:946][810]LogModuleManager: Shutting down and abandoning module AllDesktopTargetPlatform (137)
[2025.03.26-07.37.40:946][810]LogModuleManager: Shutting down and abandoning module D3D11RHI (134)
[2025.03.26-07.37.40:946][810]LogModuleManager: Shutting down and abandoning module InputCore (132)
[2025.03.26-07.37.40:946][810]LogModuleManager: Shutting down and abandoning module Settings (130)
[2025.03.26-07.37.40:946][810]LogModuleManager: Shutting down and abandoning module DirectoryWatcher (128)
[2025.03.26-07.37.40:949][810]LogModuleManager: Shutting down and abandoning module PhysXCooking (126)
[2025.03.26-07.37.40:949][810]LogModuleManager: Shutting down and abandoning module Chaos (124)
[2025.03.26-07.37.40:949][810]LogModuleManager: Shutting down and abandoning module WindowsPlatformFeatures (122)
[2025.03.26-07.37.40:949][810]LogModuleManager: Shutting down and abandoning module GameplayMediaEncoder (121)
[2025.03.26-07.37.40:950][810]LogModuleManager: Shutting down and abandoning module AVEncoder (120)
[2025.03.26-07.37.40:951][810]LogModuleManager: Shutting down and abandoning module SteamVRInputDevice (116)
[2025.03.26-07.37.40:951][810]LogModuleManager: Shutting down and abandoning module SteamVRInput (114)
[2025.03.26-07.37.40:951][810]LogModuleManager: Shutting down and abandoning module SteamVR (112)
[2025.03.26-07.37.40:951][810]LogHMD: Freeing OpenVRDLLHandle.
[2025.03.26-07.37.40:951][810]LogModuleManager: Shutting down and abandoning module OculusHMD (110)
[2025.03.26-07.37.40:951][810]LogModuleManager: Shutting down and abandoning module VariantManagerContent (108)
[2025.03.26-07.37.40:951][810]LogModuleManager: Shutting down and abandoning module DatasmithContent (106)
[2025.03.26-07.37.40:952][810]LogModuleManager: Shutting down and abandoning module OpenXRAR (104)
[2025.03.26-07.37.40:952][810]LogModuleManager: Shutting down and abandoning module AugmentedReality (103)
[2025.03.26-07.37.40:952][810]LogModuleManager: Shutting down and abandoning module OpenXRHandTracking (100)
[2025.03.26-07.37.40:953][810]LogSlate: Slate User Destroyed.  User Index 0, Is Virtual User: 0
[2025.03.26-07.37.40:953][810]LogModuleManager: Shutting down and abandoning module OpenXRHMD (99)
[2025.03.26-07.37.40:956][810]LogModuleManager: Shutting down and abandoning module OpenXREyeTracker (96)
[2025.03.26-07.37.40:956][810]LogModuleManager: Shutting down and abandoning module ExampleDeviceProfileSelector (94)
[2025.03.26-07.37.40:956][810]LogModuleManager: Shutting down and abandoning module ChunkDownloader (92)
[2025.03.26-07.37.40:956][810]LogModuleManager: Shutting down and abandoning module OnlineBlueprintSupport (90)
[2025.03.26-07.37.40:956][810]LogModuleManager: Shutting down and abandoning module LauncherChunkInstaller (86)
[2025.03.26-07.37.40:956][810]LogModuleManager: Shutting down and abandoning module OnlineSubsystem (84)
[2025.03.26-07.37.40:959][810]LogModuleManager: Shutting down and abandoning module XMPP (79)
[2025.03.26-07.37.40:960][810]LogModuleManager: Shutting down and abandoning module WebSockets (78)
[2025.03.26-07.37.40:998][810]LogModuleManager: Shutting down and abandoning module HTTP (75)
[2025.03.26-07.37.40:998][810]LogHttp: Display: Http module shutting down, but needs to wait on 1 outstanding Http requests:
[2025.03.26-07.37.40:998][810]LogHttp: Display: 	verb=[POST] url=[https://datarouter.ol.epicgames.com/datarouter/api/v1/public/data?SessionID=%7B88B3D0AF-4ADC-0FE0-03E3-66ACD6AF1F10%7D&AppID=UEEditor.Rocket.Release&AppVersion=4.27.2-18319896%2B%2B%2BUE4%2BRelease-4.27&UserID=4dadba1840df393f01f03bb4251131e7%7C8200f8875fa445f5b01f2fa9e0ce4780%7Cb587297a-ff5c-45fe-b03b-545ac00d4e54&AppEnvironment=datacollector-binary&UploadType=eteventstream] refs=[1] status=Processing
[2025.03.26-07.37.40:998][810]LogHttp: Display: cleaning up 1 outstanding Http requests.
[2025.03.26-07.37.41:031][810]LogModuleManager: Shutting down and abandoning module SSL (74)
[2025.03.26-07.37.41:040][810]LogModuleManager: Shutting down and abandoning module WmfMedia (70)
[2025.03.26-07.37.41:042][810]LogModuleManager: Shutting down and abandoning module Media (69)
[2025.03.26-07.37.41:043][810]LogModuleManager: Shutting down and abandoning module MediaInfo (68)
[2025.03.26-07.37.41:043][810]LogModuleManager: Shutting down and abandoning module ExrReaderGpu (64)
[2025.03.26-07.37.41:043][810]LogModuleManager: Shutting down and abandoning module MLSDK (62)
[2025.03.26-07.37.41:044][810]LogModuleManager: Shutting down and abandoning module MagicLeap (60)
[2025.03.26-07.37.41:044][810]LogModuleManager: Shutting down and abandoning module ChaosCloth (58)
[2025.03.26-07.37.41:044][810]LogModuleManager: Shutting down and abandoning module NiagaraVertexFactories (56)
[2025.03.26-07.37.41:045][810]LogModuleManager: Shutting down and abandoning module NiagaraShader (54)
[2025.03.26-07.37.41:045][810]LogModuleManager: Shutting down and abandoning module PixWinPlugin (52)
[2025.03.26-07.37.41:045][810]LogModuleManager: Shutting down and abandoning module AISupportModule (50)
[2025.03.26-07.37.41:045][810]LogModuleManager: Shutting down and abandoning module DesktopPlatform (48)
[2025.03.26-07.37.41:046][810]LogModuleManager: Shutting down and abandoning module PythonScriptPluginPreload (46)
[2025.03.26-07.37.41:047][810]LogModuleManager: Shutting down and abandoning module PlatformCryptoOpenSSL (44)
[2025.03.26-07.37.41:047][810]LogModuleManager: Shutting down and abandoning module PlatformCryptoTypes (42)
[2025.03.26-07.37.41:047][810]LogModuleManager: Shutting down and abandoning module PlatformCrypto (40)
[2025.03.26-07.37.41:047][810]LogModuleManager: Shutting down and abandoning module OodleDataCompressionFormat (38)
[2025.03.26-07.37.41:048][810]LogModuleManager: Shutting down and abandoning module XGEController (36)
[2025.03.26-07.37.41:048][810]LogModuleManager: Shutting down and abandoning module AnimationModifiers (34)
[2025.03.26-07.37.41:048][810]LogModuleManager: Shutting down and abandoning module AudioEditor (32)
[2025.03.26-07.37.41:050][810]LogModuleManager: Shutting down and abandoning module PropertyEditor (31)
[2025.03.26-07.37.41:053][810]LogModuleManager: Shutting down and abandoning module TextureCompressor (28)
[2025.03.26-07.37.41:053][810]LogModuleManager: Shutting down and abandoning module RenderCore (26)
[2025.03.26-07.37.41:053][810]LogModuleManager: Shutting down and abandoning module Landscape (24)
[2025.03.26-07.37.41:054][810]LogModuleManager: Shutting down and abandoning module SlateRHIRenderer (22)
[2025.03.26-07.37.41:062][810]LogModuleManager: Shutting down and abandoning module AnimGraphRuntime (20)
[2025.03.26-07.37.41:062][810]LogModuleManager: Shutting down and abandoning module Renderer (18)
[2025.03.26-07.37.41:062][810]LogModuleManager: Shutting down and abandoning module Engine (16)
[2025.03.26-07.37.41:063][810]LogModuleManager: Shutting down and abandoning module CoreUObject (14)
[2025.03.26-07.37.41:063][810]LogModuleManager: Shutting down and abandoning module NetworkFile (12)
[2025.03.26-07.37.41:063][810]LogModuleManager: Shutting down and abandoning module CookedIterativeFile (10)
[2025.03.26-07.37.41:063][810]LogModuleManager: Shutting down and abandoning module StreamingFile (8)
[2025.03.26-07.37.41:063][810]LogModuleManager: Shutting down and abandoning module SandboxFile (6)
[2025.03.26-07.37.41:063][810]LogModuleManager: Shutting down and abandoning module PakFile (4)
[2025.03.26-07.37.41:065][810]LogModuleManager: Shutting down and abandoning module RSA (3)
[2025.03.26-07.37.41:065][810]LogContentStreaming: Display: There are 1 unreleased StreamingManagers
[2025.03.26-07.37.41:155][810]LogD3D11RHI: Shutdown
[2025.03.26-07.37.41:155][810]LogD3D11RHI: CleanupD3DDevice
[2025.03.26-07.37.41:201][810]LogD3D11RHI: Intel Extensions Framework unloaded
[2025.03.26-07.37.41:222][810]LogD3D11RHI: [IntelMetricsDiscovery] Stopped
[2025.03.26-07.37.41:223][810]LogExit: Exiting.
[2025.03.26-07.37.41:236][810]Log file closed, 03/26/25 15:37:41
