Log file open, 03/22/25 16:24:14
LogWindows: Failed to load 'aqProf.dll' (GetLastError=126)
LogWindows: File 'aqProf.dll' does not exist
LogWindows: Failed to load 'VtuneApi.dll' (GetLastError=126)
LogWindows: File 'VtuneApi.dll' does not exist
LogWindows: Failed to load 'VtuneApi32e.dll' (GetLastError=126)
LogWindows: File 'VtuneApi32e.dll' does not exist
LogConsoleResponse: Display: Failed to find resolution value strings in scalability ini. Falling back to default.
LogConsoleResponse: Display: Failed to find resolution value strings in scalability ini. Falling back to default.
LogInit: Display: Running engine for game: room_escape
LogPlatformFile: Not using cached read wrapper
LogTaskGraph: Started task graph with 5 named threads and 23 total threads with 3 sets of task threads.
LogStats: Stats thread started at 0.601992
LogICUInternationalization: ICU TimeZone Detection - Raw Offset: +8:00, Platform Override: ''
LogInit: Display: Loading text-based GConfig....
LogPluginManager: Mounting plugin MeshPainting
LogPluginManager: Mounting plugin XGEController
LogPluginManager: Mounting plugin AISupport
LogPluginManager: Mounting plugin Paper2D
LogPluginManager: Mounting plugin EnvironmentQueryEditor
LogPluginManager: Mounting plugin LightPropagationVolume
LogPluginManager: Mounting plugin LiveLink
LogPluginManager: Mounting plugin CameraShakePreviewer
LogPluginManager: Mounting plugin OodleData
LogPluginManager: Mounting plugin OodleNetwork
LogPluginManager: Mounting plugin AnimationSharing
LogPluginManager: Mounting plugin GameplayCameras
LogPluginManager: Mounting plugin KDevelopSourceCodeAccess
LogPluginManager: Mounting plugin CodeLiteSourceCodeAccess
LogPluginManager: Mounting plugin CLionSourceCodeAccess
LogPluginManager: Mounting plugin PixWinPlugin
LogPluginManager: Mounting plugin PerforceSourceControl
LogPluginManager: Mounting plugin GitSourceControl
LogPluginManager: Mounting plugin NullSourceCodeAccess
LogPluginManager: Mounting plugin PluginUtils
LogPluginManager: Mounting plugin PlasticSourceControl
LogPluginManager: Mounting plugin PropertyAccessNode
LogPluginManager: Mounting plugin RiderSourceCodeAccess
LogPluginManager: Mounting plugin SubversionSourceControl
LogPluginManager: Mounting plugin TextureFormatOodle
LogPluginManager: Mounting plugin UObjectPlugin
LogPluginManager: Mounting plugin VisualStudioSourceCodeAccess
LogPluginManager: Mounting plugin VisualStudioCodeSourceCodeAccess
LogPluginManager: Mounting plugin XCodeSourceCodeAccess
LogPluginManager: Mounting plugin DatasmithContent
LogPluginManager: Mounting plugin VariantManagerContent
LogPluginManager: Mounting plugin AssetManagerEditor
LogPluginManager: Mounting plugin CryptoKeys
LogPluginManager: Mounting plugin CurveEditorTools
LogPluginManager: Mounting plugin DataValidation
LogPluginManager: Mounting plugin FacialAnimation
LogPluginManager: Mounting plugin GameplayTagsEditor
LogPluginManager: Mounting plugin GeometryMode
LogPluginManager: Mounting plugin MacGraphicsSwitching
LogPluginManager: Mounting plugin MaterialAnalyzer
LogPluginManager: Mounting plugin MobileLauncherProfileWizard
LogPluginManager: Mounting plugin PluginBrowser
LogPluginManager: Mounting plugin SpeedTreeImporter
LogPluginManager: Mounting plugin AlembicImporter
LogPluginManager: Mounting plugin AutomationUtils
LogPluginManager: Mounting plugin BackChannel
LogPluginManager: Mounting plugin ChaosCloth
LogPluginManager: Mounting plugin ChaosEditor
LogPluginManager: Mounting plugin ChaosClothEditor
LogPluginManager: Mounting plugin ChaosNiagara
LogPluginManager: Mounting plugin ChaosSolverPlugin
LogPluginManager: Mounting plugin CharacterAI
LogPluginManager: Mounting plugin GeometryCache
LogPluginManager: Mounting plugin GeometryCollectionPlugin
LogPluginManager: Mounting plugin GeometryProcessing
LogPluginManager: Mounting plugin OpenImageDenoise
LogPluginManager: Mounting plugin MotoSynth
LogPluginManager: Mounting plugin PlatformCrypto
LogPluginManager: Mounting plugin PlanarCut
LogPluginManager: Mounting plugin ProxyLODPlugin
LogPluginManager: Mounting plugin PythonScriptPlugin
LogPluginManager: Mounting plugin SkeletalReduction
LogPluginManager: Mounting plugin AvfMedia
LogPluginManager: Mounting plugin AndroidMedia
LogPluginManager: Mounting plugin ImgMedia
LogPluginManager: Mounting plugin MediaCompositing
LogPluginManager: Mounting plugin LuminPlatformFeatures
LogPluginManager: Mounting plugin MagicLeap
LogPluginManager: Mounting plugin MagicLeapLightEstimation
LogPluginManager: Mounting plugin MagicLeapMedia
LogPluginManager: Mounting plugin MagicLeapPassableWorld
LogPluginManager: Mounting plugin MLSDK
LogPluginManager: Mounting plugin TcpMessaging
LogPluginManager: Mounting plugin UdpMessaging
LogPluginManager: Mounting plugin ActorSequence
LogPluginManager: Mounting plugin Niagara
LogPluginManager: Mounting plugin LevelSequenceEditor
LogPluginManager: Mounting plugin MatineeToLevelSequence
LogPluginManager: Mounting plugin TemplateSequence
LogPluginManager: Mounting plugin OnlineSubsystem
LogPluginManager: Mounting plugin OnlineSubsystemNull
LogPluginManager: Mounting plugin OnlineSubsystemUtils
LogPluginManager: Mounting plugin LauncherChunkInstaller
LogPluginManager: Mounting plugin ActorLayerUtilities
LogPluginManager: Mounting plugin AndroidDeviceProfileSelector
LogPluginManager: Mounting plugin AndroidMoviePlayer
LogPluginManager: Mounting plugin AndroidPermission
LogPluginManager: Mounting plugin AppleImageUtils
LogPluginManager: Mounting plugin AppleMoviePlayer
LogPluginManager: Mounting plugin ArchVisCharacter
LogPluginManager: Mounting plugin AssetTags
LogPluginManager: Mounting plugin AudioCapture
LogPluginManager: Mounting plugin AudioSynesthesia
LogPluginManager: Mounting plugin CableComponent
LogPluginManager: Mounting plugin ChunkDownloader
LogPluginManager: Mounting plugin CustomMeshComponent
LogPluginManager: Mounting plugin EditableMesh
LogPluginManager: Mounting plugin ExampleDeviceProfileSelector
LogPluginManager: Mounting plugin GoogleCloudMessaging
LogPluginManager: Mounting plugin GooglePAD
LogPluginManager: Mounting plugin IOSDeviceProfileSelector
LogPluginManager: Mounting plugin LinuxDeviceProfileSelector
LogPluginManager: Mounting plugin LocationServicesBPLibrary
LogPluginManager: Mounting plugin MobilePatchingUtils
LogPluginManager: Mounting plugin OpenXR
LogPluginManager: Mounting plugin OpenXRHandTracking
LogPluginManager: Mounting plugin ScreenshotTools
LogPluginManager: Mounting plugin PhysXVehicles
LogPluginManager: Mounting plugin PostSplashScreen
LogPluginManager: Mounting plugin PropertyAccessEditor
LogPluginManager: Mounting plugin OpenXREyeTracker
LogPluginManager: Mounting plugin ProceduralMeshComponent
LogPluginManager: Mounting plugin RuntimePhysXCooking
LogPluginManager: Mounting plugin SignificanceManager
LogPluginManager: Mounting plugin SoundFields
LogPluginManager: Mounting plugin Synthesis
LogPluginManager: Mounting plugin WebMMoviePlayer
LogPluginManager: Mounting plugin WindowsMoviePlayer
LogPluginManager: Mounting plugin Takes
LogPluginManager: Mounting plugin MediaPlayerEditor
LogPluginManager: Mounting plugin WebMMedia
LogPluginManager: Mounting plugin WmfMedia
LogPluginManager: Mounting plugin ContentBrowserAssetDataSource
LogPluginManager: Mounting plugin ContentBrowserClassDataSource
LogPluginManager: Mounting plugin ContentBrowserFileDataSource
LogPluginManager: Mounting plugin OnlineSubsystemGooglePlay
LogPluginManager: Mounting plugin OnlineSubsystemIOS
LogPluginManager: Mounting plugin OculusVR
LogPluginManager: Mounting plugin SteamVR
PixWinPlugin: PIX capture plugin failed to initialize! Check that the process is launched from PIX.
LogInit: Using libcurl 7.55.1-DEV
LogInit:  - built for x86_64-pc-win32
LogInit:  - supports SSL with OpenSSL/1.1.1
LogInit:  - supports HTTP deflate (compression) using libz 1.2.8
LogInit:  - other features:
LogInit:      CURL_VERSION_SSL
LogInit:      CURL_VERSION_LIBZ
LogInit:      CURL_VERSION_IPV6
LogInit:      CURL_VERSION_ASYNCHDNS
LogInit:      CURL_VERSION_LARGEFILE
LogInit:      CURL_VERSION_IDN
LogInit:  CurlRequestOptions (configurable via config and command line):
LogInit:  - bVerifyPeer = true  - Libcurl will verify peer certificate
LogInit:  - bUseHttpProxy = true  - Libcurl will use HTTP proxy
LogInit:  - HttpProxyAddress = '127.0.0.1:56472'
LogInit:  - bDontReuseConnections = false  - Libcurl will reuse connections
LogInit:  - MaxHostConnections = 16  - Libcurl will limit the number of connections to a host
LogInit:  - LocalHostAddr = Default
LogInit:  - BufferSize = 65536
LogOnline: OSS: Creating online subsystem instance for: NULL
LogInit: WinSock: version 1.1 (2.2), MaxSocks=32767, MaxUdp=65467
LogOnline: OSS: TryLoadSubsystemAndSetDefault: Loaded subsystem for module [NULL]
LogOculusPluginWrapper: OculusPlugin initialized successfully
LogHMD: Failed initializing OVRPlugin 1.59.0
LogInit: Build: ++UE4+Release-4.27-CL-18319896
LogInit: Engine Version: 4.27.2-18319896+++UE4+Release-4.27
LogInit: Compatible Engine Version: 4.27.0-17155196+++UE4+Release-4.27
LogInit: Net CL: 17155196
LogInit: OS: Windows 10 (Release 2009) (), CPU: 11th Gen Intel(R) Core(TM) i7-1165G7 @ 2.80GHz, GPU: Intel(R) Iris(R) Xe Graphics
LogInit: Compiled (64-bit): Nov 30 2021 07:12:08
LogInit: Compiled with Visual C++: 19.24.28315.00
LogInit: Build Configuration: Development
LogInit: Branch Name: ++UE4+Release-4.27
LogInit: Command Line: 
LogInit: Base Directory: D:/Program Files/Epic Games/UE_4.27/Engine/Binaries/Win64/
LogInit: Allocator: TBB
LogInit: Installed Engine Build: 1
LogDevObjectVersion: Number of dev versions registered: 29
LogDevObjectVersion:   Dev-Blueprints (B0D832E4-1F89-4F0D-ACCF-7EB736FD4AA2): 10
LogDevObjectVersion:   Dev-Build (E1C64328-A22C-4D53-A36C-8E866417BD8C): 0
LogDevObjectVersion:   Dev-Core (375EC13C-06E4-48FB-B500-84F0262A717E): 4
LogDevObjectVersion:   Dev-Editor (E4B068ED-F494-42E9-A231-DA0B2E46BB41): 40
LogDevObjectVersion:   Dev-Framework (CFFC743F-43B0-4480-9391-14DF171D2073): 37
LogDevObjectVersion:   Dev-Mobile (B02B49B5-BB20-44E9-A304-32B752E40360): 3
LogDevObjectVersion:   Dev-Networking (A4E4105C-59A1-49B5-A7C5-40C4547EDFEE): 0
LogDevObjectVersion:   Dev-Online (39C831C9-5AE6-47DC-9A44-9C173E1C8E7C): 0
LogDevObjectVersion:   Dev-Physics (78F01B33-EBEA-4F98-B9B4-84EACCB95AA2): 14
LogDevObjectVersion:   Dev-Platform (6631380F-2D4D-43E0-8009-CF276956A95A): 0
LogDevObjectVersion:   Dev-Rendering (12F88B9F-8875-4AFC-A67C-D90C383ABD29): 45
LogDevObjectVersion:   Dev-Sequencer (7B5AE74C-D270-4C10-A958-57980B212A5A): 13
LogDevObjectVersion:   Dev-VR (D7296918-1DD6-4BDD-9DE2-64A83CC13884): 3
LogDevObjectVersion:   Dev-LoadTimes (C2A15278-BFE7-4AFE-6C17-90FF531DF755): 1
LogDevObjectVersion:   Private-Geometry (6EACA3D4-40EC-4CC1-B786-8BED09428FC5): 3
LogDevObjectVersion:   Dev-AnimPhys (29E575DD-E0A3-4627-9D10-D276232CDCEA): 17
LogDevObjectVersion:   Dev-Anim (AF43A65D-7FD3-4947-9873-3E8ED9C1BB05): 15
LogDevObjectVersion:   Dev-ReflectionCapture (6B266CEC-1EC7-4B8F-A30B-E4D90942FC07): 1
LogDevObjectVersion:   Dev-Automation (0DF73D61-A23F-47EA-B727-89E90C41499A): 1
LogDevObjectVersion:   FortniteMain (601D1886-AC64-4F84-AA16-D3DE0DEAC7D6): 47
LogDevObjectVersion:   FortniteRelease (E7086368-6B23-4C58-8439-1B7016265E91): 1
LogDevObjectVersion:   Dev-Enterprise (9DFFBCD6-494F-0158-E221-12823C92A888): 10
LogDevObjectVersion:   Dev-Niagara (F2AED0AC-9AFE-416F-8664-AA7FFA26D6FC): 1
LogDevObjectVersion:   Dev-Destruction (174F1F0B-B4C6-45A5-B13F-2EE8D0FB917D): 10
LogDevObjectVersion:   Dev-Physics-Ext (35F94A83-E258-406C-A318-09F59610247C): 41
LogDevObjectVersion:   Dev-PhysicsMaterial-Chaos (B68FC16E-8B1B-42E2-B453-215C058844FE): 1
LogDevObjectVersion:   Dev-CineCamera (B2E18506-4273-CFC2-A54E-F4BB758BBA07): 1
LogDevObjectVersion:   Dev-VirtualProduction (64F58936-FD1B-42BA-BA96-7289D5D0FA4E): 1
LogDevObjectVersion:   Dev-MediaFramework (6F0ED827-A609-4895-9C91-998D90180EA4): 2
LogInit: Presizing for max 25165824 objects, including 0 objects not considered by GC, pre-allocating 0 bytes for permanent pool.
LogConfig: Applying CVar settings from Section [/Script/Engine.StreamingSettings] File [D:/project/UE/room_escape/Saved/Config/Windows/Engine.ini]
LogConfig: Setting CVar [[s.MinBulkDataSizeForAsyncLoading:131072]]
LogConfig: Setting CVar [[s.AsyncLoadingThreadEnabled:0]]
LogConfig: Setting CVar [[s.EventDrivenLoaderEnabled:1]]
LogConfig: Setting CVar [[s.WarnIfTimeLimitExceeded:0]]
LogConfig: Setting CVar [[s.TimeLimitExceededMultiplier:1.5]]
LogConfig: Setting CVar [[s.TimeLimitExceededMinTime:0.005]]
LogConfig: Setting CVar [[s.UseBackgroundLevelStreaming:1]]
LogConfig: Setting CVar [[s.PriorityAsyncLoadingExtraTime:15.0]]
LogConfig: Setting CVar [[s.LevelStreamingActorsUpdateTimeLimit:5.0]]
LogConfig: Setting CVar [[s.PriorityLevelStreamingActorsUpdateExtraTime:5.0]]
LogConfig: Setting CVar [[s.LevelStreamingComponentsRegistrationGranularity:10]]
LogConfig: Setting CVar [[s.UnregisterComponentsTimeLimit:1.0]]
LogConfig: Setting CVar [[s.LevelStreamingComponentsUnregistrationGranularity:5]]
LogConfig: Setting CVar [[s.FlushStreamingOnExit:1]]
LogInit: Object subsystem initialized
LogConfig: Setting CVar [[con.DebugEarlyDefault:1]]
LogConfig: Setting CVar [[r.setres:1280x720]]
[2025.03.22-08.24.14:548][  0]LogConfig: Setting CVar [[r.VSync:0]]
[2025.03.22-08.24.14:548][  0]LogConfig: Setting CVar [[r.RHICmdBypass:0]]
[2025.03.22-08.24.14:548][  0]LogConfig: Applying CVar settings from Section [/Script/Engine.RendererSettings] File [D:/project/UE/room_escape/Saved/Config/Windows/Engine.ini]
[2025.03.22-08.24.14:548][  0]LogConfig: Setting CVar [[r.GPUCrashDebugging:0]]
[2025.03.22-08.24.14:548][  0]LogConfig: Applying CVar settings from Section [/Script/Engine.RendererOverrideSettings] File [D:/project/UE/room_escape/Saved/Config/Windows/Engine.ini]
[2025.03.22-08.24.14:548][  0]LogConfig: Applying CVar settings from Section [/Script/Engine.StreamingSettings] File [D:/project/UE/room_escape/Saved/Config/Windows/Engine.ini]
[2025.03.22-08.24.14:548][  0]LogConfig: Setting CVar [[s.MinBulkDataSizeForAsyncLoading:131072]]
[2025.03.22-08.24.14:548][  0]LogConfig: Setting CVar [[s.AsyncLoadingThreadEnabled:0]]
[2025.03.22-08.24.14:548][  0]LogConfig: Setting CVar [[s.EventDrivenLoaderEnabled:1]]
[2025.03.22-08.24.14:548][  0]LogConfig: Setting CVar [[s.WarnIfTimeLimitExceeded:0]]
[2025.03.22-08.24.14:548][  0]LogConfig: Setting CVar [[s.TimeLimitExceededMultiplier:1.5]]
[2025.03.22-08.24.14:548][  0]LogConfig: Setting CVar [[s.TimeLimitExceededMinTime:0.005]]
[2025.03.22-08.24.14:548][  0]LogConfig: Setting CVar [[s.UseBackgroundLevelStreaming:1]]
[2025.03.22-08.24.14:548][  0]LogConfig: Setting CVar [[s.PriorityAsyncLoadingExtraTime:15.0]]
[2025.03.22-08.24.14:548][  0]LogConfig: Setting CVar [[s.LevelStreamingActorsUpdateTimeLimit:5.0]]
[2025.03.22-08.24.14:548][  0]LogConfig: Setting CVar [[s.PriorityLevelStreamingActorsUpdateExtraTime:5.0]]
[2025.03.22-08.24.14:548][  0]LogConfig: Setting CVar [[s.LevelStreamingComponentsRegistrationGranularity:10]]
[2025.03.22-08.24.14:548][  0]LogConfig: Setting CVar [[s.UnregisterComponentsTimeLimit:1.0]]
[2025.03.22-08.24.14:548][  0]LogConfig: Setting CVar [[s.LevelStreamingComponentsUnregistrationGranularity:5]]
[2025.03.22-08.24.14:548][  0]LogConfig: Setting CVar [[s.FlushStreamingOnExit:1]]
[2025.03.22-08.24.14:548][  0]LogConfig: Applying CVar settings from Section [/Script/Engine.GarbageCollectionSettings] File [D:/project/UE/room_escape/Saved/Config/Windows/Engine.ini]
[2025.03.22-08.24.14:548][  0]LogConfig: Setting CVar [[gc.MaxObjectsNotConsideredByGC:1]]
[2025.03.22-08.24.14:548][  0]LogConfig: Setting CVar [[gc.SizeOfPermanentObjectPool:0]]
[2025.03.22-08.24.14:548][  0]LogConfig: Setting CVar [[gc.FlushStreamingOnGC:0]]
[2025.03.22-08.24.14:548][  0]LogConfig: Setting CVar [[gc.NumRetriesBeforeForcingGC:10]]
[2025.03.22-08.24.14:548][  0]LogConfig: Setting CVar [[gc.AllowParallelGC:1]]
[2025.03.22-08.24.14:548][  0]LogConfig: Setting CVar [[gc.TimeBetweenPurgingPendingKillObjects:61.1]]
[2025.03.22-08.24.14:548][  0]LogConfig: Setting CVar [[gc.MaxObjectsInEditor:25165824]]
[2025.03.22-08.24.14:548][  0]LogConfig: Setting CVar [[gc.IncrementalBeginDestroyEnabled:1]]
[2025.03.22-08.24.14:548][  0]LogConfig: Setting CVar [[gc.CreateGCClusters:1]]
[2025.03.22-08.24.14:548][  0]LogConfig: Setting CVar [[gc.MinGCClusterSize:5]]
[2025.03.22-08.24.14:548][  0]LogConfig: Setting CVar [[gc.ActorClusteringEnabled:0]]
[2025.03.22-08.24.14:548][  0]LogConfig: Setting CVar [[gc.BlueprintClusteringEnabled:0]]
[2025.03.22-08.24.14:548][  0]LogConfig: Setting CVar [[gc.UseDisregardForGCOnDedicatedServers:0]]
[2025.03.22-08.24.14:548][  0]LogConfig: Setting CVar [[gc.MultithreadedDestructionEnabled:1]]
[2025.03.22-08.24.14:548][  0]LogConfig: Applying CVar settings from Section [/Script/Engine.NetworkSettings] File [D:/project/UE/room_escape/Saved/Config/Windows/Engine.ini]
[2025.03.22-08.24.14:548][  0]LogConfig: Applying CVar settings from Section [/Script/UnrealEd.CookerSettings] File [D:/project/UE/room_escape/Saved/Config/Windows/Engine.ini]
[2025.03.22-08.24.14:572][  0]LogConfig: Applying CVar settings from Section [ViewDistanceQuality@3] File [D:/project/UE/room_escape/Saved/Config/Windows/Scalability.ini]
[2025.03.22-08.24.14:572][  0]LogConfig: Setting CVar [[r.SkeletalMeshLODBias:0]]
[2025.03.22-08.24.14:572][  0]LogConfig: Setting CVar [[r.ViewDistanceScale:1.0]]
[2025.03.22-08.24.14:572][  0]LogConfig: Applying CVar settings from Section [AntiAliasingQuality@3] File [D:/project/UE/room_escape/Saved/Config/Windows/Scalability.ini]
[2025.03.22-08.24.14:572][  0]LogConfig: Setting CVar [[r.PostProcessAAQuality:4]]
[2025.03.22-08.24.14:572][  0]LogConfig: Applying CVar settings from Section [ShadowQuality@3] File [D:/project/UE/room_escape/Saved/Config/Windows/Scalability.ini]
[2025.03.22-08.24.14:572][  0]LogConfig: Setting CVar [[r.LightFunctionQuality:1]]
[2025.03.22-08.24.14:572][  0]LogConfig: Setting CVar [[r.ShadowQuality:5]]
[2025.03.22-08.24.14:572][  0]LogConfig: Setting CVar [[r.Shadow.CSM.MaxCascades:10]]
[2025.03.22-08.24.14:572][  0]LogConfig: Setting CVar [[r.Shadow.MaxResolution:2048]]
[2025.03.22-08.24.14:572][  0]LogConfig: Setting CVar [[r.Shadow.MaxCSMResolution:2048]]
[2025.03.22-08.24.14:572][  0]LogConfig: Setting CVar [[r.Shadow.RadiusThreshold:0.01]]
[2025.03.22-08.24.14:572][  0]LogConfig: Setting CVar [[r.Shadow.DistanceScale:1.0]]
[2025.03.22-08.24.14:572][  0]LogConfig: Setting CVar [[r.Shadow.CSM.TransitionScale:1.0]]
[2025.03.22-08.24.14:572][  0]LogConfig: Setting CVar [[r.Shadow.PreShadowResolutionFactor:1.0]]
[2025.03.22-08.24.14:572][  0]LogConfig: Setting CVar [[r.DistanceFieldShadowing:1]]
[2025.03.22-08.24.14:572][  0]LogConfig: Setting CVar [[r.DistanceFieldAO:1]]
[2025.03.22-08.24.14:572][  0]LogConfig: Setting CVar [[r.AOQuality:2]]
[2025.03.22-08.24.14:572][  0]LogConfig: Setting CVar [[r.VolumetricFog:1]]
[2025.03.22-08.24.14:572][  0]LogConfig: Setting CVar [[r.VolumetricFog.GridPixelSize:8]]
[2025.03.22-08.24.14:572][  0]LogConfig: Setting CVar [[r.VolumetricFog.GridSizeZ:128]]
[2025.03.22-08.24.14:572][  0]LogConfig: Setting CVar [[r.VolumetricFog.HistoryMissSupersampleCount:4]]
[2025.03.22-08.24.14:572][  0]LogConfig: Setting CVar [[r.LightMaxDrawDistanceScale:1]]
[2025.03.22-08.24.14:572][  0]LogConfig: Setting CVar [[r.CapsuleShadows:1]]
[2025.03.22-08.24.14:572][  0]LogConfig: Applying CVar settings from Section [PostProcessQuality@3] File [D:/project/UE/room_escape/Saved/Config/Windows/Scalability.ini]
[2025.03.22-08.24.14:572][  0]LogConfig: Setting CVar [[r.MotionBlurQuality:4]]
[2025.03.22-08.24.14:572][  0]LogConfig: Setting CVar [[r.AmbientOcclusionMipLevelFactor:0.4]]
[2025.03.22-08.24.14:572][  0]LogConfig: Setting CVar [[r.AmbientOcclusionMaxQuality:100]]
[2025.03.22-08.24.14:572][  0]LogConfig: Setting CVar [[r.AmbientOcclusionLevels:-1]]
[2025.03.22-08.24.14:572][  0]LogConfig: Setting CVar [[r.AmbientOcclusionRadiusScale:1.0]]
[2025.03.22-08.24.14:572][  0]LogConfig: Setting CVar [[r.DepthOfFieldQuality:2]]
[2025.03.22-08.24.14:572][  0]LogConfig: Setting CVar [[r.RenderTargetPoolMin:400]]
[2025.03.22-08.24.14:572][  0]LogConfig: Setting CVar [[r.LensFlareQuality:2]]
[2025.03.22-08.24.14:572][  0]LogConfig: Setting CVar [[r.SceneColorFringeQuality:1]]
[2025.03.22-08.24.14:572][  0]LogConfig: Setting CVar [[r.EyeAdaptationQuality:2]]
[2025.03.22-08.24.14:572][  0]LogConfig: Setting CVar [[r.BloomQuality:5]]
[2025.03.22-08.24.14:572][  0]LogConfig: Setting CVar [[r.FastBlurThreshold:100]]
[2025.03.22-08.24.14:572][  0]LogConfig: Setting CVar [[r.Upscale.Quality:3]]
[2025.03.22-08.24.14:572][  0]LogConfig: Setting CVar [[r.Tonemapper.GrainQuantization:1]]
[2025.03.22-08.24.14:572][  0]LogConfig: Setting CVar [[r.LightShaftQuality:1]]
[2025.03.22-08.24.14:572][  0]LogConfig: Setting CVar [[r.Filter.SizeScale:1]]
[2025.03.22-08.24.14:572][  0]LogConfig: Setting CVar [[r.Tonemapper.Quality:5]]
[2025.03.22-08.24.14:572][  0]LogConfig: Setting CVar [[r.DOF.Gather.AccumulatorQuality:1        ; higher gathering accumulator quality]]
[2025.03.22-08.24.14:572][  0]LogConfig: Setting CVar [[r.DOF.Gather.PostfilterMethod:1          ; Median3x3 postfilering method]]
[2025.03.22-08.24.14:573][  0]LogConfig: Setting CVar [[r.DOF.Gather.EnableBokehSettings:0       ; no bokeh simulation when gathering]]
[2025.03.22-08.24.14:573][  0]LogConfig: Setting CVar [[r.DOF.Gather.RingCount:4                 ; medium number of samples when gathering]]
[2025.03.22-08.24.14:573][  0]LogConfig: Setting CVar [[r.DOF.Scatter.ForegroundCompositing:1    ; additive foreground scattering]]
[2025.03.22-08.24.14:573][  0]LogConfig: Setting CVar [[r.DOF.Scatter.BackgroundCompositing:2    ; additive background scattering]]
[2025.03.22-08.24.14:573][  0]LogConfig: Setting CVar [[r.DOF.Scatter.EnableBokehSettings:1      ; bokeh simulation when scattering]]
[2025.03.22-08.24.14:573][  0]LogConfig: Setting CVar [[r.DOF.Scatter.MaxSpriteRatio:0.1         ; only a maximum of 10% of scattered bokeh]]
[2025.03.22-08.24.14:573][  0]LogConfig: Setting CVar [[r.DOF.Recombine.Quality:1                ; cheap slight out of focus]]
[2025.03.22-08.24.14:573][  0]LogConfig: Setting CVar [[r.DOF.Recombine.EnableBokehSettings:0    ; no bokeh simulation on slight out of focus]]
[2025.03.22-08.24.14:573][  0]LogConfig: Setting CVar [[r.DOF.TemporalAAQuality:1                ; more stable temporal accumulation]]
[2025.03.22-08.24.14:573][  0]LogConfig: Setting CVar [[r.DOF.Kernel.MaxForegroundRadius:0.025]]
[2025.03.22-08.24.14:573][  0]LogConfig: Setting CVar [[r.DOF.Kernel.MaxBackgroundRadius:0.025]]
[2025.03.22-08.24.14:573][  0]LogConfig: Applying CVar settings from Section [TextureQuality@3] File [D:/project/UE/room_escape/Saved/Config/Windows/Scalability.ini]
[2025.03.22-08.24.14:573][  0]LogConfig: Setting CVar [[r.Streaming.MipBias:0]]
[2025.03.22-08.24.14:573][  0]LogConfig: Setting CVar [[r.Streaming.AmortizeCPUToGPUCopy:0]]
[2025.03.22-08.24.14:573][  0]LogConfig: Setting CVar [[r.Streaming.MaxNumTexturesToStreamPerFrame:0]]
[2025.03.22-08.24.14:573][  0]LogConfig: Setting CVar [[r.Streaming.Boost:1]]
[2025.03.22-08.24.14:573][  0]LogConfig: Setting CVar [[r.MaxAnisotropy:8]]
[2025.03.22-08.24.14:573][  0]LogConfig: Setting CVar [[r.VT.MaxAnisotropy:8]]
[2025.03.22-08.24.14:573][  0]LogConfig: Setting CVar [[r.Streaming.LimitPoolSizeToVRAM:0]]
[2025.03.22-08.24.14:573][  0]LogConfig: Setting CVar [[r.Streaming.PoolSize:1000]]
[2025.03.22-08.24.14:573][  0]LogConfig: Setting CVar [[r.Streaming.MaxEffectiveScreenSize:0]]
[2025.03.22-08.24.14:573][  0]LogConfig: Applying CVar settings from Section [EffectsQuality@3] File [D:/project/UE/room_escape/Saved/Config/Windows/Scalability.ini]
[2025.03.22-08.24.14:573][  0]LogConfig: Setting CVar [[r.TranslucencyLightingVolumeDim:64]]
[2025.03.22-08.24.14:573][  0]LogConfig: Setting CVar [[r.RefractionQuality:2]]
[2025.03.22-08.24.14:573][  0]LogConfig: Setting CVar [[r.SSR.Quality:3]]
[2025.03.22-08.24.14:573][  0]LogConfig: Setting CVar [[r.SSR.HalfResSceneColor:0]]
[2025.03.22-08.24.14:573][  0]LogConfig: Setting CVar [[r.SceneColorFormat:4]]
[2025.03.22-08.24.14:573][  0]LogConfig: Setting CVar [[r.DetailMode:2]]
[2025.03.22-08.24.14:573][  0]LogConfig: Setting CVar [[r.TranslucencyVolumeBlur:1]]
[2025.03.22-08.24.14:573][  0]LogConfig: Setting CVar [[r.MaterialQualityLevel:1 ; High quality]]
[2025.03.22-08.24.14:573][  0]LogConfig: Setting CVar [[r.AnisotropicMaterials:1]]
[2025.03.22-08.24.14:573][  0]LogConfig: Setting CVar [[r.SSS.Scale:1]]
[2025.03.22-08.24.14:573][  0]LogConfig: Setting CVar [[r.SSS.SampleSet:2]]
[2025.03.22-08.24.14:573][  0]LogConfig: Setting CVar [[r.SSS.Quality:1]]
[2025.03.22-08.24.14:573][  0]LogConfig: Setting CVar [[r.SSS.HalfRes:0]]
[2025.03.22-08.24.14:573][  0]LogConfig: Setting CVar [[r.SSGI.Quality:3]]
[2025.03.22-08.24.14:573][  0]LogConfig: Setting CVar [[r.EmitterSpawnRateScale:1.0]]
[2025.03.22-08.24.14:573][  0]LogConfig: Setting CVar [[r.ParticleLightQuality:2]]
[2025.03.22-08.24.14:573][  0]LogConfig: Setting CVar [[r.SkyAtmosphere.AerialPerspectiveLUT.FastApplyOnOpaque:1 ; Always have FastSkyLUT 1 in this case to avoid wrong sky]]
[2025.03.22-08.24.14:573][  0]LogConfig: Setting CVar [[r.SkyAtmosphere.AerialPerspectiveLUT.SampleCountMaxPerSlice:4]]
[2025.03.22-08.24.14:573][  0]LogConfig: Setting CVar [[r.SkyAtmosphere.AerialPerspectiveLUT.DepthResolution:16.0]]
[2025.03.22-08.24.14:573][  0]LogConfig: Setting CVar [[r.SkyAtmosphere.FastSkyLUT:1]]
[2025.03.22-08.24.14:573][  0]LogConfig: Setting CVar [[r.SkyAtmosphere.FastSkyLUT.SampleCountMin:4.0]]
[2025.03.22-08.24.14:573][  0]LogConfig: Setting CVar [[r.SkyAtmosphere.FastSkyLUT.SampleCountMax:128.0]]
[2025.03.22-08.24.14:573][  0]LogConfig: Setting CVar [[r.SkyAtmosphere.SampleCountMin:4.0]]
[2025.03.22-08.24.14:573][  0]LogConfig: Setting CVar [[r.SkyAtmosphere.SampleCountMax:128.0]]
[2025.03.22-08.24.14:573][  0]LogConfig: Setting CVar [[r.SkyAtmosphere.TransmittanceLUT.UseSmallFormat:0]]
[2025.03.22-08.24.14:573][  0]LogConfig: Setting CVar [[r.SkyAtmosphere.TransmittanceLUT.SampleCount:10.0]]
[2025.03.22-08.24.14:573][  0]LogConfig: Setting CVar [[r.SkyAtmosphere.MultiScatteringLUT.SampleCount:15.0]]
[2025.03.22-08.24.14:573][  0]LogConfig: Setting CVar [[r.SkyLight.RealTimeReflectionCapture:1]]
[2025.03.22-08.24.14:573][  0]LogConfig: Applying CVar settings from Section [FoliageQuality@3] File [D:/project/UE/room_escape/Saved/Config/Windows/Scalability.ini]
[2025.03.22-08.24.14:573][  0]LogConfig: Setting CVar [[foliage.DensityScale:1.0]]
[2025.03.22-08.24.14:573][  0]LogConfig: Setting CVar [[grass.DensityScale:1.0]]
[2025.03.22-08.24.14:573][  0]LogConfig: Applying CVar settings from Section [ShadingQuality@3] File [D:/project/UE/room_escape/Saved/Config/Windows/Scalability.ini]
[2025.03.22-08.24.14:573][  0]LogConfig: Setting CVar [[r.HairStrands.SkyLighting.IntegrationType:2]]
[2025.03.22-08.24.14:573][  0]LogConfig: Setting CVar [[r.HairStrands.SkyAO.SampleCount:4]]
[2025.03.22-08.24.14:573][  0]LogConfig: Setting CVar [[r.HairStrands.Visibility.MSAA.SamplePerPixel:4]]
[2025.03.22-08.24.14:573][  0]LogInit: Selected Device Profile: [Windows]
[2025.03.22-08.24.14:573][  0]LogInit: Applying CVar settings loaded from the selected device profile: [Windows]
[2025.03.22-08.24.14:573][  0]LogHAL: Display: Platform has ~ 16 GB [16969424896 / 17179869184 / 16], which maps to Larger [LargestMinGB=32, LargerMinGB=12, DefaultMinGB=8, SmallerMinGB=6, SmallestMinGB=0)
[2025.03.22-08.24.14:573][  0]LogInit: Going up to parent DeviceProfile []
[2025.03.22-08.24.14:573][  0]LogConfig: Applying CVar settings from Section [ViewDistanceQuality@3] File [D:/project/UE/room_escape/Saved/Config/Windows/Scalability.ini]
[2025.03.22-08.24.14:573][  0]LogConfig: Setting CVar [[r.SkeletalMeshLODBias:0]]
[2025.03.22-08.24.14:573][  0]LogConfig: Setting CVar [[r.ViewDistanceScale:1.0]]
[2025.03.22-08.24.14:573][  0]LogConfig: Applying CVar settings from Section [AntiAliasingQuality@3] File [D:/project/UE/room_escape/Saved/Config/Windows/Scalability.ini]
[2025.03.22-08.24.14:573][  0]LogConfig: Setting CVar [[r.PostProcessAAQuality:4]]
[2025.03.22-08.24.14:573][  0]LogConfig: Applying CVar settings from Section [ShadowQuality@3] File [D:/project/UE/room_escape/Saved/Config/Windows/Scalability.ini]
[2025.03.22-08.24.14:573][  0]LogConfig: Setting CVar [[r.LightFunctionQuality:1]]
[2025.03.22-08.24.14:573][  0]LogConfig: Setting CVar [[r.ShadowQuality:5]]
[2025.03.22-08.24.14:573][  0]LogConfig: Setting CVar [[r.Shadow.CSM.MaxCascades:10]]
[2025.03.22-08.24.14:573][  0]LogConfig: Setting CVar [[r.Shadow.MaxResolution:2048]]
[2025.03.22-08.24.14:573][  0]LogConfig: Setting CVar [[r.Shadow.MaxCSMResolution:2048]]
[2025.03.22-08.24.14:573][  0]LogConfig: Setting CVar [[r.Shadow.RadiusThreshold:0.01]]
[2025.03.22-08.24.14:573][  0]LogConfig: Setting CVar [[r.Shadow.DistanceScale:1.0]]
[2025.03.22-08.24.14:573][  0]LogConfig: Setting CVar [[r.Shadow.CSM.TransitionScale:1.0]]
[2025.03.22-08.24.14:573][  0]LogConfig: Setting CVar [[r.Shadow.PreShadowResolutionFactor:1.0]]
[2025.03.22-08.24.14:573][  0]LogConfig: Setting CVar [[r.DistanceFieldShadowing:1]]
[2025.03.22-08.24.14:573][  0]LogConfig: Setting CVar [[r.DistanceFieldAO:1]]
[2025.03.22-08.24.14:573][  0]LogConfig: Setting CVar [[r.AOQuality:2]]
[2025.03.22-08.24.14:573][  0]LogConfig: Setting CVar [[r.VolumetricFog:1]]
[2025.03.22-08.24.14:573][  0]LogConfig: Setting CVar [[r.VolumetricFog.GridPixelSize:8]]
[2025.03.22-08.24.14:573][  0]LogConfig: Setting CVar [[r.VolumetricFog.GridSizeZ:128]]
[2025.03.22-08.24.14:573][  0]LogConfig: Setting CVar [[r.VolumetricFog.HistoryMissSupersampleCount:4]]
[2025.03.22-08.24.14:573][  0]LogConfig: Setting CVar [[r.LightMaxDrawDistanceScale:1]]
[2025.03.22-08.24.14:573][  0]LogConfig: Setting CVar [[r.CapsuleShadows:1]]
[2025.03.22-08.24.14:573][  0]LogConfig: Applying CVar settings from Section [PostProcessQuality@3] File [D:/project/UE/room_escape/Saved/Config/Windows/Scalability.ini]
[2025.03.22-08.24.14:573][  0]LogConfig: Setting CVar [[r.MotionBlurQuality:4]]
[2025.03.22-08.24.14:573][  0]LogConfig: Setting CVar [[r.AmbientOcclusionMipLevelFactor:0.4]]
[2025.03.22-08.24.14:573][  0]LogConfig: Setting CVar [[r.AmbientOcclusionMaxQuality:100]]
[2025.03.22-08.24.14:573][  0]LogConfig: Setting CVar [[r.AmbientOcclusionLevels:-1]]
[2025.03.22-08.24.14:573][  0]LogConfig: Setting CVar [[r.AmbientOcclusionRadiusScale:1.0]]
[2025.03.22-08.24.14:573][  0]LogConfig: Setting CVar [[r.DepthOfFieldQuality:2]]
[2025.03.22-08.24.14:573][  0]LogConfig: Setting CVar [[r.RenderTargetPoolMin:400]]
[2025.03.22-08.24.14:573][  0]LogConfig: Setting CVar [[r.LensFlareQuality:2]]
[2025.03.22-08.24.14:573][  0]LogConfig: Setting CVar [[r.SceneColorFringeQuality:1]]
[2025.03.22-08.24.14:573][  0]LogConfig: Setting CVar [[r.EyeAdaptationQuality:2]]
[2025.03.22-08.24.14:573][  0]LogConfig: Setting CVar [[r.BloomQuality:5]]
[2025.03.22-08.24.14:573][  0]LogConfig: Setting CVar [[r.FastBlurThreshold:100]]
[2025.03.22-08.24.14:573][  0]LogConfig: Setting CVar [[r.Upscale.Quality:3]]
[2025.03.22-08.24.14:573][  0]LogConfig: Setting CVar [[r.Tonemapper.GrainQuantization:1]]
[2025.03.22-08.24.14:574][  0]LogConfig: Setting CVar [[r.LightShaftQuality:1]]
[2025.03.22-08.24.14:574][  0]LogConfig: Setting CVar [[r.Filter.SizeScale:1]]
[2025.03.22-08.24.14:574][  0]LogConfig: Setting CVar [[r.Tonemapper.Quality:5]]
[2025.03.22-08.24.14:574][  0]LogConfig: Setting CVar [[r.DOF.Gather.AccumulatorQuality:1        ; higher gathering accumulator quality]]
[2025.03.22-08.24.14:574][  0]LogConfig: Setting CVar [[r.DOF.Gather.PostfilterMethod:1          ; Median3x3 postfilering method]]
[2025.03.22-08.24.14:574][  0]LogConfig: Setting CVar [[r.DOF.Gather.EnableBokehSettings:0       ; no bokeh simulation when gathering]]
[2025.03.22-08.24.14:574][  0]LogConfig: Setting CVar [[r.DOF.Gather.RingCount:4                 ; medium number of samples when gathering]]
[2025.03.22-08.24.14:574][  0]LogConfig: Setting CVar [[r.DOF.Scatter.ForegroundCompositing:1    ; additive foreground scattering]]
[2025.03.22-08.24.14:574][  0]LogConfig: Setting CVar [[r.DOF.Scatter.BackgroundCompositing:2    ; additive background scattering]]
[2025.03.22-08.24.14:574][  0]LogConfig: Setting CVar [[r.DOF.Scatter.EnableBokehSettings:1      ; bokeh simulation when scattering]]
[2025.03.22-08.24.14:574][  0]LogConfig: Setting CVar [[r.DOF.Scatter.MaxSpriteRatio:0.1         ; only a maximum of 10% of scattered bokeh]]
[2025.03.22-08.24.14:574][  0]LogConfig: Setting CVar [[r.DOF.Recombine.Quality:1                ; cheap slight out of focus]]
[2025.03.22-08.24.14:574][  0]LogConfig: Setting CVar [[r.DOF.Recombine.EnableBokehSettings:0    ; no bokeh simulation on slight out of focus]]
[2025.03.22-08.24.14:574][  0]LogConfig: Setting CVar [[r.DOF.TemporalAAQuality:1                ; more stable temporal accumulation]]
[2025.03.22-08.24.14:574][  0]LogConfig: Setting CVar [[r.DOF.Kernel.MaxForegroundRadius:0.025]]
[2025.03.22-08.24.14:574][  0]LogConfig: Setting CVar [[r.DOF.Kernel.MaxBackgroundRadius:0.025]]
[2025.03.22-08.24.14:574][  0]LogConfig: Applying CVar settings from Section [TextureQuality@3] File [D:/project/UE/room_escape/Saved/Config/Windows/Scalability.ini]
[2025.03.22-08.24.14:574][  0]LogConfig: Setting CVar [[r.Streaming.MipBias:0]]
[2025.03.22-08.24.14:574][  0]LogConfig: Setting CVar [[r.Streaming.AmortizeCPUToGPUCopy:0]]
[2025.03.22-08.24.14:574][  0]LogConfig: Setting CVar [[r.Streaming.MaxNumTexturesToStreamPerFrame:0]]
[2025.03.22-08.24.14:574][  0]LogConfig: Setting CVar [[r.Streaming.Boost:1]]
[2025.03.22-08.24.14:574][  0]LogConfig: Setting CVar [[r.MaxAnisotropy:8]]
[2025.03.22-08.24.14:574][  0]LogConfig: Setting CVar [[r.VT.MaxAnisotropy:8]]
[2025.03.22-08.24.14:574][  0]LogConfig: Setting CVar [[r.Streaming.LimitPoolSizeToVRAM:0]]
[2025.03.22-08.24.14:574][  0]LogConfig: Setting CVar [[r.Streaming.PoolSize:1000]]
[2025.03.22-08.24.14:574][  0]LogConfig: Setting CVar [[r.Streaming.MaxEffectiveScreenSize:0]]
[2025.03.22-08.24.14:574][  0]LogConfig: Applying CVar settings from Section [EffectsQuality@3] File [D:/project/UE/room_escape/Saved/Config/Windows/Scalability.ini]
[2025.03.22-08.24.14:574][  0]LogConfig: Setting CVar [[r.TranslucencyLightingVolumeDim:64]]
[2025.03.22-08.24.14:574][  0]LogConfig: Setting CVar [[r.RefractionQuality:2]]
[2025.03.22-08.24.14:574][  0]LogConfig: Setting CVar [[r.SSR.Quality:3]]
[2025.03.22-08.24.14:574][  0]LogConfig: Setting CVar [[r.SSR.HalfResSceneColor:0]]
[2025.03.22-08.24.14:574][  0]LogConfig: Setting CVar [[r.SceneColorFormat:4]]
[2025.03.22-08.24.14:574][  0]LogConfig: Setting CVar [[r.DetailMode:2]]
[2025.03.22-08.24.14:574][  0]LogConfig: Setting CVar [[r.TranslucencyVolumeBlur:1]]
[2025.03.22-08.24.14:574][  0]LogConfig: Setting CVar [[r.MaterialQualityLevel:1 ; High quality]]
[2025.03.22-08.24.14:574][  0]LogConfig: Setting CVar [[r.AnisotropicMaterials:1]]
[2025.03.22-08.24.14:574][  0]LogConfig: Setting CVar [[r.SSS.Scale:1]]
[2025.03.22-08.24.14:574][  0]LogConfig: Setting CVar [[r.SSS.SampleSet:2]]
[2025.03.22-08.24.14:574][  0]LogConfig: Setting CVar [[r.SSS.Quality:1]]
[2025.03.22-08.24.14:574][  0]LogConfig: Setting CVar [[r.SSS.HalfRes:0]]
[2025.03.22-08.24.14:574][  0]LogConfig: Setting CVar [[r.SSGI.Quality:3]]
[2025.03.22-08.24.14:574][  0]LogConfig: Setting CVar [[r.EmitterSpawnRateScale:1.0]]
[2025.03.22-08.24.14:574][  0]LogConfig: Setting CVar [[r.ParticleLightQuality:2]]
[2025.03.22-08.24.14:574][  0]LogConfig: Setting CVar [[r.SkyAtmosphere.AerialPerspectiveLUT.FastApplyOnOpaque:1 ; Always have FastSkyLUT 1 in this case to avoid wrong sky]]
[2025.03.22-08.24.14:574][  0]LogConfig: Setting CVar [[r.SkyAtmosphere.AerialPerspectiveLUT.SampleCountMaxPerSlice:4]]
[2025.03.22-08.24.14:574][  0]LogConfig: Setting CVar [[r.SkyAtmosphere.AerialPerspectiveLUT.DepthResolution:16.0]]
[2025.03.22-08.24.14:574][  0]LogConfig: Setting CVar [[r.SkyAtmosphere.FastSkyLUT:1]]
[2025.03.22-08.24.14:574][  0]LogConfig: Setting CVar [[r.SkyAtmosphere.FastSkyLUT.SampleCountMin:4.0]]
[2025.03.22-08.24.14:574][  0]LogConfig: Setting CVar [[r.SkyAtmosphere.FastSkyLUT.SampleCountMax:128.0]]
[2025.03.22-08.24.14:574][  0]LogConfig: Setting CVar [[r.SkyAtmosphere.SampleCountMin:4.0]]
[2025.03.22-08.24.14:574][  0]LogConfig: Setting CVar [[r.SkyAtmosphere.SampleCountMax:128.0]]
[2025.03.22-08.24.14:574][  0]LogConfig: Setting CVar [[r.SkyAtmosphere.TransmittanceLUT.UseSmallFormat:0]]
[2025.03.22-08.24.14:574][  0]LogConfig: Setting CVar [[r.SkyAtmosphere.TransmittanceLUT.SampleCount:10.0]]
[2025.03.22-08.24.14:574][  0]LogConfig: Setting CVar [[r.SkyAtmosphere.MultiScatteringLUT.SampleCount:15.0]]
[2025.03.22-08.24.14:574][  0]LogConfig: Setting CVar [[r.SkyLight.RealTimeReflectionCapture:1]]
[2025.03.22-08.24.14:574][  0]LogConfig: Applying CVar settings from Section [FoliageQuality@3] File [D:/project/UE/room_escape/Saved/Config/Windows/Scalability.ini]
[2025.03.22-08.24.14:574][  0]LogConfig: Setting CVar [[foliage.DensityScale:1.0]]
[2025.03.22-08.24.14:574][  0]LogConfig: Setting CVar [[grass.DensityScale:1.0]]
[2025.03.22-08.24.14:574][  0]LogConfig: Applying CVar settings from Section [ShadingQuality@3] File [D:/project/UE/room_escape/Saved/Config/Windows/Scalability.ini]
[2025.03.22-08.24.14:574][  0]LogConfig: Setting CVar [[r.HairStrands.SkyLighting.IntegrationType:2]]
[2025.03.22-08.24.14:574][  0]LogConfig: Setting CVar [[r.HairStrands.SkyAO.SampleCount:4]]
[2025.03.22-08.24.14:574][  0]LogConfig: Setting CVar [[r.HairStrands.Visibility.MSAA.SamplePerPixel:4]]
[2025.03.22-08.24.14:574][  0]LogConfig: Applying CVar settings from Section [Startup] File [../../../Engine/Config/ConsoleVariables.ini]
[2025.03.22-08.24.14:574][  0]LogConfig: Setting CVar [[net.UseAdaptiveNetUpdateFrequency:0]]
[2025.03.22-08.24.14:574][  0]LogConfig: Setting CVar [[p.chaos.AllowCreatePhysxBodies:1]]
[2025.03.22-08.24.14:574][  0]LogConfig: Setting CVar [[fx.SkipVectorVMBackendOptimizations:1]]
[2025.03.22-08.24.14:574][  0]LogConfig: Applying CVar settings from Section [ConsoleVariables] File [D:/project/UE/room_escape/Saved/Config/Windows/Engine.ini]
[2025.03.22-08.24.14:574][  0]LogConfig: Applying CVar settings from Section [ConsoleVariables] File [D:/project/UE/room_escape/Saved/Config/Windows/Editor.ini]
[2025.03.22-08.24.14:574][  0]LogInit: Computer: 一介白衣
[2025.03.22-08.24.14:574][  0]LogInit: User: yjby
[2025.03.22-08.24.14:574][  0]LogInit: CPU Page size=4096, Cores=4
[2025.03.22-08.24.14:574][  0]LogInit: High frequency timer resolution =10.000000 MHz
[2025.03.22-08.24.14:574][  0]LogMemory: Memory total: Physical=15.8GB (16GB approx)
[2025.03.22-08.24.14:574][  0]LogMemory: Platform Memory Stats for Windows
[2025.03.22-08.24.14:574][  0]LogMemory: Process Physical Memory: 145.44 MB used, 145.44 MB peak
[2025.03.22-08.24.14:575][  0]LogMemory: Process Virtual Memory: 120.66 MB used, 120.66 MB peak
[2025.03.22-08.24.14:575][  0]LogMemory: Physical Memory: 11406.73 MB used,  4776.57 MB free, 16183.30 MB total
[2025.03.22-08.24.14:575][  0]LogMemory: Virtual Memory: 134206800.00 MB used,  10931.24 MB free, 134217728.00 MB total
[2025.03.22-08.24.14:580][  0]LogWindows: WindowsPlatformFeatures enabled
[2025.03.22-08.24.14:599][  0]LogInit: Physics initialised using underlying interface: PhysX
[2025.03.22-08.24.14:599][  0]LogInit: Overriding language with editor language configuration option (en).
[2025.03.22-08.24.14:599][  0]LogInit: Using OS detected locale (zh-CN).
[2025.03.22-08.24.14:754][  0]LogInit: Setting process to per monitor DPI aware
[2025.03.22-08.24.14:770][  0]LogWindowsTextInputMethodSystem: Display: IME system deactivated.
[2025.03.22-08.24.14:779][  0]LogSlate: New Slate User Created.  User Index 0, Is Virtual User: 0
[2025.03.22-08.24.14:779][  0]LogSlate: Slate User Registered.  User Index 0, Is Virtual User: 0
[2025.03.22-08.24.14:880][  0]LogD3D11RHI: Loaded GFSDK_Aftermath_Lib.x64.dll
[2025.03.22-08.24.14:884][  0]LogHMD: Failed to initialize OpenVR with code 110
[2025.03.22-08.24.14:884][  0]LogD3D11RHI: D3D11 min allowed feature level: 11_0
[2025.03.22-08.24.14:884][  0]LogD3D11RHI: D3D11 max allowed feature level: 11_0
[2025.03.22-08.24.14:884][  0]LogD3D11RHI: D3D11 adapters:
[2025.03.22-08.24.14:983][  0]LogD3D11RHI:    0. 'Intel(R) Iris(R) Xe Graphics' (Feature Level 11_0)
[2025.03.22-08.24.14:983][  0]LogD3D11RHI:       128/0/8091 MB DedicatedVideo/DedicatedSystem/SharedSystem, Outputs:2, VendorId:0x8086
[2025.03.22-08.24.14:985][  0]LogD3D11RHI:    1. 'Microsoft Basic Render Driver' (Feature Level 11_0)
[2025.03.22-08.24.14:985][  0]LogD3D11RHI:       0/0/8091 MB DedicatedVideo/DedicatedSystem/SharedSystem, Outputs:0, VendorId:0x1414
[2025.03.22-08.24.15:080][  0]LogD3D11RHI:    2. 'Intel(R) Iris(R) Xe Graphics' (Feature Level 11_0)
[2025.03.22-08.24.15:081][  0]LogD3D11RHI:       128/0/8091 MB DedicatedVideo/DedicatedSystem/SharedSystem, Outputs:0, VendorId:0x8086
[2025.03.22-08.24.15:081][  0]LogD3D11RHI: Chosen D3D11 Adapter:
[2025.03.22-08.24.15:081][  0]LogD3D11RHI:     Description : Intel(R) Iris(R) Xe Graphics
[2025.03.22-08.24.15:081][  0]LogD3D11RHI:     VendorId    : 8086
[2025.03.22-08.24.15:081][  0]LogD3D11RHI:     DeviceId    : 9a49
[2025.03.22-08.24.15:081][  0]LogD3D11RHI:     SubSysId    : 1307152d
[2025.03.22-08.24.15:081][  0]LogD3D11RHI:     Revision    : 0001
[2025.03.22-08.24.15:081][  0]LogD3D11RHI:     DedicatedVideoMemory : 134217728 bytes
[2025.03.22-08.24.15:081][  0]LogD3D11RHI:     DedicatedSystemMemory : 0 bytes
[2025.03.22-08.24.15:081][  0]LogD3D11RHI:     SharedSystemMemory : 8484712448 bytes
[2025.03.22-08.24.15:081][  0]LogD3D11RHI:     AdapterLuid : 0 54700
[2025.03.22-08.24.15:087][  0]LogD3D11RHI: Creating new Direct3DDevice
[2025.03.22-08.24.15:087][  0]LogD3D11RHI:     GPU DeviceId: 0x9a49 (for the marketing name, search the web for "GPU Device Id")
[2025.03.22-08.24.15:087][  0]LogWindows: EnumDisplayDevices:
[2025.03.22-08.24.15:087][  0]LogWindows:    0. 'Intel(R) Iris(R) Xe Graphics' (P:1 D:1)
[2025.03.22-08.24.15:087][  0]LogWindows:    1. 'Intel(R) Iris(R) Xe Graphics' (P:0 D:1)
[2025.03.22-08.24.15:087][  0]LogWindows:    2. 'Intel(R) Iris(R) Xe Graphics' (P:0 D:0)
[2025.03.22-08.24.15:088][  0]LogWindows:    3. 'Intel(R) Iris(R) Xe Graphics' (P:0 D:0)
[2025.03.22-08.24.15:088][  0]LogWindows:    4. 'Virtual Display Device' (P:0 D:0)
[2025.03.22-08.24.15:088][  0]LogWindows: DebugString: GetVideoDriverDetailsInvalid PrimaryIsNotTheChoosenAdapter FoundDriverCount:4 
[2025.03.22-08.24.15:088][  0]LogD3D11RHI:     Adapter Name: Intel(R) Iris(R) Xe Graphics
[2025.03.22-08.24.15:088][  0]LogD3D11RHI:   Driver Version: 32.0.101.6325 (internal:32.0.101.6325, unified:32.0.101.6325)
[2025.03.22-08.24.15:088][  0]LogD3D11RHI:      Driver Date: 12-10-2024
[2025.03.22-08.24.15:088][  0]LogRHI: Texture pool is 1523 MB (70% of 2176 MB)
[2025.03.22-08.24.15:094][  0]LogD3D11RHI: Creating D3DDevice using adapter:
[2025.03.22-08.24.15:094][  0]LogD3D11RHI:     Description : Intel(R) Iris(R) Xe Graphics
[2025.03.22-08.24.15:094][  0]LogD3D11RHI:     VendorId    : 8086
[2025.03.22-08.24.15:094][  0]LogD3D11RHI:     DeviceId    : 9a49
[2025.03.22-08.24.15:094][  0]LogD3D11RHI:     SubSysId    : 1307152d
[2025.03.22-08.24.15:094][  0]LogD3D11RHI:     Revision    : 0001
[2025.03.22-08.24.15:094][  0]LogD3D11RHI:     DedicatedVideoMemory : 134217728 bytes
[2025.03.22-08.24.15:094][  0]LogD3D11RHI:     DedicatedSystemMemory : 0 bytes
[2025.03.22-08.24.15:094][  0]LogD3D11RHI:     SharedSystemMemory : 8484712448 bytes
[2025.03.22-08.24.15:094][  0]LogD3D11RHI:     AdapterLuid : 0 54700
[2025.03.22-08.24.15:176][  0]LogD3D11RHI: RHI does not have support for 64 bit atomics
[2025.03.22-08.24.15:195][  0]LogD3D11RHI: Intel Extensions support version Full=16777216, Major=1, Minor=0, Revision=0
[2025.03.22-08.24.15:195][  0]LogD3D11RHI: Intel Extensions support version Full=16777217, Major=1, Minor=0, Revision=1
[2025.03.22-08.24.15:196][  0]LogD3D11RHI: Intel Extensions Framework enabled
[2025.03.22-08.24.15:196][  0]LogD3D11RHI: [IntelMetricsDiscovery] Started
[2025.03.22-08.24.15:196][  0]LogD3D11RHI: Async texture creation enabled
[2025.03.22-08.24.15:196][  0]LogD3D11RHI: Array index from any shader is supported
[2025.03.22-08.24.15:208][  0]LogD3D11RHI: GPU Timing Frequency: 19.200000 (Debug: 2 0)
[2025.03.22-08.24.15:679][  0]LogTargetPlatformManager: Display: Loaded TargetPlatform 'AllDesktop'
[2025.03.22-08.24.15:705][  0]LogTargetPlatformManager: Display: Loaded TargetPlatform 'Android'
[2025.03.22-08.24.15:705][  0]LogTargetPlatformManager: Display: Loaded TargetPlatform 'Android_ASTC'
[2025.03.22-08.24.15:705][  0]LogTargetPlatformManager: Display: Loaded TargetPlatform 'Android_DXT'
[2025.03.22-08.24.15:705][  0]LogTargetPlatformManager: Display: Loaded TargetPlatform 'Android_ETC2'
[2025.03.22-08.24.15:705][  0]LogTargetPlatformManager: Display: Loaded TargetPlatform 'AndroidClient'
[2025.03.22-08.24.15:705][  0]LogTargetPlatformManager: Display: Loaded TargetPlatform 'Android_ASTCClient'
[2025.03.22-08.24.15:705][  0]LogTargetPlatformManager: Display: Loaded TargetPlatform 'Android_DXTClient'
[2025.03.22-08.24.15:705][  0]LogTargetPlatformManager: Display: Loaded TargetPlatform 'Android_ETC2Client'
[2025.03.22-08.24.15:705][  0]LogTargetPlatformManager: Display: Loaded TargetPlatform 'Android_Multi'
[2025.03.22-08.24.15:705][  0]LogTargetPlatformManager: Display: Loaded TargetPlatform 'Android_MultiClient'
[2025.03.22-08.24.15:727][  0]LogTargetPlatformManager: Display: Loaded TargetPlatform 'IOSClient'
[2025.03.22-08.24.15:727][  0]LogTargetPlatformManager: Display: Loaded TargetPlatform 'IOS'
[2025.03.22-08.24.15:738][  0]LogTargetPlatformManager: Display: Loaded TargetPlatform 'Linux'
[2025.03.22-08.24.15:744][  0]LogTargetPlatformManager: Display: Loaded TargetPlatform 'LinuxNoEditor'
[2025.03.22-08.24.15:750][  0]LogTargetPlatformManager: Display: Loaded TargetPlatform 'LinuxClient'
[2025.03.22-08.24.15:754][  0]LogTargetPlatformManager: Display: Loaded TargetPlatform 'LinuxServer'
[2025.03.22-08.24.15:763][  0]LogTargetPlatformManager: Display: Loaded TargetPlatform 'LinuxAArch64NoEditor'
[2025.03.22-08.24.15:767][  0]LogTargetPlatformManager: Display: Loaded TargetPlatform 'LinuxAArch64Client'
[2025.03.22-08.24.15:771][  0]LogTargetPlatformManager: Display: Loaded TargetPlatform 'LinuxAArch64Server'
[2025.03.22-08.24.15:790][  0]LogTargetPlatformManager: Display: Loaded TargetPlatform 'Lumin'
[2025.03.22-08.24.15:790][  0]LogTargetPlatformManager: Display: Loaded TargetPlatform 'LuminClient'
[2025.03.22-08.24.15:797][  0]LogTargetPlatformManager: Display: Loaded TargetPlatform 'MacNoEditor'
[2025.03.22-08.24.15:801][  0]LogTargetPlatformManager: Display: Loaded TargetPlatform 'Mac'
[2025.03.22-08.24.15:805][  0]LogTargetPlatformManager: Display: Loaded TargetPlatform 'MacClient'
[2025.03.22-08.24.15:809][  0]LogTargetPlatformManager: Display: Loaded TargetPlatform 'MacServer'
[2025.03.22-08.24.15:817][  0]LogTargetPlatformManager: Display: Loaded TargetPlatform 'TVOSClient'
[2025.03.22-08.24.15:817][  0]LogTargetPlatformManager: Display: Loaded TargetPlatform 'TVOS'
[2025.03.22-08.24.15:828][  0]LogTargetPlatformManager: Display: Loaded TargetPlatform 'WindowsNoEditor'
[2025.03.22-08.24.15:834][  0]LogTargetPlatformManager: Display: Loaded TargetPlatform 'Windows'
[2025.03.22-08.24.15:838][  0]LogTargetPlatformManager: Display: Loaded TargetPlatform 'WindowsClient'
[2025.03.22-08.24.15:843][  0]LogTargetPlatformManager: Display: Loaded TargetPlatform 'WindowsServer'
[2025.03.22-08.24.15:843][  0]LogTargetPlatformManager: Display: Building Assets For Windows
[2025.03.22-08.24.15:850][  0]LogAudioDebug: Display: Lib vorbis DLL was dynamically loaded.
[2025.03.22-08.24.15:883][  0]LogTextureFormatOodle: Display: Oodle Texture 2.9.0 init RDO Off
[2025.03.22-08.24.15:916][  0]LogRendererCore: Ray tracing is disabled. Reason: r.RayTracing=0.
[2025.03.22-08.24.15:916][  0]LogShaderCompilers: Guid format shader working directory is 4 characters bigger than the processId version (../../../../../../project/UE/room_escape/Intermediate/Shaders/WorkingDirectory/13900/).
[2025.03.22-08.24.15:916][  0]LogShaderCompilers: Cleaned the shader compiler working directory 'C:/Users/yjby/AppData/Local/Temp/UnrealShaderWorkingDir/DAE3443C44B31B86C049FDA459252662/'.
[2025.03.22-08.24.15:916][  0]LogXGEController: Cannot use XGE Controller as Incredibuild is not installed on this machine.
[2025.03.22-08.24.15:916][  0]LogShaderCompilers: Cannot use XGE Shader Compiler as Incredibuild is not installed on this machine.
[2025.03.22-08.24.15:916][  0]LogShaderCompilers: Display: Using Local Shader Compiler.
[2025.03.22-08.24.16:597][  0]LogDerivedDataCache: Display: Max Cache Size: 512 MB
[2025.03.22-08.24.16:652][  0]LogDerivedDataCache: Loaded boot cache 0.06s 94MB C:/Users/yjby/AppData/Local/UnrealEngine/4.27/DerivedDataCache/Boot.ddc.
[2025.03.22-08.24.16:652][  0]LogDerivedDataCache: Display: Loaded Boot cache: C:/Users/yjby/AppData/Local/UnrealEngine/4.27/DerivedDataCache/Boot.ddc
[2025.03.22-08.24.16:655][  0]LogDerivedDataCache: FDerivedDataBackendGraph:  Pak pak cache file ../../../../../../project/UE/room_escape/DerivedDataCache/DDC.ddp not found, will not use a pak cache.
[2025.03.22-08.24.16:655][  0]LogDerivedDataCache: Unable to find inner node Pak for hierarchical cache Hierarchy.
[2025.03.22-08.24.16:655][  0]LogDerivedDataCache: FDerivedDataBackendGraph:  CompressedPak pak cache file ../../../../../../project/UE/room_escape/DerivedDataCache/Compressed.ddp not found, will not use a pak cache.
[2025.03.22-08.24.16:655][  0]LogDerivedDataCache: Unable to find inner node CompressedPak for hierarchical cache Hierarchy.
[2025.03.22-08.24.16:671][  0]LogDerivedDataCache: Display: Pak cache opened for reading ../../../Engine/DerivedDataCache/Compressed.ddp.
[2025.03.22-08.24.16:671][  0]LogDerivedDataCache: FDerivedDataBackendGraph:  EnterprisePak pak cache file ../../../Enterprise/DerivedDataCache/Compressed.ddp not found, will not use a pak cache.
[2025.03.22-08.24.16:671][  0]LogDerivedDataCache: Unable to find inner node EnterprisePak for hierarchical cache Hierarchy.
[2025.03.22-08.24.16:677][  0]LogDerivedDataCache: Speed tests for C:/Users/yjby/AppData/Local/UnrealEngine/Common/DerivedDataCache took 0.01 seconds
[2025.03.22-08.24.16:677][  0]LogDerivedDataCache: Display: Performance to C:/Users/yjby/AppData/Local/UnrealEngine/Common/DerivedDataCache: Latency=0.02ms. RandomReadSpeed=1134.87MBs, RandomWriteSpeed=208.65MBs. Assigned SpeedClass 'Local'
[2025.03.22-08.24.16:685][  0]LogDerivedDataCache: Using Local data cache path C:/Users/yjby/AppData/Local/UnrealEngine/Common/DerivedDataCache: Writable
[2025.03.22-08.24.16:685][  0]LogDerivedDataCache: Shared data cache path not found in *engine.ini, will not use an Shared cache.
[2025.03.22-08.24.16:685][  0]LogDerivedDataCache: Unable to find inner node Shared for hierarchical cache Hierarchy.
[2025.03.22-08.24.16:724][  0]LogSlate: Using FreeType 2.10.0
[2025.03.22-08.24.16:725][  0]LogSlate: SlateFontServices - WITH_FREETYPE: 1, WITH_HARFBUZZ: 1
[2025.03.22-08.24.16:749][  0]LogAssetRegistry: FAssetRegistry took 0.0028 seconds to start up
[2025.03.22-08.24.16:981][  0]LogInit: Selected Device Profile: [Windows]
[2025.03.22-08.24.16:981][  0]LogInit: Active device profile: [000001E1F0A8B900][000001E1EE974CC0 49] Windows
[2025.03.22-08.24.16:981][  0]LogInit: Profiles: [000001E1F0A8B900][000001E1EE974CC0 49] Windows, [000001E1F0A50900][000001E1EE980E40 49] WindowsNoEditor, [000001E1F0A88900][000001E1EE984FC0 49] WindowsServer, [000001E1F0A53100][000001E1EE989140 49] WindowsClient, [000001E1F0A8B000][000001E1EE98D2C0 49] IOS, [000001E1F0A51200][000001E1EE991440 49] iPadAir, [000001E1F0A89100][000001E1EE9955C0 49] iPadAir2, [000001E1F09E0100][000001E1EA7BF880 49] IPadPro, [000001E1F09E0200][000001E1EE97D8C0 49] iPadAir3, [000001E1F0A8AA00][000001E1EE9A5A40 49] iPadAir4, [000001E1F09E3200][000001E1EFC3FBC0 49] iPadMini2, [000001E1F0A89600][000001E1EFC421C0 49] iPadMini3, [000001E1F09E1500][000001E1EFC46340 49] iPadMini4, [000001E1F0A8A200][000001E1EFC4A4C0 49] iPadMini5, [000001E1F09CF900][000001E1EE978740 49] iPhone6, [000001E1F09CFA00][000001E1EE89C780 49] iPodTouch6, [000001E1F09E2F00][000001E1EE8989C0 49] iPhone7, [000001E1F09E2E00][000001E1EA746A00 49] iPodTouch7, [000001E1F09CCD00][000001E1EE8A0B40 49] iPhone5S, [000001E1F09E0E00][000001E1EE8A8CC0 49] iPhone6Plus, [000001E1F09CEC00][000001E1EE8ACE40 49] iPhone6S, [000001E1F09E3400][000001E1EE8B0FC0 49] iPhone6SPlus, [000001E1F09CD500][000001E1EE8B5140 49] iPhone7Plus, [000001E1F09E3B00][000001E1EE8B92C0 49] iPhoneSE, [000001E1F09CE400][000001E1EE8BD440 49] iPhone8, [000001E1F09E1600][000001E1EE8C15C0 49] iPhone8Plus, [000001E1F09CFF00][000001E1EE8C5740 49] iPhoneX, [000001E1F09E3100][000001E1EFB7D8C0 49] iPhoneXS, [000001E1F09CC500][000001E1EFB81A40 49] iPhoneXSMax, [000001E1F09E1900][000001E1EFB85BC0 49] iPhoneXR, [000001E1F09CE900][000001E1EFB881C0 49] iPhone11, [000001E1F09E2B00][000001E1EFB8C340 49] iPhone11Pro, [000001E1F09CD700][000001E1EFB904C0 49] iPhone11ProMax, [000001E1F09E3800][000001E1EFB94640 49] iPhoneSE2, [000001E1F09CF400][000001E1EFB987C0 49] iPhone12Mini, [000001E1F09E1C00][000001E1EFB9C940 49] iPhone12, [000001E1F09CEA00][000001E1EE8A4A80 49] iPhone12Pro, [000001E1F09E1300][000001E1EFBA0BC0 49] iPhone12ProMax, [000001E1F09CE600][000001E1EFBA4D00 49] iPadPro105, [000001E1F09E0B00][000001E1EFBACE80 49] iPadPro129, [000001E1F09CD600][000001E1EFBB1000 49] iPadPro97, [000001E1F09E3F00][000001E1EFBB5180 49] iPadPro2_129, [000001E1F09CD900][000001E1EFBB9300 49] iPad5, [000001E1F09E0900][000001E1EFBBD480 49] iPad6, [000001E1F09CE100][000001E1EFBC1600 49] iPad7, [000001E1F09E0300][000001E1EFBC5780 49] iPad8, [000001E1F09CF200][000001E1EFBC9900 49] iPadPro11, [000001E1F09E2200][000001E1EFBCDA80 49] iPadPro2_11, [000001E1F09CD800][000001E1EFBD1C00 49] iPadPro3_129, [000001E1F09E0D00][000001E1EFBD4200 49] iPadPro4_129, [000001E1F09CF000][000001E1EFBD8380 49] AppleTV, [000001E1F09E2400][000001E1EFBDC500 49] AppleTV4K, [000001E1F09CEF00][000001E1EFBE0680 49] TVOS, [000001E1F09E3E00][000001E1EFBE4800 49] Mac, [000001E1F09CED00][000001E1EFBE8980 49] MacClient, [000001E1F09E0F00][000001E1EFBECB00 49] MacNoEditor, [000001E1F09CD000][000001E1EFBA8C40 49] MacServer, [000001E1F09E0800][000001E1EFBF0D80 49] Linux, [000001E1F09CC900][000001E1EFBF4EC0 49] LinuxAArch64, [000001E1F09E3D00][000001E1EFBFD040 49] LinuxNoEditor, [000001E1F09CDA00][000001E1EFC011C0 49] LinuxAArch64NoEditor, [000001E1F09E2600][000001E1EFC05340 49] LinuxClient, [000001E1F09CEB00][000001E1EFC094C0 49] LinuxAArch64Client, [000001E1F09E2000][000001E1EFC0D640 49] LinuxServer, [000001E1F09CD300][000001E1EFC117C0 49] LinuxAArch64Server, [000001E1F09E3C00][000001E1EFC15940 49] Android, [000001E1F0A52F00][000001E1EFC19AC0 49] Android_Low, [000001E1F0AE9B00][000001E1EFC1C0C0 49] Android_Mid, [000001E1F0A53D00][000001E1EFC20240 49] Android_High, [000001E1F0AE9400][000001E1EFC243C0 49] Android_Default, [000001E1F0A50300][000001E1EFD28540 49] Android_Adreno4xx, [000001E1F0AE9E00][000001E1EFD2C6C0 49] Android_Adreno5xx_Low, [000001E1F0A53700][000001E1EFD30840 49] Android_Adreno5xx, [000001E1F0AE9A00][000001E1EFD349C0 49] Android_Adreno6xx, [000001E1F0A51000][000001E1EFD38B40 49] Android_Adreno6xx_Vulkan, [000001E1F0AE8B00][000001E1EFD3CCC0 49] Android_Mali_T6xx, [000001E1F0A51500][000001E1EFBF8E00 49] Android_Mali_T7xx, [000001E1F0AE9100][000001E1EFD40F40 49] Android_Mali_T8xx, [000001E1F0A50700][000001E1EFD45080 49] Android_Mali_G71, [000001E1F0AE8400][000001E1EFD491C0 49] Android_Mali_G72, [000001E1F0A51600][000001E1EFD51340 49] Android_Mali_G72_Vulkan, [000001E1F0AE9D00][000001E1EFD554C0 49] Android_Mali_G76, [000001E1F0A51C00][000001E1EFD59640 49] Android_Mali_G76_Vulkan, [000001E1F0AE8600][000001E1EFD5D7C0 49] Android_Mali_G77, [000001E1F0A50D00][000001E1EFD61940 49] Android_Mali_G77_Vulkan, [000001E1F0AEAC00][000001E1EFD65AC0 49] Android_Mali_G78, [000001E1F0A52B00][000001E1EFD680C0 49] Android_Mali_G78_Vulkan, [000001E1F0AE8D00][000001E1EFD6C240 49] Android_Mali_G710, [000001E1F0A51D00][000001E1EFD703C0 49] Android_Mali_G710_Vulkan, [000001E1F0AE9F00][000001E1EFD74540 49] Android_Vulkan_SM5, [000001E1F09E0600][000001E1EFD786C0 49] Android_PowerVR_G6xxx, [000001E1F0AEA800][000001E1EFD7C840 49] Android_PowerVR_GT7xxx, [000001E1F09E3300][000001E1EFD809C0 49] Android_PowerVR_GE8xxx, [000001E1F0AEA900][000001E1EFD84B40 49] Android_PowerVR_GM9xxx, [000001E1F09E0700][000001E1EFD88CC0 49] Android_PowerVR_GM9xxx_Vulkan, [000001E1F0AE9000][000001E1EFD8CE40 49] Android_TegraK1, [000001E1F09E2100][000001E1EFD4CF80 49] Android_Unknown_Vulkan, [000001E1F0AE8E00][000001E1EFD910C0 49] Lumin, [000001E1F09E1A00][000001E1EFD95200 49] Lumin_Desktop, [000001E1F0AEA300][000001E1EFD99340 49] HoloLens, 
[2025.03.22-08.24.17:094][  0]LogMeshReduction: Using QuadricMeshReduction for automatic static mesh reduction
[2025.03.22-08.24.17:094][  0]LogMeshReduction: Using SimplygonMeshReduction for automatic skeletal mesh reduction
[2025.03.22-08.24.17:094][  0]LogMeshReduction: Using ProxyLODMeshReduction for automatic mesh merging
[2025.03.22-08.24.17:094][  0]LogMeshReduction: No distributed automatic mesh merging module available
[2025.03.22-08.24.17:094][  0]LogMeshMerging: No distributed automatic mesh merging module available
[2025.03.22-08.24.17:106][  0]LogNetVersion: room_escape 1.0.0, NetCL: 17155196, EngineNetVer: 17, GameNetVer: 0 (Checksum: 143463569)
[2025.03.22-08.24.17:446][  0]LogTexture: Default maximum texture size for cubemaps generated from long-lat sources has been changed from 512 to unlimited. In order to preserve old behaiour for '/Engine/MapTemplates/Sky/DaylightAmbientCubemap.DaylightAmbientCubemap', its maximum texture size has been explicitly set to 512.
[2025.03.22-08.24.17:492][  0]LogHMD: PokeAHoleMaterial loaded successfully
[2025.03.22-08.24.17:496][  0]LogUObjectArray: 17178 objects as part of root set at end of initial load.
[2025.03.22-08.24.17:496][  0]LogUObjectAllocator: 4302048 out of 0 bytes used by permanent object pool.
[2025.03.22-08.24.17:496][  0]LogUObjectArray: CloseDisregardForGC: 0/0 objects in disregard for GC pool
[2025.03.22-08.24.17:713][  0]LogPython: Using Python 3.7.7
[2025.03.22-08.24.18:271][  0]LogTcpMessaging: Initializing TcpMessaging bridge
[2025.03.22-08.24.18:277][  0]LogUdpMessaging: Initializing bridge on interface 0.0.0.0:0 to multicast group 230.0.0.1:6666.
[2025.03.22-08.24.18:303][  0]LogNiagaraDebuggerClient: Niagara Debugger Client Initialized | Session: 151808BA41C45B964F1DA9817C9B21D6 | Instance: E937E9D6455133F79452259B1069F27D (一介白衣-13900).
[2025.03.22-08.24.18:482][  0]SourceControl: Source control is disabled
[2025.03.22-08.24.18:482][  0]SourceControl: Source control is disabled
[2025.03.22-08.24.18:486][  0]SourceControl: Source control is disabled
[2025.03.22-08.24.18:493][  0]SourceControl: Source control is disabled
[2025.03.22-08.24.18:499][  0]SourceControl: Source control is disabled
[2025.03.22-08.24.18:505][  0]LogUProjectInfo: Found projects:
[2025.03.22-08.24.18:670][  0]LogOpenImageDenoise: OIDN starting up
[2025.03.22-08.24.18:721][  0]LogAndroidPermission: UAndroidPermissionCallbackProxy::GetInstance
[2025.03.22-08.24.18:742][  0]LogAudioCaptureCore: Display: No Audio Capture implementations found. Audio input will be silent.
[2025.03.22-08.24.18:742][  0]LogAudioCaptureCore: Display: No Audio Capture implementations found. Audio input will be silent.
[2025.03.22-08.24.18:839][  0]LogCollectionManager: Loaded 0 collections in 0.000501 seconds
[2025.03.22-08.24.18:857][  0]LogFileCache: Scanning file cache for directory 'D:/project/UE/room_escape/Saved/Collections/' took 0.00s
[2025.03.22-08.24.18:857][  0]LogFileCache: Scanning file cache for directory 'D:/project/UE/room_escape/Content/Developers/yjby/Collections/' took 0.00s
[2025.03.22-08.24.18:857][  0]LogFileCache: Scanning file cache for directory 'D:/project/UE/room_escape/Content/Collections/' took 0.00s
[2025.03.22-08.24.18:857][  0]LogOcInput: OculusInput pre-init called
[2025.03.22-08.24.19:098][  0]LogEngine: Initializing Engine...
[2025.03.22-08.24.19:157][  0]LogHMD: Failed to enumerate extensions. Please check that you have a valid OpenXR runtime installed.
[2025.03.22-08.24.19:157][  0]LogHMD: Failed to initialize OpenVR with code 110
[2025.03.22-08.24.19:157][  0]LogMagicLeap: Warning: VR disabled because ZI is not enabled.  To enable, in the editor, Edit -> Project Settings -> Plugins -> Magic Leap Plugin -> Enable Zero Iteration
[2025.03.22-08.24.19:158][  0]LogStats: UGameplayTagsManager::InitializeManager -  0.000 s
[2025.03.22-08.24.19:262][  0]LogInit: Initializing FReadOnlyCVARCache
[2025.03.22-08.24.19:271][  0]LogAIModule: Creating AISystem for world Untitled
[2025.03.22-08.24.19:271][  0]LogAudio: Display: Initializing Audio Device Manager...
[2025.03.22-08.24.19:275][  0]LogAudio: Display: Loading Default Audio Settings Objects...
[2025.03.22-08.24.19:276][  0]LogAudio: Display: No default SoundConcurrencyObject specified (or failed to load).
[2025.03.22-08.24.19:277][  0]LogAudio: Display: Audio Device Manager Initialized
[2025.03.22-08.24.19:277][  0]LogAudio: Display: Creating Audio Device:                 Id: 1, Scope: Shared, Realtime: True
[2025.03.22-08.24.19:277][  0]LogAudioMixer: Display: Audio Mixer Platform Settings:
[2025.03.22-08.24.19:277][  0]LogAudioMixer: Display: 	Sample Rate:						  48000
[2025.03.22-08.24.19:277][  0]LogAudioMixer: Display: 	Callback Buffer Frame Size Requested: 1024
[2025.03.22-08.24.19:277][  0]LogAudioMixer: Display: 	Callback Buffer Frame Size To Use:	  1024
[2025.03.22-08.24.19:277][  0]LogAudioMixer: Display: 	Number of buffers to queue:			  2
[2025.03.22-08.24.19:277][  0]LogAudioMixer: Display: 	Max Channels (voices):				  32
[2025.03.22-08.24.19:277][  0]LogAudioMixer: Display: 	Number of Async Source Workers:		  0
[2025.03.22-08.24.19:277][  0]LogAudio: Display: AudioDevice MaxSources: 32
[2025.03.22-08.24.19:277][  0]LogAudio: Display: Audio Spatialization Plugin: None (built-in).
[2025.03.22-08.24.19:277][  0]LogAudio: Display: Audio Reverb Plugin: None (built-in).
[2025.03.22-08.24.19:277][  0]LogAudio: Display: Audio Occlusion Plugin: None (built-in).
[2025.03.22-08.24.19:277][  0]LogAudioMixer: Display: Initializing audio mixer.
[2025.03.22-08.24.19:286][  0]LogAudioMixer: Display: 0: FrontLeft
[2025.03.22-08.24.19:286][  0]LogAudioMixer: Display: 1: FrontRight
[2025.03.22-08.24.19:321][  0]LogAudioMixer: Display: Using Audio Device 扬声器 (适用于 I2S 音频的英特尔® 智音技术)
[2025.03.22-08.24.19:324][  0]LogAudioMixer: Display: Initializing Sound Submixes...
[2025.03.22-08.24.19:325][  0]LogAudioMixer: Display: Creating Master Submix 'MasterSubmixDefault'
[2025.03.22-08.24.19:325][  0]LogAudioMixer: Display: Creating Master Submix 'MasterReverbSubmixDefault'
[2025.03.22-08.24.19:326][  0]LogAudioMixer: Display: Creating Master Submix 'MasterEQSubmixDefault'
[2025.03.22-08.24.19:326][  0]LogAudioMixer: FMixerPlatformXAudio2::StartAudioStream() called
[2025.03.22-08.24.19:326][  0]LogAudioMixer: Display: Output buffers initialized: Frames=1024, Channels=2, Samples=2048
[2025.03.22-08.24.19:327][  0]LogAudioMixer: Display: Starting AudioMixerPlatformInterface::RunInternal()
[2025.03.22-08.24.19:327][  0]LogAudioMixer: Display: FMixerPlatformXAudio2::SubmitBuffer() called for the first time
[2025.03.22-08.24.19:327][  0]LogInit: FAudioDevice initialized.
[2025.03.22-08.24.19:327][  0]LogAudio: Display: Audio Device (ID: 1) registered with world 'Untitled'.
[2025.03.22-08.24.19:327][  0]LogNetVersion: Set ProjectVersion to 1.0.0.0. Version Checksum will be recalculated on next use.
[2025.03.22-08.24.19:369][  0]LogDerivedDataCache: Saved boot cache 0.04s 94MB C:/Users/yjby/AppData/Local/UnrealEngine/4.27/DerivedDataCache/Boot.ddc.
[2025.03.22-08.24.19:369][  0]LogInit: Texture streaming: Enabled
[2025.03.22-08.24.19:382][  0]LogAnalytics: Display: [UEEditor.Rocket.Release] APIServer = https://datarouter.ol.epicgames.com/. AppVersion = 4.27.2-18319896+++UE4+Release-4.27
[2025.03.22-08.24.19:386][  0]LogEngineSessionManager: EngineSessionManager initialized
[2025.03.22-08.24.19:386][  0]LogEditorSessionSummary: Verbose: Initializing EditorSessionSummaryWriter for editor session tracking
[2025.03.22-08.24.19:388][  0]LogEditorSessionSummary: EditorSessionSummaryWriter initialized
[2025.03.22-08.24.19:410][  0]LogInit: Transaction tracking system initialized
[2025.03.22-08.24.19:430][  0]BlueprintLog: New page: Editor Load
[2025.03.22-08.24.19:480][  0]LocalizationService: Localization service is disabled
[2025.03.22-08.24.19:502][  0]TimingProfiler: Initialize
[2025.03.22-08.24.19:503][  0]TimingProfiler: OnSessionChanged
[2025.03.22-08.24.19:503][  0]LoadingProfiler: Initialize
[2025.03.22-08.24.19:503][  0]LoadingProfiler: OnSessionChanged
[2025.03.22-08.24.19:503][  0]NetworkingProfiler: Initialize
[2025.03.22-08.24.19:503][  0]NetworkingProfiler: OnSessionChanged
[2025.03.22-08.24.19:503][  0]MemoryProfiler: Initialize
[2025.03.22-08.24.19:503][  0]MemoryProfiler: OnSessionChanged
[2025.03.22-08.24.19:622][  0]LogCook: Display: CookSettings for Memory: MemoryMaxUsedVirtual 0MiB, MemoryMaxUsedPhysical 16384MiB, MemoryMinFreeVirtual 0MiB, MemoryMinFreePhysical 1024MiB
[2025.03.22-08.24.19:622][  0]LogCook: Display: Mobile HDR setting 1
[2025.03.22-08.24.19:785][  0]LogFileCache: Scanning file cache for directory 'D:/project/UE/room_escape/Content/' took 0.01s
[2025.03.22-08.24.19:973][  0]LogInit: Display: Engine is initialized. Leaving FEngineLoop::Init()
[2025.03.22-08.24.19:975][  0]SourceControl: Source control is disabled
[2025.03.22-08.24.19:975][  0]LogUnrealEdMisc: Loading editor; pre map load, took 6.719
[2025.03.22-08.24.19:975][  0]Cmd: MAP LOAD FILE="../../../../../../project/UE/room_escape/Content/ThirdPersonBP/Maps/ThirdPersonExampleMap.umap" TEMPLATE=0 SHOWPROGRESS=1 FEATURELEVEL=3
[2025.03.22-08.24.19:982][  0]LightingResults: New page: Lighting Build
[2025.03.22-08.24.19:983][  0]LogWorld: UWorld::CleanupWorld for Untitled, bSessionEnded=true, bCleanupResources=true
[2025.03.22-08.24.19:983][  0]LogSlate: InvalidateAllWidgets triggered.  All widgets were invalidated
[2025.03.22-08.24.19:984][  0]MapCheck: New page: Map Check
[2025.03.22-08.24.19:984][  0]LightingResults: New page: Lighting Build
[2025.03.22-08.24.19:988][  0]LogAudio: Display: Audio Device unregistered from world 'None'.
[2025.03.22-08.24.19:990][  0]LogUObjectHash: Compacting FUObjectHashTables data took   0.65ms
[2025.03.22-08.24.20:998][  0]LogAudio: Display: Audio Device (ID: 1) registered with world 'ThirdPersonExampleMap'.
[2025.03.22-08.24.20:998][  0]LogAIModule: Creating AISystem for world ThirdPersonExampleMap
[2025.03.22-08.24.21:010][  0]LogEditorServer: Finished looking for orphan Actors (0.000 secs)
[2025.03.22-08.24.21:017][  0]LogUObjectHash: Compacting FUObjectHashTables data took   0.66ms
[2025.03.22-08.24.21:018][  0]Cmd: MAP CHECKDEP NOCLEARLOG
[2025.03.22-08.24.21:018][  0]MapCheck: Map check complete: 0 Error(s), 0 Warning(s), took 0.089ms to complete.
[2025.03.22-08.24.21:018][  0]LogFileHelpers: Loading map 'ThirdPersonExampleMap' took 1.043
[2025.03.22-08.24.21:019][  0]LogUnrealEdMisc: Total Editor Startup Time, took 7.764
[2025.03.22-08.24.21:179][  0]LogSlate: Updating window title bar state: overlay mode, drag disabled, window buttons hidden, title bar hidden
[2025.03.22-08.24.21:184][  0]LogSlate: Updating window title bar state: overlay mode, drag disabled, window buttons hidden, title bar hidden
[2025.03.22-08.24.21:189][  0]LogSlate: Updating window title bar state: overlay mode, drag disabled, window buttons hidden, title bar hidden
[2025.03.22-08.24.21:194][  0]LogSlate: Updating window title bar state: overlay mode, drag disabled, window buttons hidden, title bar hidden
[2025.03.22-08.24.21:215][  0]LogNativeClassHierarchy: Verbose: Native class hierarchy populated in 0.0078 seconds. Added 3822 classes and 928 folders.
[2025.03.22-08.24.21:221][  0]LogNativeClassHierarchy: Verbose: Native class hierarchy updated for 'WidgetCarousel' in 0.0002 seconds. Added 0 classes and 0 folders.
[2025.03.22-08.24.21:239][  0]LogPakFile: PakFile PrimaryIndexSize=187
[2025.03.22-08.24.21:239][  0]LogPakFile: PakFile PathHashIndexSize=101
[2025.03.22-08.24.21:239][  0]LogPakFile: PakFile FullDirectoryIndexSize=148
[2025.03.22-08.24.21:240][  0]LogShaderLibrary: Display: ShaderCodeLibraryPakFileMountedCallback: PakFile 'D:/Program Files/Epic Games/UE_4.27/FeaturePacks/FP_FirstPerson.upack' (chunk index -1, root 'root:/') mounted
[2025.03.22-08.24.21:240][  0]LogShaderLibrary: Display: ShaderCodeLibraryPakFileMountedCallback: pending pak file info (ChunkID:-1 Root:root:/ File:D:/Program Files/Epic Games/UE_4.27/FeaturePacks/FP_FirstPerson.upack)
[2025.03.22-08.24.21:240][  0]LogPakFile: OnPakFileMounted2Time == 0.000496
[2025.03.22-08.24.21:252][  0]LogPakFile: PakFile PrimaryIndexSize=189
[2025.03.22-08.24.21:252][  0]LogPakFile: PakFile PathHashIndexSize=101
[2025.03.22-08.24.21:252][  0]LogPakFile: PakFile FullDirectoryIndexSize=152
[2025.03.22-08.24.21:252][  0]LogShaderLibrary: Display: ShaderCodeLibraryPakFileMountedCallback: PakFile 'D:/Program Files/Epic Games/UE_4.27/FeaturePacks/FP_FirstPersonBP.upack' (chunk index -1, root 'root:/') mounted
[2025.03.22-08.24.21:252][  0]LogShaderLibrary: Display: ShaderCodeLibraryPakFileMountedCallback: pending pak file info (ChunkID:-1 Root:root:/ File:D:/Program Files/Epic Games/UE_4.27/FeaturePacks/FP_FirstPersonBP.upack)
[2025.03.22-08.24.21:252][  0]LogPakFile: OnPakFileMounted2Time == 0.000057
[2025.03.22-08.24.21:260][  0]LogPakFile: PakFile PrimaryIndexSize=191
[2025.03.22-08.24.21:260][  0]LogPakFile: PakFile PathHashIndexSize=101
[2025.03.22-08.24.21:260][  0]LogPakFile: PakFile FullDirectoryIndexSize=160
[2025.03.22-08.24.21:260][  0]LogShaderLibrary: Display: ShaderCodeLibraryPakFileMountedCallback: PakFile 'D:/Program Files/Epic Games/UE_4.27/FeaturePacks/MobileStarterContent.upack' (chunk index -1, root 'root:/') mounted
[2025.03.22-08.24.21:260][  0]LogShaderLibrary: Display: ShaderCodeLibraryPakFileMountedCallback: pending pak file info (ChunkID:-1 Root:root:/ File:D:/Program Files/Epic Games/UE_4.27/FeaturePacks/MobileStarterContent.upack)
[2025.03.22-08.24.21:260][  0]LogPakFile: OnPakFileMounted2Time == 0.000033
[2025.03.22-08.24.21:269][  0]LogPakFile: PakFile PrimaryIndexSize=185
[2025.03.22-08.24.21:269][  0]LogPakFile: PakFile PathHashIndexSize=101
[2025.03.22-08.24.21:269][  0]LogPakFile: PakFile FullDirectoryIndexSize=148
[2025.03.22-08.24.21:269][  0]LogShaderLibrary: Display: ShaderCodeLibraryPakFileMountedCallback: PakFile 'D:/Program Files/Epic Games/UE_4.27/FeaturePacks/StarterContent.upack' (chunk index -1, root 'root:/') mounted
[2025.03.22-08.24.21:269][  0]LogShaderLibrary: Display: ShaderCodeLibraryPakFileMountedCallback: pending pak file info (ChunkID:-1 Root:root:/ File:D:/Program Files/Epic Games/UE_4.27/FeaturePacks/StarterContent.upack)
[2025.03.22-08.24.21:269][  0]LogPakFile: OnPakFileMounted2Time == 0.000035
[2025.03.22-08.24.21:276][  0]LogPakFile: PakFile PrimaryIndexSize=190
[2025.03.22-08.24.21:276][  0]LogPakFile: PakFile PathHashIndexSize=101
[2025.03.22-08.24.21:276][  0]LogPakFile: PakFile FullDirectoryIndexSize=154
[2025.03.22-08.24.21:276][  0]LogShaderLibrary: Display: ShaderCodeLibraryPakFileMountedCallback: PakFile 'D:/Program Files/Epic Games/UE_4.27/FeaturePacks/TP_2DSideScroller.upack' (chunk index -1, root 'root:/') mounted
[2025.03.22-08.24.21:276][  0]LogShaderLibrary: Display: ShaderCodeLibraryPakFileMountedCallback: pending pak file info (ChunkID:-1 Root:root:/ File:D:/Program Files/Epic Games/UE_4.27/FeaturePacks/TP_2DSideScroller.upack)
[2025.03.22-08.24.21:276][  0]LogPakFile: OnPakFileMounted2Time == 0.000053
[2025.03.22-08.24.21:284][  0]LogPakFile: PakFile PrimaryIndexSize=192
[2025.03.22-08.24.21:284][  0]LogPakFile: PakFile PathHashIndexSize=101
[2025.03.22-08.24.21:284][  0]LogPakFile: PakFile FullDirectoryIndexSize=158
[2025.03.22-08.24.21:284][  0]LogShaderLibrary: Display: ShaderCodeLibraryPakFileMountedCallback: PakFile 'D:/Program Files/Epic Games/UE_4.27/FeaturePacks/TP_2DSideScrollerBP.upack' (chunk index -1, root 'root:/') mounted
[2025.03.22-08.24.21:284][  0]LogShaderLibrary: Display: ShaderCodeLibraryPakFileMountedCallback: pending pak file info (ChunkID:-1 Root:root:/ File:D:/Program Files/Epic Games/UE_4.27/FeaturePacks/TP_2DSideScrollerBP.upack)
[2025.03.22-08.24.21:284][  0]LogPakFile: OnPakFileMounted2Time == 0.000057
[2025.03.22-08.24.21:291][  0]LogPakFile: PakFile PrimaryIndexSize=182
[2025.03.22-08.24.21:291][  0]LogPakFile: PakFile PathHashIndexSize=101
[2025.03.22-08.24.21:291][  0]LogPakFile: PakFile FullDirectoryIndexSize=138
[2025.03.22-08.24.21:291][  0]LogShaderLibrary: Display: ShaderCodeLibraryPakFileMountedCallback: PakFile 'D:/Program Files/Epic Games/UE_4.27/FeaturePacks/TP_Flying.upack' (chunk index -1, root 'root:/') mounted
[2025.03.22-08.24.21:291][  0]LogShaderLibrary: Display: ShaderCodeLibraryPakFileMountedCallback: pending pak file info (ChunkID:-1 Root:root:/ File:D:/Program Files/Epic Games/UE_4.27/FeaturePacks/TP_Flying.upack)
[2025.03.22-08.24.21:291][  0]LogPakFile: OnPakFileMounted2Time == 0.000043
[2025.03.22-08.24.21:299][  0]LogPakFile: PakFile PrimaryIndexSize=184
[2025.03.22-08.24.21:299][  0]LogPakFile: PakFile PathHashIndexSize=101
[2025.03.22-08.24.21:299][  0]LogPakFile: PakFile FullDirectoryIndexSize=142
[2025.03.22-08.24.21:299][  0]LogShaderLibrary: Display: ShaderCodeLibraryPakFileMountedCallback: PakFile 'D:/Program Files/Epic Games/UE_4.27/FeaturePacks/TP_FlyingBP.upack' (chunk index -1, root 'root:/') mounted
[2025.03.22-08.24.21:299][  0]LogShaderLibrary: Display: ShaderCodeLibraryPakFileMountedCallback: pending pak file info (ChunkID:-1 Root:root:/ File:D:/Program Files/Epic Games/UE_4.27/FeaturePacks/TP_FlyingBP.upack)
[2025.03.22-08.24.21:299][  0]LogPakFile: OnPakFileMounted2Time == 0.000033
[2025.03.22-08.24.21:309][  0]LogPakFile: PakFile PrimaryIndexSize=188
[2025.03.22-08.24.21:309][  0]LogPakFile: PakFile PathHashIndexSize=101
[2025.03.22-08.24.21:309][  0]LogPakFile: PakFile FullDirectoryIndexSize=150
[2025.03.22-08.24.21:309][  0]LogShaderLibrary: Display: ShaderCodeLibraryPakFileMountedCallback: PakFile 'D:/Program Files/Epic Games/UE_4.27/FeaturePacks/TP_HandheldARBP.upack' (chunk index -1, root 'root:/') mounted
[2025.03.22-08.24.21:309][  0]LogShaderLibrary: Display: ShaderCodeLibraryPakFileMountedCallback: pending pak file info (ChunkID:-1 Root:root:/ File:D:/Program Files/Epic Games/UE_4.27/FeaturePacks/TP_HandheldARBP.upack)
[2025.03.22-08.24.21:309][  0]LogPakFile: OnPakFileMounted2Time == 0.000053
[2025.03.22-08.24.21:317][  0]LogPakFile: PakFile PrimaryIndexSize=182
[2025.03.22-08.24.21:317][  0]LogPakFile: PakFile PathHashIndexSize=101
[2025.03.22-08.24.21:317][  0]LogPakFile: PakFile FullDirectoryIndexSize=138
[2025.03.22-08.24.21:317][  0]LogShaderLibrary: Display: ShaderCodeLibraryPakFileMountedCallback: PakFile 'D:/Program Files/Epic Games/UE_4.27/FeaturePacks/TP_Puzzle.upack' (chunk index -1, root 'root:/') mounted
[2025.03.22-08.24.21:317][  0]LogShaderLibrary: Display: ShaderCodeLibraryPakFileMountedCallback: pending pak file info (ChunkID:-1 Root:root:/ File:D:/Program Files/Epic Games/UE_4.27/FeaturePacks/TP_Puzzle.upack)
[2025.03.22-08.24.21:317][  0]LogPakFile: OnPakFileMounted2Time == 0.000033
[2025.03.22-08.24.21:324][  0]LogPakFile: PakFile PrimaryIndexSize=184
[2025.03.22-08.24.21:324][  0]LogPakFile: PakFile PathHashIndexSize=101
[2025.03.22-08.24.21:324][  0]LogPakFile: PakFile FullDirectoryIndexSize=142
[2025.03.22-08.24.21:324][  0]LogShaderLibrary: Display: ShaderCodeLibraryPakFileMountedCallback: PakFile 'D:/Program Files/Epic Games/UE_4.27/FeaturePacks/TP_PuzzleBP.upack' (chunk index -1, root 'root:/') mounted
[2025.03.22-08.24.21:324][  0]LogShaderLibrary: Display: ShaderCodeLibraryPakFileMountedCallback: pending pak file info (ChunkID:-1 Root:root:/ File:D:/Program Files/Epic Games/UE_4.27/FeaturePacks/TP_PuzzleBP.upack)
[2025.03.22-08.24.21:324][  0]LogPakFile: OnPakFileMounted2Time == 0.000032
[2025.03.22-08.24.21:331][  0]LogPakFile: PakFile PrimaryIndexSize=183
[2025.03.22-08.24.21:331][  0]LogPakFile: PakFile PathHashIndexSize=101
[2025.03.22-08.24.21:331][  0]LogPakFile: PakFile FullDirectoryIndexSize=140
[2025.03.22-08.24.21:331][  0]LogShaderLibrary: Display: ShaderCodeLibraryPakFileMountedCallback: PakFile 'D:/Program Files/Epic Games/UE_4.27/FeaturePacks/TP_Rolling.upack' (chunk index -1, root 'root:/') mounted
[2025.03.22-08.24.21:331][  0]LogShaderLibrary: Display: ShaderCodeLibraryPakFileMountedCallback: pending pak file info (ChunkID:-1 Root:root:/ File:D:/Program Files/Epic Games/UE_4.27/FeaturePacks/TP_Rolling.upack)
[2025.03.22-08.24.21:331][  0]LogPakFile: OnPakFileMounted2Time == 0.000032
[2025.03.22-08.24.21:338][  0]LogPakFile: PakFile PrimaryIndexSize=185
[2025.03.22-08.24.21:338][  0]LogPakFile: PakFile PathHashIndexSize=101
[2025.03.22-08.24.21:338][  0]LogPakFile: PakFile FullDirectoryIndexSize=144
[2025.03.22-08.24.21:338][  0]LogShaderLibrary: Display: ShaderCodeLibraryPakFileMountedCallback: PakFile 'D:/Program Files/Epic Games/UE_4.27/FeaturePacks/TP_RollingBP.upack' (chunk index -1, root 'root:/') mounted
[2025.03.22-08.24.21:338][  0]LogShaderLibrary: Display: ShaderCodeLibraryPakFileMountedCallback: pending pak file info (ChunkID:-1 Root:root:/ File:D:/Program Files/Epic Games/UE_4.27/FeaturePacks/TP_RollingBP.upack)
[2025.03.22-08.24.21:338][  0]LogPakFile: OnPakFileMounted2Time == 0.000031
[2025.03.22-08.24.21:345][  0]LogPakFile: PakFile PrimaryIndexSize=188
[2025.03.22-08.24.21:345][  0]LogPakFile: PakFile PathHashIndexSize=101
[2025.03.22-08.24.21:345][  0]LogPakFile: PakFile FullDirectoryIndexSize=150
[2025.03.22-08.24.21:345][  0]LogShaderLibrary: Display: ShaderCodeLibraryPakFileMountedCallback: PakFile 'D:/Program Files/Epic Games/UE_4.27/FeaturePacks/TP_SideScroller.upack' (chunk index -1, root 'root:/') mounted
[2025.03.22-08.24.21:345][  0]LogShaderLibrary: Display: ShaderCodeLibraryPakFileMountedCallback: pending pak file info (ChunkID:-1 Root:root:/ File:D:/Program Files/Epic Games/UE_4.27/FeaturePacks/TP_SideScroller.upack)
[2025.03.22-08.24.21:345][  0]LogPakFile: OnPakFileMounted2Time == 0.000034
[2025.03.22-08.24.21:353][  0]LogPakFile: PakFile PrimaryIndexSize=190
[2025.03.22-08.24.21:353][  0]LogPakFile: PakFile PathHashIndexSize=101
[2025.03.22-08.24.21:353][  0]LogPakFile: PakFile FullDirectoryIndexSize=154
[2025.03.22-08.24.21:353][  0]LogShaderLibrary: Display: ShaderCodeLibraryPakFileMountedCallback: PakFile 'D:/Program Files/Epic Games/UE_4.27/FeaturePacks/TP_SideScrollerBP.upack' (chunk index -1, root 'root:/') mounted
[2025.03.22-08.24.21:353][  0]LogShaderLibrary: Display: ShaderCodeLibraryPakFileMountedCallback: pending pak file info (ChunkID:-1 Root:root:/ File:D:/Program Files/Epic Games/UE_4.27/FeaturePacks/TP_SideScrollerBP.upack)
[2025.03.22-08.24.21:353][  0]LogPakFile: OnPakFileMounted2Time == 0.000032
[2025.03.22-08.24.21:361][  0]LogPakFile: PakFile PrimaryIndexSize=187
[2025.03.22-08.24.21:361][  0]LogPakFile: PakFile PathHashIndexSize=101
[2025.03.22-08.24.21:361][  0]LogPakFile: PakFile FullDirectoryIndexSize=148
[2025.03.22-08.24.21:361][  0]LogShaderLibrary: Display: ShaderCodeLibraryPakFileMountedCallback: PakFile 'D:/Program Files/Epic Games/UE_4.27/FeaturePacks/TP_ThirdPerson.upack' (chunk index -1, root 'root:/') mounted
[2025.03.22-08.24.21:361][  0]LogShaderLibrary: Display: ShaderCodeLibraryPakFileMountedCallback: pending pak file info (ChunkID:-1 Root:root:/ File:D:/Program Files/Epic Games/UE_4.27/FeaturePacks/TP_ThirdPerson.upack)
[2025.03.22-08.24.21:361][  0]LogPakFile: OnPakFileMounted2Time == 0.000037
[2025.03.22-08.24.21:367][  0]LogPakFile: PakFile PrimaryIndexSize=189
[2025.03.22-08.24.21:367][  0]LogPakFile: PakFile PathHashIndexSize=101
[2025.03.22-08.24.21:367][  0]LogPakFile: PakFile FullDirectoryIndexSize=152
[2025.03.22-08.24.21:367][  0]LogShaderLibrary: Display: ShaderCodeLibraryPakFileMountedCallback: PakFile 'D:/Program Files/Epic Games/UE_4.27/FeaturePacks/TP_ThirdPersonBP.upack' (chunk index -1, root 'root:/') mounted
[2025.03.22-08.24.21:367][  0]LogShaderLibrary: Display: ShaderCodeLibraryPakFileMountedCallback: pending pak file info (ChunkID:-1 Root:root:/ File:D:/Program Files/Epic Games/UE_4.27/FeaturePacks/TP_ThirdPersonBP.upack)
[2025.03.22-08.24.21:367][  0]LogPakFile: OnPakFileMounted2Time == 0.000033
[2025.03.22-08.24.21:375][  0]LogPakFile: PakFile PrimaryIndexSize=183
[2025.03.22-08.24.21:375][  0]LogPakFile: PakFile PathHashIndexSize=101
[2025.03.22-08.24.21:375][  0]LogPakFile: PakFile FullDirectoryIndexSize=140
[2025.03.22-08.24.21:375][  0]LogShaderLibrary: Display: ShaderCodeLibraryPakFileMountedCallback: PakFile 'D:/Program Files/Epic Games/UE_4.27/FeaturePacks/TP_TopDown.upack' (chunk index -1, root 'root:/') mounted
[2025.03.22-08.24.21:375][  0]LogShaderLibrary: Display: ShaderCodeLibraryPakFileMountedCallback: pending pak file info (ChunkID:-1 Root:root:/ File:D:/Program Files/Epic Games/UE_4.27/FeaturePacks/TP_TopDown.upack)
[2025.03.22-08.24.21:375][  0]LogPakFile: OnPakFileMounted2Time == 0.000041
[2025.03.22-08.24.21:382][  0]LogPakFile: PakFile PrimaryIndexSize=185
[2025.03.22-08.24.21:383][  0]LogPakFile: PakFile PathHashIndexSize=101
[2025.03.22-08.24.21:383][  0]LogPakFile: PakFile FullDirectoryIndexSize=144
[2025.03.22-08.24.21:383][  0]LogShaderLibrary: Display: ShaderCodeLibraryPakFileMountedCallback: PakFile 'D:/Program Files/Epic Games/UE_4.27/FeaturePacks/TP_TopDownBP.upack' (chunk index -1, root 'root:/') mounted
[2025.03.22-08.24.21:383][  0]LogShaderLibrary: Display: ShaderCodeLibraryPakFileMountedCallback: pending pak file info (ChunkID:-1 Root:root:/ File:D:/Program Files/Epic Games/UE_4.27/FeaturePacks/TP_TopDownBP.upack)
[2025.03.22-08.24.21:383][  0]LogPakFile: OnPakFileMounted2Time == 0.000032
[2025.03.22-08.24.21:392][  0]LogPakFile: PakFile PrimaryIndexSize=185
[2025.03.22-08.24.21:392][  0]LogPakFile: PakFile PathHashIndexSize=101
[2025.03.22-08.24.21:392][  0]LogPakFile: PakFile FullDirectoryIndexSize=144
[2025.03.22-08.24.21:392][  0]LogShaderLibrary: Display: ShaderCodeLibraryPakFileMountedCallback: PakFile 'D:/Program Files/Epic Games/UE_4.27/FeaturePacks/TP_TwinStick.upack' (chunk index -1, root 'root:/') mounted
[2025.03.22-08.24.21:393][  0]LogShaderLibrary: Display: ShaderCodeLibraryPakFileMountedCallback: pending pak file info (ChunkID:-1 Root:root:/ File:D:/Program Files/Epic Games/UE_4.27/FeaturePacks/TP_TwinStick.upack)
[2025.03.22-08.24.21:393][  0]LogPakFile: OnPakFileMounted2Time == 0.000047
[2025.03.22-08.24.21:399][  0]LogPakFile: PakFile PrimaryIndexSize=187
[2025.03.22-08.24.21:399][  0]LogPakFile: PakFile PathHashIndexSize=101
[2025.03.22-08.24.21:399][  0]LogPakFile: PakFile FullDirectoryIndexSize=148
[2025.03.22-08.24.21:399][  0]LogShaderLibrary: Display: ShaderCodeLibraryPakFileMountedCallback: PakFile 'D:/Program Files/Epic Games/UE_4.27/FeaturePacks/TP_TwinStickBP.upack' (chunk index -1, root 'root:/') mounted
[2025.03.22-08.24.21:399][  0]LogShaderLibrary: Display: ShaderCodeLibraryPakFileMountedCallback: pending pak file info (ChunkID:-1 Root:root:/ File:D:/Program Files/Epic Games/UE_4.27/FeaturePacks/TP_TwinStickBP.upack)
[2025.03.22-08.24.21:399][  0]LogPakFile: OnPakFileMounted2Time == 0.000032
[2025.03.22-08.24.21:406][  0]LogPakFile: PakFile PrimaryIndexSize=183
[2025.03.22-08.24.21:406][  0]LogPakFile: PakFile PathHashIndexSize=101
[2025.03.22-08.24.21:406][  0]LogPakFile: PakFile FullDirectoryIndexSize=140
[2025.03.22-08.24.21:406][  0]LogShaderLibrary: Display: ShaderCodeLibraryPakFileMountedCallback: PakFile 'D:/Program Files/Epic Games/UE_4.27/FeaturePacks/TP_Vehicle.upack' (chunk index -1, root 'root:/') mounted
[2025.03.22-08.24.21:406][  0]LogShaderLibrary: Display: ShaderCodeLibraryPakFileMountedCallback: pending pak file info (ChunkID:-1 Root:root:/ File:D:/Program Files/Epic Games/UE_4.27/FeaturePacks/TP_Vehicle.upack)
[2025.03.22-08.24.21:406][  0]LogPakFile: OnPakFileMounted2Time == 0.000031
[2025.03.22-08.24.21:414][  0]LogPakFile: PakFile PrimaryIndexSize=186
[2025.03.22-08.24.21:414][  0]LogPakFile: PakFile PathHashIndexSize=101
[2025.03.22-08.24.21:414][  0]LogPakFile: PakFile FullDirectoryIndexSize=146
[2025.03.22-08.24.21:414][  0]LogShaderLibrary: Display: ShaderCodeLibraryPakFileMountedCallback: PakFile 'D:/Program Files/Epic Games/UE_4.27/FeaturePacks/TP_VehicleAdv.upack' (chunk index -1, root 'root:/') mounted
[2025.03.22-08.24.21:414][  0]LogShaderLibrary: Display: ShaderCodeLibraryPakFileMountedCallback: pending pak file info (ChunkID:-1 Root:root:/ File:D:/Program Files/Epic Games/UE_4.27/FeaturePacks/TP_VehicleAdv.upack)
[2025.03.22-08.24.21:414][  0]LogPakFile: OnPakFileMounted2Time == 0.000034
[2025.03.22-08.24.21:421][  0]LogPakFile: PakFile PrimaryIndexSize=188
[2025.03.22-08.24.21:421][  0]LogPakFile: PakFile PathHashIndexSize=101
[2025.03.22-08.24.21:421][  0]LogPakFile: PakFile FullDirectoryIndexSize=150
[2025.03.22-08.24.21:421][  0]LogShaderLibrary: Display: ShaderCodeLibraryPakFileMountedCallback: PakFile 'D:/Program Files/Epic Games/UE_4.27/FeaturePacks/TP_VehicleAdvBP.upack' (chunk index -1, root 'root:/') mounted
[2025.03.22-08.24.21:421][  0]LogShaderLibrary: Display: ShaderCodeLibraryPakFileMountedCallback: pending pak file info (ChunkID:-1 Root:root:/ File:D:/Program Files/Epic Games/UE_4.27/FeaturePacks/TP_VehicleAdvBP.upack)
[2025.03.22-08.24.21:421][  0]LogPakFile: OnPakFileMounted2Time == 0.000032
[2025.03.22-08.24.21:421][  0]LogPakFile: PakFile PrimaryIndexSize=185
[2025.03.22-08.24.21:421][  0]LogPakFile: PakFile PathHashIndexSize=101
[2025.03.22-08.24.21:421][  0]LogPakFile: PakFile FullDirectoryIndexSize=144
[2025.03.22-08.24.21:421][  0]LogShaderLibrary: Display: ShaderCodeLibraryPakFileMountedCallback: PakFile 'D:/Program Files/Epic Games/UE_4.27/FeaturePacks/TP_VehicleBP.upack' (chunk index -1, root 'root:/') mounted
[2025.03.22-08.24.21:421][  0]LogShaderLibrary: Display: ShaderCodeLibraryPakFileMountedCallback: pending pak file info (ChunkID:-1 Root:root:/ File:D:/Program Files/Epic Games/UE_4.27/FeaturePacks/TP_VehicleBP.upack)
[2025.03.22-08.24.21:421][  0]LogPakFile: OnPakFileMounted2Time == 0.000053
[2025.03.22-08.24.21:429][  0]LogPakFile: PakFile PrimaryIndexSize=192
[2025.03.22-08.24.21:429][  0]LogPakFile: PakFile PathHashIndexSize=101
[2025.03.22-08.24.21:429][  0]LogPakFile: PakFile FullDirectoryIndexSize=158
[2025.03.22-08.24.21:429][  0]LogShaderLibrary: Display: ShaderCodeLibraryPakFileMountedCallback: PakFile 'D:/Program Files/Epic Games/UE_4.27/FeaturePacks/TP_VirtualRealityBP.upack' (chunk index -1, root 'root:/') mounted
[2025.03.22-08.24.21:429][  0]LogShaderLibrary: Display: ShaderCodeLibraryPakFileMountedCallback: pending pak file info (ChunkID:-1 Root:root:/ File:D:/Program Files/Epic Games/UE_4.27/FeaturePacks/TP_VirtualRealityBP.upack)
[2025.03.22-08.24.21:429][  0]LogPakFile: OnPakFileMounted2Time == 0.000033
[2025.03.22-08.24.21:885][  0]LogNativeClassHierarchy: Verbose: Native class hierarchy updated for 'AddContentDialog' in 0.0003 seconds. Added 0 classes and 0 folders.
[2025.03.22-08.24.21:885][  0]LogNativeClassHierarchy: Verbose: Native class hierarchy updated for 'SceneOutliner' in 0.0002 seconds. Added 2 classes and 0 folders.
[2025.03.22-08.24.21:993][  0]LogSlate: Took 0.000138 seconds to synchronously load lazily loaded font '../../../Engine/Content/Slate/Fonts/Roboto-Regular.ttf' (155K)
[2025.03.22-08.24.22:003][  0]LogSlate: Took 0.008407 seconds to synchronously load lazily loaded font '../../../Engine/Content/Editor/Slate/Fonts/FontAwesome.ttf' (139K)
[2025.03.22-08.24.22:004][  0]LogSlate: Took 0.000127 seconds to synchronously load lazily loaded font '../../../Engine/Content/Slate/Fonts/Roboto-Bold.ttf' (160K)
[2025.03.22-08.24.22:157][  0]LogRenderer: Reallocating scene render targets to support 1016x572 Format 10 NumSamples 1 (Frame:1).
[2025.03.22-08.24.22:268][  0]LogNativeClassHierarchy: Verbose: Native class hierarchy updated for 'HierarchicalLODOutliner' in 0.0003 seconds. Added 0 classes and 0 folders.
[2025.03.22-08.24.22:269][  0]LogInput: Warning: Action Jump uses invalid key OculusGo_Left_Trigger_Click.
[2025.03.22-08.24.22:269][  0]LogInput: Warning: Action ResetVR uses invalid key OculusGo_Left_Trackpad_Click.
[2025.03.22-08.24.22:269][  0]LogInput: Warning: Use -RemoveInvalidKeys to remove instances of these keys from the action mapping.
[2025.03.22-08.24.22:269][  0]LogLoad: (Engine Initialization) Total time: 9.01 seconds
[2025.03.22-08.24.22:269][  0]LogLoad: (Engine Initialization) Total Blueprint compile time: 0.00 seconds
[2025.03.22-08.24.22:318][  0]LogAssetRegistry: Asset discovery search completed in 5.5703 seconds
[2025.03.22-08.24.22:322][  0]LogCollectionManager: Fixed up redirectors for 0 collections in 0.000004 seconds (updated 0 objects)
[2025.03.22-08.24.22:323][  0]LogContentStreaming: Texture pool size now 1000 MB
[2025.03.22-08.25.05:622][351]LogSlate: Took 0.006851 seconds to synchronously load lazily loaded font '../../../Engine/Content/Slate/Fonts/Roboto-Light.ttf' (167K)
[2025.03.22-08.25.05:658][351]LogEditorClassViewer: Warning: Class /Engine/Tutorial/InWorldBlueprintEditing/TutorialAssets/IWBE_Blutility.IWBE_Blutility_C has parent /Script/Blutility.PlacedEditorUtilityBase, but this parent is not found. The Class will not be shown in ClassViewer.
[2025.03.22-08.25.08:247][351]LogSlate: Window 'Pick Parent Class' being destroyed
[2025.03.22-08.25.08:256][351]LogContentBrowser: Deferred new asset file creation: NewBlueprint
[2025.03.22-08.25.08:267][351]LogContentBrowser: Creating deferred item: NewBlueprint
[2025.03.22-08.25.49:969][463]LogContentBrowser: Attempting asset rename: NewBlueprint -> BP_SpotLight
[2025.03.22-08.25.49:974][463]LogContentBrowser: End creating deferred item NewBlueprint
[2025.03.22-08.26.50:671][ 26]LogAssetEditorSubsystem: Opening Asset editor for Blueprint /Game/BP/BP_SpotLight.BP_SpotLight
[2025.03.22-08.26.51:552][ 26]LogNativeClassHierarchy: Verbose: Native class hierarchy updated for 'BlueprintGraph' in 0.0004 seconds. Added 126 classes and 0 folders.
[2025.03.22-08.26.55:558][199]LogRenderer: Reallocating scene render targets to support 1192x680 Format 10 NumSamples 1 (Frame:169).
[2025.03.22-08.27.08:419][745]LogSlate: Took 0.015173 seconds to synchronously load lazily loaded font '../../../Engine/Content/Slate/Fonts/Roboto-Italic.ttf' (157K)
[2025.03.22-08.30.10:562][452]LogEditorTransaction: Undo Add Component
[2025.03.22-08.30.21:305][388]LogEditorTransaction: Undo Add Component
[2025.03.22-08.30.26:814][661]LogEditorTransaction: Undo Add Component
[2025.03.22-08.31.45:481][654]LogSlate: Window 'Color Picker' being destroyed
[2025.03.22-08.31.45:484][654]LogSlate: Window 'BP_SpotLight' being destroyed
[2025.03.22-08.31.57:625][117]LogEditorViewport: Clicking on Actor (LMB): BP_SpotLight_C (BP_SpotLight)
[2025.03.22-08.34.26:822][740]LogUObjectHash: Compacting FUObjectHashTables data took  10.75ms
[2025.03.22-08.34.26:915][740]LogSavePackage: Moving '../../../../../../project/UE/room_escape/Saved/ThirdPersonExampleMap_Auto1307A3B7747FF0863411BA79279CC4383.tmp' to '../../../../../../project/UE/room_escape/Saved/Autosaves/Game/ThirdPersonBP/Maps/ThirdPersonExampleMap_Auto1.umap'
[2025.03.22-08.34.26:917][740]LogFileHelpers: Editor autosave (incl. external actors) for '/Game/ThirdPersonBP/Maps/ThirdPersonExampleMap' took 0.235
[2025.03.22-08.34.26:917][740]LogFileHelpers: Editor autosave (incl. sublevels & external actors) for all levels took 0.235
[2025.03.22-08.41.25:914][ 79]LogEditorViewport: Clicking on Actor (LMB): BP_SpotLight_C (BP_SpotLight)
[2025.03.22-08.41.33:063][318]LogEditorViewport: Clicking on Actor (LMB): StaticMeshActor (Floor2)
[2025.03.22-08.41.35:603][408]LogEditorViewport: Clicking on Actor (LMB): BP_SpotLight_C (BP_SpotLight)
[2025.03.22-08.42.07:410][162]LogSlate: Window 'Color Picker' being destroyed
[2025.03.22-08.44.27:098][ 36]LogUObjectHash: Compacting FUObjectHashTables data took   5.19ms
[2025.03.22-08.44.27:138][ 36]LogSavePackage: Moving '../../../../../../project/UE/room_escape/Saved/ThirdPersonExampleMap_Auto24CF1C782417A11F2E3F8D2B8F365D111.tmp' to '../../../../../../project/UE/room_escape/Saved/Autosaves/Game/ThirdPersonBP/Maps/ThirdPersonExampleMap_Auto2.umap'
[2025.03.22-08.44.27:140][ 36]LogFileHelpers: Editor autosave (incl. external actors) for '/Game/ThirdPersonBP/Maps/ThirdPersonExampleMap' took 0.091
[2025.03.22-08.44.27:140][ 36]LogFileHelpers: Editor autosave (incl. sublevels & external actors) for all levels took 0.091
[2025.03.22-08.44.35:138][305]LogTemp: Repeating last play command: Selected Viewport
[2025.03.22-08.44.35:149][305]BlueprintLog: New page: Pre-Play auto-recompile
[2025.03.22-08.44.35:150][305]LogPlayLevel: [PlayLevel] Compiling BP_SpotLight before play...
[2025.03.22-08.44.35:228][305]LogUObjectHash: Compacting FUObjectHashTables data took   4.96ms
[2025.03.22-08.44.35:232][305]LogPlayLevel: PlayLevel: Blueprint regeneration took 82 ms (1 blueprints)
[2025.03.22-08.44.35:239][305]PIE: New page: PIE session: ThirdPersonExampleMap (2025年3月23日 上午12:44:35)
[2025.03.22-08.44.35:244][305]LogOnline: OSS: Creating online subsystem instance for: NULL
[2025.03.22-08.44.35:247][305]LogOnline: OSS: TryLoadSubsystemAndSetDefault: Loaded subsystem for module [NULL]
[2025.03.22-08.44.35:247][305]LogPlayLevel: Creating play world package: /Game/ThirdPersonBP/Maps/UEDPIE_0_ThirdPersonExampleMap
[2025.03.22-08.44.35:269][305]LogPlayLevel: PIE: StaticDuplicateObject took: (0.022878s)
[2025.03.22-08.44.35:271][305]LogAIModule: Creating AISystem for world ThirdPersonExampleMap
[2025.03.22-08.44.35:271][305]LogPlayLevel: PIE: World Init took: (0.001972s)
[2025.03.22-08.44.35:272][305]LogPlayLevel: PIE: Created PIE world by copying editor world from /Game/ThirdPersonBP/Maps/ThirdPersonExampleMap.ThirdPersonExampleMap to /Game/ThirdPersonBP/Maps/UEDPIE_0_ThirdPersonExampleMap.ThirdPersonExampleMap (0.025088s)
[2025.03.22-08.44.35:307][305]LogUObjectHash: Compacting FUObjectHashTables data took   4.76ms
[2025.03.22-08.44.35:307][305]LogAudio: Display: Creating Audio Device:                 Id: 2, Scope: Unique, Realtime: True
[2025.03.22-08.44.35:307][305]LogAudioMixer: Display: Audio Mixer Platform Settings:
[2025.03.22-08.44.35:307][305]LogAudioMixer: Display: 	Sample Rate:						  48000
[2025.03.22-08.44.35:307][305]LogAudioMixer: Display: 	Callback Buffer Frame Size Requested: 1024
[2025.03.22-08.44.35:307][305]LogAudioMixer: Display: 	Callback Buffer Frame Size To Use:	  1024
[2025.03.22-08.44.35:307][305]LogAudioMixer: Display: 	Number of buffers to queue:			  2
[2025.03.22-08.44.35:308][305]LogAudioMixer: Display: 	Max Channels (voices):				  32
[2025.03.22-08.44.35:308][305]LogAudioMixer: Display: 	Number of Async Source Workers:		  0
[2025.03.22-08.44.35:308][305]LogAudio: Display: AudioDevice MaxSources: 32
[2025.03.22-08.44.35:308][305]LogAudio: Display: Audio Spatialization Plugin: None (built-in).
[2025.03.22-08.44.35:308][305]LogAudio: Display: Audio Reverb Plugin: None (built-in).
[2025.03.22-08.44.35:308][305]LogAudio: Display: Audio Occlusion Plugin: None (built-in).
[2025.03.22-08.44.35:308][305]LogAudioMixer: Display: Initializing audio mixer.
[2025.03.22-08.44.35:314][305]LogAudioMixer: Display: 0: FrontLeft
[2025.03.22-08.44.35:314][305]LogAudioMixer: Display: 1: FrontRight
[2025.03.22-08.44.35:383][305]LogAudioMixer: Display: Using Audio Device 扬声器 (适用于 I2S 音频的英特尔® 智音技术)
[2025.03.22-08.44.35:384][305]LogAudioMixer: Display: Initializing Sound Submixes...
[2025.03.22-08.44.35:384][305]LogAudioMixer: Display: Creating Master Submix 'MasterSubmixDefault'
[2025.03.22-08.44.35:384][305]LogAudioMixer: Display: Creating Master Submix 'MasterReverbSubmixDefault'
[2025.03.22-08.44.35:385][305]LogAudioMixer: Display: Creating Master Submix 'MasterEQSubmixDefault'
[2025.03.22-08.44.35:385][305]LogAudioMixer: FMixerPlatformXAudio2::StartAudioStream() called
[2025.03.22-08.44.35:385][305]LogAudioMixer: Display: Output buffers initialized: Frames=1024, Channels=2, Samples=2048
[2025.03.22-08.44.35:386][305]LogAudioMixer: Display: Starting AudioMixerPlatformInterface::RunInternal()
[2025.03.22-08.44.35:386][305]LogAudioMixer: Display: FMixerPlatformXAudio2::SubmitBuffer() called for the first time
[2025.03.22-08.44.35:386][305]LogInit: FAudioDevice initialized.
[2025.03.22-08.44.35:387][305]LogAudio: Display: Audio Device (ID: 2) registered with world 'ThirdPersonExampleMap'.
[2025.03.22-08.44.35:425][305]LogLoad: Game class is 'ThirdPersonGameMode_C'
[2025.03.22-08.44.35:431][305]LogWorld: Bringing World /Game/ThirdPersonBP/Maps/UEDPIE_0_ThirdPersonExampleMap.ThirdPersonExampleMap up for play (max tick rate 0) at 2025.03.22-16.44.35
[2025.03.22-08.44.35:431][305]LogWorld: Bringing up level for play took: 0.004548
[2025.03.22-08.44.35:432][305]LogOnline: OSS: Creating online subsystem instance for: :Context_8
[2025.03.22-08.44.35:437][305]LogNativeClassHierarchy: Verbose: Native class hierarchy updated for 'MovieSceneCapture' in 0.0006 seconds. Added 20 classes and 0 folders.
[2025.03.22-08.44.35:440][305]PIE: Server logged in
[2025.03.22-08.44.35:443][305]PIE: Play in editor total start time 0.297 seconds.
[2025.03.22-08.44.41:322][573]LogSlate: Updating window title bar state: overlay mode, drag disabled, window buttons hidden, title bar hidden
[2025.03.22-08.44.41:323][573]LogWorld: BeginTearingDown for /Game/ThirdPersonBP/Maps/UEDPIE_0_ThirdPersonExampleMap
[2025.03.22-08.44.41:323][573]LogWorld: UWorld::CleanupWorld for ThirdPersonExampleMap, bSessionEnded=true, bCleanupResources=true
[2025.03.22-08.44.41:324][573]LogSlate: InvalidateAllWidgets triggered.  All widgets were invalidated
[2025.03.22-08.44.41:333][573]LogPlayLevel: Display: Shutting down PIE online subsystems
[2025.03.22-08.44.41:345][573]LogSlate: InvalidateAllWidgets triggered.  All widgets were invalidated
[2025.03.22-08.44.41:379][573]LogAudio: Display: Audio Device unregistered from world 'None'.
[2025.03.22-08.44.41:380][573]LogAudioMixer: FMixerPlatformXAudio2::StopAudioStream() called
[2025.03.22-08.44.41:381][573]LogAudioMixer: FMixerPlatformXAudio2::StopAudioStream() called
[2025.03.22-08.44.41:387][573]LogSlate: Updating window title bar state: overlay mode, drag disabled, window buttons hidden, title bar hidden
[2025.03.22-08.44.41:451][573]LogUObjectHash: Compacting FUObjectHashTables data took   7.82ms
[2025.03.22-08.44.41:554][574]LogPlayLevel: Display: Destroying online subsystem :Context_8
[2025.03.22-08.44.52:161][919]LogEditorViewport: Clicking on Actor (LMB): StaticMeshActor (Wall14)
[2025.03.22-08.44.53:022][942]LogEditorViewport: Clicking on Actor (LMB): StaticMeshActor (Wall14)
[2025.03.22-08.44.53:812][971]LogEditorViewport: Clicking on Actor (LMB): StaticMeshActor (Wall16)
[2025.03.22-08.44.55:862][ 43]LogEditorViewport: Clicking on Actor (LMB): StaticMeshActor (Wall17)
[2025.03.22-08.45.05:422][349]Cmd: CAMERA ALIGN ACTIVEVIEWPORTONLY
[2025.03.22-08.45.10:303][521]LogEditorViewport: Clicking on Actor (LMB): BP_SpotLight_C (BP_SpotLight)
[2025.03.22-08.46.27:595][208]LogEditorViewport: Clicking on Actor (LMB): StaticMeshActor (Floor2)
[2025.03.22-08.46.27:599][208]LogSlate: Window 'Color Picker' being destroyed
[2025.03.22-08.46.55:968][169]LogEditorViewport: Clicking on Actor (LMB): StaticMeshActor (Floor2)
[2025.03.22-08.46.56:935][204]LogEditorViewport: Clicking on Actor (LMB): BP_SpotLight_C (BP_SpotLight)
[2025.03.22-08.46.57:841][236]LogEditorViewport: Clicking on Actor (LMB): StaticMeshActor (Floor2)
[2025.03.22-08.47.01:677][358]LogEditorViewport: Clicking on Actor (LMB): BP_SpotLight_C (BP_SpotLight)
[2025.03.22-08.47.48:692][988]LogEditorViewport: Clicking on Actor (LMB): StaticMeshActor (Floor2)
[2025.03.22-08.48.00:382][386]LogEditorViewport: Clicking on Actor (LMB): LightmassImportanceVolume (LightmassImportanceVolume)
[2025.03.22-08.48.01:371][416]LogEditorViewport: Clicking on Actor (LMB): StaticMeshActor (Floor2)
[2025.03.22-08.48.02:083][436]LogEditorViewport: Clicking on Actor (LMB): StaticMeshActor (Floor2)
[2025.03.22-08.48.02:511][449]LogEditorViewport: Clicking on Actor (LMB): BP_SpotLight_C (BP_SpotLight)
[2025.03.22-08.48.05:263][535]LogEditorViewport: Clicking on Actor (CTRL LMB): LightmassImportanceVolume (LightmassImportanceVolume)
[2025.03.22-08.48.07:158][593]LogEditorViewport: Clicking on Actor (LMB): BP_SpotLight_C (BP_SpotLight)
[2025.03.22-08.48.09:599][676]LogEditorViewport: Clicking on Actor (CTRL LMB): BP_SpotLight_C (BP_SpotLight)
[2025.03.22-08.48.12:193][762]LogEditorViewport: Clicking on Actor (CTRL LMB): BP_SpotLight_C (BP_SpotLight)
[2025.03.22-08.48.41:625][736]LogEditorViewport: Clicking on Actor (LMB): StaticMeshActor (Wall14)
[2025.03.22-08.48.42:461][766]LogEditorViewport: Clicking on Actor (LMB): StaticMeshActor (Wall14)
[2025.03.22-08.48.43:789][815]LogEditorViewport: Clicking on Actor (LMB): StaticMeshActor (Wall14)
[2025.03.22-08.54.13:107][381]LogEditorViewport: Clicking on Actor (LMB): StaticMeshActor (Floor2)
