Log file open, 03/21/25 14:15:32
LogWindows: Failed to load 'aqProf.dll' (GetLastError=126)
LogWindows: File 'aqProf.dll' does not exist
LogWindows: Failed to load 'VtuneApi.dll' (GetLastError=126)
LogWindows: File 'VtuneApi.dll' does not exist
LogWindows: Failed to load 'VtuneApi32e.dll' (GetLastError=126)
LogWindows: File 'VtuneApi32e.dll' does not exist
LogConsoleResponse: Display: Failed to find resolution value strings in scalability ini. Falling back to default.
LogConsoleResponse: Display: Failed to find resolution value strings in scalability ini. Falling back to default.
LogInit: Display: Running engine for game: room_escape
LogPlatformFile: Not using cached read wrapper
LogTaskGraph: Started task graph with 5 named threads and 23 total threads with 3 sets of task threads.
LogStats: Stats thread started at 0.826975
LogICUInternationalization: ICU TimeZone Detection - Raw Offset: +8:00, Platform Override: ''
LogInit: Display: Loading text-based GConfig....
LogPluginManager: Mounting plugin MeshPainting
LogPluginManager: Mounting plugin XGEController
LogPluginManager: Mounting plugin LiveLink
LogPluginManager: Mounting plugin Paper2D
LogPluginManager: Mounting plugin AISupport
LogPluginManager: Mounting plugin EnvironmentQueryEditor
LogPluginManager: Mounting plugin CameraShakePreviewer
LogPluginManager: Mounting plugin LightPropagationVolume
LogPluginManager: Mounting plugin GameplayCameras
LogPluginManager: Mounting plugin OodleData
LogPluginManager: Mounting plugin AnimationSharing
LogPluginManager: Mounting plugin OodleNetwork
LogPluginManager: Mounting plugin CLionSourceCodeAccess
LogPluginManager: Mounting plugin CodeLiteSourceCodeAccess
LogPluginManager: Mounting plugin GitSourceControl
LogPluginManager: Mounting plugin KDevelopSourceCodeAccess
LogPluginManager: Mounting plugin PerforceSourceControl
LogPluginManager: Mounting plugin PixWinPlugin
LogPluginManager: Mounting plugin PluginUtils
LogPluginManager: Mounting plugin PlasticSourceControl
LogPluginManager: Mounting plugin PropertyAccessNode
LogPluginManager: Mounting plugin NullSourceCodeAccess
LogPluginManager: Mounting plugin SubversionSourceControl
LogPluginManager: Mounting plugin RiderSourceCodeAccess
LogPluginManager: Mounting plugin TextureFormatOodle
LogPluginManager: Mounting plugin UObjectPlugin
LogPluginManager: Mounting plugin VisualStudioSourceCodeAccess
LogPluginManager: Mounting plugin VisualStudioCodeSourceCodeAccess
LogPluginManager: Mounting plugin XCodeSourceCodeAccess
LogPluginManager: Mounting plugin CryptoKeys
LogPluginManager: Mounting plugin CurveEditorTools
LogPluginManager: Mounting plugin AssetManagerEditor
LogPluginManager: Mounting plugin DatasmithContent
LogPluginManager: Mounting plugin DataValidation
LogPluginManager: Mounting plugin GameplayTagsEditor
LogPluginManager: Mounting plugin FacialAnimation
LogPluginManager: Mounting plugin GeometryMode
LogPluginManager: Mounting plugin VariantManagerContent
LogPluginManager: Mounting plugin MacGraphicsSwitching
LogPluginManager: Mounting plugin MaterialAnalyzer
LogPluginManager: Mounting plugin PluginBrowser
LogPluginManager: Mounting plugin MobileLauncherProfileWizard
LogPluginManager: Mounting plugin SpeedTreeImporter
LogPluginManager: Mounting plugin Niagara
LogPluginManager: Mounting plugin AndroidMedia
LogPluginManager: Mounting plugin AvfMedia
LogPluginManager: Mounting plugin ImgMedia
LogPluginManager: Mounting plugin MediaCompositing
LogPluginManager: Mounting plugin MediaPlayerEditor
LogPluginManager: Mounting plugin WmfMedia
LogPluginManager: Mounting plugin WebMMedia
LogPluginManager: Mounting plugin TcpMessaging
LogPluginManager: Mounting plugin UdpMessaging
LogPluginManager: Mounting plugin ActorSequence
LogPluginManager: Mounting plugin LevelSequenceEditor
LogPluginManager: Mounting plugin MatineeToLevelSequence
LogPluginManager: Mounting plugin TemplateSequence
LogPluginManager: Mounting plugin OnlineSubsystem
LogPluginManager: Mounting plugin OnlineSubsystemNull
LogPluginManager: Mounting plugin OnlineSubsystemUtils
LogPluginManager: Mounting plugin LauncherChunkInstaller
LogPluginManager: Mounting plugin AndroidDeviceProfileSelector
LogPluginManager: Mounting plugin ActorLayerUtilities
LogPluginManager: Mounting plugin AndroidPermission
LogPluginManager: Mounting plugin AndroidMoviePlayer
LogPluginManager: Mounting plugin AppleMoviePlayer
LogPluginManager: Mounting plugin ArchVisCharacter
LogPluginManager: Mounting plugin AssetTags
LogPluginManager: Mounting plugin AudioCapture
LogPluginManager: Mounting plugin ChunkDownloader
LogPluginManager: Mounting plugin AudioSynesthesia
LogPluginManager: Mounting plugin CableComponent
LogPluginManager: Mounting plugin CustomMeshComponent
LogPluginManager: Mounting plugin ExampleDeviceProfileSelector
LogPluginManager: Mounting plugin EditableMesh
LogPluginManager: Mounting plugin GoogleCloudMessaging
LogPluginManager: Mounting plugin GooglePAD
LogPluginManager: Mounting plugin IOSDeviceProfileSelector
LogPluginManager: Mounting plugin LinuxDeviceProfileSelector
LogPluginManager: Mounting plugin LocationServicesBPLibrary
LogPluginManager: Mounting plugin MobilePatchingUtils
LogPluginManager: Mounting plugin AppleImageUtils
LogPluginManager: Mounting plugin OpenXR
LogPluginManager: Mounting plugin OpenXREyeTracker
LogPluginManager: Mounting plugin OpenXRHandTracking
LogPluginManager: Mounting plugin PhysXVehicles
LogPluginManager: Mounting plugin PostSplashScreen
LogPluginManager: Mounting plugin PropertyAccessEditor
LogPluginManager: Mounting plugin ProceduralMeshComponent
LogPluginManager: Mounting plugin RuntimePhysXCooking
LogPluginManager: Mounting plugin SignificanceManager
LogPluginManager: Mounting plugin SoundFields
LogPluginManager: Mounting plugin Synthesis
LogPluginManager: Mounting plugin WebMMoviePlayer
LogPluginManager: Mounting plugin WindowsMoviePlayer
LogPluginManager: Mounting plugin ScreenshotTools
LogPluginManager: Mounting plugin Takes
LogPluginManager: Mounting plugin MagicLeap
LogPluginManager: Mounting plugin LuminPlatformFeatures
LogPluginManager: Mounting plugin MagicLeapLightEstimation
LogPluginManager: Mounting plugin MagicLeapMedia
LogPluginManager: Mounting plugin MagicLeapPassableWorld
LogPluginManager: Mounting plugin MLSDK
LogPluginManager: Mounting plugin AlembicImporter
LogPluginManager: Mounting plugin AutomationUtils
LogPluginManager: Mounting plugin BackChannel
LogPluginManager: Mounting plugin ChaosCloth
LogPluginManager: Mounting plugin ChaosClothEditor
LogPluginManager: Mounting plugin ChaosEditor
LogPluginManager: Mounting plugin ChaosSolverPlugin
LogPluginManager: Mounting plugin CharacterAI
LogPluginManager: Mounting plugin GeometryCache
LogPluginManager: Mounting plugin GeometryCollectionPlugin
LogPluginManager: Mounting plugin GeometryProcessing
LogPluginManager: Mounting plugin MotoSynth
LogPluginManager: Mounting plugin OpenImageDenoise
LogPluginManager: Mounting plugin PlanarCut
LogPluginManager: Mounting plugin PlatformCrypto
LogPluginManager: Mounting plugin ProxyLODPlugin
LogPluginManager: Mounting plugin PythonScriptPlugin
LogPluginManager: Mounting plugin SkeletalReduction
LogPluginManager: Mounting plugin ChaosNiagara
LogPluginManager: Mounting plugin ContentBrowserAssetDataSource
LogPluginManager: Mounting plugin ContentBrowserFileDataSource
LogPluginManager: Mounting plugin ContentBrowserClassDataSource
LogPluginManager: Mounting plugin OnlineSubsystemIOS
LogPluginManager: Mounting plugin OnlineSubsystemGooglePlay
LogPluginManager: Mounting plugin OculusVR
LogPluginManager: Mounting plugin SteamVR
PixWinPlugin: PIX capture plugin failed to initialize! Check that the process is launched from PIX.
LogInit: Using libcurl 7.55.1-DEV
LogInit:  - built for x86_64-pc-win32
LogInit:  - supports SSL with OpenSSL/1.1.1
LogInit:  - supports HTTP deflate (compression) using libz 1.2.8
LogInit:  - other features:
LogInit:      CURL_VERSION_SSL
LogInit:      CURL_VERSION_LIBZ
LogInit:      CURL_VERSION_IPV6
LogInit:      CURL_VERSION_ASYNCHDNS
LogInit:      CURL_VERSION_LARGEFILE
LogInit:      CURL_VERSION_IDN
LogInit:  CurlRequestOptions (configurable via config and command line):
LogInit:  - bVerifyPeer = true  - Libcurl will verify peer certificate
LogInit:  - bUseHttpProxy = true  - Libcurl will use HTTP proxy
LogInit:  - HttpProxyAddress = '127.0.0.1:56472'
LogInit:  - bDontReuseConnections = false  - Libcurl will reuse connections
LogInit:  - MaxHostConnections = 16  - Libcurl will limit the number of connections to a host
LogInit:  - LocalHostAddr = Default
LogInit:  - BufferSize = 65536
LogOnline: OSS: Creating online subsystem instance for: NULL
LogInit: WinSock: version 1.1 (2.2), MaxSocks=32767, MaxUdp=65467
LogOnline: OSS: TryLoadSubsystemAndSetDefault: Loaded subsystem for module [NULL]
LogOculusPluginWrapper: OculusPlugin initialized successfully
LogHMD: Failed initializing OVRPlugin 1.59.0
LogInit: Build: ++UE4+Release-4.27-CL-18319896
LogInit: Engine Version: 4.27.2-18319896+++UE4+Release-4.27
LogInit: Compatible Engine Version: 4.27.0-17155196+++UE4+Release-4.27
LogInit: Net CL: 17155196
LogInit: OS: Windows 10 (Release 2009) (), CPU: 11th Gen Intel(R) Core(TM) i7-1165G7 @ 2.80GHz, GPU: Intel(R) Iris(R) Xe Graphics
LogInit: Compiled (64-bit): Nov 30 2021 07:12:08
LogInit: Compiled with Visual C++: 19.24.28315.00
LogInit: Build Configuration: Development
LogInit: Branch Name: ++UE4+Release-4.27
LogInit: Command Line:  /Game/ThirdPersonBP/Maps/ThirdPersonExampleMap -game -PIEVIACONSOLE -Multiprocess GameUserSettingsINI=D:/project/UE/room_escape/Saved/Config/Windows/PIEGameUserSettings0.ini -MultiprocessSaveConfig -forcepassthrough -messaging -SessionName="Play in Standalone Game" -windowed -WinX=-11 -WinY=25 SAVEWINPOS=1 -ResX=2167 -ResY=1351 -ForceRes
LogInit: Base Directory: D:/Program Files/Epic Games/UE_4.27/Engine/Binaries/Win64/
LogInit: Allocator: TBB
LogInit: Installed Engine Build: 1
LogDevObjectVersion: Number of dev versions registered: 29
LogDevObjectVersion:   Dev-Blueprints (B0D832E4-1F89-4F0D-ACCF-7EB736FD4AA2): 10
LogDevObjectVersion:   Dev-Build (E1C64328-A22C-4D53-A36C-8E866417BD8C): 0
LogDevObjectVersion:   Dev-Core (375EC13C-06E4-48FB-B500-84F0262A717E): 4
LogDevObjectVersion:   Dev-Editor (E4B068ED-F494-42E9-A231-DA0B2E46BB41): 40
LogDevObjectVersion:   Dev-Framework (CFFC743F-43B0-4480-9391-14DF171D2073): 37
LogDevObjectVersion:   Dev-Mobile (B02B49B5-BB20-44E9-A304-32B752E40360): 3
LogDevObjectVersion:   Dev-Networking (A4E4105C-59A1-49B5-A7C5-40C4547EDFEE): 0
LogDevObjectVersion:   Dev-Online (39C831C9-5AE6-47DC-9A44-9C173E1C8E7C): 0
LogDevObjectVersion:   Dev-Physics (78F01B33-EBEA-4F98-B9B4-84EACCB95AA2): 14
LogDevObjectVersion:   Dev-Platform (6631380F-2D4D-43E0-8009-CF276956A95A): 0
LogDevObjectVersion:   Dev-Rendering (12F88B9F-8875-4AFC-A67C-D90C383ABD29): 45
LogDevObjectVersion:   Dev-Sequencer (7B5AE74C-D270-4C10-A958-57980B212A5A): 13
LogDevObjectVersion:   Dev-VR (D7296918-1DD6-4BDD-9DE2-64A83CC13884): 3
LogDevObjectVersion:   Dev-LoadTimes (C2A15278-BFE7-4AFE-6C17-90FF531DF755): 1
LogDevObjectVersion:   Private-Geometry (6EACA3D4-40EC-4CC1-B786-8BED09428FC5): 3
LogDevObjectVersion:   Dev-AnimPhys (29E575DD-E0A3-4627-9D10-D276232CDCEA): 17
LogDevObjectVersion:   Dev-Anim (AF43A65D-7FD3-4947-9873-3E8ED9C1BB05): 15
LogDevObjectVersion:   Dev-ReflectionCapture (6B266CEC-1EC7-4B8F-A30B-E4D90942FC07): 1
LogDevObjectVersion:   Dev-Automation (0DF73D61-A23F-47EA-B727-89E90C41499A): 1
LogDevObjectVersion:   FortniteMain (601D1886-AC64-4F84-AA16-D3DE0DEAC7D6): 47
LogDevObjectVersion:   FortniteRelease (E7086368-6B23-4C58-8439-1B7016265E91): 1
LogDevObjectVersion:   Dev-Enterprise (9DFFBCD6-494F-0158-E221-12823C92A888): 10
LogDevObjectVersion:   Dev-Niagara (F2AED0AC-9AFE-416F-8664-AA7FFA26D6FC): 1
LogDevObjectVersion:   Dev-Destruction (174F1F0B-B4C6-45A5-B13F-2EE8D0FB917D): 10
LogDevObjectVersion:   Dev-Physics-Ext (35F94A83-E258-406C-A318-09F59610247C): 41
LogDevObjectVersion:   Dev-PhysicsMaterial-Chaos (B68FC16E-8B1B-42E2-B453-215C058844FE): 1
LogDevObjectVersion:   Dev-CineCamera (B2E18506-4273-CFC2-A54E-F4BB758BBA07): 1
LogDevObjectVersion:   Dev-VirtualProduction (64F58936-FD1B-42BA-BA96-7289D5D0FA4E): 1
LogDevObjectVersion:   Dev-MediaFramework (6F0ED827-A609-4895-9C91-998D90180EA4): 2
LogInit: Presizing for max 25165824 objects, including 0 objects not considered by GC, pre-allocating 0 bytes for permanent pool.
LogConfig: Applying CVar settings from Section [/Script/Engine.StreamingSettings] File [D:/project/UE/room_escape/Saved/Config/Windows/Engine.ini]
LogConfig: Setting CVar [[s.MinBulkDataSizeForAsyncLoading:131072]]
LogConfig: Setting CVar [[s.AsyncLoadingThreadEnabled:0]]
LogConfig: Setting CVar [[s.EventDrivenLoaderEnabled:1]]
LogConfig: Setting CVar [[s.WarnIfTimeLimitExceeded:0]]
LogConfig: Setting CVar [[s.TimeLimitExceededMultiplier:1.5]]
LogConfig: Setting CVar [[s.TimeLimitExceededMinTime:0.005]]
LogConfig: Setting CVar [[s.UseBackgroundLevelStreaming:1]]
LogConfig: Setting CVar [[s.PriorityAsyncLoadingExtraTime:15.0]]
LogConfig: Setting CVar [[s.LevelStreamingActorsUpdateTimeLimit:5.0]]
LogConfig: Setting CVar [[s.PriorityLevelStreamingActorsUpdateExtraTime:5.0]]
LogConfig: Setting CVar [[s.LevelStreamingComponentsRegistrationGranularity:10]]
LogConfig: Setting CVar [[s.UnregisterComponentsTimeLimit:1.0]]
LogConfig: Setting CVar [[s.LevelStreamingComponentsUnregistrationGranularity:5]]
LogConfig: Setting CVar [[s.FlushStreamingOnExit:1]]
LogInit: Object subsystem initialized
LogConfig: Setting CVar [[con.DebugEarlyDefault:1]]
LogConfig: Setting CVar [[r.setres:1280x720]]
[2025.03.21-06.15.35:397][  0]LogConfig: Setting CVar [[con.DebugEarlyDefault:1]]
[2025.03.21-06.15.35:397][  0]LogConfig: Setting CVar [[r.setres:1280x720]]
[2025.03.21-06.15.35:397][  0]LogConfig: Applying CVar settings from Section [/Script/Engine.RendererSettings] File [D:/project/UE/room_escape/Saved/Config/Windows/Engine.ini]
[2025.03.21-06.15.35:397][  0]LogConfig: Setting CVar [[r.GPUCrashDebugging:0]]
[2025.03.21-06.15.35:397][  0]LogConfig: Applying CVar settings from Section [/Script/Engine.RendererOverrideSettings] File [D:/project/UE/room_escape/Saved/Config/Windows/Engine.ini]
[2025.03.21-06.15.35:397][  0]LogConfig: Applying CVar settings from Section [/Script/Engine.StreamingSettings] File [D:/project/UE/room_escape/Saved/Config/Windows/Engine.ini]
[2025.03.21-06.15.35:397][  0]LogConfig: Setting CVar [[s.MinBulkDataSizeForAsyncLoading:131072]]
[2025.03.21-06.15.35:397][  0]LogConfig: Setting CVar [[s.AsyncLoadingThreadEnabled:0]]
[2025.03.21-06.15.35:397][  0]LogConfig: Setting CVar [[s.EventDrivenLoaderEnabled:1]]
[2025.03.21-06.15.35:397][  0]LogConfig: Setting CVar [[s.WarnIfTimeLimitExceeded:0]]
[2025.03.21-06.15.35:397][  0]LogConfig: Setting CVar [[s.TimeLimitExceededMultiplier:1.5]]
[2025.03.21-06.15.35:397][  0]LogConfig: Setting CVar [[s.TimeLimitExceededMinTime:0.005]]
[2025.03.21-06.15.35:397][  0]LogConfig: Setting CVar [[s.UseBackgroundLevelStreaming:1]]
[2025.03.21-06.15.35:397][  0]LogConfig: Setting CVar [[s.PriorityAsyncLoadingExtraTime:15.0]]
[2025.03.21-06.15.35:397][  0]LogConfig: Setting CVar [[s.LevelStreamingActorsUpdateTimeLimit:5.0]]
[2025.03.21-06.15.35:397][  0]LogConfig: Setting CVar [[s.PriorityLevelStreamingActorsUpdateExtraTime:5.0]]
[2025.03.21-06.15.35:397][  0]LogConfig: Setting CVar [[s.LevelStreamingComponentsRegistrationGranularity:10]]
[2025.03.21-06.15.35:397][  0]LogConfig: Setting CVar [[s.UnregisterComponentsTimeLimit:1.0]]
[2025.03.21-06.15.35:397][  0]LogConfig: Setting CVar [[s.LevelStreamingComponentsUnregistrationGranularity:5]]
[2025.03.21-06.15.35:397][  0]LogConfig: Setting CVar [[s.FlushStreamingOnExit:1]]
[2025.03.21-06.15.35:397][  0]LogConfig: Applying CVar settings from Section [/Script/Engine.GarbageCollectionSettings] File [D:/project/UE/room_escape/Saved/Config/Windows/Engine.ini]
[2025.03.21-06.15.35:397][  0]LogConfig: Setting CVar [[gc.MaxObjectsNotConsideredByGC:1]]
[2025.03.21-06.15.35:397][  0]LogConfig: Setting CVar [[gc.SizeOfPermanentObjectPool:0]]
[2025.03.21-06.15.35:397][  0]LogConfig: Setting CVar [[gc.FlushStreamingOnGC:0]]
[2025.03.21-06.15.35:397][  0]LogConfig: Setting CVar [[gc.NumRetriesBeforeForcingGC:10]]
[2025.03.21-06.15.35:397][  0]LogConfig: Setting CVar [[gc.AllowParallelGC:1]]
[2025.03.21-06.15.35:397][  0]LogConfig: Setting CVar [[gc.TimeBetweenPurgingPendingKillObjects:61.1]]
[2025.03.21-06.15.35:397][  0]LogConfig: Setting CVar [[gc.MaxObjectsInEditor:25165824]]
[2025.03.21-06.15.35:397][  0]LogConfig: Setting CVar [[gc.IncrementalBeginDestroyEnabled:1]]
[2025.03.21-06.15.35:397][  0]LogConfig: Setting CVar [[gc.CreateGCClusters:1]]
[2025.03.21-06.15.35:397][  0]LogConfig: Setting CVar [[gc.MinGCClusterSize:5]]
[2025.03.21-06.15.35:398][  0]LogConfig: Setting CVar [[gc.ActorClusteringEnabled:0]]
[2025.03.21-06.15.35:398][  0]LogConfig: Setting CVar [[gc.BlueprintClusteringEnabled:0]]
[2025.03.21-06.15.35:398][  0]LogConfig: Setting CVar [[gc.UseDisregardForGCOnDedicatedServers:0]]
[2025.03.21-06.15.35:398][  0]LogConfig: Setting CVar [[gc.MultithreadedDestructionEnabled:1]]
[2025.03.21-06.15.35:398][  0]LogConfig: Applying CVar settings from Section [/Script/Engine.NetworkSettings] File [D:/project/UE/room_escape/Saved/Config/Windows/Engine.ini]
[2025.03.21-06.15.35:398][  0]LogConfig: Applying CVar settings from Section [/Script/UnrealEd.CookerSettings] File [D:/project/UE/room_escape/Saved/Config/Windows/Engine.ini]
[2025.03.21-06.15.35:431][  0]LogConfig: Applying CVar settings from Section [ViewDistanceQuality@3] File [D:/project/UE/room_escape/Saved/Config/Windows/Scalability.ini]
[2025.03.21-06.15.35:431][  0]LogConfig: Setting CVar [[r.SkeletalMeshLODBias:0]]
[2025.03.21-06.15.35:431][  0]LogConfig: Setting CVar [[r.ViewDistanceScale:1.0]]
[2025.03.21-06.15.35:431][  0]LogConfig: Applying CVar settings from Section [AntiAliasingQuality@3] File [D:/project/UE/room_escape/Saved/Config/Windows/Scalability.ini]
[2025.03.21-06.15.35:431][  0]LogConfig: Setting CVar [[r.PostProcessAAQuality:4]]
[2025.03.21-06.15.35:431][  0]LogConfig: Applying CVar settings from Section [ShadowQuality@3] File [D:/project/UE/room_escape/Saved/Config/Windows/Scalability.ini]
[2025.03.21-06.15.35:431][  0]LogConfig: Setting CVar [[r.LightFunctionQuality:1]]
[2025.03.21-06.15.35:431][  0]LogConfig: Setting CVar [[r.ShadowQuality:5]]
[2025.03.21-06.15.35:431][  0]LogConfig: Setting CVar [[r.Shadow.CSM.MaxCascades:10]]
[2025.03.21-06.15.35:431][  0]LogConfig: Setting CVar [[r.Shadow.MaxResolution:2048]]
[2025.03.21-06.15.35:431][  0]LogConfig: Setting CVar [[r.Shadow.MaxCSMResolution:2048]]
[2025.03.21-06.15.35:431][  0]LogConfig: Setting CVar [[r.Shadow.RadiusThreshold:0.01]]
[2025.03.21-06.15.35:432][  0]LogConfig: Setting CVar [[r.Shadow.DistanceScale:1.0]]
[2025.03.21-06.15.35:432][  0]LogConfig: Setting CVar [[r.Shadow.CSM.TransitionScale:1.0]]
[2025.03.21-06.15.35:432][  0]LogConfig: Setting CVar [[r.Shadow.PreShadowResolutionFactor:1.0]]
[2025.03.21-06.15.35:432][  0]LogConfig: Setting CVar [[r.DistanceFieldShadowing:1]]
[2025.03.21-06.15.35:432][  0]LogConfig: Setting CVar [[r.DistanceFieldAO:1]]
[2025.03.21-06.15.35:432][  0]LogConfig: Setting CVar [[r.AOQuality:2]]
[2025.03.21-06.15.35:432][  0]LogConfig: Setting CVar [[r.VolumetricFog:1]]
[2025.03.21-06.15.35:432][  0]LogConfig: Setting CVar [[r.VolumetricFog.GridPixelSize:8]]
[2025.03.21-06.15.35:432][  0]LogConfig: Setting CVar [[r.VolumetricFog.GridSizeZ:128]]
[2025.03.21-06.15.35:432][  0]LogConfig: Setting CVar [[r.VolumetricFog.HistoryMissSupersampleCount:4]]
[2025.03.21-06.15.35:432][  0]LogConfig: Setting CVar [[r.LightMaxDrawDistanceScale:1]]
[2025.03.21-06.15.35:432][  0]LogConfig: Setting CVar [[r.CapsuleShadows:1]]
[2025.03.21-06.15.35:432][  0]LogConfig: Applying CVar settings from Section [PostProcessQuality@3] File [D:/project/UE/room_escape/Saved/Config/Windows/Scalability.ini]
[2025.03.21-06.15.35:432][  0]LogConfig: Setting CVar [[r.MotionBlurQuality:4]]
[2025.03.21-06.15.35:432][  0]LogConfig: Setting CVar [[r.AmbientOcclusionMipLevelFactor:0.4]]
[2025.03.21-06.15.35:432][  0]LogConfig: Setting CVar [[r.AmbientOcclusionMaxQuality:100]]
[2025.03.21-06.15.35:432][  0]LogConfig: Setting CVar [[r.AmbientOcclusionLevels:-1]]
[2025.03.21-06.15.35:432][  0]LogConfig: Setting CVar [[r.AmbientOcclusionRadiusScale:1.0]]
[2025.03.21-06.15.35:432][  0]LogConfig: Setting CVar [[r.DepthOfFieldQuality:2]]
[2025.03.21-06.15.35:432][  0]LogConfig: Setting CVar [[r.RenderTargetPoolMin:400]]
[2025.03.21-06.15.35:432][  0]LogConfig: Setting CVar [[r.LensFlareQuality:2]]
[2025.03.21-06.15.35:432][  0]LogConfig: Setting CVar [[r.SceneColorFringeQuality:1]]
[2025.03.21-06.15.35:432][  0]LogConfig: Setting CVar [[r.EyeAdaptationQuality:2]]
[2025.03.21-06.15.35:432][  0]LogConfig: Setting CVar [[r.BloomQuality:5]]
[2025.03.21-06.15.35:432][  0]LogConfig: Setting CVar [[r.FastBlurThreshold:100]]
[2025.03.21-06.15.35:432][  0]LogConfig: Setting CVar [[r.Upscale.Quality:3]]
[2025.03.21-06.15.35:432][  0]LogConfig: Setting CVar [[r.Tonemapper.GrainQuantization:1]]
[2025.03.21-06.15.35:432][  0]LogConfig: Setting CVar [[r.LightShaftQuality:1]]
[2025.03.21-06.15.35:432][  0]LogConfig: Setting CVar [[r.Filter.SizeScale:1]]
[2025.03.21-06.15.35:432][  0]LogConfig: Setting CVar [[r.Tonemapper.Quality:5]]
[2025.03.21-06.15.35:432][  0]LogConfig: Setting CVar [[r.DOF.Gather.AccumulatorQuality:1        ; higher gathering accumulator quality]]
[2025.03.21-06.15.35:432][  0]LogConfig: Setting CVar [[r.DOF.Gather.PostfilterMethod:1          ; Median3x3 postfilering method]]
[2025.03.21-06.15.35:432][  0]LogConfig: Setting CVar [[r.DOF.Gather.EnableBokehSettings:0       ; no bokeh simulation when gathering]]
[2025.03.21-06.15.35:432][  0]LogConfig: Setting CVar [[r.DOF.Gather.RingCount:4                 ; medium number of samples when gathering]]
[2025.03.21-06.15.35:432][  0]LogConfig: Setting CVar [[r.DOF.Scatter.ForegroundCompositing:1    ; additive foreground scattering]]
[2025.03.21-06.15.35:432][  0]LogConfig: Setting CVar [[r.DOF.Scatter.BackgroundCompositing:2    ; additive background scattering]]
[2025.03.21-06.15.35:432][  0]LogConfig: Setting CVar [[r.DOF.Scatter.EnableBokehSettings:1      ; bokeh simulation when scattering]]
[2025.03.21-06.15.35:432][  0]LogConfig: Setting CVar [[r.DOF.Scatter.MaxSpriteRatio:0.1         ; only a maximum of 10% of scattered bokeh]]
[2025.03.21-06.15.35:432][  0]LogConfig: Setting CVar [[r.DOF.Recombine.Quality:1                ; cheap slight out of focus]]
[2025.03.21-06.15.35:432][  0]LogConfig: Setting CVar [[r.DOF.Recombine.EnableBokehSettings:0    ; no bokeh simulation on slight out of focus]]
[2025.03.21-06.15.35:432][  0]LogConfig: Setting CVar [[r.DOF.TemporalAAQuality:1                ; more stable temporal accumulation]]
[2025.03.21-06.15.35:432][  0]LogConfig: Setting CVar [[r.DOF.Kernel.MaxForegroundRadius:0.025]]
[2025.03.21-06.15.35:432][  0]LogConfig: Setting CVar [[r.DOF.Kernel.MaxBackgroundRadius:0.025]]
[2025.03.21-06.15.35:432][  0]LogConfig: Applying CVar settings from Section [TextureQuality@3] File [D:/project/UE/room_escape/Saved/Config/Windows/Scalability.ini]
[2025.03.21-06.15.35:432][  0]LogConfig: Setting CVar [[r.Streaming.MipBias:0]]
[2025.03.21-06.15.35:432][  0]LogConfig: Setting CVar [[r.Streaming.AmortizeCPUToGPUCopy:0]]
[2025.03.21-06.15.35:432][  0]LogConfig: Setting CVar [[r.Streaming.MaxNumTexturesToStreamPerFrame:0]]
[2025.03.21-06.15.35:432][  0]LogConfig: Setting CVar [[r.Streaming.Boost:1]]
[2025.03.21-06.15.35:432][  0]LogConfig: Setting CVar [[r.MaxAnisotropy:8]]
[2025.03.21-06.15.35:432][  0]LogConfig: Setting CVar [[r.VT.MaxAnisotropy:8]]
[2025.03.21-06.15.35:432][  0]LogConfig: Setting CVar [[r.Streaming.LimitPoolSizeToVRAM:0]]
[2025.03.21-06.15.35:432][  0]LogConfig: Setting CVar [[r.Streaming.PoolSize:1000]]
[2025.03.21-06.15.35:432][  0]LogConfig: Setting CVar [[r.Streaming.MaxEffectiveScreenSize:0]]
[2025.03.21-06.15.35:432][  0]LogConfig: Applying CVar settings from Section [EffectsQuality@3] File [D:/project/UE/room_escape/Saved/Config/Windows/Scalability.ini]
[2025.03.21-06.15.35:432][  0]LogConfig: Setting CVar [[r.TranslucencyLightingVolumeDim:64]]
[2025.03.21-06.15.35:432][  0]LogConfig: Setting CVar [[r.RefractionQuality:2]]
[2025.03.21-06.15.35:432][  0]LogConfig: Setting CVar [[r.SSR.Quality:3]]
[2025.03.21-06.15.35:432][  0]LogConfig: Setting CVar [[r.SSR.HalfResSceneColor:0]]
[2025.03.21-06.15.35:432][  0]LogConfig: Setting CVar [[r.SceneColorFormat:4]]
[2025.03.21-06.15.35:432][  0]LogConfig: Setting CVar [[r.DetailMode:2]]
[2025.03.21-06.15.35:432][  0]LogConfig: Setting CVar [[r.TranslucencyVolumeBlur:1]]
[2025.03.21-06.15.35:432][  0]LogConfig: Setting CVar [[r.MaterialQualityLevel:1 ; High quality]]
[2025.03.21-06.15.35:432][  0]LogConfig: Setting CVar [[r.AnisotropicMaterials:1]]
[2025.03.21-06.15.35:432][  0]LogConfig: Setting CVar [[r.SSS.Scale:1]]
[2025.03.21-06.15.35:432][  0]LogConfig: Setting CVar [[r.SSS.SampleSet:2]]
[2025.03.21-06.15.35:432][  0]LogConfig: Setting CVar [[r.SSS.Quality:1]]
[2025.03.21-06.15.35:432][  0]LogConfig: Setting CVar [[r.SSS.HalfRes:0]]
[2025.03.21-06.15.35:432][  0]LogConfig: Setting CVar [[r.SSGI.Quality:3]]
[2025.03.21-06.15.35:432][  0]LogConfig: Setting CVar [[r.EmitterSpawnRateScale:1.0]]
[2025.03.21-06.15.35:432][  0]LogConfig: Setting CVar [[r.ParticleLightQuality:2]]
[2025.03.21-06.15.35:432][  0]LogConfig: Setting CVar [[r.SkyAtmosphere.AerialPerspectiveLUT.FastApplyOnOpaque:1 ; Always have FastSkyLUT 1 in this case to avoid wrong sky]]
[2025.03.21-06.15.35:432][  0]LogConfig: Setting CVar [[r.SkyAtmosphere.AerialPerspectiveLUT.SampleCountMaxPerSlice:4]]
[2025.03.21-06.15.35:432][  0]LogConfig: Setting CVar [[r.SkyAtmosphere.AerialPerspectiveLUT.DepthResolution:16.0]]
[2025.03.21-06.15.35:432][  0]LogConfig: Setting CVar [[r.SkyAtmosphere.FastSkyLUT:1]]
[2025.03.21-06.15.35:432][  0]LogConfig: Setting CVar [[r.SkyAtmosphere.FastSkyLUT.SampleCountMin:4.0]]
[2025.03.21-06.15.35:432][  0]LogConfig: Setting CVar [[r.SkyAtmosphere.FastSkyLUT.SampleCountMax:128.0]]
[2025.03.21-06.15.35:432][  0]LogConfig: Setting CVar [[r.SkyAtmosphere.SampleCountMin:4.0]]
[2025.03.21-06.15.35:432][  0]LogConfig: Setting CVar [[r.SkyAtmosphere.SampleCountMax:128.0]]
[2025.03.21-06.15.35:432][  0]LogConfig: Setting CVar [[r.SkyAtmosphere.TransmittanceLUT.UseSmallFormat:0]]
[2025.03.21-06.15.35:432][  0]LogConfig: Setting CVar [[r.SkyAtmosphere.TransmittanceLUT.SampleCount:10.0]]
[2025.03.21-06.15.35:433][  0]LogConfig: Setting CVar [[r.SkyAtmosphere.MultiScatteringLUT.SampleCount:15.0]]
[2025.03.21-06.15.35:433][  0]LogConfig: Setting CVar [[r.SkyLight.RealTimeReflectionCapture:1]]
[2025.03.21-06.15.35:433][  0]LogConfig: Applying CVar settings from Section [FoliageQuality@3] File [D:/project/UE/room_escape/Saved/Config/Windows/Scalability.ini]
[2025.03.21-06.15.35:433][  0]LogConfig: Setting CVar [[foliage.DensityScale:1.0]]
[2025.03.21-06.15.35:433][  0]LogConfig: Setting CVar [[grass.DensityScale:1.0]]
[2025.03.21-06.15.35:433][  0]LogConfig: Applying CVar settings from Section [ShadingQuality@3] File [D:/project/UE/room_escape/Saved/Config/Windows/Scalability.ini]
[2025.03.21-06.15.35:433][  0]LogConfig: Setting CVar [[r.HairStrands.SkyLighting.IntegrationType:2]]
[2025.03.21-06.15.35:433][  0]LogConfig: Setting CVar [[r.HairStrands.SkyAO.SampleCount:4]]
[2025.03.21-06.15.35:433][  0]LogConfig: Setting CVar [[r.HairStrands.Visibility.MSAA.SamplePerPixel:4]]
[2025.03.21-06.15.35:433][  0]LogInit: Selected Device Profile: [Windows]
[2025.03.21-06.15.35:433][  0]LogInit: Applying CVar settings loaded from the selected device profile: [Windows]
[2025.03.21-06.15.35:433][  0]LogHAL: Display: Platform has ~ 16 GB [16969424896 / 17179869184 / 16], which maps to Larger [LargestMinGB=32, LargerMinGB=12, DefaultMinGB=8, SmallerMinGB=6, SmallestMinGB=0)
[2025.03.21-06.15.35:433][  0]LogInit: Going up to parent DeviceProfile []
[2025.03.21-06.15.35:433][  0]LogConfig: Applying CVar settings from Section [ViewDistanceQuality@3] File [D:/project/UE/room_escape/Saved/Config/Windows/Scalability.ini]
[2025.03.21-06.15.35:433][  0]LogConfig: Setting CVar [[r.SkeletalMeshLODBias:0]]
[2025.03.21-06.15.35:433][  0]LogConfig: Setting CVar [[r.ViewDistanceScale:1.0]]
[2025.03.21-06.15.35:433][  0]LogConfig: Applying CVar settings from Section [AntiAliasingQuality@3] File [D:/project/UE/room_escape/Saved/Config/Windows/Scalability.ini]
[2025.03.21-06.15.35:433][  0]LogConfig: Setting CVar [[r.PostProcessAAQuality:4]]
[2025.03.21-06.15.35:433][  0]LogConfig: Applying CVar settings from Section [ShadowQuality@3] File [D:/project/UE/room_escape/Saved/Config/Windows/Scalability.ini]
[2025.03.21-06.15.35:433][  0]LogConfig: Setting CVar [[r.LightFunctionQuality:1]]
[2025.03.21-06.15.35:433][  0]LogConfig: Setting CVar [[r.ShadowQuality:5]]
[2025.03.21-06.15.35:433][  0]LogConfig: Setting CVar [[r.Shadow.CSM.MaxCascades:10]]
[2025.03.21-06.15.35:433][  0]LogConfig: Setting CVar [[r.Shadow.MaxResolution:2048]]
[2025.03.21-06.15.35:433][  0]LogConfig: Setting CVar [[r.Shadow.MaxCSMResolution:2048]]
[2025.03.21-06.15.35:433][  0]LogConfig: Setting CVar [[r.Shadow.RadiusThreshold:0.01]]
[2025.03.21-06.15.35:433][  0]LogConfig: Setting CVar [[r.Shadow.DistanceScale:1.0]]
[2025.03.21-06.15.35:433][  0]LogConfig: Setting CVar [[r.Shadow.CSM.TransitionScale:1.0]]
[2025.03.21-06.15.35:433][  0]LogConfig: Setting CVar [[r.Shadow.PreShadowResolutionFactor:1.0]]
[2025.03.21-06.15.35:433][  0]LogConfig: Setting CVar [[r.DistanceFieldShadowing:1]]
[2025.03.21-06.15.35:433][  0]LogConfig: Setting CVar [[r.DistanceFieldAO:1]]
[2025.03.21-06.15.35:433][  0]LogConfig: Setting CVar [[r.AOQuality:2]]
[2025.03.21-06.15.35:433][  0]LogConfig: Setting CVar [[r.VolumetricFog:1]]
[2025.03.21-06.15.35:433][  0]LogConfig: Setting CVar [[r.VolumetricFog.GridPixelSize:8]]
[2025.03.21-06.15.35:433][  0]LogConfig: Setting CVar [[r.VolumetricFog.GridSizeZ:128]]
[2025.03.21-06.15.35:433][  0]LogConfig: Setting CVar [[r.VolumetricFog.HistoryMissSupersampleCount:4]]
[2025.03.21-06.15.35:433][  0]LogConfig: Setting CVar [[r.LightMaxDrawDistanceScale:1]]
[2025.03.21-06.15.35:433][  0]LogConfig: Setting CVar [[r.CapsuleShadows:1]]
[2025.03.21-06.15.35:433][  0]LogConfig: Applying CVar settings from Section [PostProcessQuality@3] File [D:/project/UE/room_escape/Saved/Config/Windows/Scalability.ini]
[2025.03.21-06.15.35:433][  0]LogConfig: Setting CVar [[r.MotionBlurQuality:4]]
[2025.03.21-06.15.35:433][  0]LogConfig: Setting CVar [[r.AmbientOcclusionMipLevelFactor:0.4]]
[2025.03.21-06.15.35:433][  0]LogConfig: Setting CVar [[r.AmbientOcclusionMaxQuality:100]]
[2025.03.21-06.15.35:433][  0]LogConfig: Setting CVar [[r.AmbientOcclusionLevels:-1]]
[2025.03.21-06.15.35:433][  0]LogConfig: Setting CVar [[r.AmbientOcclusionRadiusScale:1.0]]
[2025.03.21-06.15.35:433][  0]LogConfig: Setting CVar [[r.DepthOfFieldQuality:2]]
[2025.03.21-06.15.35:433][  0]LogConfig: Setting CVar [[r.RenderTargetPoolMin:400]]
[2025.03.21-06.15.35:433][  0]LogConfig: Setting CVar [[r.LensFlareQuality:2]]
[2025.03.21-06.15.35:433][  0]LogConfig: Setting CVar [[r.SceneColorFringeQuality:1]]
[2025.03.21-06.15.35:433][  0]LogConfig: Setting CVar [[r.EyeAdaptationQuality:2]]
[2025.03.21-06.15.35:433][  0]LogConfig: Setting CVar [[r.BloomQuality:5]]
[2025.03.21-06.15.35:433][  0]LogConfig: Setting CVar [[r.FastBlurThreshold:100]]
[2025.03.21-06.15.35:433][  0]LogConfig: Setting CVar [[r.Upscale.Quality:3]]
[2025.03.21-06.15.35:433][  0]LogConfig: Setting CVar [[r.Tonemapper.GrainQuantization:1]]
[2025.03.21-06.15.35:433][  0]LogConfig: Setting CVar [[r.LightShaftQuality:1]]
[2025.03.21-06.15.35:433][  0]LogConfig: Setting CVar [[r.Filter.SizeScale:1]]
[2025.03.21-06.15.35:433][  0]LogConfig: Setting CVar [[r.Tonemapper.Quality:5]]
[2025.03.21-06.15.35:433][  0]LogConfig: Setting CVar [[r.DOF.Gather.AccumulatorQuality:1        ; higher gathering accumulator quality]]
[2025.03.21-06.15.35:433][  0]LogConfig: Setting CVar [[r.DOF.Gather.PostfilterMethod:1          ; Median3x3 postfilering method]]
[2025.03.21-06.15.35:433][  0]LogConfig: Setting CVar [[r.DOF.Gather.EnableBokehSettings:0       ; no bokeh simulation when gathering]]
[2025.03.21-06.15.35:433][  0]LogConfig: Setting CVar [[r.DOF.Gather.RingCount:4                 ; medium number of samples when gathering]]
[2025.03.21-06.15.35:433][  0]LogConfig: Setting CVar [[r.DOF.Scatter.ForegroundCompositing:1    ; additive foreground scattering]]
[2025.03.21-06.15.35:433][  0]LogConfig: Setting CVar [[r.DOF.Scatter.BackgroundCompositing:2    ; additive background scattering]]
[2025.03.21-06.15.35:433][  0]LogConfig: Setting CVar [[r.DOF.Scatter.EnableBokehSettings:1      ; bokeh simulation when scattering]]
[2025.03.21-06.15.35:433][  0]LogConfig: Setting CVar [[r.DOF.Scatter.MaxSpriteRatio:0.1         ; only a maximum of 10% of scattered bokeh]]
[2025.03.21-06.15.35:433][  0]LogConfig: Setting CVar [[r.DOF.Recombine.Quality:1                ; cheap slight out of focus]]
[2025.03.21-06.15.35:433][  0]LogConfig: Setting CVar [[r.DOF.Recombine.EnableBokehSettings:0    ; no bokeh simulation on slight out of focus]]
[2025.03.21-06.15.35:433][  0]LogConfig: Setting CVar [[r.DOF.TemporalAAQuality:1                ; more stable temporal accumulation]]
[2025.03.21-06.15.35:433][  0]LogConfig: Setting CVar [[r.DOF.Kernel.MaxForegroundRadius:0.025]]
[2025.03.21-06.15.35:433][  0]LogConfig: Setting CVar [[r.DOF.Kernel.MaxBackgroundRadius:0.025]]
[2025.03.21-06.15.35:433][  0]LogConfig: Applying CVar settings from Section [TextureQuality@3] File [D:/project/UE/room_escape/Saved/Config/Windows/Scalability.ini]
[2025.03.21-06.15.35:433][  0]LogConfig: Setting CVar [[r.Streaming.MipBias:0]]
[2025.03.21-06.15.35:433][  0]LogConfig: Setting CVar [[r.Streaming.AmortizeCPUToGPUCopy:0]]
[2025.03.21-06.15.35:433][  0]LogConfig: Setting CVar [[r.Streaming.MaxNumTexturesToStreamPerFrame:0]]
[2025.03.21-06.15.35:433][  0]LogConfig: Setting CVar [[r.Streaming.Boost:1]]
[2025.03.21-06.15.35:433][  0]LogConfig: Setting CVar [[r.MaxAnisotropy:8]]
[2025.03.21-06.15.35:433][  0]LogConfig: Setting CVar [[r.VT.MaxAnisotropy:8]]
[2025.03.21-06.15.35:433][  0]LogConfig: Setting CVar [[r.Streaming.LimitPoolSizeToVRAM:0]]
[2025.03.21-06.15.35:433][  0]LogConfig: Setting CVar [[r.Streaming.PoolSize:1000]]
[2025.03.21-06.15.35:433][  0]LogConfig: Setting CVar [[r.Streaming.MaxEffectiveScreenSize:0]]
[2025.03.21-06.15.35:433][  0]LogConfig: Applying CVar settings from Section [EffectsQuality@3] File [D:/project/UE/room_escape/Saved/Config/Windows/Scalability.ini]
[2025.03.21-06.15.35:433][  0]LogConfig: Setting CVar [[r.TranslucencyLightingVolumeDim:64]]
[2025.03.21-06.15.35:433][  0]LogConfig: Setting CVar [[r.RefractionQuality:2]]
[2025.03.21-06.15.35:433][  0]LogConfig: Setting CVar [[r.SSR.Quality:3]]
[2025.03.21-06.15.35:433][  0]LogConfig: Setting CVar [[r.SSR.HalfResSceneColor:0]]
[2025.03.21-06.15.35:433][  0]LogConfig: Setting CVar [[r.SceneColorFormat:4]]
[2025.03.21-06.15.35:433][  0]LogConfig: Setting CVar [[r.DetailMode:2]]
[2025.03.21-06.15.35:433][  0]LogConfig: Setting CVar [[r.TranslucencyVolumeBlur:1]]
[2025.03.21-06.15.35:433][  0]LogConfig: Setting CVar [[r.MaterialQualityLevel:1 ; High quality]]
[2025.03.21-06.15.35:433][  0]LogConfig: Setting CVar [[r.AnisotropicMaterials:1]]
[2025.03.21-06.15.35:433][  0]LogConfig: Setting CVar [[r.SSS.Scale:1]]
[2025.03.21-06.15.35:433][  0]LogConfig: Setting CVar [[r.SSS.SampleSet:2]]
[2025.03.21-06.15.35:433][  0]LogConfig: Setting CVar [[r.SSS.Quality:1]]
[2025.03.21-06.15.35:433][  0]LogConfig: Setting CVar [[r.SSS.HalfRes:0]]
[2025.03.21-06.15.35:433][  0]LogConfig: Setting CVar [[r.SSGI.Quality:3]]
[2025.03.21-06.15.35:433][  0]LogConfig: Setting CVar [[r.EmitterSpawnRateScale:1.0]]
[2025.03.21-06.15.35:433][  0]LogConfig: Setting CVar [[r.ParticleLightQuality:2]]
[2025.03.21-06.15.35:433][  0]LogConfig: Setting CVar [[r.SkyAtmosphere.AerialPerspectiveLUT.FastApplyOnOpaque:1 ; Always have FastSkyLUT 1 in this case to avoid wrong sky]]
[2025.03.21-06.15.35:433][  0]LogConfig: Setting CVar [[r.SkyAtmosphere.AerialPerspectiveLUT.SampleCountMaxPerSlice:4]]
[2025.03.21-06.15.35:433][  0]LogConfig: Setting CVar [[r.SkyAtmosphere.AerialPerspectiveLUT.DepthResolution:16.0]]
[2025.03.21-06.15.35:433][  0]LogConfig: Setting CVar [[r.SkyAtmosphere.FastSkyLUT:1]]
[2025.03.21-06.15.35:433][  0]LogConfig: Setting CVar [[r.SkyAtmosphere.FastSkyLUT.SampleCountMin:4.0]]
[2025.03.21-06.15.35:433][  0]LogConfig: Setting CVar [[r.SkyAtmosphere.FastSkyLUT.SampleCountMax:128.0]]
[2025.03.21-06.15.35:433][  0]LogConfig: Setting CVar [[r.SkyAtmosphere.SampleCountMin:4.0]]
[2025.03.21-06.15.35:433][  0]LogConfig: Setting CVar [[r.SkyAtmosphere.SampleCountMax:128.0]]
[2025.03.21-06.15.35:433][  0]LogConfig: Setting CVar [[r.SkyAtmosphere.TransmittanceLUT.UseSmallFormat:0]]
[2025.03.21-06.15.35:433][  0]LogConfig: Setting CVar [[r.SkyAtmosphere.TransmittanceLUT.SampleCount:10.0]]
[2025.03.21-06.15.35:433][  0]LogConfig: Setting CVar [[r.SkyAtmosphere.MultiScatteringLUT.SampleCount:15.0]]
[2025.03.21-06.15.35:433][  0]LogConfig: Setting CVar [[r.SkyLight.RealTimeReflectionCapture:1]]
[2025.03.21-06.15.35:433][  0]LogConfig: Applying CVar settings from Section [FoliageQuality@3] File [D:/project/UE/room_escape/Saved/Config/Windows/Scalability.ini]
[2025.03.21-06.15.35:433][  0]LogConfig: Setting CVar [[foliage.DensityScale:1.0]]
[2025.03.21-06.15.35:433][  0]LogConfig: Setting CVar [[grass.DensityScale:1.0]]
[2025.03.21-06.15.35:433][  0]LogConfig: Applying CVar settings from Section [ShadingQuality@3] File [D:/project/UE/room_escape/Saved/Config/Windows/Scalability.ini]
[2025.03.21-06.15.35:433][  0]LogConfig: Setting CVar [[r.HairStrands.SkyLighting.IntegrationType:2]]
[2025.03.21-06.15.35:433][  0]LogConfig: Setting CVar [[r.HairStrands.SkyAO.SampleCount:4]]
[2025.03.21-06.15.35:433][  0]LogConfig: Setting CVar [[r.HairStrands.Visibility.MSAA.SamplePerPixel:4]]
[2025.03.21-06.15.35:435][  0]LogConfig: Applying CVar settings from Section [Startup] File [../../../Engine/Config/ConsoleVariables.ini]
[2025.03.21-06.15.35:451][  0]LogConfig: Setting CVar [[net.UseAdaptiveNetUpdateFrequency:0]]
[2025.03.21-06.15.35:451][  0]LogConfig: Setting CVar [[p.chaos.AllowCreatePhysxBodies:1]]
[2025.03.21-06.15.35:451][  0]LogConfig: Setting CVar [[fx.SkipVectorVMBackendOptimizations:1]]
[2025.03.21-06.15.35:451][  0]LogConfig: Applying CVar settings from Section [ConsoleVariables] File [D:/project/UE/room_escape/Saved/Config/Windows/Engine.ini]
[2025.03.21-06.15.35:451][  0]LogConfig: Applying CVar settings from Section [ConsoleVariables] File [D:/project/UE/room_escape/Saved/Config/Windows/Editor.ini]
[2025.03.21-06.15.35:451][  0]LogInit: Computer: 一介白衣
[2025.03.21-06.15.35:451][  0]LogInit: User: yjby
[2025.03.21-06.15.35:451][  0]LogInit: CPU Page size=4096, Cores=4
[2025.03.21-06.15.35:451][  0]LogInit: High frequency timer resolution =10.000000 MHz
[2025.03.21-06.15.35:451][  0]LogMemory: Memory total: Physical=15.8GB (16GB approx)
[2025.03.21-06.15.35:451][  0]LogMemory: Platform Memory Stats for Windows
[2025.03.21-06.15.35:451][  0]LogMemory: Process Physical Memory: 142.59 MB used, 142.59 MB peak
[2025.03.21-06.15.35:451][  0]LogMemory: Process Virtual Memory: 126.79 MB used, 126.79 MB peak
[2025.03.21-06.15.35:451][  0]LogMemory: Physical Memory: 14611.17 MB used,  1572.14 MB free, 16183.30 MB total
[2025.03.21-06.15.35:452][  0]LogMemory: Virtual Memory: 134207440.00 MB used,  10290.56 MB free, 134217728.00 MB total
[2025.03.21-06.15.35:464][  0]LogWindows: WindowsPlatformFeatures enabled
[2025.03.21-06.15.35:520][  0]LogInit: Physics initialised using underlying interface: PhysX
[2025.03.21-06.15.35:520][  0]LogInit: Using OS detected language (zh-CN).
[2025.03.21-06.15.35:520][  0]LogInit: Using OS detected locale (zh-CN).
[2025.03.21-06.15.35:533][  0]LogTextLocalizationManager: No specific localization for 'zh-CN' exists, so the 'zh-Hans' localization will be used.
[2025.03.21-06.15.36:153][  0]LogTextLocalizationResource: LocRes '../../../Engine/Content/Localization/Editor/zh/Editor.locres' could not be opened for reading!
[2025.03.21-06.15.36:153][  0]LogTextLocalizationResource: LocRes '../../../Engine/Content/Localization/EditorTutorials/zh/EditorTutorials.locres' could not be opened for reading!
[2025.03.21-06.15.36:153][  0]LogTextLocalizationResource: LocRes '../../../Engine/Content/Localization/Keywords/zh/Keywords.locres' could not be opened for reading!
[2025.03.21-06.15.36:153][  0]LogTextLocalizationResource: LocRes '../../../Engine/Content/Localization/Category/zh/Category.locres' could not be opened for reading!
[2025.03.21-06.15.36:153][  0]LogTextLocalizationResource: LocRes '../../../Engine/Content/Localization/ToolTips/zh/ToolTips.locres' could not be opened for reading!
[2025.03.21-06.15.36:153][  0]LogTextLocalizationResource: LocRes '../../../Engine/Content/Localization/PropertyNames/zh/PropertyNames.locres' could not be opened for reading!
[2025.03.21-06.15.36:153][  0]LogTextLocalizationResource: LocRes '../../../Engine/Content/Localization/Engine/zh/Engine.locres' could not be opened for reading!
[2025.03.21-06.15.36:153][  0]LogTextLocalizationResource: LocRes '../../../Engine/Plugins/Online/OnlineSubsystem/Content/Localization/OnlineSubsystem/zh/OnlineSubsystem.locres' could not be opened for reading!
[2025.03.21-06.15.36:153][  0]LogTextLocalizationResource: LocRes '../../../Engine/Plugins/Online/OnlineSubsystemUtils/Content/Localization/OnlineSubsystemUtils/zh/OnlineSubsystemUtils.locres' could not be opened for reading!
[2025.03.21-06.15.36:155][  0]LogTextLocalizationResource: LocRes '../../../Engine/Plugins/Online/IOS/OnlineSubsystemIOS/Content/Localization/OnlineSubsystemIOS/zh/OnlineSubsystemIOS.locres' could not be opened for reading!
[2025.03.21-06.15.36:155][  0]LogTextLocalizationResource: LocRes '../../../Engine/Plugins/Online/Android/OnlineSubsystemGooglePlay/Content/Localization/OnlineSubsystemGooglePlay/zh/OnlineSubsystemGooglePlay.locres' could not be opened for reading!
[2025.03.21-06.15.36:500][  0]LogWindowsTextInputMethodSystem: Display: IME system deactivated.
[2025.03.21-06.15.36:824][  0]LogSlate: New Slate User Created.  User Index 0, Is Virtual User: 0
[2025.03.21-06.15.36:825][  0]LogSlate: Slate User Registered.  User Index 0, Is Virtual User: 0
[2025.03.21-06.15.36:891][  0]LogD3D11RHI: Loaded GFSDK_Aftermath_Lib.x64.dll
[2025.03.21-06.15.36:900][  0]LogHMD: Failed to initialize OpenVR with code 110
[2025.03.21-06.15.36:900][  0]LogD3D11RHI: D3D11 min allowed feature level: 11_0
[2025.03.21-06.15.36:900][  0]LogD3D11RHI: D3D11 max allowed feature level: 11_0
[2025.03.21-06.15.36:900][  0]LogD3D11RHI: D3D11 adapters:
[2025.03.21-06.15.37:097][  0]LogD3D11RHI:    0. 'Intel(R) Iris(R) Xe Graphics' (Feature Level 11_0)
[2025.03.21-06.15.37:097][  0]LogD3D11RHI:       128/0/8091 MB DedicatedVideo/DedicatedSystem/SharedSystem, Outputs:2, VendorId:0x8086
[2025.03.21-06.15.37:102][  0]LogD3D11RHI:    1. 'Microsoft Basic Render Driver' (Feature Level 11_0)
[2025.03.21-06.15.37:102][  0]LogD3D11RHI:       0/0/8091 MB DedicatedVideo/DedicatedSystem/SharedSystem, Outputs:0, VendorId:0x1414
[2025.03.21-06.15.37:271][  0]LogD3D11RHI:    2. 'Intel(R) Iris(R) Xe Graphics' (Feature Level 11_0)
[2025.03.21-06.15.37:271][  0]LogD3D11RHI:       128/0/8091 MB DedicatedVideo/DedicatedSystem/SharedSystem, Outputs:0, VendorId:0x8086
[2025.03.21-06.15.37:271][  0]LogD3D11RHI: Chosen D3D11 Adapter:
[2025.03.21-06.15.37:271][  0]LogD3D11RHI:     Description : Intel(R) Iris(R) Xe Graphics
[2025.03.21-06.15.37:271][  0]LogD3D11RHI:     VendorId    : 8086
[2025.03.21-06.15.37:271][  0]LogD3D11RHI:     DeviceId    : 9a49
[2025.03.21-06.15.37:271][  0]LogD3D11RHI:     SubSysId    : 1307152d
[2025.03.21-06.15.37:271][  0]LogD3D11RHI:     Revision    : 0001
[2025.03.21-06.15.37:271][  0]LogD3D11RHI:     DedicatedVideoMemory : 134217728 bytes
[2025.03.21-06.15.37:271][  0]LogD3D11RHI:     DedicatedSystemMemory : 0 bytes
[2025.03.21-06.15.37:271][  0]LogD3D11RHI:     SharedSystemMemory : 8484712448 bytes
[2025.03.21-06.15.37:271][  0]LogD3D11RHI:     AdapterLuid : 0 54700
[2025.03.21-06.15.37:286][  0]LogD3D11RHI: Creating new Direct3DDevice
[2025.03.21-06.15.37:286][  0]LogD3D11RHI:     GPU DeviceId: 0x9a49 (for the marketing name, search the web for "GPU Device Id")
[2025.03.21-06.15.37:286][  0]LogWindows: EnumDisplayDevices:
[2025.03.21-06.15.37:286][  0]LogWindows:    0. 'Intel(R) Iris(R) Xe Graphics' (P:1 D:1)
[2025.03.21-06.15.37:286][  0]LogWindows:    1. 'Intel(R) Iris(R) Xe Graphics' (P:0 D:1)
[2025.03.21-06.15.37:287][  0]LogWindows:    2. 'Intel(R) Iris(R) Xe Graphics' (P:0 D:0)
[2025.03.21-06.15.37:287][  0]LogWindows:    3. 'Intel(R) Iris(R) Xe Graphics' (P:0 D:0)
[2025.03.21-06.15.37:288][  0]LogWindows:    4. 'Virtual Display Device' (P:0 D:0)
[2025.03.21-06.15.37:288][  0]LogWindows: DebugString: GetVideoDriverDetailsInvalid PrimaryIsNotTheChoosenAdapter FoundDriverCount:4 
[2025.03.21-06.15.37:288][  0]LogD3D11RHI:     Adapter Name: Intel(R) Iris(R) Xe Graphics
[2025.03.21-06.15.37:288][  0]LogD3D11RHI:   Driver Version: 32.0.101.6325 (internal:32.0.101.6325, unified:32.0.101.6325)
[2025.03.21-06.15.37:288][  0]LogD3D11RHI:      Driver Date: 12-10-2024
[2025.03.21-06.15.37:288][  0]LogRHI: Texture pool is 1523 MB (70% of 2176 MB)
[2025.03.21-06.15.37:341][  0]LogD3D11RHI: Creating D3DDevice using adapter:
[2025.03.21-06.15.37:341][  0]LogD3D11RHI:     Description : Intel(R) Iris(R) Xe Graphics
[2025.03.21-06.15.37:341][  0]LogD3D11RHI:     VendorId    : 8086
[2025.03.21-06.15.37:341][  0]LogD3D11RHI:     DeviceId    : 9a49
[2025.03.21-06.15.37:341][  0]LogD3D11RHI:     SubSysId    : 1307152d
[2025.03.21-06.15.37:341][  0]LogD3D11RHI:     Revision    : 0001
[2025.03.21-06.15.37:341][  0]LogD3D11RHI:     DedicatedVideoMemory : 134217728 bytes
[2025.03.21-06.15.37:341][  0]LogD3D11RHI:     DedicatedSystemMemory : 0 bytes
[2025.03.21-06.15.37:341][  0]LogD3D11RHI:     SharedSystemMemory : 8484712448 bytes
[2025.03.21-06.15.37:341][  0]LogD3D11RHI:     AdapterLuid : 0 54700
[2025.03.21-06.15.37:490][  0]LogD3D11RHI: RHI does not have support for 64 bit atomics
[2025.03.21-06.15.37:520][  0]LogD3D11RHI: Intel Extensions support version Full=16777216, Major=1, Minor=0, Revision=0
[2025.03.21-06.15.37:520][  0]LogD3D11RHI: Intel Extensions support version Full=16777217, Major=1, Minor=0, Revision=1
[2025.03.21-06.15.37:521][  0]LogD3D11RHI: Intel Extensions Framework enabled
[2025.03.21-06.15.37:522][  0]LogD3D11RHI: [IntelMetricsDiscovery] Started
[2025.03.21-06.15.37:522][  0]LogD3D11RHI: Async texture creation enabled
[2025.03.21-06.15.37:522][  0]LogD3D11RHI: Array index from any shader is supported
[2025.03.21-06.15.37:546][  0]LogD3D11RHI: GPU Timing Frequency: 19.200000 (Debug: 2 0)
[2025.03.21-06.15.39:868][  0]LogTargetPlatformManager: Display: Loaded TargetPlatform 'WindowsNoEditor'
[2025.03.21-06.15.39:881][  0]LogTargetPlatformManager: Display: Loaded TargetPlatform 'Windows'
[2025.03.21-06.15.39:895][  0]LogTargetPlatformManager: Display: Loaded TargetPlatform 'WindowsClient'
[2025.03.21-06.15.39:908][  0]LogTargetPlatformManager: Display: Loaded TargetPlatform 'WindowsServer'
[2025.03.21-06.15.39:908][  0]LogTargetPlatformManager: Display: Building Assets For Windows
[2025.03.21-06.15.39:935][  0]LogAudioDebug: Display: Lib vorbis DLL was dynamically loaded.
[2025.03.21-06.15.40:034][  0]LogTextureFormatOodle: Display: Oodle Texture 2.9.0 init RDO Off
[2025.03.21-06.15.40:122][  0]LogRendererCore: Ray tracing is disabled. Reason: r.RayTracing=0.
[2025.03.21-06.15.40:123][  0]LogShaderCompilers: Guid format shader working directory is 5 characters bigger than the processId version (../../../../../../project/UE/room_escape/Intermediate/Shaders/WorkingDirectory/7896/).
[2025.03.21-06.15.40:123][  0]LogShaderCompilers: Cleaned the shader compiler working directory 'C:/Users/yjby/AppData/Local/Temp/UnrealShaderWorkingDir/A54EB9ED4E3F1AE87FC3AABAE2C0EAA3/'.
[2025.03.21-06.15.40:123][  0]LogXGEController: Cannot use XGE Controller as Incredibuild is not installed on this machine.
[2025.03.21-06.15.40:124][  0]LogShaderCompilers: Cannot use XGE Shader Compiler as Incredibuild is not installed on this machine.
[2025.03.21-06.15.40:124][  0]LogShaderCompilers: Display: Using Local Shader Compiler.
[2025.03.21-06.15.52:360][  0]LogDerivedDataCache: Display: Max Cache Size: 512 MB
[2025.03.21-06.15.52:556][  0]LogDerivedDataCache: Loaded boot cache 0.20s 94MB C:/Users/yjby/AppData/Local/UnrealEngine/4.27/DerivedDataCache/Boot.ddc.
[2025.03.21-06.15.52:556][  0]LogDerivedDataCache: Display: Loaded Boot cache: C:/Users/yjby/AppData/Local/UnrealEngine/4.27/DerivedDataCache/Boot.ddc
[2025.03.21-06.15.52:556][  0]LogDerivedDataCache: FDerivedDataBackendGraph:  Pak pak cache file ../../../../../../project/UE/room_escape/DerivedDataCache/DDC.ddp not found, will not use a pak cache.
[2025.03.21-06.15.52:556][  0]LogDerivedDataCache: Unable to find inner node Pak for hierarchical cache Hierarchy.
[2025.03.21-06.15.52:556][  0]LogDerivedDataCache: FDerivedDataBackendGraph:  CompressedPak pak cache file ../../../../../../project/UE/room_escape/DerivedDataCache/Compressed.ddp not found, will not use a pak cache.
[2025.03.21-06.15.52:556][  0]LogDerivedDataCache: Unable to find inner node CompressedPak for hierarchical cache Hierarchy.
[2025.03.21-06.15.52:592][  0]LogDerivedDataCache: Display: Pak cache opened for reading ../../../Engine/DerivedDataCache/Compressed.ddp.
[2025.03.21-06.15.52:592][  0]LogDerivedDataCache: FDerivedDataBackendGraph:  EnterprisePak pak cache file ../../../Enterprise/DerivedDataCache/Compressed.ddp not found, will not use a pak cache.
[2025.03.21-06.15.52:592][  0]LogDerivedDataCache: Unable to find inner node EnterprisePak for hierarchical cache Hierarchy.
[2025.03.21-06.15.52:626][  0]LogDerivedDataCache: Speed tests for C:/Users/yjby/AppData/Local/UnrealEngine/Common/DerivedDataCache took 0.03 seconds
[2025.03.21-06.15.52:626][  0]LogDerivedDataCache: Display: Performance to C:/Users/yjby/AppData/Local/UnrealEngine/Common/DerivedDataCache: Latency=0.09ms. RandomReadSpeed=164.55MBs, RandomWriteSpeed=35.79MBs. Assigned SpeedClass 'Local'
[2025.03.21-06.15.52:643][  0]LogDerivedDataCache: Using Local data cache path C:/Users/yjby/AppData/Local/UnrealEngine/Common/DerivedDataCache: Writable
[2025.03.21-06.15.52:643][  0]LogDerivedDataCache: Shared data cache path not found in *engine.ini, will not use an Shared cache.
[2025.03.21-06.15.52:644][  0]LogDerivedDataCache: Unable to find inner node Shared for hierarchical cache Hierarchy.
[2025.03.21-06.15.52:724][  0]LogSlate: Using FreeType 2.10.0
[2025.03.21-06.15.52:764][  0]LogSlate: SlateFontServices - WITH_FREETYPE: 1, WITH_HARFBUZZ: 1
[2025.03.21-06.15.53:705][  0]LogInit: Using OS detected language (zh-CN).
[2025.03.21-06.15.53:705][  0]LogInit: Using OS detected locale (zh-CN).
[2025.03.21-06.15.53:705][  0]LogTextLocalizationManager: No localization for 'zh-CN' exists, so 'en' will be used for the language.
[2025.03.21-06.15.53:705][  0]LogTextLocalizationManager: No localization for 'zh-CN' exists, so 'en' will be used for the locale.
[2025.03.21-06.15.53:706][  0]LogSlate: FontCache flush requested. Reason: Culture for localization was changed
[2025.03.21-06.15.53:706][  0]LogSlate: FontCache flush requested. Reason: Culture for localization was changed
[2025.03.21-06.15.53:712][  0]LogAssetRegistry: FAssetRegistry took 0.0036 seconds to start up
[2025.03.21-06.15.54:099][  0]LogTextLocalizationManager: Compacting localization data took   0.02ms
[2025.03.21-06.15.54:099][  0]LogPackageLocalizationCache: Processed 27 localized package path(s) for 1 prioritized culture(s) in 0.002460 seconds
[2025.03.21-06.15.54:247][  0]LogInit: Selected Device Profile: [Windows]
[2025.03.21-06.15.54:247][  0]LogInit: Active device profile: [000001FFDB15AD00][000001FFD43415C0 49] Windows
[2025.03.21-06.15.54:248][  0]LogInit: Profiles: [000001FFDB15AD00][000001FFD43415C0 49] Windows, [000001FFDB0F9500][000001FFD433D700 49] WindowsNoEditor, [000001FFDB15A300][000001FFD4345840 49] WindowsServer, [000001FFDB0F9E00][000001FFD3E579C0 49] WindowsClient, [000001FFDB158C00][000001FFD3E5BB40 49] IOS, [000001FFDB0FB600][000001FFD3E5E140 49] iPadAir, [000001FFDB158800][000001FFD3E622C0 49] iPadAir2, [000001FFDB0A9000][000001FFD3E6A580 49] IPadPro, [000001FFDB0A9100][000001FFD3E665C0 49] iPadAir3, [000001FFDB0F8200][000001FFD3E6E740 49] iPadAir4, [000001FFDB0A9E00][000001FFD3E728C0 49] iPadMini2, [000001FFDB0FB700][000001FFD3E76A40 49] iPadMini3, [000001FFDB0AA900][000001FFD3E7ABC0 49] iPadMini4, [000001FFDB0FB200][000001FFD3E7ED40 49] iPadMini5, [000001FFDB0C4800][000001FFD3E87000 49] iPhone6, [000001FFDB0C4900][000001FFD3E83040 49] iPodTouch6, [000001FFDB159800][000001FFD3E8F300 49] iPhone7, [000001FFDB15B800][000001FFD3E8B340 49] iPodTouch7, [000001FFDB0C4300][000001FFD3E934C0 49] iPhone5S, [000001FFDB0A9C00][000001FFD3E97640 49] iPhone6Plus, [000001FFDB0C7900][000001FFD4349780 49] iPhone6S, [000001FFDB0A9500][000001FFD3E9B8C0 49] iPhone6SPlus, [000001FFDB0C7200][000001FFD3E9FA00 49] iPhone7Plus, [000001FFDB0AAC00][000001FFDAA59B40 49] iPhoneSE, [000001FFDB0C5D00][000001FFDAA60140 49] iPhone8, [000001FFDB0A9900][000001FFDAA642C0 49] iPhone8Plus, [000001FFDB0C5900][000001FFDAA68440 49] iPhoneX, [000001FFDB0AA600][000001FFDAA6C5C0 49] iPhoneXS, [000001FFDB159700][000001FFDAA70740 49] iPhoneXSMax, [000001FFDB0AA200][000001FFDAA748C0 49] iPhoneXR, [000001FFDB15B700][000001FFDAA78A40 49] iPhone11, [000001FFDB0A8F00][000001FFDAA7CBC0 49] iPhone11Pro, [000001FFDB158600][000001FFDAA80D40 49] iPhone11ProMax, [000001FFDB0ABE00][000001FFDAA84EC0 49] iPhoneSE2, [000001FFDB159B00][000001FFDAA89040 49] iPhone12Mini, [000001FFDB0AA400][000001FFDAA8D1C0 49] iPhone12, [000001FFDB159F00][000001FFDAA91340 49] iPhone12Pro, [000001FFDB0A9200][000001FFDAA954C0 49] iPhone12ProMax, [000001FFDB15AB00][000001FFDAA99640 49] iPadPro105, [000001FFDB0ABC00][000001FFDAA9D7C0 49] iPadPro129, [000001FFDB158900][000001FFDAA5D900 49] iPadPro97, [000001FFDB0AAD00][000001FFDAAA1A40 49] iPadPro2_129, [000001FFDB158500][000001FFDAAA5B80 49] iPad5, [000001FFDB0A9400][000001FFDAAA8140 49] iPad6, [000001FFDB159300][000001FFDAAB02C0 49] iPad7, [000001FFDB0AAE00][000001FFDAAB4440 49] iPad8, [000001FFDB158B00][000001FFDAAB85C0 49] iPadPro11, [000001FFDB0AB000][000001FFDAABC740 49] iPadPro2_11, [000001FFDB159900][000001FFDAAC08C0 49] iPadPro3_129, [000001FFDB0AA500][000001FFDAAC4A40 49] iPadPro4_129, [000001FFDB159500][000001FFDAAC8BC0 49] AppleTV, [000001FFDB0A9D00][000001FFDAACCD40 49] AppleTV4K, [000001FFDB159D00][000001FFDAAD0EC0 49] TVOS, [000001FFDB0A9F00][000001FFDAAD5040 49] Mac, [000001FFDB15B400][000001FFDAAD91C0 49] MacClient, [000001FFDB0AB700][000001FFDAADD340 49] MacNoEditor, [000001FFDB159100][000001FFDAAE14C0 49] MacServer, [000001FFDB0A8C00][000001FFDAAE5640 49] Linux, [000001FFDB158E00][000001FFDAAE97C0 49] LinuxAArch64, [000001FFDB0A9A00][000001FFDAAED940 49] LinuxNoEditor, [000001FFDB158A00][000001FFDAAF1AC0 49] LinuxAArch64NoEditor, [000001FFDB0AB900][000001FFDAAADC00 49] LinuxClient, [000001FFDB158400][000001FFDAAF41C0 49] LinuxAArch64Client, [000001FFDB0ABA00][000001FFDAAF8300 49] LinuxServer, [000001FFDB159400][000001FFDAB00480 49] LinuxAArch64Server, [000001FFDB0ABB00][000001FFDAB04600 49] Android, [000001FFDB15A800][000001FFDAB08780 49] Android_Low, [000001FFDB0A9800][000001FFDAB0C900 49] Android_Mid, [000001FFDB15A600][000001FFDAB10A80 49] Android_High, [000001FFDB0ABF00][000001FFDAB14C00 49] Android_Default, [000001FFDB159000][000001FFDAB18D80 49] Android_Adreno4xx, [000001FFDB0F9800][000001FFDAB1CF00 49] Android_Adreno5xx_Low, [000001FFDB0C7600][000001FFDAB21080 49] Android_Adreno5xx, [000001FFDB0FBE00][000001FFDAB25200 49] Android_Adreno6xx, [000001FFDB0C6400][000001FFDAB29380 49] Android_Adreno6xx_Vulkan, [000001FFDB0FAB00][000001FFDAB2D500 49] Android_Mali_T6xx, [000001FFDB0C4A00][000001FFDAB31680 49] Android_Mali_T7xx, [000001FFDB0FB500][000001FFDAB35800 49] Android_Mali_T8xx, [000001FFDB0C7E00][000001FFDAB39980 49] Android_Mali_G71, [000001FFDB0F8C00][000001FFDAB3DB00 49] Android_Mali_G72, [000001FFDB0C5100][000001FFDAB40100 49] Android_Mali_G72_Vulkan, [000001FFDB0F9200][000001FFDAAFC240 49] Android_Mali_G76, [000001FFDB0C7B00][000001FFDAB44380 49] Android_Mali_G76_Vulkan, [000001FFDB0F8400][000001FFDAB484C0 49] Android_Mali_G77, [000001FFDB0C7C00][000001FFD3BC6640 49] Android_Mali_G77_Vulkan, [000001FFDB0FAE00][000001FFD3BCA7C0 49] Android_Mali_G78, [000001FFDB0C5A00][000001FFD3BCE940 49] Android_Mali_G78_Vulkan, [000001FFDB0FAF00][000001FFD3BD2AC0 49] Android_Mali_G710, [000001FFDB0C6C00][000001FFD3BD6C40 49] Android_Mali_G710_Vulkan, [000001FFDB0FBB00][000001FFD3BDADC0 49] Android_Vulkan_SM5, [000001FFDB0C6900][000001FFD3BDEF40 49] Android_PowerVR_G6xxx, [000001FFDB0F9C00][000001FFD3BE30C0 49] Android_PowerVR_GT7xxx, [000001FFDB0C5600][000001FFD3BE7240 49] Android_PowerVR_GE8xxx, [000001FFDB0F9700][000001FFCE9013C0 49] Android_PowerVR_GM9xxx, [000001FFDB0C4B00][000001FFCE905540 49] Android_PowerVR_GM9xxx_Vulkan, [000001FFDB0FB100][000001FFCE9096C0 49] Android_TegraK1, [000001FFDB0C4F00][000001FFCE90D840 49] Android_Unknown_Vulkan, [000001FFDB0FA700][000001FFCE9119C0 49] Lumin, [000001FFDB0C5400][000001FFCE915B40 49] Lumin_Desktop, [000001FFDB0F8600][000001FFCE918140 49] HoloLens, 
[2025.03.21-06.15.54:370][  0]LogMeshReduction: Using QuadricMeshReduction for automatic static mesh reduction
[2025.03.21-06.15.54:371][  0]LogMeshReduction: Using SimplygonMeshReduction for automatic skeletal mesh reduction
[2025.03.21-06.15.54:371][  0]LogMeshReduction: Using ProxyLODMeshReduction for automatic mesh merging
[2025.03.21-06.15.54:371][  0]LogMeshReduction: No distributed automatic mesh merging module available
[2025.03.21-06.15.54:371][  0]LogMeshMerging: No distributed automatic mesh merging module available
[2025.03.21-06.15.54:670][  0]LogNetVersion: room_escape 1.0.0, NetCL: 17155196, EngineNetVer: 17, GameNetVer: 0 (Checksum: 143463569)
[2025.03.21-06.15.56:402][  0]LogTexture: Default maximum texture size for cubemaps generated from long-lat sources has been changed from 512 to unlimited. In order to preserve old behaiour for '/Engine/MapTemplates/Sky/DaylightAmbientCubemap.DaylightAmbientCubemap', its maximum texture size has been explicitly set to 512.
[2025.03.21-06.15.56:575][  0]LogHMD: PokeAHoleMaterial loaded successfully
[2025.03.21-06.15.56:916][  0]LogMoviePlayer: Initializing movie player
[2025.03.21-06.15.57:144][  0]LogNiagaraDebuggerClient: Niagara Debugger Client Initialized | Session: 4809FD04443ACD9009A3919BC1FD0D47 | Instance: FBF3806B4F98C23D560851A1246B4B16 (一介白衣-7896).
[2025.03.21-06.15.57:187][  0]LogCollectionManager: Loaded 0 collections in 0.000869 seconds
[2025.03.21-06.15.57:192][  0]LogFileCache: Scanning file cache for directory 'D:/project/UE/room_escape/Saved/Collections/' took 0.00s
[2025.03.21-06.15.57:192][  0]LogFileCache: Scanning file cache for directory 'D:/project/UE/room_escape/Content/Developers/yjby/Collections/' took 0.00s
[2025.03.21-06.15.57:192][  0]LogFileCache: Scanning file cache for directory 'D:/project/UE/room_escape/Content/Collections/' took 0.00s
[2025.03.21-06.15.57:192][  0]LogCollectionManager: Fixed up redirectors for 0 collections in 0.000005 seconds (updated 0 objects)
[2025.03.21-06.15.57:376][  0]LogTcpMessaging: Initializing TcpMessaging bridge
[2025.03.21-06.15.57:386][  0]LogUdpMessaging: Initializing bridge on interface 0.0.0.0:0 to multicast group 230.0.0.1:6666.
[2025.03.21-06.15.57:667][  0]LogPython: Using Python 3.7.7
[2025.03.21-06.15.59:417][  0]SourceControl: Source control is disabled
[2025.03.21-06.15.59:417][  0]SourceControl: Source control is disabled
[2025.03.21-06.15.59:424][  0]SourceControl: Source control is disabled
[2025.03.21-06.15.59:447][  0]LogUProjectInfo: Found projects:
[2025.03.21-06.15.59:528][  0]LogAndroidPermission: UAndroidPermissionCallbackProxy::GetInstance
[2025.03.21-06.15.59:565][  0]LogAudioCaptureCore: Display: No Audio Capture implementations found. Audio input will be silent.
[2025.03.21-06.15.59:565][  0]LogAudioCaptureCore: Display: No Audio Capture implementations found. Audio input will be silent.
[2025.03.21-06.15.59:855][  0]LogOpenImageDenoise: OIDN starting up
[2025.03.21-06.15.59:892][  0]LogOcInput: OculusInput pre-init called
[2025.03.21-06.15.59:906][  0]LogUObjectArray: 22121 objects as part of root set at end of initial load.
[2025.03.21-06.15.59:906][  0]LogUObjectAllocator: 5975632 out of 0 bytes used by permanent object pool.
[2025.03.21-06.15.59:906][  0]LogUObjectArray: CloseDisregardForGC: 0/0 objects in disregard for GC pool
[2025.03.21-06.16.00:013][  0]LogEngine: Initializing Engine...
[2025.03.21-06.16.00:021][  0]LogHMD: Failed to enumerate extensions. Please check that you have a valid OpenXR runtime installed.
[2025.03.21-06.16.00:022][  0]LogHMD: Failed to initialize OpenVR with code 110
[2025.03.21-06.16.00:022][  0]LogMagicLeap: Warning: VR disabled because ZI is not enabled.  To enable, in the editor, Edit -> Project Settings -> Plugins -> Magic Leap Plugin -> Enable Zero Iteration
[2025.03.21-06.16.00:025][  0]LogStats: UGameplayTagsManager::InitializeManager -  0.000 s
[2025.03.21-06.16.00:231][  0]LogInit: Initializing FReadOnlyCVARCache
[2025.03.21-06.16.00:231][  0]LogAudio: Display: Initializing Audio Device Manager...
[2025.03.21-06.16.00:242][  0]LogAudio: Display: Loading Default Audio Settings Objects...
[2025.03.21-06.16.00:244][  0]LogAudio: Display: No default SoundConcurrencyObject specified (or failed to load).
[2025.03.21-06.16.00:245][  0]LogAudio: Display: Audio Device Manager Initialized
[2025.03.21-06.16.00:245][  0]LogAudio: Display: Creating Audio Device:                 Id: 1, Scope: Shared, Realtime: True
[2025.03.21-06.16.00:245][  0]LogAudioMixer: Display: Audio Mixer Platform Settings:
[2025.03.21-06.16.00:245][  0]LogAudioMixer: Display: 	Sample Rate:						  48000
[2025.03.21-06.16.00:245][  0]LogAudioMixer: Display: 	Callback Buffer Frame Size Requested: 1024
[2025.03.21-06.16.00:245][  0]LogAudioMixer: Display: 	Callback Buffer Frame Size To Use:	  1024
[2025.03.21-06.16.00:245][  0]LogAudioMixer: Display: 	Number of buffers to queue:			  2
[2025.03.21-06.16.00:245][  0]LogAudioMixer: Display: 	Max Channels (voices):				  32
[2025.03.21-06.16.00:245][  0]LogAudioMixer: Display: 	Number of Async Source Workers:		  0
[2025.03.21-06.16.00:245][  0]LogAudio: Display: AudioDevice MaxSources: 32
[2025.03.21-06.16.00:249][  0]LogAudio: Display: Audio Spatialization Plugin: None (built-in).
[2025.03.21-06.16.00:249][  0]LogAudio: Display: Audio Reverb Plugin: None (built-in).
[2025.03.21-06.16.00:249][  0]LogAudio: Display: Audio Occlusion Plugin: None (built-in).
[2025.03.21-06.16.00:250][  0]LogAudioMixer: Display: Initializing audio mixer.
[2025.03.21-06.16.00:279][  0]LogAudioMixer: Display: 0: FrontLeft
[2025.03.21-06.16.00:279][  0]LogAudioMixer: Display: 1: FrontRight
[2025.03.21-06.16.00:383][  0]LogAudioMixer: Display: Using Audio Device 扬声器 (适用于 I2S 音频的英特尔® 智音技术)
[2025.03.21-06.16.00:395][  0]LogAudioMixer: Display: Initializing Sound Submixes...
[2025.03.21-06.16.00:399][  0]LogAudioMixer: Display: Creating Master Submix 'MasterSubmixDefault'
[2025.03.21-06.16.00:399][  0]LogAudioMixer: Display: Creating Master Submix 'MasterReverbSubmixDefault'
[2025.03.21-06.16.00:400][  0]LogAudioMixer: Display: Creating Master Submix 'MasterEQSubmixDefault'
[2025.03.21-06.16.00:400][  0]LogAudioMixer: FMixerPlatformXAudio2::StartAudioStream() called
[2025.03.21-06.16.00:400][  0]LogAudioMixer: Display: Output buffers initialized: Frames=1024, Channels=2, Samples=2048
[2025.03.21-06.16.00:403][  0]LogAudioMixer: Display: Starting AudioMixerPlatformInterface::RunInternal()
[2025.03.21-06.16.00:403][  0]LogAudioMixer: Display: FMixerPlatformXAudio2::SubmitBuffer() called for the first time
[2025.03.21-06.16.00:403][  0]LogInit: FAudioDevice initialized.
[2025.03.21-06.16.00:408][  0]LogNetVersion: Set ProjectVersion to 1.0.0.0. Version Checksum will be recalculated on next use.
[2025.03.21-06.16.00:411][  0]LogInit: Texture streaming: Enabled
[2025.03.21-06.16.00:585][  0]LogAudio: Display: Audio Device (ID: 1) registered with world 'Untitled'.
[2025.03.21-06.16.00:586][  0]LogSlate: Updating window title bar state: overlay mode, drag disabled, window buttons hidden, title bar hidden
[2025.03.21-06.16.00:587][  0]LogInit: Display: Game Engine Initialized.
[2025.03.21-06.16.00:588][  0]LogNiagaraEditor: GEditor isn't valid! Particle reset commands will not work for Niagara components!
[2025.03.21-06.16.01:000][  0]LogInit: Display: Starting Game.
[2025.03.21-06.16.01:001][  0]LogNet: Browse: /Game/ThirdPersonBP/Maps/ThirdPersonExampleMap?Name=Player
[2025.03.21-06.16.01:002][  0]LogLoad: LoadMap: /Game/ThirdPersonBP/Maps/ThirdPersonExampleMap?Name=Player
[2025.03.21-06.16.01:002][  0]LogWorld: BeginTearingDown for /Temp/Untitled_0
[2025.03.21-06.16.01:006][  0]LogWorld: UWorld::CleanupWorld for Untitled, bSessionEnded=true, bCleanupResources=true
[2025.03.21-06.16.01:006][  0]LogSlate: InvalidateAllWidgets triggered.  All widgets were invalidated
[2025.03.21-06.16.01:016][  0]LogAudio: Display: Audio Device unregistered from world 'None'.
[2025.03.21-06.16.01:021][  0]LogUObjectHash: Compacting FUObjectHashTables data took   1.81ms
[2025.03.21-06.16.01:820][  0]LogAudio: Display: Audio Device (ID: 1) registered with world 'ThirdPersonExampleMap'.
[2025.03.21-06.16.01:839][  0]LogAIModule: Creating AISystem for world ThirdPersonExampleMap
[2025.03.21-06.16.01:846][  0]LogLoad: Game class is 'ThirdPersonGameMode_C'
[2025.03.21-06.16.01:866][  0]LogWorld: Bringing World /Game/ThirdPersonBP/Maps/ThirdPersonExampleMap.ThirdPersonExampleMap up for play (max tick rate 0) at 2025.03.21-14.16.01
[2025.03.21-06.16.01:867][  0]LogWorld: Bringing up level for play took: 0.018139
[2025.03.21-06.16.01:868][  0]LogGameMode: FindPlayerStart: PATHS NOT DEFINED or NO PLAYERSTART with positive rating
[2025.03.21-06.16.01:871][  0]LogLoad: Took 0.868270 seconds to LoadMap(/Game/ThirdPersonBP/Maps/ThirdPersonExampleMap)
[2025.03.21-06.16.02:145][  0]LogRenderer: Reallocating scene render targets to support 2168x1352 Format 10 NumSamples 1 (Frame:1).
[2025.03.21-06.16.02:145][  0]LogSlate: Took 0.022339 seconds to synchronously load lazily loaded font '../../../Engine/Content/Slate/Fonts/Roboto-Regular.ttf' (155K)
[2025.03.21-06.16.02:268][  0]LogInit: Display: Engine is initialized. Leaving FEngineLoop::Init()
[2025.03.21-06.16.02:268][  0]LogLoad: (Engine Initialization) Total time: 31.48 seconds
[2025.03.21-06.16.02:268][  0]LogLoad: (Engine Initialization) Total Blueprint compile time: 0.00 seconds
[2025.03.21-06.16.02:500][  0]LogContentStreaming: Texture pool size now 1000 MB
[2025.03.21-06.16.02:508][  0]LogSlate: InvalidateAllWidgets triggered.  All widgets were invalidated
[2025.03.21-06.16.02:607][  0]LogRenderer: Reallocating scene render targets to support 128x128 Format 10 NumSamples 1 (Frame:1).
[2025.03.21-06.16.02:809][  0]LogRenderer: Reallocating scene render targets to support 2168x1352 Format 10 NumSamples 1 (Frame:2).
[2025.03.21-06.16.02:955][  1]LogSlate: Took 0.000285 seconds to synchronously load lazily loaded font '../../../Engine/Content/Slate/Fonts/Roboto-Regular.ttf' (155K)
[2025.03.21-06.18.14:932][940]LogSlate: Window 'room_escape (64-bit Development PCD3D_SM5) ' being destroyed
[2025.03.21-06.18.14:935][940]LogWindowsTextInputMethodSystem: Display: IME system activated using TSF (微软拼音).
[2025.03.21-06.18.14:941][941]LogSlate: Updating window title bar state: overlay mode, drag disabled, window buttons hidden, title bar hidden
[2025.03.21-06.18.14:941][941]LogEngine: All Windows Closed
[2025.03.21-06.18.14:941][941]LogWindows: FPlatformMisc::RequestExit(0)
[2025.03.21-06.18.14:941][941]LogWindows: FPlatformMisc::RequestExitWithStatus(0, 0)
[2025.03.21-06.18.14:941][941]LogCore: Engine exit requested (reason: Win RequestExit)
[2025.03.21-06.18.14:942][942]LogCore: Engine exit requested (reason: EngineExit() was called; note: exit was already requested)
[2025.03.21-06.18.14:943][942]LogInit: Display: PreExit Game.
[2025.03.21-06.18.14:961][942]LogWorld: BeginTearingDown for /Game/ThirdPersonBP/Maps/ThirdPersonExampleMap
[2025.03.21-06.18.14:961][942]LogWorld: UWorld::CleanupWorld for ThirdPersonExampleMap, bSessionEnded=true, bCleanupResources=true
[2025.03.21-06.18.14:962][942]LogSlate: InvalidateAllWidgets triggered.  All widgets were invalidated
[2025.03.21-06.18.15:104][942]LogAudio: Display: Beginning Audio Device Manager Shutdown (Module: AudioMixerXAudio2)...
[2025.03.21-06.18.15:104][942]LogAudio: Display: Destroying 1 Remaining Audio Device(s)...
[2025.03.21-06.18.15:104][942]LogAudio: Display: Audio Device unregistered from world 'ThirdPersonExampleMap'.
[2025.03.21-06.18.15:107][942]LogAudioMixer: FMixerPlatformXAudio2::StopAudioStream() called
[2025.03.21-06.18.15:109][942]LogAudioMixer: FMixerPlatformXAudio2::StopAudioStream() called
[2025.03.21-06.18.15:118][942]LogAudio: Display: Audio Device Manager Shutdown
[2025.03.21-06.18.15:126][942]LogExit: Preparing to exit.
[2025.03.21-06.18.15:132][942]LogSlate: Updating window title bar state: overlay mode, drag disabled, window buttons hidden, title bar hidden
[2025.03.21-06.18.15:133][942]LogUObjectHash: Compacting FUObjectHashTables data took   0.85ms
[2025.03.21-06.18.15:488][942]LogMoviePlayer: Shutting down movie player
[2025.03.21-06.18.15:632][942]LogDemo: Cleaned up 0 splitscreen connections with owner deletion
[2025.03.21-06.18.15:639][942]LogExit: Game engine shut down
[2025.03.21-06.18.15:722][942]LogExit: Object subsystem successfully closed.
[2025.03.21-06.18.15:731][942]LogShaderCompilers: Display: === FShaderJobCache stats ===
[2025.03.21-06.18.15:731][942]LogShaderCompilers: Display: Total job queries 0, among them cache hits 0 (0.00%)
[2025.03.21-06.18.15:731][942]LogShaderCompilers: Display: Tracking 0 distinct input hashes that result in 0 distinct outputs (0.00%)
[2025.03.21-06.18.15:731][942]LogShaderCompilers: Display: RAM used: 0.00 MB (0.00 GB) of 819.20 MB (0.80 GB) budget. Usage: 0.00%
[2025.03.21-06.18.15:731][942]LogShaderCompilers: Display: ================================================
[2025.03.21-06.18.15:751][942]LogShaderCompilers: Display: Shaders left to compile 0
[2025.03.21-06.18.15:779][942]LogModuleManager: Shutting down and abandoning module SequenceRecorderSections (560)
[2025.03.21-06.18.15:779][942]LogModuleManager: Shutting down and abandoning module SequenceRecorder (558)
[2025.03.21-06.18.15:779][942]LogModuleManager: Shutting down and abandoning module AutomationController (556)
[2025.03.21-06.18.15:780][942]LogModuleManager: Shutting down and abandoning module AutomationWorker (554)
[2025.03.21-06.18.15:780][942]LogModuleManager: Shutting down and abandoning module Voice (552)
[2025.03.21-06.18.15:780][942]LogModuleManager: Shutting down and abandoning module AIModule (550)
[2025.03.21-06.18.15:780][942]LogModuleManager: Shutting down and abandoning module GameplayDebugger (549)
[2025.03.21-06.18.15:780][942]LogModuleManager: Shutting down and abandoning module AITestSuite (547)
[2025.03.21-06.18.15:781][942]LogModuleManager: Shutting down and abandoning module NavigationSystem (545)
[2025.03.21-06.18.15:781][942]LogModuleManager: Shutting down and abandoning module AnimGraph (542)
[2025.03.21-06.18.15:781][942]LogModuleManager: Shutting down and abandoning module SteamVREditor (540)
[2025.03.21-06.18.15:781][942]LogModuleManager: Shutting down and abandoning module ToolMenus (539)
[2025.03.21-06.18.15:781][942]LogModuleManager: Shutting down and abandoning module OculusMR (536)
[2025.03.21-06.18.15:781][942]LogModuleManager: Shutting down and abandoning module PlanarCut (534)
[2025.03.21-06.18.15:781][942]LogModuleManager: Shutting down and abandoning module CharacterAI (532)
[2025.03.21-06.18.15:781][942]LogModuleManager: Shutting down and abandoning module MagicLeapMediaCodecFactory (530)
[2025.03.21-06.18.15:781][942]LogModuleManager: Shutting down and abandoning module MagicLeapMediaFactory (528)
[2025.03.21-06.18.15:781][942]LogModuleManager: Shutting down and abandoning module TakeRecorderSources (526)
[2025.03.21-06.18.15:782][942]LogModuleManager: Shutting down and abandoning module TakeRecorder (525)
[2025.03.21-06.18.15:782][942]LogModuleManager: Shutting down and abandoning module TakeTrackRecorders (522)
[2025.03.21-06.18.15:783][942]LogModuleManager: Shutting down and abandoning module TakesCore (520)
[2025.03.21-06.18.15:783][942]LogModuleManager: Shutting down and abandoning module OpenXRInput (518)
[2025.03.21-06.18.15:783][942]LogModuleManager: Shutting down and abandoning module WebMMediaFactory (516)
[2025.03.21-06.18.15:783][942]LogModuleManager: Shutting down and abandoning module WebMMedia (514)
[2025.03.21-06.18.15:783][942]LogModuleManager: Shutting down and abandoning module WmfMediaFactory (512)
[2025.03.21-06.18.15:783][942]LogModuleManager: Shutting down and abandoning module OpenExrWrapper (510)
[2025.03.21-06.18.15:783][942]LogModuleManager: Shutting down and abandoning module ImgMediaFactory (508)
[2025.03.21-06.18.15:783][942]LogModuleManager: Shutting down and abandoning module AvfMediaFactory (506)
[2025.03.21-06.18.15:783][942]LogModuleManager: Shutting down and abandoning module SessionServices (504)
[2025.03.21-06.18.15:783][942]LogModuleManager: Shutting down and abandoning module MovieSceneCapture (502)
[2025.03.21-06.18.15:783][942]LogModuleManager: Shutting down and abandoning module LiveCoding (500)
[2025.03.21-06.18.15:784][942]LogModuleManager: Shutting down and abandoning module LevelSequence (498)
[2025.03.21-06.18.15:784][942]LogModuleManager: Shutting down and abandoning module MovieSceneTracks (496)
[2025.03.21-06.18.15:784][942]LogModuleManager: Shutting down and abandoning module MovieScene (494)
[2025.03.21-06.18.15:785][942]LogModuleManager: Shutting down and abandoning module StreamingPauseRendering (492)
[2025.03.21-06.18.15:785][942]LogModuleManager: Shutting down and abandoning module PortalServices (490)
[2025.03.21-06.18.15:785][942]LogModuleManager: Shutting down and abandoning module PortalRpc (488)
[2025.03.21-06.18.15:785][942]LogModuleManager: Shutting down and abandoning module MessagingRpc (486)
[2025.03.21-06.18.15:785][942]LogModuleManager: Shutting down and abandoning module AudioMixerXAudio2 (484)
[2025.03.21-06.18.15:785][942]LogModuleManager: Shutting down and abandoning module AudioMixerCore (483)
[2025.03.21-06.18.15:785][942]LogModuleManager: Shutting down and abandoning module ImageWriteQueue (480)
[2025.03.21-06.18.15:785][942]LogModuleManager: Shutting down and abandoning module ProfilerService (478)
[2025.03.21-06.18.15:986][942]LogModuleManager: Shutting down and abandoning module TaskGraph (476)
[2025.03.21-06.18.15:987][942]LogModuleManager: Shutting down and abandoning module OculusInput (474)
[2025.03.21-06.18.15:987][942]LogModuleManager: Shutting down and abandoning module ChaosNiagara (472)
[2025.03.21-06.18.15:987][942]LogModuleManager: Shutting down and abandoning module OpenImageDenoise (470)
[2025.03.21-06.18.15:987][942]LogOpenImageDenoise: OIDN shutting down
[2025.03.21-06.18.15:988][942]LogModuleManager: Shutting down and abandoning module MotoSynth (468)
[2025.03.21-06.18.15:988][942]LogModuleManager: Shutting down and abandoning module MeshConversion (466)
[2025.03.21-06.18.15:988][942]LogModuleManager: Shutting down and abandoning module DynamicMesh (464)
[2025.03.21-06.18.15:989][942]LogModuleManager: Shutting down and abandoning module GeometryAlgorithms (462)
[2025.03.21-06.18.15:989][942]LogModuleManager: Shutting down and abandoning module GeometricObjects (460)
[2025.03.21-06.18.15:990][942]LogModuleManager: Shutting down and abandoning module GeometryCollectionTracks (458)
[2025.03.21-06.18.15:990][942]LogModuleManager: Shutting down and abandoning module GeometryCollectionSequencer (457)
[2025.03.21-06.18.15:990][942]LogModuleManager: Shutting down and abandoning module GeometryCacheTracks (454)
[2025.03.21-06.18.15:990][942]LogModuleManager: Shutting down and abandoning module GeometryCacheSequencer (453)
[2025.03.21-06.18.15:990][942]LogModuleManager: Shutting down and abandoning module GeometryCache (450)
[2025.03.21-06.18.15:990][942]LogModuleManager: Shutting down and abandoning module GeometryCacheEd (449)
[2025.03.21-06.18.15:990][942]LogModuleManager: Shutting down and abandoning module BackChannel (446)
[2025.03.21-06.18.15:991][942]LogModuleManager: Shutting down and abandoning module AutomationUtils (444)
[2025.03.21-06.18.15:991][942]LogModuleManager: Shutting down and abandoning module MagicLeapSharedWorld (442)
[2025.03.21-06.18.15:991][942]LogModuleManager: Shutting down and abandoning module MagicLeapLightEstimation (440)
[2025.03.21-06.18.15:991][942]LogModuleManager: Shutting down and abandoning module MagicLeapHelperVulkan (438)
[2025.03.21-06.18.15:991][942]LogModuleManager: Shutting down and abandoning module MagicLeapHelperOpenGL (436)
[2025.03.21-06.18.15:991][942]LogModuleManager: Shutting down and abandoning module MagicLeapAudio (434)
[2025.03.21-06.18.15:991][942]LogModuleManager: Shutting down and abandoning module TakeMovieScene (432)
[2025.03.21-06.18.15:991][942]LogModuleManager: Shutting down and abandoning module Synthesis (430)
[2025.03.21-06.18.15:992][942]LogModuleManager: Shutting down and abandoning module ProceduralMeshComponent (428)
[2025.03.21-06.18.15:992][942]LogModuleManager: Shutting down and abandoning module AppleImageUtilsBlueprintSupport (426)
[2025.03.21-06.18.15:992][942]LogModuleManager: Shutting down and abandoning module AppleImageUtils (424)
[2025.03.21-06.18.15:992][942]LogModuleManager: Shutting down and abandoning module MobilePatchingUtils (422)
[2025.03.21-06.18.15:992][942]LogModuleManager: Shutting down and abandoning module GooglePAD (420)
[2025.03.21-06.18.15:992][942]LogModuleManager: Shutting down and abandoning module EditableMesh (418)
[2025.03.21-06.18.15:992][942]LogModuleManager: Shutting down and abandoning module FieldSystemEngine (417)
[2025.03.21-06.18.15:992][942]LogModuleManager: Shutting down and abandoning module CustomMeshComponent (414)
[2025.03.21-06.18.15:992][942]LogModuleManager: Shutting down and abandoning module CableComponent (412)
[2025.03.21-06.18.15:992][942]LogModuleManager: Shutting down and abandoning module AudioCapture (410)
[2025.03.21-06.18.15:992][942]LogModuleManager: Shutting down and abandoning module AudioCaptureRtAudio (409)
[2025.03.21-06.18.15:992][942]LogModuleManager: Shutting down and abandoning module AssetTags (406)
[2025.03.21-06.18.15:992][942]LogModuleManager: Shutting down and abandoning module ArchVisCharacter (404)
[2025.03.21-06.18.15:992][942]LogModuleManager: Shutting down and abandoning module AndroidPermission (402)
[2025.03.21-06.18.15:992][942]LogModuleManager: Shutting down and abandoning module ActorLayerUtilities (400)
[2025.03.21-06.18.15:992][942]LogModuleManager: Shutting down and abandoning module TemplateSequence (398)
[2025.03.21-06.18.15:993][942]LogModuleManager: Shutting down and abandoning module MediaCompositing (396)
[2025.03.21-06.18.15:993][942]LogModuleManager: Shutting down and abandoning module ImgMedia (394)
[2025.03.21-06.18.15:993][942]LogModuleManager: Shutting down and abandoning module VisualStudioCodeSourceCodeAccess (392)
[2025.03.21-06.18.15:993][942]LogModuleManager: Shutting down and abandoning module VisualStudioSourceCodeAccess (390)
[2025.03.21-06.18.15:993][942]LogModuleManager: Shutting down and abandoning module HotReload (389)
[2025.03.21-06.18.15:993][942]LogModuleManager: Shutting down and abandoning module UObjectPlugin (386)
[2025.03.21-06.18.15:993][942]LogModuleManager: Shutting down and abandoning module SubversionSourceControl (384)
[2025.03.21-06.18.15:994][942]LogModuleManager: Shutting down and abandoning module PerforceSourceControl (382)
[2025.03.21-06.18.15:997][942]LogModuleManager: Shutting down and abandoning module SourceControl (381)
[2025.03.21-06.18.15:997][942]LogModuleManager: Shutting down and abandoning module CLionSourceCodeAccess (378)
[2025.03.21-06.18.15:997][942]LogModuleManager: Shutting down and abandoning module OodleNetworkHandlerComponent (376)
[2025.03.21-06.18.15:997][942]LogModuleManager: Shutting down and abandoning module LiveLinkSequencer (374)
[2025.03.21-06.18.15:997][942]LogModuleManager: Shutting down and abandoning module LiveLinkMovieScene (372)
[2025.03.21-06.18.15:997][942]LogModuleManager: Shutting down and abandoning module LiveLinkGraphNode (370)
[2025.03.21-06.18.15:997][942]LogModuleManager: Shutting down and abandoning module LiveLinkComponents (368)
[2025.03.21-06.18.15:997][942]LogModuleManager: Shutting down and abandoning module LiveLink (366)
[2025.03.21-06.18.16:382][942]LogModuleManager: Shutting down and abandoning module PythonScriptPlugin (364)
[2025.03.21-06.18.16:382][942]LogModuleManager: Shutting down and abandoning module MagicLeapARPin (362)
[2025.03.21-06.18.16:382][942]LogModuleManager: Shutting down and abandoning module MagicLeapHandMeshing (360)
[2025.03.21-06.18.16:382][942]LogModuleManager: Shutting down and abandoning module MagicLeapSecureStorage (358)
[2025.03.21-06.18.16:382][942]LogModuleManager: Shutting down and abandoning module MagicLeapPrivileges (356)
[2025.03.21-06.18.16:383][942]LogModuleManager: Shutting down and abandoning module MagicLeapPlanes (354)
[2025.03.21-06.18.16:383][942]LogMagicLeapPlanes: Planes tracker already destroyed.
[2025.03.21-06.18.16:383][942]LogModuleManager: Shutting down and abandoning module MagicLeapImageTracker (352)
[2025.03.21-06.18.16:383][942]LogModuleManager: Shutting down and abandoning module MagicLeapIdentity (350)
[2025.03.21-06.18.16:383][942]LogModuleManager: Shutting down and abandoning module MagicLeapHandTracking (348)
[2025.03.21-06.18.16:385][942]LogModuleManager: Shutting down and abandoning module MagicLeapEyeTracker (346)
[2025.03.21-06.18.16:385][942]LogModuleManager: Shutting down and abandoning module MagicLeapController (344)
[2025.03.21-06.18.16:385][942]LogModuleManager: Shutting down and abandoning module MagicLeapARPinImpl (342)
[2025.03.21-06.18.16:385][942]LogModuleManager: Shutting down and abandoning module MagicLeapAR (340)
[2025.03.21-06.18.16:385][942]LogModuleManager: Shutting down and abandoning module SoundFields (338)
[2025.03.21-06.18.16:385][942]LogModuleManager: Shutting down and abandoning module SignificanceManager (336)
[2025.03.21-06.18.16:385][942]LogModuleManager: Shutting down and abandoning module RuntimePhysXCooking (334)
[2025.03.21-06.18.16:385][942]LogModuleManager: Shutting down and abandoning module PropertyAccessEditor (332)
[2025.03.21-06.18.16:385][942]LogModuleManager: Shutting down and abandoning module PhysXVehiclesEditor (330)
[2025.03.21-06.18.16:385][942]LogModuleManager: Shutting down and abandoning module LocationServicesBPLibrary (326)
[2025.03.21-06.18.16:385][942]LogModuleManager: Shutting down and abandoning module AudioSynesthesia (324)
[2025.03.21-06.18.16:386][942]LogModuleManager: Shutting down and abandoning module AudioSynesthesiaCore (322)
[2025.03.21-06.18.16:386][942]LogModuleManager: Shutting down and abandoning module ActorSequence (320)
[2025.03.21-06.18.16:386][942]LogModuleManager: Shutting down and abandoning module UdpMessaging (318)
[2025.03.21-06.18.16:486][942]LogModuleManager: Shutting down and abandoning module TcpMessaging (316)
[2025.03.21-06.18.16:588][942]LogModuleManager: Shutting down and abandoning module ImgMediaEngine (314)
[2025.03.21-06.18.16:588][942]LogModuleManager: Shutting down and abandoning module NiagaraAnimNotifies (312)
[2025.03.21-06.18.16:588][942]LogModuleManager: Shutting down and abandoning module Niagara (310)
[2025.03.21-06.18.16:589][942]LogModuleManager: Shutting down and abandoning module SignalProcessing (309)
[2025.03.21-06.18.16:589][942]LogModuleManager: Shutting down and abandoning module NiagaraEditor (307)
[2025.03.21-06.18.16:590][942]LogModuleManager: Shutting down and abandoning module ContentBrowser (306)
[2025.03.21-06.18.16:590][942]LogModuleManager: Shutting down and abandoning module CollectionManager (305)
[2025.03.21-06.18.16:591][942]LogModuleManager: Shutting down and abandoning module DirectoryWatcher (304)
[2025.03.21-06.18.16:591][942]LogModuleManager: Shutting down and abandoning module ContentBrowserData (301)
[2025.03.21-06.18.16:591][942]LogModuleManager: Shutting down and abandoning module NiagaraCore (296)
[2025.03.21-06.18.16:591][942]LogModuleManager: Shutting down and abandoning module FacialAnimation (294)
[2025.03.21-06.18.16:591][942]LogModuleManager: Shutting down and abandoning module GameplayTagsEditor (292)
[2025.03.21-06.18.16:591][942]LogModuleManager: Shutting down and abandoning module AssetManagerEditor (290)
[2025.03.21-06.18.16:592][942]LogModuleManager: Shutting down and abandoning module TreeMap (289)
[2025.03.21-06.18.16:592][942]LogModuleManager: Shutting down and abandoning module PropertyAccessNode (286)
[2025.03.21-06.18.16:592][942]LogModuleManager: Shutting down and abandoning module AnimationSharing (284)
[2025.03.21-06.18.16:592][942]LogModuleManager: Shutting down and abandoning module GameplayCameras (282)
[2025.03.21-06.18.16:592][942]LogModuleManager: Shutting down and abandoning module LightPropagationVolumeRuntime (280)
[2025.03.21-06.18.16:592][942]LogModuleManager: Shutting down and abandoning module EnvironmentQueryEditor (278)
[2025.03.21-06.18.16:593][942]LogModuleManager: Shutting down and abandoning module Paper2D (276)
[2025.03.21-06.18.16:593][942]LogModuleManager: Shutting down and abandoning module WindowsMoviePlayer (274)
[2025.03.21-06.18.16:594][942]LogModuleManager: Shutting down and abandoning module WebMMoviePlayer (272)
[2025.03.21-06.18.16:594][942]LogModuleManager: Shutting down and abandoning module NetworkReplayStreaming (270)
[2025.03.21-06.18.16:594][942]LogModuleManager: Shutting down and abandoning module PacketHandler (268)
[2025.03.21-06.18.16:594][942]LogModuleManager: Shutting down and abandoning module ClothingSystemEditor (266)
[2025.03.21-06.18.16:594][942]LogModuleManager: Shutting down and abandoning module ClothingSystemRuntimeNv (264)
[2025.03.21-06.18.16:595][942]LogModuleManager: Shutting down and abandoning module MediaAssets (262)
[2025.03.21-06.18.16:595][942]LogModuleManager: Shutting down and abandoning module Overlay (260)
[2025.03.21-06.18.16:595][942]LogModuleManager: Shutting down and abandoning module OverlayEditor (259)
[2025.03.21-06.18.16:595][942]LogModuleManager: Shutting down and abandoning module VREditor (256)
[2025.03.21-06.18.16:595][942]LogModuleManager: Shutting down and abandoning module StringTableEditor (254)
[2025.03.21-06.18.16:595][942]LogModuleManager: Shutting down and abandoning module GameplayTasksEditor (252)
[2025.03.21-06.18.16:595][942]LogModuleManager: Shutting down and abandoning module BehaviorTreeEditor (250)
[2025.03.21-06.18.16:596][942]LogModuleManager: Shutting down and abandoning module FunctionalTesting (248)
[2025.03.21-06.18.16:596][942]LogModuleManager: Shutting down and abandoning module CollisionAnalyzer (246)
[2025.03.21-06.18.16:597][942]LogModuleManager: Shutting down and abandoning module WorkspaceMenuStructure (245)
[2025.03.21-06.18.16:597][942]LogModuleManager: Shutting down and abandoning module UMG (242)
[2025.03.21-06.18.16:597][942]LogModuleManager: Shutting down and abandoning module UMGEditor (241)
[2025.03.21-06.18.16:598][942]LogModuleManager: Shutting down and abandoning module Sequencer (240)
[2025.03.21-06.18.16:600][942]LogModuleManager: Shutting down and abandoning module MessageLog (237)
[2025.03.21-06.18.16:600][942]LogModuleManager: Shutting down and abandoning module SlateReflector (232)
[2025.03.21-06.18.16:602][942]LogModuleManager: Shutting down and abandoning module Slate (230)
[2025.03.21-06.18.16:602][942]LogModuleManager: Shutting down and abandoning module SlateCore (228)
[2025.03.21-06.18.16:603][942]LogModuleManager: Shutting down and abandoning module LandscapeEditorUtilities (226)
[2025.03.21-06.18.16:603][942]LogModuleManager: Shutting down and abandoning module UnrealEd (224)
[2025.03.21-06.18.16:603][942]LogModuleManager: Shutting down and abandoning module MRMesh (222)
[2025.03.21-06.18.16:603][942]LogModuleManager: Shutting down and abandoning module Messaging (220)
[2025.03.21-06.18.16:603][942]LogModuleManager: Shutting down and abandoning module SourceCodeAccess (218)
[2025.03.21-06.18.16:603][942]LogModuleManager: Shutting down and abandoning module HeadMountedDisplay (216)
[2025.03.21-06.18.16:603][942]LogModuleManager: Shutting down and abandoning module XAudio2 (214)
[2025.03.21-06.18.16:603][942]LogModuleManager: Shutting down and abandoning module Networking (212)
[2025.03.21-06.18.16:603][942]LogModuleManager: Shutting down and abandoning module Core (210)
[2025.03.21-06.18.16:603][942]LogModuleManager: Shutting down and abandoning module MaterialEditor (208)
[2025.03.21-06.18.16:605][942]LogModuleManager: Shutting down and abandoning module MovieSceneTools (206)
[2025.03.21-06.18.16:605][942]LogModuleManager: Shutting down and abandoning module EditorStyle (205)
[2025.03.21-06.18.16:606][942]LogModuleManager: Shutting down and abandoning module KismetCompiler (202)
[2025.03.21-06.18.16:606][942]LogModuleManager: Shutting down and abandoning module MeshBuilder (200)
[2025.03.21-06.18.16:606][942]LogModuleManager: Shutting down and abandoning module MeshUtilities (198)
[2025.03.21-06.18.16:606][942]LogModuleManager: Shutting down and abandoning module MeshMergeUtilities (197)
[2025.03.21-06.18.16:606][942]LogModuleManager: Shutting down and abandoning module MeshReductionInterface (196)
[2025.03.21-06.18.16:606][942]LogModuleManager: Shutting down and abandoning module MeshBoneReduction (195)
[2025.03.21-06.18.16:607][942]LogModuleManager: Shutting down and abandoning module SkeletalMeshReduction (193)
[2025.03.21-06.18.16:607][942]LogModuleManager: Shutting down and abandoning module ProxyLODMeshReduction (191)
[2025.03.21-06.18.16:608][942]LogModuleManager: Shutting down and abandoning module QuadricMeshReduction (189)
[2025.03.21-06.18.16:608][942]LogModuleManager: Shutting down and abandoning module MaterialBaking (185)
[2025.03.21-06.18.16:609][942]LogModuleManager: Shutting down and abandoning module NullInstallBundleManager (180)
[2025.03.21-06.18.16:609][942]LogModuleManager: Shutting down and abandoning module PIEPreviewDeviceProfileSelector (178)
[2025.03.21-06.18.16:609][942]LogModuleManager: Shutting down and abandoning module DerivedDataCache (176)
[2025.03.21-06.18.16:609][942]LogModuleManager: Shutting down and abandoning module TargetPlatform (174)
[2025.03.21-06.18.16:609][942]LogModuleManager: Shutting down and abandoning module VulkanShaderFormat (173)
[2025.03.21-06.18.16:610][942]LogModuleManager: Shutting down and abandoning module ShaderFormatVectorVM (171)
[2025.03.21-06.18.16:610][942]LogModuleManager: Shutting down and abandoning module ShaderFormatOpenGL (169)
[2025.03.21-06.18.16:610][942]LogModuleManager: Shutting down and abandoning module ShaderFormatD3D (167)
[2025.03.21-06.18.16:611][942]LogModuleManager: Shutting down and abandoning module MetalShaderFormat (165)
[2025.03.21-06.18.16:611][942]LogModuleManager: Shutting down and abandoning module TextureFormatOodle (163)
[2025.03.21-06.18.16:611][942]LogModuleManager: Shutting down and abandoning module TextureFormatUncompressed (161)
[2025.03.21-06.18.16:611][942]LogModuleManager: Shutting down and abandoning module TextureFormatPVR (159)
[2025.03.21-06.18.16:611][942]LogModuleManager: Shutting down and abandoning module TextureFormatETC2 (157)
[2025.03.21-06.18.16:611][942]LogModuleManager: Shutting down and abandoning module TextureFormatDXT (155)
[2025.03.21-06.18.16:611][942]LogModuleManager: Shutting down and abandoning module TextureFormatIntelISPCTexComp (153)
[2025.03.21-06.18.16:612][942]LogModuleManager: Shutting down and abandoning module TextureFormatASTC (151)
[2025.03.21-06.18.16:612][942]LogModuleManager: Shutting down and abandoning module ImageWrapper (150)
[2025.03.21-06.18.16:612][942]LogModuleManager: Shutting down and abandoning module AudioFormatOpus (147)
[2025.03.21-06.18.16:612][942]LogModuleManager: Shutting down and abandoning module AudioFormatOgg (145)
[2025.03.21-06.18.16:612][942]LogModuleManager: Shutting down and abandoning module AudioFormatADPCM (143)
[2025.03.21-06.18.16:612][942]LogModuleManager: Shutting down and abandoning module WindowsServerTargetPlatform (141)
[2025.03.21-06.18.16:612][942]LogModuleManager: Shutting down and abandoning module WindowsClientTargetPlatform (139)
[2025.03.21-06.18.16:612][942]LogModuleManager: Shutting down and abandoning module WindowsTargetPlatform (137)
[2025.03.21-06.18.16:612][942]LogModuleManager: Shutting down and abandoning module WindowsNoEditorTargetPlatform (135)
[2025.03.21-06.18.16:612][942]LogModuleManager: Shutting down and abandoning module D3D11RHI (132)
[2025.03.21-06.18.16:612][942]LogModuleManager: Shutting down and abandoning module InputCore (130)
[2025.03.21-06.18.16:612][942]LogModuleManager: Shutting down and abandoning module Settings (128)
[2025.03.21-06.18.16:612][942]LogModuleManager: Shutting down and abandoning module PhysXCooking (126)
[2025.03.21-06.18.16:612][942]LogModuleManager: Shutting down and abandoning module Chaos (124)
[2025.03.21-06.18.16:612][942]LogModuleManager: Shutting down and abandoning module WindowsPlatformFeatures (122)
[2025.03.21-06.18.16:612][942]LogModuleManager: Shutting down and abandoning module GameplayMediaEncoder (121)
[2025.03.21-06.18.16:613][942]LogModuleManager: Shutting down and abandoning module AVEncoder (120)
[2025.03.21-06.18.16:613][942]LogModuleManager: Shutting down and abandoning module SteamVRInputDevice (116)
[2025.03.21-06.18.16:613][942]LogModuleManager: Shutting down and abandoning module SteamVRInput (114)
[2025.03.21-06.18.16:613][942]LogModuleManager: Shutting down and abandoning module SteamVR (112)
[2025.03.21-06.18.16:613][942]LogHMD: Freeing OpenVRDLLHandle.
[2025.03.21-06.18.16:613][942]LogModuleManager: Shutting down and abandoning module OculusHMD (110)
[2025.03.21-06.18.16:614][942]LogModuleManager: Shutting down and abandoning module ChaosCloth (108)
[2025.03.21-06.18.16:614][942]LogModuleManager: Shutting down and abandoning module MLSDK (106)
[2025.03.21-06.18.16:614][942]LogModuleManager: Shutting down and abandoning module MagicLeap (104)
[2025.03.21-06.18.16:614][942]LogModuleManager: Shutting down and abandoning module OpenXRHandTracking (102)
[2025.03.21-06.18.16:614][942]LogSlate: Slate User Destroyed.  User Index 0, Is Virtual User: 0
[2025.03.21-06.18.16:614][942]LogModuleManager: Shutting down and abandoning module OpenXREyeTracker (100)
[2025.03.21-06.18.16:614][942]LogModuleManager: Shutting down and abandoning module OpenXRAR (98)
[2025.03.21-06.18.16:614][942]LogModuleManager: Shutting down and abandoning module AugmentedReality (97)
[2025.03.21-06.18.16:614][942]LogModuleManager: Shutting down and abandoning module OpenXRHMD (94)
[2025.03.21-06.18.16:616][942]LogModuleManager: Shutting down and abandoning module ExampleDeviceProfileSelector (92)
[2025.03.21-06.18.16:616][942]LogModuleManager: Shutting down and abandoning module ChunkDownloader (90)
[2025.03.21-06.18.16:616][942]LogModuleManager: Shutting down and abandoning module LauncherChunkInstaller (88)
[2025.03.21-06.18.16:616][942]LogModuleManager: Shutting down and abandoning module OnlineBlueprintSupport (86)
[2025.03.21-06.18.16:616][942]LogModuleManager: Shutting down and abandoning module OnlineSubsystem (82)
[2025.03.21-06.18.16:617][942]LogModuleManager: Shutting down and abandoning module XMPP (77)
[2025.03.21-06.18.16:618][942]LogModuleManager: Shutting down and abandoning module WebSockets (76)
[2025.03.21-06.18.16:629][942]LogModuleManager: Shutting down and abandoning module HTTP (73)
[2025.03.21-06.18.16:629][942]LogHttp: Display: cleaning up 0 outstanding Http requests.
[2025.03.21-06.18.16:646][942]LogModuleManager: Shutting down and abandoning module SSL (72)
[2025.03.21-06.18.16:647][942]LogModuleManager: Shutting down and abandoning module WmfMedia (68)
[2025.03.21-06.18.16:648][942]LogModuleManager: Shutting down and abandoning module Media (67)
[2025.03.21-06.18.16:649][942]LogModuleManager: Shutting down and abandoning module MediaInfo (66)
[2025.03.21-06.18.16:649][942]LogModuleManager: Shutting down and abandoning module ExrReaderGpu (62)
[2025.03.21-06.18.16:649][942]LogModuleManager: Shutting down and abandoning module NiagaraVertexFactories (60)
[2025.03.21-06.18.16:649][942]LogModuleManager: Shutting down and abandoning module NiagaraShader (58)
[2025.03.21-06.18.16:649][942]LogModuleManager: Shutting down and abandoning module VariantManagerContent (56)
[2025.03.21-06.18.16:649][942]LogModuleManager: Shutting down and abandoning module DatasmithContent (54)
[2025.03.21-06.18.16:650][942]LogModuleManager: Shutting down and abandoning module PixWinPlugin (52)
[2025.03.21-06.18.16:650][942]LogModuleManager: Shutting down and abandoning module AISupportModule (50)
[2025.03.21-06.18.16:650][942]LogModuleManager: Shutting down and abandoning module DesktopPlatform (48)
[2025.03.21-06.18.16:650][942]LogModuleManager: Shutting down and abandoning module PythonScriptPluginPreload (46)
[2025.03.21-06.18.16:650][942]LogModuleManager: Shutting down and abandoning module PlatformCryptoOpenSSL (44)
[2025.03.21-06.18.16:650][942]LogModuleManager: Shutting down and abandoning module PlatformCryptoTypes (42)
[2025.03.21-06.18.16:650][942]LogModuleManager: Shutting down and abandoning module PlatformCrypto (40)
[2025.03.21-06.18.16:650][942]LogModuleManager: Shutting down and abandoning module OodleDataCompressionFormat (38)
[2025.03.21-06.18.16:651][942]LogModuleManager: Shutting down and abandoning module XGEController (36)
[2025.03.21-06.18.16:651][942]LogModuleManager: Shutting down and abandoning module AnimationModifiers (34)
[2025.03.21-06.18.16:651][942]LogModuleManager: Shutting down and abandoning module AudioEditor (32)
[2025.03.21-06.18.16:651][942]LogModuleManager: Shutting down and abandoning module PropertyEditor (31)
[2025.03.21-06.18.16:651][942]LogModuleManager: Shutting down and abandoning module TextureCompressor (28)
[2025.03.21-06.18.16:652][942]LogModuleManager: Shutting down and abandoning module RenderCore (26)
[2025.03.21-06.18.16:652][942]LogModuleManager: Shutting down and abandoning module Landscape (24)
[2025.03.21-06.18.16:652][942]LogModuleManager: Shutting down and abandoning module SlateRHIRenderer (22)
[2025.03.21-06.18.16:652][942]LogModuleManager: Shutting down and abandoning module AnimGraphRuntime (20)
[2025.03.21-06.18.16:652][942]LogModuleManager: Shutting down and abandoning module Renderer (18)
[2025.03.21-06.18.16:652][942]LogModuleManager: Shutting down and abandoning module Engine (16)
[2025.03.21-06.18.16:652][942]LogModuleManager: Shutting down and abandoning module CoreUObject (14)
[2025.03.21-06.18.16:652][942]LogModuleManager: Shutting down and abandoning module NetworkFile (12)
[2025.03.21-06.18.16:653][942]LogModuleManager: Shutting down and abandoning module CookedIterativeFile (10)
[2025.03.21-06.18.16:653][942]LogModuleManager: Shutting down and abandoning module StreamingFile (8)
[2025.03.21-06.18.16:653][942]LogModuleManager: Shutting down and abandoning module SandboxFile (6)
[2025.03.21-06.18.16:653][942]LogModuleManager: Shutting down and abandoning module PakFile (4)
[2025.03.21-06.18.16:653][942]LogModuleManager: Shutting down and abandoning module RSA (3)
[2025.03.21-06.18.16:653][942]LogContentStreaming: Display: There are 1 unreleased StreamingManagers
[2025.03.21-06.18.16:662][942]LogD3D11RHI: Shutdown
[2025.03.21-06.18.16:662][942]LogD3D11RHI: CleanupD3DDevice
[2025.03.21-06.18.16:664][942]LogD3D11RHI: Intel Extensions Framework unloaded
[2025.03.21-06.18.16:667][942]LogD3D11RHI: [IntelMetricsDiscovery] Stopped
[2025.03.21-06.18.16:667][942]LogExit: Exiting.
[2025.03.21-06.18.16:671][942]Log file closed, 03/21/25 14:18:16
